✅ CUDA 可见；训练期间将禁止系统休眠（systemd-inhibit）
[rank 0/1] Using device: cuda
[2026-09-19 22:55:49,061][unisim.backend.mujoco.chunk_tuner][INFO] - chunk_size: cache hit -> chosen=2 | default(=2)=27.19ms, 1=26.05ms, 2=26.52ms, 3=26.82ms, 4=26.75ms, 6=27.84ms, 7=28.76ms, 13=31.78ms, 23=29.17ms, 24=29.21ms
--------------------------------------------------------------------------------
Resolved observation sets: 
	 default :  ['policy']
	 actor :  ['actor']
	 critic :  ['critic']
--------------------------------------------------------------------------------
Actor Model: MLPModel(
  (obs_normalizer): EmpiricalNormalization()
  (distribution): GaussianDistribution()
  (mlp): MLP(
    (0): Linear(in_features=39, out_features=512, bias=True)
    (1): ELU(alpha=1.0)
    (2): Linear(in_features=512, out_features=256, bias=True)
    (3): ELU(alpha=1.0)
    (4): Linear(in_features=256, out_features=128, bias=True)
    (5): ELU(alpha=1.0)
    (6): Linear(in_features=128, out_features=10, bias=True)
  )
)
Critic Model: MLPModel(
  (obs_normalizer): EmpiricalNormalization()
  (mlp): MLP(
    (0): Linear(in_features=42, out_features=512, bias=True)
    (1): ELU(alpha=1.0)
    (2): Linear(in_features=512, out_features=256, bias=True)
    (3): ELU(alpha=1.0)
    (4): Linear(in_features=256, out_features=128, bias=True)
    (5): ELU(alpha=1.0)
    (6): Linear(in_features=128, out_features=1, bias=True)
  )
)
Storing git diff for 'UniLab' in: $UNILAB_ROOT/logs/rsl_rl_ppo/DM10JoystickFlat/2026-09-19_22-55-48_mujoco/git/UniLab.diff
################################################################################
[1m                            Learning iteration 0/250                            [0m 

                            Total steps: 12288 
                       Steps per second: 17584 
                        Collection time: 0.527s 
                          Learning time: 0.172s 
                        Mean value loss: 0.1247
                    Mean surrogate loss: -0.0049
                      Mean entropy loss: 7.2531
                            Mean reward: 0.32
                    Mean episode length: 11.50
                        Mean action std: 0.50
                reward/tracking_lin_vel: 0.6591
                reward/tracking_ang_vel: 0.1161
                      reward/feet_phase: 0.2908
             reward/feet_phase_contrast: 0.4651
             reward/feet_contact_number: 0.4426
                   reward/feet_air_time: 0.0008
                     reward/under_speed: -0.1589
                       reward/feet_slip: -0.0027
                  reward/feet_clearance: -0.0113
                       reward/lin_vel_z: -0.0078
                      reward/ang_vel_xy: -0.2383
                     reward/base_height: -0.2643
                     reward/orientation: -0.2126
                            reward/pose: -0.0099
                     reward/action_rate: -0.0492
                      reward/action_acc: -0.1440
             Metrics/twist/error_vel_xy: 0.0413
            Metrics/twist/error_vel_yaw: 0.0269
        Episode_Reward/tracking_lin_vel: 0.0093
        Episode_Reward/tracking_ang_vel: 0.0015
              Episode_Reward/feet_phase: 0.0026
     Episode_Reward/feet_phase_contrast: 0.0059
     Episode_Reward/feet_contact_number: 0.0053
           Episode_Reward/feet_air_time: 0.0000
             Episode_Reward/under_speed: -0.0019
               Episode_Reward/feet_slip: -0.0000
          Episode_Reward/feet_clearance: -0.0001
               Episode_Reward/lin_vel_z: -0.0001
              Episode_Reward/ang_vel_xy: -0.0018
             Episode_Reward/base_height: -0.0008
             Episode_Reward/orientation: -0.0008
                    Episode_Reward/pose: -0.0001
             Episode_Reward/action_rate: -0.0006
              Episode_Reward/action_acc: -0.0017
           Episode_Termination/time_out: 1.3333
    Episode_Termination/bad_orientation: 0.0000
--------------------------------------------------------------------------------
                         Iteration time: 0.70s
                           Time elapsed: 00:00:00
                                    ETA: 00:02:54

################################################################################
[1m                            Learning iteration 1/250                            [0m 

                            Total steps: 24576 
                       Steps per second: 27940 
                        Collection time: 0.378s 
                          Learning time: 0.062s 
                        Mean value loss: 1.0139
                    Mean surrogate loss: -0.0079
                      Mean entropy loss: 7.2505
                            Mean reward: -2.73
                    Mean episode length: 44.80
                        Mean action std: 0.50
                reward/tracking_lin_vel: 0.4961
                reward/tracking_ang_vel: 0.1020
                      reward/feet_phase: 0.2575
             reward/feet_phase_contrast: 0.4424
             reward/feet_contact_number: 0.4585
                   reward/feet_air_time: 0.0367
                     reward/under_speed: -0.1562
                       reward/feet_slip: -0.0034
                  reward/feet_clearance: -0.0108
                       reward/lin_vel_z: -0.0318
                      reward/ang_vel_xy: -0.5806
                     reward/base_height: -2.9277
                     reward/orientation: -0.9816
                            reward/pose: -0.0186
                     reward/action_rate: -0.0494
                      reward/action_acc: -0.1459
             Metrics/twist/error_vel_xy: 0.2856
            Metrics/twist/error_vel_yaw: 0.1340
        Episode_Reward/tracking_lin_vel: 0.0095
        Episode_Reward/tracking_ang_vel: 0.0036
              Episode_Reward/feet_phase: 0.0063
     Episode_Reward/feet_phase_contrast: 0.0101
     Episode_Reward/feet_contact_number: 0.0161
           Episode_Reward/feet_air_time: 0.0011
             Episode_Reward/under_speed: -0.0061
               Episode_Reward/feet_slip: -0.0001
          Episode_Reward/feet_clearance: -0.0004
               Episode_Reward/lin_vel_z: -0.0014
              Episode_Reward/ang_vel_xy: -0.0279
             Episode_Reward/base_height: -0.1159
             Episode_Reward/orientation: -0.0384
                    Episode_Reward/pose: -0.0006
             Episode_Reward/action_rate: -0.0018
              Episode_Reward/action_acc: -0.0053
           Episode_Termination/time_out: 0.4167
    Episode_Termination/bad_orientation: 11.0000
--------------------------------------------------------------------------------
                         Iteration time: 0.44s
                           Time elapsed: 00:00:01
                                    ETA: 00:02:21

################################################################################
[1m                            Learning iteration 2/250                            [0m 

                            Total steps: 36864 
                       Steps per second: 28374 
                        Collection time: 0.368s 
                          Learning time: 0.065s 
                        Mean value loss: 0.5692
                    Mean surrogate loss: -0.0084
                      Mean entropy loss: 7.2506
                            Mean reward: -2.27
                    Mean episode length: 54.78
                        Mean action std: 0.50
                reward/tracking_lin_vel: 0.6071
                reward/tracking_ang_vel: 0.1076
                      reward/feet_phase: 0.2883
             reward/feet_phase_contrast: 0.5065
             reward/feet_contact_number: 0.4371
                   reward/feet_air_time: 0.0193
                     reward/under_speed: -0.1513
                       reward/feet_slip: -0.0029
                  reward/feet_clearance: -0.0098
                       reward/lin_vel_z: -0.0226
                      reward/ang_vel_xy: -0.4373
                     reward/base_height: -1.9894
                     reward/orientation: -0.7322
                            reward/pose: -0.0161
                     reward/action_rate: -0.0489
                      reward/action_acc: -0.1444
             Metrics/twist/error_vel_xy: 0.3389
            Metrics/twist/error_vel_yaw: 0.1908
        Episode_Reward/tracking_lin_vel: 0.0297
        Episode_Reward/tracking_ang_vel: 0.0057
              Episode_Reward/feet_phase: 0.0154
     Episode_Reward/feet_phase_contrast: 0.0256
     Episode_Reward/feet_contact_number: 0.0238
           Episode_Reward/feet_air_time: 0.0013
             Episode_Reward/under_speed: -0.0082
               Episode_Reward/feet_slip: -0.0002
          Episode_Reward/feet_clearance: -0.0005
               Episode_Reward/lin_vel_z: -0.0014
              Episode_Reward/ang_vel_xy: -0.0252
             Episode_Reward/base_height: -0.1275
             Episode_Reward/orientation: -0.0450
                    Episode_Reward/pose: -0.0009
             Episode_Reward/action_rate: -0.0027
              Episode_Reward/action_acc: -0.0079
           Episode_Termination/time_out: 0.2500
    Episode_Termination/bad_orientation: 7.8750
--------------------------------------------------------------------------------
                         Iteration time: 0.43s
                           Time elapsed: 00:00:01
                                    ETA: 00:02:09

################################################################################
[1m                            Learning iteration 3/250                            [0m 

                            Total steps: 49152 
                       Steps per second: 29202 
                        Collection time: 0.359s 
                          Learning time: 0.062s 
                        Mean value loss: 0.6345
                    Mean surrogate loss: -0.0108
                      Mean entropy loss: 7.2636
                            Mean reward: -2.62
                    Mean episode length: 50.44
                        Mean action std: 0.50
                reward/tracking_lin_vel: 0.5884
                reward/tracking_ang_vel: 0.1035
                      reward/feet_phase: 0.3450
             reward/feet_phase_contrast: 0.5057
             reward/feet_contact_number: 0.4487
                   reward/feet_air_time: 0.0318
                     reward/under_speed: -0.1487
                       reward/feet_slip: -0.0034
                  reward/feet_clearance: -0.0104
                       reward/lin_vel_z: -0.0267
                      reward/ang_vel_xy: -0.4953
                     reward/base_height: -2.4332
                     reward/orientation: -0.8451
                            reward/pose: -0.0178
                     reward/action_rate: -0.0494
                      reward/action_acc: -0.1461
             Metrics/twist/error_vel_xy: 0.3511
            Metrics/twist/error_vel_yaw: 0.2016
        Episode_Reward/tracking_lin_vel: 0.0279
        Episode_Reward/tracking_ang_vel: 0.0054
              Episode_Reward/feet_phase: 0.0149
     Episode_Reward/feet_phase_contrast: 0.0249
     Episode_Reward/feet_contact_number: 0.0230
           Episode_Reward/feet_air_time: 0.0016
             Episode_Reward/under_speed: -0.0077
               Episode_Reward/feet_slip: -0.0002
          Episode_Reward/feet_clearance: -0.0005
               Episode_Reward/lin_vel_z: -0.0014
              Episode_Reward/ang_vel_xy: -0.0267
             Episode_Reward/base_height: -0.1273
             Episode_Reward/orientation: -0.0444
                    Episode_Reward/pose: -0.0009
             Episode_Reward/action_rate: -0.0025
              Episode_Reward/action_acc: -0.0074
           Episode_Termination/time_out: 0.0000
    Episode_Termination/bad_orientation: 9.8750
--------------------------------------------------------------------------------
                         Iteration time: 0.42s
                           Time elapsed: 00:00:01
                                    ETA: 00:02:02

################################################################################
[1m                            Learning iteration 4/250                            [0m 

                            Total steps: 61440 
                       Steps per second: 28050 
                        Collection time: 0.376s 
                          Learning time: 0.062s 
                        Mean value loss: 0.5859
                    Mean surrogate loss: -0.0093
                      Mean entropy loss: 7.2663
                            Mean reward: -1.99
                    Mean episode length: 53.44
                        Mean action std: 0.50
                reward/tracking_lin_vel: 0.5815
                reward/tracking_ang_vel: 0.1059
                      reward/feet_phase: 0.2886
             reward/feet_phase_contrast: 0.4895
             reward/feet_contact_number: 0.4446
                   reward/feet_air_time: 0.0294
                     reward/under_speed: -0.1534
                       reward/feet_slip: -0.0031
                  reward/feet_clearance: -0.0101
                       reward/lin_vel_z: -0.0252
                      reward/ang_vel_xy: -0.4761
                     reward/base_height: -2.2409
                     reward/orientation: -0.7785
                            reward/pose: -0.0166
                     reward/action_rate: -0.0498
                      reward/action_acc: -0.1469
             Metrics/twist/error_vel_xy: 0.3412
            Metrics/twist/error_vel_yaw: 0.2031
        Episode_Reward/tracking_lin_vel: 0.0327
        Episode_Reward/tracking_ang_vel: 0.0055
              Episode_Reward/feet_phase: 0.0188
     Episode_Reward/feet_phase_contrast: 0.0302
     Episode_Reward/feet_contact_number: 0.0232
           Episode_Reward/feet_air_time: 0.0016
             Episode_Reward/under_speed: -0.0074
               Episode_Reward/feet_slip: -0.0002
          Episode_Reward/feet_clearance: -0.0006
               Episode_Reward/lin_vel_z: -0.0014
              Episode_Reward/ang_vel_xy: -0.0267
             Episode_Reward/base_height: -0.1228
             Episode_Reward/orientation: -0.0442
                    Episode_Reward/pose: -0.0010
             Episode_Reward/action_rate: -0.0026
              Episode_Reward/action_acc: -0.0077
           Episode_Termination/time_out: 0.0000
    Episode_Termination/bad_orientation: 9.4167
--------------------------------------------------------------------------------
                         Iteration time: 0.44s
                           Time elapsed: 00:00:02
                                    ETA: 00:01:59

################################################################################
[1m                            Learning iteration 5/250                            [0m 

                            Total steps: 73728 
                       Steps per second: 29018 
                        Collection time: 0.359s 
                          Learning time: 0.064s 
                        Mean value loss: 0.5391
                    Mean surrogate loss: -0.0081
                      Mean entropy loss: 7.2690
                            Mean reward: -2.51
                    Mean episode length: 54.81
                        Mean action std: 0.50
                reward/tracking_lin_vel: 0.6032
                reward/tracking_ang_vel: 0.1055
                      reward/feet_phase: 0.2693
             reward/feet_phase_contrast: 0.4868
             reward/feet_contact_number: 0.4435
                   reward/feet_air_time: 0.0245
                     reward/under_speed: -0.1536
                       reward/feet_slip: -0.0028
                  reward/feet_clearance: -0.0099
                       reward/lin_vel_z: -0.0220
                      reward/ang_vel_xy: -0.4476
                     reward/base_height: -2.0105
                     reward/orientation: -0.7580
                            reward/pose: -0.0173
                     reward/action_rate: -0.0501
                      reward/action_acc: -0.1483
             Metrics/twist/error_vel_xy: 0.3698
            Metrics/twist/error_vel_yaw: 0.2065
        Episode_Reward/tracking_lin_vel: 0.0261
        Episode_Reward/tracking_ang_vel: 0.0056
              Episode_Reward/feet_phase: 0.0130
     Episode_Reward/feet_phase_contrast: 0.0210
     Episode_Reward/feet_contact_number: 0.0237
           Episode_Reward/feet_air_time: 0.0018
             Episode_Reward/under_speed: -0.0086
               Episode_Reward/feet_slip: -0.0002
          Episode_Reward/feet_clearance: -0.0005
               Episode_Reward/lin_vel_z: -0.0013
              Episode_Reward/ang_vel_xy: -0.0266
             Episode_Reward/base_height: -0.1280
             Episode_Reward/orientation: -0.0439
                    Episode_Reward/pose: -0.0009
             Episode_Reward/action_rate: -0.0026
              Episode_Reward/action_acc: -0.0078
           Episode_Termination/time_out: 0.0000
    Episode_Termination/bad_orientation: 7.7917
--------------------------------------------------------------------------------
                         Iteration time: 0.42s
                           Time elapsed: 00:00:02
                                    ETA: 00:01:56

################################################################################
[1m                            Learning iteration 6/250                            [0m 

                            Total steps: 86016 
                       Steps per second: 28510 
                        Collection time: 0.366s 
                          Learning time: 0.065s 
                        Mean value loss: 0.4932
                    Mean surrogate loss: -0.0106
                      Mean entropy loss: 7.2768
                            Mean reward: -2.00
                    Mean episode length: 59.47
                        Mean action std: 0.50
                reward/tracking_lin_vel: 0.6277
                reward/tracking_ang_vel: 0.1049
                      reward/feet_phase: 0.3180
             reward/feet_phase_contrast: 0.5261
             reward/feet_contact_number: 0.4564
                   reward/feet_air_time: 0.0303
                     reward/under_speed: -0.1503
                       reward/feet_slip: -0.0030
                  reward/feet_clearance: -0.0099
                       reward/lin_vel_z: -0.0242
                      reward/ang_vel_xy: -0.4707
                     reward/base_height: -2.1991
                     reward/orientation: -0.7730
                            reward/pose: -0.0170
                     reward/action_rate: -0.0504
                      reward/action_acc: -0.1488
             Metrics/twist/error_vel_xy: 0.3697
            Metrics/twist/error_vel_yaw: 0.2224
        Episode_Reward/tracking_lin_vel: 0.0358
        Episode_Reward/tracking_ang_vel: 0.0062
              Episode_Reward/feet_phase: 0.0178
     Episode_Reward/feet_phase_contrast: 0.0298
     Episode_Reward/feet_contact_number: 0.0263
           Episode_Reward/feet_air_time: 0.0016
             Episode_Reward/under_speed: -0.0088
               Episode_Reward/feet_slip: -0.0002
          Episode_Reward/feet_clearance: -0.0006
               Episode_Reward/lin_vel_z: -0.0014
              Episode_Reward/ang_vel_xy: -0.0268
             Episode_Reward/base_height: -0.1226
             Episode_Reward/orientation: -0.0445
                    Episode_Reward/pose: -0.0010
             Episode_Reward/action_rate: -0.0029
              Episode_Reward/action_acc: -0.0086
           Episode_Termination/time_out: 0.0000
    Episode_Termination/bad_orientation: 9.4167
--------------------------------------------------------------------------------
                         Iteration time: 0.43s
                           Time elapsed: 00:00:03
                                    ETA: 00:01:54

################################################################################
[1m                            Learning iteration 7/250                            [0m 

                            Total steps: 98304 
                       Steps per second: 24274 
                        Collection time: 0.440s 
                          Learning time: 0.066s 
                        Mean value loss: 0.4329
                    Mean surrogate loss: -0.0098
                      Mean entropy loss: 7.2709
                            Mean reward: -2.23
                    Mean episode length: 56.21
                        Mean action std: 0.50
                reward/tracking_lin_vel: 0.6162
                reward/tracking_ang_vel: 0.1045
                      reward/feet_phase: 0.3426
             reward/feet_phase_contrast: 0.5142
             reward/feet_contact_number: 0.4462
                   reward/feet_air_time: 0.0277
                     reward/under_speed: -0.1504
                       reward/feet_slip: -0.0030
                  reward/feet_clearance: -0.0102
                       reward/lin_vel_z: -0.0242
                      reward/ang_vel_xy: -0.4436
                     reward/base_height: -2.0976
                     reward/orientation: -0.7802
                            reward/pose: -0.0178
                     reward/action_rate: -0.0501
                      reward/action_acc: -0.1477
             Metrics/twist/error_vel_xy: 0.3696
            Metrics/twist/error_vel_yaw: 0.2214
        Episode_Reward/tracking_lin_vel: 0.0346
        Episode_Reward/tracking_ang_vel: 0.0061
              Episode_Reward/feet_phase: 0.0170
     Episode_Reward/feet_phase_contrast: 0.0282
     Episode_Reward/feet_contact_number: 0.0259
           Episode_Reward/feet_air_time: 0.0015
             Episode_Reward/under_speed: -0.0087
               Episode_Reward/feet_slip: -0.0002
          Episode_Reward/feet_clearance: -0.0006
               Episode_Reward/lin_vel_z: -0.0014
              Episode_Reward/ang_vel_xy: -0.0263
             Episode_Reward/base_height: -0.1246
             Episode_Reward/orientation: -0.0460
                    Episode_Reward/pose: -0.0010
             Episode_Reward/action_rate: -0.0029
              Episode_Reward/action_acc: -0.0086
           Episode_Termination/time_out: 0.0000
    Episode_Termination/bad_orientation: 8.6667
--------------------------------------------------------------------------------
                         Iteration time: 0.51s
                           Time elapsed: 00:00:03
                                    ETA: 00:01:54

################################################################################
[1m                            Learning iteration 8/250                            [0m 

                            Total steps: 110592 
                       Steps per second: 25003 
                        Collection time: 0.408s 
                          Learning time: 0.083s 
                        Mean value loss: 0.4440
                    Mean surrogate loss: -0.0080
                      Mean entropy loss: 7.2627
                            Mean reward: -1.84
                    Mean episode length: 60.05
                        Mean action std: 0.50
                reward/tracking_lin_vel: 0.6164
                reward/tracking_ang_vel: 0.1032
                      reward/feet_phase: 0.3019
             reward/feet_phase_contrast: 0.5365
             reward/feet_contact_number: 0.4518
                   reward/feet_air_time: 0.0324
                     reward/under_speed: -0.1468
                       reward/feet_slip: -0.0032
                  reward/feet_clearance: -0.0102
                       reward/lin_vel_z: -0.0249
                      reward/ang_vel_xy: -0.5037
                     reward/base_height: -2.2762
                     reward/orientation: -0.8175
                            reward/pose: -0.0179
                     reward/action_rate: -0.0496
                      reward/action_acc: -0.1461
             Metrics/twist/error_vel_xy: 0.3659
            Metrics/twist/error_vel_yaw: 0.2278
        Episode_Reward/tracking_lin_vel: 0.0384
        Episode_Reward/tracking_ang_vel: 0.0062
              Episode_Reward/feet_phase: 0.0200
     Episode_Reward/feet_phase_contrast: 0.0324
     Episode_Reward/feet_contact_number: 0.0265
           Episode_Reward/feet_air_time: 0.0020
             Episode_Reward/under_speed: -0.0087
               Episode_Reward/feet_slip: -0.0002
          Episode_Reward/feet_clearance: -0.0006
               Episode_Reward/lin_vel_z: -0.0013
              Episode_Reward/ang_vel_xy: -0.0273
             Episode_Reward/base_height: -0.1244
             Episode_Reward/orientation: -0.0445
                    Episode_Reward/pose: -0.0010
             Episode_Reward/action_rate: -0.0029
              Episode_Reward/action_acc: -0.0086
           Episode_Termination/time_out: 0.0000
    Episode_Termination/bad_orientation: 9.0833
--------------------------------------------------------------------------------
                         Iteration time: 0.49s
                           Time elapsed: 00:00:04
                                    ETA: 00:01:54

################################################################################
[1m                            Learning iteration 9/250                            [0m 

                            Total steps: 122880 
                       Steps per second: 27931 
                        Collection time: 0.375s 
                          Learning time: 0.065s 
                        Mean value loss: 0.3797
                    Mean surrogate loss: -0.0087
                      Mean entropy loss: 7.2514
                            Mean reward: -1.75
                    Mean episode length: 57.80
                        Mean action std: 0.50
                reward/tracking_lin_vel: 0.6854
                reward/tracking_ang_vel: 0.1044
                      reward/feet_phase: 0.3103
             reward/feet_phase_contrast: 0.5639
             reward/feet_contact_number: 0.4437
                   reward/feet_air_time: 0.0264
                     reward/under_speed: -0.1446
                       reward/feet_slip: -0.0031
                  reward/feet_clearance: -0.0100
                       reward/lin_vel_z: -0.0226
                      reward/ang_vel_xy: -0.4561
                     reward/base_height: -1.9433
                     reward/orientation: -0.7134
                            reward/pose: -0.0170
                     reward/action_rate: -0.0499
                      reward/action_acc: -0.1474
             Metrics/twist/error_vel_xy: 0.3515
            Metrics/twist/error_vel_yaw: 0.2123
        Episode_Reward/tracking_lin_vel: 0.0333
        Episode_Reward/tracking_ang_vel: 0.0057
              Episode_Reward/feet_phase: 0.0185
     Episode_Reward/feet_phase_contrast: 0.0305
     Episode_Reward/feet_contact_number: 0.0244
           Episode_Reward/feet_air_time: 0.0015
             Episode_Reward/under_speed: -0.0079
               Episode_Reward/feet_slip: -0.0002
          Episode_Reward/feet_clearance: -0.0006
               Episode_Reward/lin_vel_z: -0.0014
              Episode_Reward/ang_vel_xy: -0.0277
             Episode_Reward/base_height: -0.1187
             Episode_Reward/orientation: -0.0437
                    Episode_Reward/pose: -0.0010
             Episode_Reward/action_rate: -0.0027
              Episode_Reward/action_acc: -0.0080
           Episode_Termination/time_out: 0.0000
    Episode_Termination/bad_orientation: 8.9583
--------------------------------------------------------------------------------
                         Iteration time: 0.44s
                           Time elapsed: 00:00:04
                                    ETA: 00:01:53

################################################################################
[1m                           Learning iteration 10/250                            [0m 

                            Total steps: 135168 
                       Steps per second: 28897 
                        Collection time: 0.355s 
                          Learning time: 0.070s 
                        Mean value loss: 0.3542
                    Mean surrogate loss: -0.0068
                      Mean entropy loss: 7.2375
                            Mean reward: -2.01
                    Mean episode length: 54.08
                        Mean action std: 0.50
                reward/tracking_lin_vel: 0.7122
                reward/tracking_ang_vel: 0.1038
                      reward/feet_phase: 0.4161
             reward/feet_phase_contrast: 0.6233
             reward/feet_contact_number: 0.4522
                   reward/feet_air_time: 0.0341
                     reward/under_speed: -0.1399
                       reward/feet_slip: -0.0031
                  reward/feet_clearance: -0.0099
                       reward/lin_vel_z: -0.0230
                      reward/ang_vel_xy: -0.4590
                     reward/base_height: -2.0524
                     reward/orientation: -0.7585
                            reward/pose: -0.0177
                     reward/action_rate: -0.0506
                      reward/action_acc: -0.1495
             Metrics/twist/error_vel_xy: 0.3443
            Metrics/twist/error_vel_yaw: 0.2128
        Episode_Reward/tracking_lin_vel: 0.0334
        Episode_Reward/tracking_ang_vel: 0.0055
              Episode_Reward/feet_phase: 0.0185
     Episode_Reward/feet_phase_contrast: 0.0313
     Episode_Reward/feet_contact_number: 0.0238
           Episode_Reward/feet_air_time: 0.0020
             Episode_Reward/under_speed: -0.0074
               Episode_Reward/feet_slip: -0.0002
          Episode_Reward/feet_clearance: -0.0006
               Episode_Reward/lin_vel_z: -0.0013
              Episode_Reward/ang_vel_xy: -0.0277
             Episode_Reward/base_height: -0.1207
             Episode_Reward/orientation: -0.0436
                    Episode_Reward/pose: -0.0010
             Episode_Reward/action_rate: -0.0027
              Episode_Reward/action_acc: -0.0078
           Episode_Termination/time_out: 0.0000
    Episode_Termination/bad_orientation: 8.6667
--------------------------------------------------------------------------------
                         Iteration time: 0.43s
                           Time elapsed: 00:00:05
                                    ETA: 00:01:51

################################################################################
[1m                           Learning iteration 11/250                            [0m 

                            Total steps: 147456 
                       Steps per second: 27714 
                        Collection time: 0.378s 
                          Learning time: 0.066s 
                        Mean value loss: 0.3255
                    Mean surrogate loss: -0.0076
                      Mean entropy loss: 7.2229
                            Mean reward: -1.67
                    Mean episode length: 60.32
                        Mean action std: 0.50
                reward/tracking_lin_vel: 0.7546
                reward/tracking_ang_vel: 0.1036
                      reward/feet_phase: 0.3999
             reward/feet_phase_contrast: 0.6540
             reward/feet_contact_number: 0.4509
                   reward/feet_air_time: 0.0241
                     reward/under_speed: -0.1366
                       reward/feet_slip: -0.0031
                  reward/feet_clearance: -0.0097
                       reward/lin_vel_z: -0.0221
                      reward/ang_vel_xy: -0.4174
                     reward/base_height: -1.8119
                     reward/orientation: -0.6879
                            reward/pose: -0.0177
                     reward/action_rate: -0.0500
                      reward/action_acc: -0.1480
             Metrics/twist/error_vel_xy: 0.3535
            Metrics/twist/error_vel_yaw: 0.2388
        Episode_Reward/tracking_lin_vel: 0.0436
        Episode_Reward/tracking_ang_vel: 0.0064
              Episode_Reward/feet_phase: 0.0214
     Episode_Reward/feet_phase_contrast: 0.0352
     Episode_Reward/feet_contact_number: 0.0277
           Episode_Reward/feet_air_time: 0.0014
             Episode_Reward/under_speed: -0.0086
               Episode_Reward/feet_slip: -0.0002
          Episode_Reward/feet_clearance: -0.0006
               Episode_Reward/lin_vel_z: -0.0014
              Episode_Reward/ang_vel_xy: -0.0262
             Episode_Reward/base_height: -0.1188
             Episode_Reward/orientation: -0.0460
                    Episode_Reward/pose: -0.0010
             Episode_Reward/action_rate: -0.0031
              Episode_Reward/action_acc: -0.0090
           Episode_Termination/time_out: 0.0000
    Episode_Termination/bad_orientation: 8.0000
--------------------------------------------------------------------------------
                         Iteration time: 0.44s
                           Time elapsed: 00:00:05
                                    ETA: 00:01:50

################################################################################
[1m                           Learning iteration 12/250                            [0m 

                            Total steps: 159744 
                       Steps per second: 28245 
                        Collection time: 0.371s 
                          Learning time: 0.064s 
                        Mean value loss: 0.3228
                    Mean surrogate loss: -0.0089
                      Mean entropy loss: 7.2084
                            Mean reward: -1.29
                    Mean episode length: 62.58
                        Mean action std: 0.50
                reward/tracking_lin_vel: 0.7638
                reward/tracking_ang_vel: 0.1022
                      reward/feet_phase: 0.3942
             reward/feet_phase_contrast: 0.7073
             reward/feet_contact_number: 0.4543
                   reward/feet_air_time: 0.0269
                     reward/under_speed: -0.1313
                       reward/feet_slip: -0.0034
                  reward/feet_clearance: -0.0096
                       reward/lin_vel_z: -0.0244
                      reward/ang_vel_xy: -0.4513
                     reward/base_height: -1.9345
                     reward/orientation: -0.7624
                            reward/pose: -0.0186
                     reward/action_rate: -0.0500
                      reward/action_acc: -0.1480
             Metrics/twist/error_vel_xy: 0.3636
            Metrics/twist/error_vel_yaw: 0.2483
        Episode_Reward/tracking_lin_vel: 0.0472
        Episode_Reward/tracking_ang_vel: 0.0066
              Episode_Reward/feet_phase: 0.0251
     Episode_Reward/feet_phase_contrast: 0.0411
     Episode_Reward/feet_contact_number: 0.0293
           Episode_Reward/feet_air_time: 0.0016
             Episode_Reward/under_speed: -0.0090
               Episode_Reward/feet_slip: -0.0002
          Episode_Reward/feet_clearance: -0.0006
               Episode_Reward/lin_vel_z: -0.0015
              Episode_Reward/ang_vel_xy: -0.0276
             Episode_Reward/base_height: -0.1163
             Episode_Reward/orientation: -0.0448
                    Episode_Reward/pose: -0.0011
             Episode_Reward/action_rate: -0.0033
              Episode_Reward/action_acc: -0.0097
           Episode_Termination/time_out: 0.0000
    Episode_Termination/bad_orientation: 8.0833
--------------------------------------------------------------------------------
                         Iteration time: 0.44s
                           Time elapsed: 00:00:06
                                    ETA: 00:01:49

################################################################################
[1m                           Learning iteration 13/250                            [0m 

                            Total steps: 172032 
                       Steps per second: 26095 
                        Collection time: 0.395s 
                          Learning time: 0.076s 
                        Mean value loss: 0.2990
                    Mean surrogate loss: -0.0089
                      Mean entropy loss: 7.1960
                            Mean reward: -1.05
                    Mean episode length: 60.34
                        Mean action std: 0.50
                reward/tracking_lin_vel: 0.7919
                reward/tracking_ang_vel: 0.1051
                      reward/feet_phase: 0.4296
             reward/feet_phase_contrast: 0.7245
             reward/feet_contact_number: 0.4524
                   reward/feet_air_time: 0.0242
                     reward/under_speed: -0.1295
                       reward/feet_slip: -0.0034
                  reward/feet_clearance: -0.0097
                       reward/lin_vel_z: -0.0244
                      reward/ang_vel_xy: -0.4291
                     reward/base_height: -1.8045
                     reward/orientation: -0.7246
                            reward/pose: -0.0183
                     reward/action_rate: -0.0500
                      reward/action_acc: -0.1484
             Metrics/twist/error_vel_xy: 0.3349
            Metrics/twist/error_vel_yaw: 0.2388
        Episode_Reward/tracking_lin_vel: 0.0458
        Episode_Reward/tracking_ang_vel: 0.0061
              Episode_Reward/feet_phase: 0.0251
     Episode_Reward/feet_phase_contrast: 0.0423
     Episode_Reward/feet_contact_number: 0.0266
           Episode_Reward/feet_air_time: 0.0015
             Episode_Reward/under_speed: -0.0077
               Episode_Reward/feet_slip: -0.0002
          Episode_Reward/feet_clearance: -0.0006
               Episode_Reward/lin_vel_z: -0.0015
              Episode_Reward/ang_vel_xy: -0.0269
             Episode_Reward/base_height: -0.1135
             Episode_Reward/orientation: -0.0451
                    Episode_Reward/pose: -0.0011
             Episode_Reward/action_rate: -0.0030
              Episode_Reward/action_acc: -0.0089
           Episode_Termination/time_out: 0.0000
    Episode_Termination/bad_orientation: 8.5417
--------------------------------------------------------------------------------
                         Iteration time: 0.47s
                           Time elapsed: 00:00:06
                                    ETA: 00:01:49

################################################################################
[1m                           Learning iteration 14/250                            [0m 

                            Total steps: 184320 
                       Steps per second: 28638 
                        Collection time: 0.367s 
                          Learning time: 0.062s 
                        Mean value loss: 0.3099
                    Mean surrogate loss: -0.0077
                      Mean entropy loss: 7.1825
                            Mean reward: -0.93
                    Mean episode length: 63.58
                        Mean action std: 0.50
                reward/tracking_lin_vel: 0.8370
                reward/tracking_ang_vel: 0.1049
                      reward/feet_phase: 0.5242
             reward/feet_phase_contrast: 0.7725
             reward/feet_contact_number: 0.4411
                   reward/feet_air_time: 0.0294
                     reward/under_speed: -0.1252
                       reward/feet_slip: -0.0033
                  reward/feet_clearance: -0.0097
                       reward/lin_vel_z: -0.0213
                      reward/ang_vel_xy: -0.4204
                     reward/base_height: -1.7709
                     reward/orientation: -0.6958
                            reward/pose: -0.0184
                     reward/action_rate: -0.0502
                      reward/action_acc: -0.1484
             Metrics/twist/error_vel_xy: 0.3311
            Metrics/twist/error_vel_yaw: 0.2409
        Episode_Reward/tracking_lin_vel: 0.0505
        Episode_Reward/tracking_ang_vel: 0.0064
              Episode_Reward/feet_phase: 0.0286
     Episode_Reward/feet_phase_contrast: 0.0480
     Episode_Reward/feet_contact_number: 0.0273
           Episode_Reward/feet_air_time: 0.0017
             Episode_Reward/under_speed: -0.0074
               Episode_Reward/feet_slip: -0.0002
          Episode_Reward/feet_clearance: -0.0006
               Episode_Reward/lin_vel_z: -0.0014
              Episode_Reward/ang_vel_xy: -0.0274
             Episode_Reward/base_height: -0.1123
             Episode_Reward/orientation: -0.0451
                    Episode_Reward/pose: -0.0012
             Episode_Reward/action_rate: -0.0031
              Episode_Reward/action_acc: -0.0092
           Episode_Termination/time_out: 0.0000
    Episode_Termination/bad_orientation: 8.0417
--------------------------------------------------------------------------------
                         Iteration time: 0.43s
                           Time elapsed: 00:00:06
                                    ETA: 00:01:48

################################################################################
[1m                           Learning iteration 15/250                            [0m 

                            Total steps: 196608 
                       Steps per second: 27824 
                        Collection time: 0.373s 
                          Learning time: 0.068s 
                        Mean value loss: 0.3060
                    Mean surrogate loss: -0.0088
                      Mean entropy loss: 7.1697
                            Mean reward: -1.22
                    Mean episode length: 60.51
                        Mean action std: 0.50
                reward/tracking_lin_vel: 0.8643
                reward/tracking_ang_vel: 0.1053
                      reward/feet_phase: 0.4498
             reward/feet_phase_contrast: 0.8045
             reward/feet_contact_number: 0.4531
                   reward/feet_air_time: 0.0289
                     reward/under_speed: -0.1189
                       reward/feet_slip: -0.0034
                  reward/feet_clearance: -0.0098
                       reward/lin_vel_z: -0.0220
                      reward/ang_vel_xy: -0.4229
                     reward/base_height: -1.7668
                     reward/orientation: -0.7096
                            reward/pose: -0.0194
                     reward/action_rate: -0.0497
                      reward/action_acc: -0.1468
             Metrics/twist/error_vel_xy: 0.3332
            Metrics/twist/error_vel_yaw: 0.2383
        Episode_Reward/tracking_lin_vel: 0.0491
        Episode_Reward/tracking_ang_vel: 0.0064
              Episode_Reward/feet_phase: 0.0297
     Episode_Reward/feet_phase_contrast: 0.0480
     Episode_Reward/feet_contact_number: 0.0274
           Episode_Reward/feet_air_time: 0.0019
             Episode_Reward/under_speed: -0.0076
               Episode_Reward/feet_slip: -0.0002
          Episode_Reward/feet_clearance: -0.0006
               Episode_Reward/lin_vel_z: -0.0014
              Episode_Reward/ang_vel_xy: -0.0269
             Episode_Reward/base_height: -0.1191
             Episode_Reward/orientation: -0.0453
                    Episode_Reward/pose: -0.0012
             Episode_Reward/action_rate: -0.0030
              Episode_Reward/action_acc: -0.0090
           Episode_Termination/time_out: 0.0000
    Episode_Termination/bad_orientation: 7.3333
--------------------------------------------------------------------------------
                         Iteration time: 0.44s
                           Time elapsed: 00:00:07
                                    ETA: 00:01:47

################################################################################
[1m                           Learning iteration 16/250                            [0m 

                            Total steps: 208896 
                       Steps per second: 28906 
                        Collection time: 0.360s 
                          Learning time: 0.065s 
                        Mean value loss: 0.8185
                    Mean surrogate loss: -0.0067
                      Mean entropy loss: 7.1613
                            Mean reward: -0.69
                    Mean episode length: 65.44
                        Mean action std: 0.50
                reward/tracking_lin_vel: 0.6952
                reward/tracking_ang_vel: 0.0993
                      reward/feet_phase: 0.4641
             reward/feet_phase_contrast: 0.8258
             reward/feet_contact_number: 0.4438
                   reward/feet_air_time: 0.0381
                     reward/under_speed: -0.1134
                       reward/feet_slip: -0.0056
                  reward/feet_clearance: -0.0148
                       reward/lin_vel_z: -0.0334
                      reward/ang_vel_xy: -0.5209
                     reward/base_height: -1.7997
                     reward/orientation: -0.7120
                            reward/pose: -0.0196
                     reward/action_rate: -0.0504
                      reward/action_acc: -0.1494
             Metrics/twist/error_vel_xy: 0.3246
            Metrics/twist/error_vel_yaw: 0.2518
        Episode_Reward/tracking_lin_vel: 0.0565
        Episode_Reward/tracking_ang_vel: 0.0068
              Episode_Reward/feet_phase: 0.0328
     Episode_Reward/feet_phase_contrast: 0.0540
     Episode_Reward/feet_contact_number: 0.0290
           Episode_Reward/feet_air_time: 0.0018
             Episode_Reward/under_speed: -0.0073
               Episode_Reward/feet_slip: -0.0002
          Episode_Reward/feet_clearance: -0.0007
               Episode_Reward/lin_vel_z: -0.0017
              Episode_Reward/ang_vel_xy: -0.0274
             Episode_Reward/base_height: -0.1131
             Episode_Reward/orientation: -0.0458
                    Episode_Reward/pose: -0.0013
             Episode_Reward/action_rate: -0.0032
              Episode_Reward/action_acc: -0.0095
           Episode_Termination/time_out: 0.0000
    Episode_Termination/bad_orientation: 8.3750
--------------------------------------------------------------------------------
                         Iteration time: 0.43s
                           Time elapsed: 00:00:07
                                    ETA: 00:01:46

################################################################################
[1m                           Learning iteration 17/250                            [0m 

                            Total steps: 221184 
                       Steps per second: 27127 
                        Collection time: 0.390s 
                          Learning time: 0.063s 
                        Mean value loss: 0.2727
                    Mean surrogate loss: -0.0086
                      Mean entropy loss: 7.1539
                            Mean reward: -1.07
                    Mean episode length: 64.25
                        Mean action std: 0.49
                reward/tracking_lin_vel: 0.6344
                reward/tracking_ang_vel: 0.0956
                      reward/feet_phase: 0.5014
             reward/feet_phase_contrast: 0.7903
             reward/feet_contact_number: 0.4397
                   reward/feet_air_time: 0.0943
                     reward/under_speed: -0.1138
                       reward/feet_slip: -0.0046
                  reward/feet_clearance: -0.0135
                       reward/lin_vel_z: -0.0346
                      reward/ang_vel_xy: -0.7660
                     reward/base_height: -2.6423
                     reward/orientation: -0.8564
                            reward/pose: -0.0201
                     reward/action_rate: -0.0504
                      reward/action_acc: -0.1491
             Metrics/twist/error_vel_xy: 0.3847
            Metrics/twist/error_vel_yaw: 0.2583
        Episode_Reward/tracking_lin_vel: 0.0457
        Episode_Reward/tracking_ang_vel: 0.0063
              Episode_Reward/feet_phase: 0.0264
     Episode_Reward/feet_phase_contrast: 0.0452
     Episode_Reward/feet_contact_number: 0.0276
           Episode_Reward/feet_air_time: 0.0037
             Episode_Reward/under_speed: -0.0082
               Episode_Reward/feet_slip: -0.0003
          Episode_Reward/feet_clearance: -0.0008
               Episode_Reward/lin_vel_z: -0.0017
              Episode_Reward/ang_vel_xy: -0.0348
             Episode_Reward/base_height: -0.1092
             Episode_Reward/orientation: -0.0384
                    Episode_Reward/pose: -0.0011
             Episode_Reward/action_rate: -0.0031
              Episode_Reward/action_acc: -0.0093
           Episode_Termination/time_out: 0.0000
    Episode_Termination/bad_orientation: 12.6250
--------------------------------------------------------------------------------
                         Iteration time: 0.45s
                           Time elapsed: 00:00:08
                                    ETA: 00:01:46

################################################################################
[1m                           Learning iteration 18/250                            [0m 

                            Total steps: 233472 
                       Steps per second: 25968 
                        Collection time: 0.411s 
                          Learning time: 0.063s 
                        Mean value loss: 0.2795
                    Mean surrogate loss: -0.0088
                      Mean entropy loss: 7.1470
                            Mean reward: -0.90
                    Mean episode length: 60.54
                        Mean action std: 0.49
                reward/tracking_lin_vel: 0.9295
                reward/tracking_ang_vel: 0.1034
                      reward/feet_phase: 0.5427
             reward/feet_phase_contrast: 0.8601
             reward/feet_contact_number: 0.4640
                   reward/feet_air_time: 0.0348
                     reward/under_speed: -0.1136
                       reward/feet_slip: -0.0034
                  reward/feet_clearance: -0.0100
                       reward/lin_vel_z: -0.0179
                      reward/ang_vel_xy: -0.3937
                     reward/base_height: -1.4462
                     reward/orientation: -0.5932
                            reward/pose: -0.0198
                     reward/action_rate: -0.0500
                      reward/action_acc: -0.1481
             Metrics/twist/error_vel_xy: 0.3556
            Metrics/twist/error_vel_yaw: 0.2555
        Episode_Reward/tracking_lin_vel: 0.0457
        Episode_Reward/tracking_ang_vel: 0.0062
              Episode_Reward/feet_phase: 0.0312
     Episode_Reward/feet_phase_contrast: 0.0513
     Episode_Reward/feet_contact_number: 0.0280
           Episode_Reward/feet_air_time: 0.0032
             Episode_Reward/under_speed: -0.0070
               Episode_Reward/feet_slip: -0.0003
          Episode_Reward/feet_clearance: -0.0008
               Episode_Reward/lin_vel_z: -0.0014
              Episode_Reward/ang_vel_xy: -0.0309
             Episode_Reward/base_height: -0.1186
             Episode_Reward/orientation: -0.0433
                    Episode_Reward/pose: -0.0013
             Episode_Reward/action_rate: -0.0031
              Episode_Reward/action_acc: -0.0092
           Episode_Termination/time_out: 0.0000
    Episode_Termination/bad_orientation: 6.1250
--------------------------------------------------------------------------------
                         Iteration time: 0.47s
                           Time elapsed: 00:00:08
                                    ETA: 00:01:46

################################################################################
[1m                           Learning iteration 19/250                            [0m 

                            Total steps: 245760 
                       Steps per second: 29605 
                        Collection time: 0.352s 
                          Learning time: 0.063s 
                        Mean value loss: 0.2443
                    Mean surrogate loss: -0.0103
                      Mean entropy loss: 7.1321
                            Mean reward: -0.79
                    Mean episode length: 56.77
                        Mean action std: 0.49
                reward/tracking_lin_vel: 0.9366
                reward/tracking_ang_vel: 0.1009
                      reward/feet_phase: 0.5180
             reward/feet_phase_contrast: 0.9107
             reward/feet_contact_number: 0.4536
                   reward/feet_air_time: 0.0283
                     reward/under_speed: -0.1072
                       reward/feet_slip: -0.0040
                  reward/feet_clearance: -0.0102
                       reward/lin_vel_z: -0.0239
                      reward/ang_vel_xy: -0.4604
                     reward/base_height: -1.9008
                     reward/orientation: -0.7354
                            reward/pose: -0.0210
                     reward/action_rate: -0.0500
                      reward/action_acc: -0.1478
             Metrics/twist/error_vel_xy: 0.3045
            Metrics/twist/error_vel_yaw: 0.2355
        Episode_Reward/tracking_lin_vel: 0.0431
        Episode_Reward/tracking_ang_vel: 0.0053
              Episode_Reward/feet_phase: 0.0287
     Episode_Reward/feet_phase_contrast: 0.0465
     Episode_Reward/feet_contact_number: 0.0246
           Episode_Reward/feet_air_time: 0.0019
             Episode_Reward/under_speed: -0.0057
               Episode_Reward/feet_slip: -0.0002
          Episode_Reward/feet_clearance: -0.0006
               Episode_Reward/lin_vel_z: -0.0013
              Episode_Reward/ang_vel_xy: -0.0285
             Episode_Reward/base_height: -0.1116
             Episode_Reward/orientation: -0.0429
                    Episode_Reward/pose: -0.0012
             Episode_Reward/action_rate: -0.0027
              Episode_Reward/action_acc: -0.0080
           Episode_Termination/time_out: 0.0000
    Episode_Termination/bad_orientation: 8.9167
--------------------------------------------------------------------------------
                         Iteration time: 0.42s
                           Time elapsed: 00:00:09
                                    ETA: 00:01:45

################################################################################
[1m                           Learning iteration 20/250                            [0m 

                            Total steps: 258048 
                       Steps per second: 28477 
                        Collection time: 0.365s 
                          Learning time: 0.066s 
                        Mean value loss: 0.2379
                    Mean surrogate loss: -0.0099
                      Mean entropy loss: 7.1133
                            Mean reward: -0.43
                    Mean episode length: 59.96
                        Mean action std: 0.49
                reward/tracking_lin_vel: 0.9840
                reward/tracking_ang_vel: 0.1051
                      reward/feet_phase: 0.5376
             reward/feet_phase_contrast: 0.9402
             reward/feet_contact_number: 0.4573
                   reward/feet_air_time: 0.0299
                     reward/under_speed: -0.1064
                       reward/feet_slip: -0.0035
                  reward/feet_clearance: -0.0096
                       reward/lin_vel_z: -0.0204
                      reward/ang_vel_xy: -0.3946
                     reward/base_height: -1.5150
                     reward/orientation: -0.6394
                            reward/pose: -0.0204
                     reward/action_rate: -0.0496
                      reward/action_acc: -0.1467
             Metrics/twist/error_vel_xy: 0.2948
            Metrics/twist/error_vel_yaw: 0.2407
        Episode_Reward/tracking_lin_vel: 0.0567
        Episode_Reward/tracking_ang_vel: 0.0062
              Episode_Reward/feet_phase: 0.0345
     Episode_Reward/feet_phase_contrast: 0.0583
     Episode_Reward/feet_contact_number: 0.0277
           Episode_Reward/feet_air_time: 0.0020
             Episode_Reward/under_speed: -0.0059
               Episode_Reward/feet_slip: -0.0002
          Episode_Reward/feet_clearance: -0.0006
               Episode_Reward/lin_vel_z: -0.0015
              Episode_Reward/ang_vel_xy: -0.0276
             Episode_Reward/base_height: -0.1105
             Episode_Reward/orientation: -0.0451
                    Episode_Reward/pose: -0.0013
             Episode_Reward/action_rate: -0.0030
              Episode_Reward/action_acc: -0.0089
           Episode_Termination/time_out: 0.0000
    Episode_Termination/bad_orientation: 6.7917
--------------------------------------------------------------------------------
                         Iteration time: 0.43s
                           Time elapsed: 00:00:09
                                    ETA: 00:01:44

################################################################################
[1m                           Learning iteration 21/250                            [0m 

                            Total steps: 270336 
                       Steps per second: 25901 
                        Collection time: 0.411s 
                          Learning time: 0.064s 
                        Mean value loss: 0.2258
                    Mean surrogate loss: -0.0071
                      Mean entropy loss: 7.1088
                            Mean reward: -0.84
                    Mean episode length: 59.37
                        Mean action std: 0.49
                reward/tracking_lin_vel: 0.9934
                reward/tracking_ang_vel: 0.1040
                      reward/feet_phase: 0.6430
             reward/feet_phase_contrast: 0.9451
             reward/feet_contact_number: 0.4536
                   reward/feet_air_time: 0.0239
                     reward/under_speed: -0.1068
                       reward/feet_slip: -0.0038
                  reward/feet_clearance: -0.0096
                       reward/lin_vel_z: -0.0217
                      reward/ang_vel_xy: -0.4157
                     reward/base_height: -1.6582
                     reward/orientation: -0.6631
                            reward/pose: -0.0215
                     reward/action_rate: -0.0494
                      reward/action_acc: -0.1458
             Metrics/twist/error_vel_xy: 0.3009
            Metrics/twist/error_vel_yaw: 0.2370
        Episode_Reward/tracking_lin_vel: 0.0542
        Episode_Reward/tracking_ang_vel: 0.0060
              Episode_Reward/feet_phase: 0.0318
     Episode_Reward/feet_phase_contrast: 0.0534
     Episode_Reward/feet_contact_number: 0.0269
           Episode_Reward/feet_air_time: 0.0019
             Episode_Reward/under_speed: -0.0061
               Episode_Reward/feet_slip: -0.0002
          Episode_Reward/feet_clearance: -0.0006
               Episode_Reward/lin_vel_z: -0.0015
              Episode_Reward/ang_vel_xy: -0.0279
             Episode_Reward/base_height: -0.1094
             Episode_Reward/orientation: -0.0447
                    Episode_Reward/pose: -0.0012
             Episode_Reward/action_rate: -0.0030
              Episode_Reward/action_acc: -0.0087
           Episode_Termination/time_out: 0.0000
    Episode_Termination/bad_orientation: 8.1250
--------------------------------------------------------------------------------
                         Iteration time: 0.47s
                           Time elapsed: 00:00:10
                                    ETA: 00:01:44

################################################################################
[1m                           Learning iteration 22/250                            [0m 

                            Total steps: 282624 
                       Steps per second: 27157 
                        Collection time: 0.388s 
                          Learning time: 0.065s 
                        Mean value loss: 0.2318
                    Mean surrogate loss: -0.0079
                      Mean entropy loss: 7.1014
                            Mean reward: 0.10
                    Mean episode length: 64.66
                        Mean action std: 0.49
                reward/tracking_lin_vel: 0.9807
                reward/tracking_ang_vel: 0.1064
                      reward/feet_phase: 0.5344
             reward/feet_phase_contrast: 0.9366
             reward/feet_contact_number: 0.4632
                   reward/feet_air_time: 0.0231
                     reward/under_speed: -0.1082
                       reward/feet_slip: -0.0038
                  reward/feet_clearance: -0.0097
                       reward/lin_vel_z: -0.0204
                      reward/ang_vel_xy: -0.3858
                     reward/base_height: -1.4839
                     reward/orientation: -0.6354
                            reward/pose: -0.0220
                     reward/action_rate: -0.0503
                      reward/action_acc: -0.1487
             Metrics/twist/error_vel_xy: 0.2860
            Metrics/twist/error_vel_yaw: 0.2551
        Episode_Reward/tracking_lin_vel: 0.0690
        Episode_Reward/tracking_ang_vel: 0.0069
              Episode_Reward/feet_phase: 0.0428
     Episode_Reward/feet_phase_contrast: 0.0691
     Episode_Reward/feet_contact_number: 0.0302
           Episode_Reward/feet_air_time: 0.0016
             Episode_Reward/under_speed: -0.0060
               Episode_Reward/feet_slip: -0.0003
          Episode_Reward/feet_clearance: -0.0007
               Episode_Reward/lin_vel_z: -0.0015
              Episode_Reward/ang_vel_xy: -0.0278
             Episode_Reward/base_height: -0.1077
             Episode_Reward/orientation: -0.0461
                    Episode_Reward/pose: -0.0015
             Episode_Reward/action_rate: -0.0033
              Episode_Reward/action_acc: -0.0097
           Episode_Termination/time_out: 0.0000
    Episode_Termination/bad_orientation: 6.9167
--------------------------------------------------------------------------------
                         Iteration time: 0.45s
                           Time elapsed: 00:00:10
                                    ETA: 00:01:43

################################################################################
[1m                           Learning iteration 23/250                            [0m 

                            Total steps: 294912 
                       Steps per second: 28709 
                        Collection time: 0.364s 
                          Learning time: 0.064s 
                        Mean value loss: 0.2101
                    Mean surrogate loss: -0.0085
                      Mean entropy loss: 7.0944
                            Mean reward: -0.18
                    Mean episode length: 62.92
                        Mean action std: 0.49
                reward/tracking_lin_vel: 0.9999
                reward/tracking_ang_vel: 0.1070
                      reward/feet_phase: 0.5137
             reward/feet_phase_contrast: 0.9206
             reward/feet_contact_number: 0.4561
                   reward/feet_air_time: 0.0283
                     reward/under_speed: -0.1098
                       reward/feet_slip: -0.0038
                  reward/feet_clearance: -0.0099
                       reward/lin_vel_z: -0.0194
                      reward/ang_vel_xy: -0.3802
                     reward/base_height: -1.4743
                     reward/orientation: -0.6089
                            reward/pose: -0.0219
                     reward/action_rate: -0.0505
                      reward/action_acc: -0.1494
             Metrics/twist/error_vel_xy: 0.3007
            Metrics/twist/error_vel_yaw: 0.2481
        Episode_Reward/tracking_lin_vel: 0.0610
        Episode_Reward/tracking_ang_vel: 0.0065
              Episode_Reward/feet_phase: 0.0384
     Episode_Reward/feet_phase_contrast: 0.0630
     Episode_Reward/feet_contact_number: 0.0287
           Episode_Reward/feet_air_time: 0.0020
             Episode_Reward/under_speed: -0.0062
               Episode_Reward/feet_slip: -0.0003
          Episode_Reward/feet_clearance: -0.0006
               Episode_Reward/lin_vel_z: -0.0015
              Episode_Reward/ang_vel_xy: -0.0282
             Episode_Reward/base_height: -0.1113
             Episode_Reward/orientation: -0.0448
                    Episode_Reward/pose: -0.0014
             Episode_Reward/action_rate: -0.0032
              Episode_Reward/action_acc: -0.0094
           Episode_Termination/time_out: 0.0000
    Episode_Termination/bad_orientation: 6.7500
--------------------------------------------------------------------------------
                         Iteration time: 0.43s
                           Time elapsed: 00:00:10
                                    ETA: 00:01:42

################################################################################
[1m                           Learning iteration 24/250                            [0m 

                            Total steps: 307200 
                       Steps per second: 27752 
                        Collection time: 0.375s 
                          Learning time: 0.068s 
                        Mean value loss: 0.2419
                    Mean surrogate loss: -0.0086
                      Mean entropy loss: 7.0900
                            Mean reward: 0.14
                    Mean episode length: 67.49
                        Mean action std: 0.49
                reward/tracking_lin_vel: 1.0340
                reward/tracking_ang_vel: 0.1066
                      reward/feet_phase: 0.6029
             reward/feet_phase_contrast: 0.9634
             reward/feet_contact_number: 0.4515
                   reward/feet_air_time: 0.0261
                     reward/under_speed: -0.1081
                       reward/feet_slip: -0.0037
                  reward/feet_clearance: -0.0097
                       reward/lin_vel_z: -0.0186
                      reward/ang_vel_xy: -0.3786
                     reward/base_height: -1.4531
                     reward/orientation: -0.6037
                            reward/pose: -0.0206
                     reward/action_rate: -0.0509
                      reward/action_acc: -0.1509
             Metrics/twist/error_vel_xy: 0.2949
            Metrics/twist/error_vel_yaw: 0.2537
        Episode_Reward/tracking_lin_vel: 0.0673
        Episode_Reward/tracking_ang_vel: 0.0070
              Episode_Reward/feet_phase: 0.0405
     Episode_Reward/feet_phase_contrast: 0.0692
     Episode_Reward/feet_contact_number: 0.0298
           Episode_Reward/feet_air_time: 0.0020
             Episode_Reward/under_speed: -0.0064
               Episode_Reward/feet_slip: -0.0003
          Episode_Reward/feet_clearance: -0.0007
               Episode_Reward/lin_vel_z: -0.0014
              Episode_Reward/ang_vel_xy: -0.0279
             Episode_Reward/base_height: -0.1086
             Episode_Reward/orientation: -0.0452
                    Episode_Reward/pose: -0.0016
             Episode_Reward/action_rate: -0.0034
              Episode_Reward/action_acc: -0.0099
           Episode_Termination/time_out: 0.0000
    Episode_Termination/bad_orientation: 6.7917
--------------------------------------------------------------------------------
                         Iteration time: 0.44s
                           Time elapsed: 00:00:11
                                    ETA: 00:01:42

################################################################################
[1m                           Learning iteration 25/250                            [0m 

                            Total steps: 319488 
                       Steps per second: 28545 
                        Collection time: 0.367s 
                          Learning time: 0.063s 
                        Mean value loss: 0.2218
                    Mean surrogate loss: -0.0092
                      Mean entropy loss: 7.0840
                            Mean reward: 0.20
                    Mean episode length: 62.15
                        Mean action std: 0.49
                reward/tracking_lin_vel: 1.0540
                reward/tracking_ang_vel: 0.1055
                      reward/feet_phase: 0.6200
             reward/feet_phase_contrast: 0.9607
             reward/feet_contact_number: 0.4568
                   reward/feet_air_time: 0.0226
                     reward/under_speed: -0.1065
                       reward/feet_slip: -0.0036
                  reward/feet_clearance: -0.0095
                       reward/lin_vel_z: -0.0176
                      reward/ang_vel_xy: -0.3781
                     reward/base_height: -1.3828
                     reward/orientation: -0.5938
                            reward/pose: -0.0214
                     reward/action_rate: -0.0501
                      reward/action_acc: -0.1485
             Metrics/twist/error_vel_xy: 0.2970
            Metrics/twist/error_vel_yaw: 0.2529
        Episode_Reward/tracking_lin_vel: 0.0622
        Episode_Reward/tracking_ang_vel: 0.0065
              Episode_Reward/feet_phase: 0.0376
     Episode_Reward/feet_phase_contrast: 0.0625
     Episode_Reward/feet_contact_number: 0.0286
           Episode_Reward/feet_air_time: 0.0018
             Episode_Reward/under_speed: -0.0062
               Episode_Reward/feet_slip: -0.0003
          Episode_Reward/feet_clearance: -0.0006
               Episode_Reward/lin_vel_z: -0.0013
              Episode_Reward/ang_vel_xy: -0.0286
             Episode_Reward/base_height: -0.1067
             Episode_Reward/orientation: -0.0443
                    Episode_Reward/pose: -0.0014
             Episode_Reward/action_rate: -0.0032
              Episode_Reward/action_acc: -0.0094
           Episode_Termination/time_out: 0.0000
    Episode_Termination/bad_orientation: 6.5833
--------------------------------------------------------------------------------
                         Iteration time: 0.43s
                           Time elapsed: 00:00:11
                                    ETA: 00:01:41

################################################################################
[1m                           Learning iteration 26/250                            [0m 

                            Total steps: 331776 
                       Steps per second: 27623 
                        Collection time: 0.380s 
                          Learning time: 0.065s 
                        Mean value loss: 0.2354
                    Mean surrogate loss: -0.0118
                      Mean entropy loss: 7.0744
                            Mean reward: 0.31
                    Mean episode length: 63.45
                        Mean action std: 0.49
                reward/tracking_lin_vel: 1.0335
                reward/tracking_ang_vel: 0.1067
                      reward/feet_phase: 0.5284
             reward/feet_phase_contrast: 0.9447
             reward/feet_contact_number: 0.4544
                   reward/feet_air_time: 0.0201
                     reward/under_speed: -0.1102
                       reward/feet_slip: -0.0038
                  reward/feet_clearance: -0.0096
                       reward/lin_vel_z: -0.0194
                      reward/ang_vel_xy: -0.3748
                     reward/base_height: -1.3657
                     reward/orientation: -0.5894
                            reward/pose: -0.0218
                     reward/action_rate: -0.0512
                      reward/action_acc: -0.1520
             Metrics/twist/error_vel_xy: 0.3122
            Metrics/twist/error_vel_yaw: 0.2744
        Episode_Reward/tracking_lin_vel: 0.0734
        Episode_Reward/tracking_ang_vel: 0.0075
              Episode_Reward/feet_phase: 0.0433
     Episode_Reward/feet_phase_contrast: 0.0706
     Episode_Reward/feet_contact_number: 0.0333
           Episode_Reward/feet_air_time: 0.0017
             Episode_Reward/under_speed: -0.0072
               Episode_Reward/feet_slip: -0.0003
          Episode_Reward/feet_clearance: -0.0007
               Episode_Reward/lin_vel_z: -0.0015
              Episode_Reward/ang_vel_xy: -0.0283
             Episode_Reward/base_height: -0.1057
             Episode_Reward/orientation: -0.0454
                    Episode_Reward/pose: -0.0015
             Episode_Reward/action_rate: -0.0037
              Episode_Reward/action_acc: -0.0108
           Episode_Termination/time_out: 0.0000
    Episode_Termination/bad_orientation: 6.9167
--------------------------------------------------------------------------------
                         Iteration time: 0.44s
                           Time elapsed: 00:00:12
                                    ETA: 00:01:41

################################################################################
[1m                           Learning iteration 27/250                            [0m 

                            Total steps: 344064 
                       Steps per second: 27911 
                        Collection time: 0.377s 
                          Learning time: 0.063s 
                        Mean value loss: 0.2218
                    Mean surrogate loss: -0.0108
                      Mean entropy loss: 7.0558
                            Mean reward: 0.50
                    Mean episode length: 66.34
                        Mean action std: 0.49
                reward/tracking_lin_vel: 1.0989
                reward/tracking_ang_vel: 0.1093
                      reward/feet_phase: 0.5564
             reward/feet_phase_contrast: 0.9888
             reward/feet_contact_number: 0.4539
                   reward/feet_air_time: 0.0187
                     reward/under_speed: -0.1075
                       reward/feet_slip: -0.0035
                  reward/feet_clearance: -0.0092
                       reward/lin_vel_z: -0.0171
                      reward/ang_vel_xy: -0.3393
                     reward/base_height: -1.1994
                     reward/orientation: -0.5342
                            reward/pose: -0.0218
                     reward/action_rate: -0.0509
                      reward/action_acc: -0.1509
             Metrics/twist/error_vel_xy: 0.2866
            Metrics/twist/error_vel_yaw: 0.2454
        Episode_Reward/tracking_lin_vel: 0.0672
        Episode_Reward/tracking_ang_vel: 0.0067
              Episode_Reward/feet_phase: 0.0401
     Episode_Reward/feet_phase_contrast: 0.0665
     Episode_Reward/feet_contact_number: 0.0293
           Episode_Reward/feet_air_time: 0.0016
             Episode_Reward/under_speed: -0.0059
               Episode_Reward/feet_slip: -0.0003
          Episode_Reward/feet_clearance: -0.0006
               Episode_Reward/lin_vel_z: -0.0015
              Episode_Reward/ang_vel_xy: -0.0285
             Episode_Reward/base_height: -0.1026
             Episode_Reward/orientation: -0.0448
                    Episode_Reward/pose: -0.0014
             Episode_Reward/action_rate: -0.0033
              Episode_Reward/action_acc: -0.0096
           Episode_Termination/time_out: 0.0000
    Episode_Termination/bad_orientation: 6.0417
--------------------------------------------------------------------------------
                         Iteration time: 0.44s
                           Time elapsed: 00:00:12
                                    ETA: 00:01:40

################################################################################
[1m                           Learning iteration 28/250                            [0m 

                            Total steps: 356352 
                       Steps per second: 28956 
                        Collection time: 0.361s 
                          Learning time: 0.064s 
                        Mean value loss: 0.2079
                    Mean surrogate loss: -0.0110
                      Mean entropy loss: 7.0279
                            Mean reward: 0.58
                    Mean episode length: 70.17
                        Mean action std: 0.49
                reward/tracking_lin_vel: 1.0668
                reward/tracking_ang_vel: 0.1086
                      reward/feet_phase: 0.6413
             reward/feet_phase_contrast: 0.9449
             reward/feet_contact_number: 0.4568
                   reward/feet_air_time: 0.0178
                     reward/under_speed: -0.1108
                       reward/feet_slip: -0.0035
                  reward/feet_clearance: -0.0093
                       reward/lin_vel_z: -0.0164
                      reward/ang_vel_xy: -0.3414
                     reward/base_height: -1.1677
                     reward/orientation: -0.5453
                            reward/pose: -0.0227
                     reward/action_rate: -0.0504
                      reward/action_acc: -0.1493
             Metrics/twist/error_vel_xy: 0.2833
            Metrics/twist/error_vel_yaw: 0.2666
        Episode_Reward/tracking_lin_vel: 0.0849
        Episode_Reward/tracking_ang_vel: 0.0080
              Episode_Reward/feet_phase: 0.0476
     Episode_Reward/feet_phase_contrast: 0.0800
     Episode_Reward/feet_contact_number: 0.0340
           Episode_Reward/feet_air_time: 0.0012
             Episode_Reward/under_speed: -0.0073
               Episode_Reward/feet_slip: -0.0003
          Episode_Reward/feet_clearance: -0.0007
               Episode_Reward/lin_vel_z: -0.0015
              Episode_Reward/ang_vel_xy: -0.0286
             Episode_Reward/base_height: -0.1020
             Episode_Reward/orientation: -0.0469
                    Episode_Reward/pose: -0.0018
             Episode_Reward/action_rate: -0.0039
              Episode_Reward/action_acc: -0.0114
           Episode_Termination/time_out: 0.0000
    Episode_Termination/bad_orientation: 5.4167
--------------------------------------------------------------------------------
                         Iteration time: 0.42s
                           Time elapsed: 00:00:13
                                    ETA: 00:01:39

################################################################################
[1m                           Learning iteration 29/250                            [0m 

                            Total steps: 368640 
                       Steps per second: 25534 
                        Collection time: 0.416s 
                          Learning time: 0.065s 
                        Mean value loss: 0.2298
                    Mean surrogate loss: -0.0097
                      Mean entropy loss: 7.0099
                            Mean reward: 0.78
                    Mean episode length: 70.01
                        Mean action std: 0.49
                reward/tracking_lin_vel: 1.0888
                reward/tracking_ang_vel: 0.1100
                      reward/feet_phase: 0.5575
             reward/feet_phase_contrast: 0.9431
             reward/feet_contact_number: 0.4519
                   reward/feet_air_time: 0.0193
                     reward/under_speed: -0.1140
                       reward/feet_slip: -0.0034
                  reward/feet_clearance: -0.0091
                       reward/lin_vel_z: -0.0166
                      reward/ang_vel_xy: -0.3282
                     reward/base_height: -1.1944
                     reward/orientation: -0.5119
                            reward/pose: -0.0218
                     reward/action_rate: -0.0505
                      reward/action_acc: -0.1496
             Metrics/twist/error_vel_xy: 0.3013
            Metrics/twist/error_vel_yaw: 0.2655
        Episode_Reward/tracking_lin_vel: 0.0707
        Episode_Reward/tracking_ang_vel: 0.0072
              Episode_Reward/feet_phase: 0.0455
     Episode_Reward/feet_phase_contrast: 0.0739
     Episode_Reward/feet_contact_number: 0.0310
           Episode_Reward/feet_air_time: 0.0020
             Episode_Reward/under_speed: -0.0064
               Episode_Reward/feet_slip: -0.0003
          Episode_Reward/feet_clearance: -0.0007
               Episode_Reward/lin_vel_z: -0.0014
              Episode_Reward/ang_vel_xy: -0.0287
             Episode_Reward/base_height: -0.1053
             Episode_Reward/orientation: -0.0453
                    Episode_Reward/pose: -0.0016
             Episode_Reward/action_rate: -0.0035
              Episode_Reward/action_acc: -0.0102
           Episode_Termination/time_out: 0.0000
    Episode_Termination/bad_orientation: 6.0833
--------------------------------------------------------------------------------
                         Iteration time: 0.48s
                           Time elapsed: 00:00:13
                                    ETA: 00:01:39

################################################################################
[1m                           Learning iteration 30/250                            [0m 

                            Total steps: 380928 
                       Steps per second: 27758 
                        Collection time: 0.378s 
                          Learning time: 0.065s 
                        Mean value loss: 0.2260
                    Mean surrogate loss: -0.0090
                      Mean entropy loss: 6.9924
                            Mean reward: 0.96
                    Mean episode length: 74.10
                        Mean action std: 0.49
                reward/tracking_lin_vel: 1.1271
                reward/tracking_ang_vel: 0.1140
                      reward/feet_phase: 0.5483
             reward/feet_phase_contrast: 0.9866
             reward/feet_contact_number: 0.4617
                   reward/feet_air_time: 0.0132
                     reward/under_speed: -0.1083
                       reward/feet_slip: -0.0034
                  reward/feet_clearance: -0.0089
                       reward/lin_vel_z: -0.0164
                      reward/ang_vel_xy: -0.3163
                     reward/base_height: -1.0354
                     reward/orientation: -0.4967
                            reward/pose: -0.0233
                     reward/action_rate: -0.0506
                      reward/action_acc: -0.1503
             Metrics/twist/error_vel_xy: 0.2865
            Metrics/twist/error_vel_yaw: 0.2580
        Episode_Reward/tracking_lin_vel: 0.0833
        Episode_Reward/tracking_ang_vel: 0.0080
              Episode_Reward/feet_phase: 0.0485
     Episode_Reward/feet_phase_contrast: 0.0795
     Episode_Reward/feet_contact_number: 0.0337
           Episode_Reward/feet_air_time: 0.0015
             Episode_Reward/under_speed: -0.0072
               Episode_Reward/feet_slip: -0.0003
          Episode_Reward/feet_clearance: -0.0007
               Episode_Reward/lin_vel_z: -0.0015
              Episode_Reward/ang_vel_xy: -0.0284
             Episode_Reward/base_height: -0.1023
             Episode_Reward/orientation: -0.0460
                    Episode_Reward/pose: -0.0017
             Episode_Reward/action_rate: -0.0038
              Episode_Reward/action_acc: -0.0114
           Episode_Termination/time_out: 0.0000
    Episode_Termination/bad_orientation: 5.3913
--------------------------------------------------------------------------------
                         Iteration time: 0.44s
                           Time elapsed: 00:00:14
                                    ETA: 00:01:39

################################################################################
[1m                           Learning iteration 31/250                            [0m 

                            Total steps: 393216 
                       Steps per second: 24230 
                        Collection time: 0.438s 
                          Learning time: 0.069s 
                        Mean value loss: 0.2043
                    Mean surrogate loss: -0.0086
                      Mean entropy loss: 6.9768
                            Mean reward: 0.35
                    Mean episode length: 60.35
                        Mean action std: 0.49
                reward/tracking_lin_vel: 1.0983
                reward/tracking_ang_vel: 0.1120
                      reward/feet_phase: 0.5788
             reward/feet_phase_contrast: 0.9636
             reward/feet_contact_number: 0.4531
                   reward/feet_air_time: 0.0163
                     reward/under_speed: -0.1117
                       reward/feet_slip: -0.0037
                  reward/feet_clearance: -0.0095
                       reward/lin_vel_z: -0.0175
                      reward/ang_vel_xy: -0.3242
                     reward/base_height: -1.0925
                     reward/orientation: -0.5111
                            reward/pose: -0.0252
                     reward/action_rate: -0.0508
                      reward/action_acc: -0.1501
             Metrics/twist/error_vel_xy: 0.2552
            Metrics/twist/error_vel_yaw: 0.2149
        Episode_Reward/tracking_lin_vel: 0.0631
        Episode_Reward/tracking_ang_vel: 0.0063
              Episode_Reward/feet_phase: 0.0390
     Episode_Reward/feet_phase_contrast: 0.0664
     Episode_Reward/feet_contact_number: 0.0267
           Episode_Reward/feet_air_time: 0.0014
             Episode_Reward/under_speed: -0.0045
               Episode_Reward/feet_slip: -0.0003
          Episode_Reward/feet_clearance: -0.0006
               Episode_Reward/lin_vel_z: -0.0015
              Episode_Reward/ang_vel_xy: -0.0286
             Episode_Reward/base_height: -0.0982
             Episode_Reward/orientation: -0.0431
                    Episode_Reward/pose: -0.0013
             Episode_Reward/action_rate: -0.0030
              Episode_Reward/action_acc: -0.0087
           Episode_Termination/time_out: 0.0000
    Episode_Termination/bad_orientation: 5.7500
--------------------------------------------------------------------------------
                         Iteration time: 0.51s
                           Time elapsed: 00:00:14
                                    ETA: 00:01:39

################################################################################
[1m                           Learning iteration 32/250                            [0m 

                            Total steps: 405504 
                       Steps per second: 24460 
                        Collection time: 0.435s 
                          Learning time: 0.067s 
                        Mean value loss: 0.1893
                    Mean surrogate loss: -0.0120
                      Mean entropy loss: 6.9588
                            Mean reward: 1.16
                    Mean episode length: 79.37
                        Mean action std: 0.48
                reward/tracking_lin_vel: 1.0708
                reward/tracking_ang_vel: 0.1107
                      reward/feet_phase: 0.6053
             reward/feet_phase_contrast: 0.9225
             reward/feet_contact_number: 0.4619
                   reward/feet_air_time: 0.0229
                     reward/under_speed: -0.1137
                       reward/feet_slip: -0.0035
                  reward/feet_clearance: -0.0093
                       reward/lin_vel_z: -0.0175
                      reward/ang_vel_xy: -0.3505
                     reward/base_height: -1.1912
                     reward/orientation: -0.5400
                            reward/pose: -0.0255
                     reward/action_rate: -0.0508
                      reward/action_acc: -0.1507
             Metrics/twist/error_vel_xy: 0.2873
            Metrics/twist/error_vel_yaw: 0.2544
        Episode_Reward/tracking_lin_vel: 0.0773
        Episode_Reward/tracking_ang_vel: 0.0078
              Episode_Reward/feet_phase: 0.0478
     Episode_Reward/feet_phase_contrast: 0.0795
     Episode_Reward/feet_contact_number: 0.0326
           Episode_Reward/feet_air_time: 0.0025
             Episode_Reward/under_speed: -0.0067
               Episode_Reward/feet_slip: -0.0003
          Episode_Reward/feet_clearance: -0.0008
               Episode_Reward/lin_vel_z: -0.0015
              Episode_Reward/ang_vel_xy: -0.0295
             Episode_Reward/base_height: -0.1031
             Episode_Reward/orientation: -0.0459
                    Episode_Reward/pose: -0.0019
             Episode_Reward/action_rate: -0.0037
              Episode_Reward/action_acc: -0.0109
           Episode_Termination/time_out: 0.0000
    Episode_Termination/bad_orientation: 5.7917
--------------------------------------------------------------------------------
                         Iteration time: 0.50s
                           Time elapsed: 00:00:15
                                    ETA: 00:01:38

################################################################################
[1m                           Learning iteration 33/250                            [0m 

                            Total steps: 417792 
                       Steps per second: 26712 
                        Collection time: 0.396s 
                          Learning time: 0.064s 
                        Mean value loss: 1.1219
                    Mean surrogate loss: -0.0097
                      Mean entropy loss: 6.9430
                            Mean reward: 1.25
                    Mean episode length: 74.32
                        Mean action std: 0.48
                reward/tracking_lin_vel: 0.6461
                reward/tracking_ang_vel: 0.1046
                      reward/feet_phase: 0.4810
             reward/feet_phase_contrast: 0.8695
             reward/feet_contact_number: 0.4487
                   reward/feet_air_time: 0.0552
                     reward/under_speed: -0.1052
                       reward/feet_slip: -0.0065
                  reward/feet_clearance: -0.0162
                       reward/lin_vel_z: -0.0325
                      reward/ang_vel_xy: -0.5373
                     reward/base_height: -1.0751
                     reward/orientation: -0.5453
                            reward/pose: -0.0234
                     reward/action_rate: -0.0501
                      reward/action_acc: -0.1478
             Metrics/twist/error_vel_xy: 0.3018
            Metrics/twist/error_vel_yaw: 0.2532
        Episode_Reward/tracking_lin_vel: 0.0808
        Episode_Reward/tracking_ang_vel: 0.0080
              Episode_Reward/feet_phase: 0.0456
     Episode_Reward/feet_phase_contrast: 0.0751
     Episode_Reward/feet_contact_number: 0.0342
           Episode_Reward/feet_air_time: 0.0013
             Episode_Reward/under_speed: -0.0078
               Episode_Reward/feet_slip: -0.0003
          Episode_Reward/feet_clearance: -0.0008
               Episode_Reward/lin_vel_z: -0.0020
              Episode_Reward/ang_vel_xy: -0.0316
             Episode_Reward/base_height: -0.0937
             Episode_Reward/orientation: -0.0432
                    Episode_Reward/pose: -0.0018
             Episode_Reward/action_rate: -0.0038
              Episode_Reward/action_acc: -0.0112
           Episode_Termination/time_out: 0.0000
    Episode_Termination/bad_orientation: 5.6250
--------------------------------------------------------------------------------
                         Iteration time: 0.46s
                           Time elapsed: 00:00:15
                                    ETA: 00:01:38

################################################################################
[1m                           Learning iteration 34/250                            [0m 

                            Total steps: 430080 
                       Steps per second: 28339 
                        Collection time: 0.368s 
                          Learning time: 0.065s 
                        Mean value loss: 0.2356
                    Mean surrogate loss: -0.0098
                      Mean entropy loss: 6.9494
                            Mean reward: 2.83
                    Mean episode length: 153.95
                        Mean action std: 0.49
                reward/tracking_lin_vel: 0.8392
                reward/tracking_ang_vel: 0.1012
                      reward/feet_phase: 0.5053
             reward/feet_phase_contrast: 0.9420
             reward/feet_contact_number: 0.4428
                   reward/feet_air_time: 0.1151
                     reward/under_speed: -0.1014
                       reward/feet_slip: -0.0042
                  reward/feet_clearance: -0.0134
                       reward/lin_vel_z: -0.0308
                      reward/ang_vel_xy: -0.6563
                     reward/base_height: -2.2393
                     reward/orientation: -0.7587
                            reward/pose: -0.0206
                     reward/action_rate: -0.0503
                      reward/action_acc: -0.1474
             Metrics/twist/error_vel_xy: 0.4492
            Metrics/twist/error_vel_yaw: 0.3159
        Episode_Reward/tracking_lin_vel: 0.1161
        Episode_Reward/tracking_ang_vel: 0.0142
              Episode_Reward/feet_phase: 0.0516
     Episode_Reward/feet_phase_contrast: 0.0879
     Episode_Reward/feet_contact_number: 0.0575
           Episode_Reward/feet_air_time: 0.0059
             Episode_Reward/under_speed: -0.0185
               Episode_Reward/feet_slip: -0.0004
          Episode_Reward/feet_clearance: -0.0013
               Episode_Reward/lin_vel_z: -0.0018
              Episode_Reward/ang_vel_xy: -0.0395
             Episode_Reward/base_height: -0.0999
             Episode_Reward/orientation: -0.0422
                    Episode_Reward/pose: -0.0024
             Episode_Reward/action_rate: -0.0064
              Episode_Reward/action_acc: -0.0188
           Episode_Termination/time_out: 0.0000
    Episode_Termination/bad_orientation: 12.0417
--------------------------------------------------------------------------------
                         Iteration time: 0.43s
                           Time elapsed: 00:00:15
                                    ETA: 00:01:37

################################################################################
[1m                           Learning iteration 35/250                            [0m 

                            Total steps: 442368 
                       Steps per second: 27766 
                        Collection time: 0.378s 
                          Learning time: 0.064s 
                        Mean value loss: 0.2209
                    Mean surrogate loss: -0.0106
                      Mean entropy loss: 6.9533
                            Mean reward: 0.46
                    Mean episode length: 78.93
                        Mean action std: 0.48
                reward/tracking_lin_vel: 1.1098
                reward/tracking_ang_vel: 0.1073
                      reward/feet_phase: 0.7351
             reward/feet_phase_contrast: 1.0815
             reward/feet_contact_number: 0.4477
                   reward/feet_air_time: 0.0318
                     reward/under_speed: -0.0940
                       reward/feet_slip: -0.0036
                  reward/feet_clearance: -0.0098
                       reward/lin_vel_z: -0.0188
                      reward/ang_vel_xy: -0.3924
                     reward/base_height: -1.2385
                     reward/orientation: -0.5632
                            reward/pose: -0.0241
                     reward/action_rate: -0.0508
                      reward/action_acc: -0.1503
             Metrics/twist/error_vel_xy: 0.3486
            Metrics/twist/error_vel_yaw: 0.2581
        Episode_Reward/tracking_lin_vel: 0.0988
        Episode_Reward/tracking_ang_vel: 0.0113
              Episode_Reward/feet_phase: 0.0464
     Episode_Reward/feet_phase_contrast: 0.0788
     Episode_Reward/feet_contact_number: 0.0460
           Episode_Reward/feet_air_time: 0.0031
             Episode_Reward/under_speed: -0.0132
               Episode_Reward/feet_slip: -0.0003
          Episode_Reward/feet_clearance: -0.0010
               Episode_Reward/lin_vel_z: -0.0015
              Episode_Reward/ang_vel_xy: -0.0338
             Episode_Reward/base_height: -0.1037
             Episode_Reward/orientation: -0.0442
                    Episode_Reward/pose: -0.0021
             Episode_Reward/action_rate: -0.0051
              Episode_Reward/action_acc: -0.0151
           Episode_Termination/time_out: 0.0000
    Episode_Termination/bad_orientation: 5.8333
--------------------------------------------------------------------------------
                         Iteration time: 0.44s
                           Time elapsed: 00:00:16
                                    ETA: 00:01:37

################################################################################
[1m                           Learning iteration 36/250                            [0m 

                            Total steps: 454656 
                       Steps per second: 28037 
                        Collection time: 0.373s 
                          Learning time: 0.065s 
                        Mean value loss: 0.2045
                    Mean surrogate loss: -0.0087
                      Mean entropy loss: 6.9438
                            Mean reward: 0.20
                    Mean episode length: 60.01
                        Mean action std: 0.48
                reward/tracking_lin_vel: 1.0291
                reward/tracking_ang_vel: 0.1075
                      reward/feet_phase: 0.6146
             reward/feet_phase_contrast: 1.0328
             reward/feet_contact_number: 0.4455
                   reward/feet_air_time: 0.0294
                     reward/under_speed: -0.0959
                       reward/feet_slip: -0.0043
                  reward/feet_clearance: -0.0102
                       reward/lin_vel_z: -0.0237
                      reward/ang_vel_xy: -0.4529
                     reward/base_height: -1.5300
                     reward/orientation: -0.6749
                            reward/pose: -0.0241
                     reward/action_rate: -0.0510
                      reward/action_acc: -0.1498
             Metrics/twist/error_vel_xy: 0.2725
            Metrics/twist/error_vel_yaw: 0.2240
        Episode_Reward/tracking_lin_vel: 0.0646
        Episode_Reward/tracking_ang_vel: 0.0067
              Episode_Reward/feet_phase: 0.0396
     Episode_Reward/feet_phase_contrast: 0.0647
     Episode_Reward/feet_contact_number: 0.0285
           Episode_Reward/feet_air_time: 0.0021
             Episode_Reward/under_speed: -0.0056
               Episode_Reward/feet_slip: -0.0003
          Episode_Reward/feet_clearance: -0.0007
               Episode_Reward/lin_vel_z: -0.0015
              Episode_Reward/ang_vel_xy: -0.0300
             Episode_Reward/base_height: -0.0990
             Episode_Reward/orientation: -0.0430
                    Episode_Reward/pose: -0.0014
             Episode_Reward/action_rate: -0.0032
              Episode_Reward/action_acc: -0.0094
           Episode_Termination/time_out: 0.0000
    Episode_Termination/bad_orientation: 8.0417
--------------------------------------------------------------------------------
                         Iteration time: 0.44s
                           Time elapsed: 00:00:16
                                    ETA: 00:01:36

################################################################################
[1m                           Learning iteration 37/250                            [0m 

                            Total steps: 466944 
                       Steps per second: 24946 
                        Collection time: 0.416s 
                          Learning time: 0.077s 
                        Mean value loss: 0.2121
                    Mean surrogate loss: -0.0075
                      Mean entropy loss: 6.9327
                            Mean reward: 1.04
                    Mean episode length: 69.08
                        Mean action std: 0.48
                reward/tracking_lin_vel: 1.1072
                reward/tracking_ang_vel: 0.1109
                      reward/feet_phase: 0.5780
             reward/feet_phase_contrast: 1.0280
             reward/feet_contact_number: 0.4557
                   reward/feet_air_time: 0.0273
                     reward/under_speed: -0.1017
                       reward/feet_slip: -0.0036
                  reward/feet_clearance: -0.0095
                       reward/lin_vel_z: -0.0192
                      reward/ang_vel_xy: -0.3796
                     reward/base_height: -1.1906
                     reward/orientation: -0.5322
                            reward/pose: -0.0210
                     reward/action_rate: -0.0504
                      reward/action_acc: -0.1484
             Metrics/twist/error_vel_xy: 0.2663
            Metrics/twist/error_vel_yaw: 0.2242
        Episode_Reward/tracking_lin_vel: 0.0711
        Episode_Reward/tracking_ang_vel: 0.0071
              Episode_Reward/feet_phase: 0.0453
     Episode_Reward/feet_phase_contrast: 0.0734
     Episode_Reward/feet_contact_number: 0.0301
           Episode_Reward/feet_air_time: 0.0021
             Episode_Reward/under_speed: -0.0058
               Episode_Reward/feet_slip: -0.0003
          Episode_Reward/feet_clearance: -0.0007
               Episode_Reward/lin_vel_z: -0.0015
              Episode_Reward/ang_vel_xy: -0.0295
             Episode_Reward/base_height: -0.0943
             Episode_Reward/orientation: -0.0438
                    Episode_Reward/pose: -0.0015
             Episode_Reward/action_rate: -0.0034
              Episode_Reward/action_acc: -0.0100
           Episode_Termination/time_out: 0.0000
    Episode_Termination/bad_orientation: 6.9583
--------------------------------------------------------------------------------
                         Iteration time: 0.49s
                           Time elapsed: 00:00:17
                                    ETA: 00:01:36

################################################################################
[1m                           Learning iteration 38/250                            [0m 

                            Total steps: 479232 
                       Steps per second: 27318 
                        Collection time: 0.382s 
                          Learning time: 0.068s 
                        Mean value loss: 0.1847
                    Mean surrogate loss: -0.0078
                      Mean entropy loss: 6.9261
                            Mean reward: 0.83
                    Mean episode length: 64.21
                        Mean action std: 0.48
                reward/tracking_lin_vel: 1.1296
                reward/tracking_ang_vel: 0.1085
                      reward/feet_phase: 0.5984
             reward/feet_phase_contrast: 0.9991
             reward/feet_contact_number: 0.4592
                   reward/feet_air_time: 0.0208
                     reward/under_speed: -0.1063
                       reward/feet_slip: -0.0035
                  reward/feet_clearance: -0.0091
                       reward/lin_vel_z: -0.0172
                      reward/ang_vel_xy: -0.3352
                     reward/base_height: -0.9868
                     reward/orientation: -0.5068
                            reward/pose: -0.0235
                     reward/action_rate: -0.0508
                      reward/action_acc: -0.1497
             Metrics/twist/error_vel_xy: 0.2676
            Metrics/twist/error_vel_yaw: 0.2382
        Episode_Reward/tracking_lin_vel: 0.0694
        Episode_Reward/tracking_ang_vel: 0.0068
              Episode_Reward/feet_phase: 0.0433
     Episode_Reward/feet_phase_contrast: 0.0725
     Episode_Reward/feet_contact_number: 0.0293
           Episode_Reward/feet_air_time: 0.0026
             Episode_Reward/under_speed: -0.0054
               Episode_Reward/feet_slip: -0.0003
          Episode_Reward/feet_clearance: -0.0007
               Episode_Reward/lin_vel_z: -0.0015
              Episode_Reward/ang_vel_xy: -0.0295
             Episode_Reward/base_height: -0.0926
             Episode_Reward/orientation: -0.0433
                    Episode_Reward/pose: -0.0014
             Episode_Reward/action_rate: -0.0033
              Episode_Reward/action_acc: -0.0096
           Episode_Termination/time_out: 0.0000
    Episode_Termination/bad_orientation: 5.2917
--------------------------------------------------------------------------------
                         Iteration time: 0.45s
                           Time elapsed: 00:00:17
                                    ETA: 00:01:36

################################################################################
[1m                           Learning iteration 39/250                            [0m 

                            Total steps: 491520 
                       Steps per second: 26033 
                        Collection time: 0.409s 
                          Learning time: 0.063s 
                        Mean value loss: 0.2044
                    Mean surrogate loss: -0.0081
                      Mean entropy loss: 6.9226
                            Mean reward: 0.66
                    Mean episode length: 63.14
                        Mean action std: 0.48
                reward/tracking_lin_vel: 1.1113
                reward/tracking_ang_vel: 0.1127
                      reward/feet_phase: 0.6485
             reward/feet_phase_contrast: 0.9558
             reward/feet_contact_number: 0.4575
                   reward/feet_air_time: 0.0145
                     reward/under_speed: -0.1096
                       reward/feet_slip: -0.0036
                  reward/feet_clearance: -0.0091
                       reward/lin_vel_z: -0.0172
                      reward/ang_vel_xy: -0.3306
                     reward/base_height: -1.0265
                     reward/orientation: -0.5018
                            reward/pose: -0.0239
                     reward/action_rate: -0.0507
                      reward/action_acc: -0.1494
             Metrics/twist/error_vel_xy: 0.2543
            Metrics/twist/error_vel_yaw: 0.2354
        Episode_Reward/tracking_lin_vel: 0.0676
        Episode_Reward/tracking_ang_vel: 0.0063
              Episode_Reward/feet_phase: 0.0426
     Episode_Reward/feet_phase_contrast: 0.0704
     Episode_Reward/feet_contact_number: 0.0278
           Episode_Reward/feet_air_time: 0.0016
             Episode_Reward/under_speed: -0.0047
               Episode_Reward/feet_slip: -0.0003
          Episode_Reward/feet_clearance: -0.0006
               Episode_Reward/lin_vel_z: -0.0016
              Episode_Reward/ang_vel_xy: -0.0286
             Episode_Reward/base_height: -0.0927
             Episode_Reward/orientation: -0.0437
                    Episode_Reward/pose: -0.0013
             Episode_Reward/action_rate: -0.0031
              Episode_Reward/action_acc: -0.0090
           Episode_Termination/time_out: 0.0000
    Episode_Termination/bad_orientation: 5.7083
--------------------------------------------------------------------------------
                         Iteration time: 0.47s
                           Time elapsed: 00:00:18
                                    ETA: 00:01:35

################################################################################
[1m                           Learning iteration 40/250                            [0m 

                            Total steps: 503808 
                       Steps per second: 28141 
                        Collection time: 0.373s 
                          Learning time: 0.064s 
                        Mean value loss: 0.1839
                    Mean surrogate loss: -0.0078
                      Mean entropy loss: 6.9148
                            Mean reward: 0.75
                    Mean episode length: 66.83
                        Mean action std: 0.48
                reward/tracking_lin_vel: 1.0936
                reward/tracking_ang_vel: 0.1117
                      reward/feet_phase: 0.5199
             reward/feet_phase_contrast: 0.9132
             reward/feet_contact_number: 0.4603
                   reward/feet_air_time: 0.0165
                     reward/under_speed: -0.1180
                       reward/feet_slip: -0.0035
                  reward/feet_clearance: -0.0090
                       reward/lin_vel_z: -0.0174
                      reward/ang_vel_xy: -0.3352
                     reward/base_height: -1.0521
                     reward/orientation: -0.4881
                            reward/pose: -0.0240
                     reward/action_rate: -0.0512
                      reward/action_acc: -0.1510
             Metrics/twist/error_vel_xy: 0.2772
            Metrics/twist/error_vel_yaw: 0.2365
        Episode_Reward/tracking_lin_vel: 0.0740
        Episode_Reward/tracking_ang_vel: 0.0075
              Episode_Reward/feet_phase: 0.0469
     Episode_Reward/feet_phase_contrast: 0.0754
     Episode_Reward/feet_contact_number: 0.0314
           Episode_Reward/feet_air_time: 0.0015
             Episode_Reward/under_speed: -0.0062
               Episode_Reward/feet_slip: -0.0003
          Episode_Reward/feet_clearance: -0.0007
               Episode_Reward/lin_vel_z: -0.0015
              Episode_Reward/ang_vel_xy: -0.0297
             Episode_Reward/base_height: -0.0938
             Episode_Reward/orientation: -0.0443
                    Episode_Reward/pose: -0.0016
             Episode_Reward/action_rate: -0.0035
              Episode_Reward/action_acc: -0.0103
           Episode_Termination/time_out: 0.0000
    Episode_Termination/bad_orientation: 5.8696
--------------------------------------------------------------------------------
                         Iteration time: 0.44s
                           Time elapsed: 00:00:18
                                    ETA: 00:01:35

################################################################################
[1m                           Learning iteration 41/250                            [0m 

                            Total steps: 516096 
                       Steps per second: 26509 
                        Collection time: 0.398s 
                          Learning time: 0.065s 
                        Mean value loss: 0.1679
                    Mean surrogate loss: -0.0089
                      Mean entropy loss: 6.9024
                            Mean reward: 0.99
                    Mean episode length: 64.28
                        Mean action std: 0.48
                reward/tracking_lin_vel: 1.1238
                reward/tracking_ang_vel: 0.1128
                      reward/feet_phase: 0.4914
             reward/feet_phase_contrast: 0.8818
             reward/feet_contact_number: 0.4615
                   reward/feet_air_time: 0.0128
                     reward/under_speed: -0.1236
                       reward/feet_slip: -0.0031
                  reward/feet_clearance: -0.0087
                       reward/lin_vel_z: -0.0144
                      reward/ang_vel_xy: -0.2722
                     reward/base_height: -0.7638
                     reward/orientation: -0.3951
                            reward/pose: -0.0241
                     reward/action_rate: -0.0507
                      reward/action_acc: -0.1496
             Metrics/twist/error_vel_xy: 0.2478
            Metrics/twist/error_vel_yaw: 0.2309
        Episode_Reward/tracking_lin_vel: 0.0747
        Episode_Reward/tracking_ang_vel: 0.0069
              Episode_Reward/feet_phase: 0.0479
     Episode_Reward/feet_phase_contrast: 0.0787
     Episode_Reward/feet_contact_number: 0.0292
           Episode_Reward/feet_air_time: 0.0012
             Episode_Reward/under_speed: -0.0046
               Episode_Reward/feet_slip: -0.0003
          Episode_Reward/feet_clearance: -0.0007
               Episode_Reward/lin_vel_z: -0.0017
              Episode_Reward/ang_vel_xy: -0.0294
             Episode_Reward/base_height: -0.0907
             Episode_Reward/orientation: -0.0447
                    Episode_Reward/pose: -0.0017
             Episode_Reward/action_rate: -0.0032
              Episode_Reward/action_acc: -0.0095
           Episode_Termination/time_out: 0.0000
    Episode_Termination/bad_orientation: 4.3333
--------------------------------------------------------------------------------
                         Iteration time: 0.46s
                           Time elapsed: 00:00:19
                                    ETA: 00:01:34

################################################################################
[1m                           Learning iteration 42/250                            [0m 

                            Total steps: 528384 
                       Steps per second: 26248 
                        Collection time: 0.402s 
                          Learning time: 0.067s 
                        Mean value loss: 0.1620
                    Mean surrogate loss: -0.0105
                      Mean entropy loss: 6.8855
                            Mean reward: 1.05
                    Mean episode length: 64.17
                        Mean action std: 0.48
                reward/tracking_lin_vel: 1.1053
                reward/tracking_ang_vel: 0.1135
                      reward/feet_phase: 0.5457
             reward/feet_phase_contrast: 0.8336
             reward/feet_contact_number: 0.4613
                   reward/feet_air_time: 0.0126
                     reward/under_speed: -0.1278
                       reward/feet_slip: -0.0030
                  reward/feet_clearance: -0.0084
                       reward/lin_vel_z: -0.0135
                      reward/ang_vel_xy: -0.2603
                     reward/base_height: -0.7314
                     reward/orientation: -0.3820
                            reward/pose: -0.0242
                     reward/action_rate: -0.0508
                      reward/action_acc: -0.1498
             Metrics/twist/error_vel_xy: 0.2502
            Metrics/twist/error_vel_yaw: 0.2290
        Episode_Reward/tracking_lin_vel: 0.0719
        Episode_Reward/tracking_ang_vel: 0.0068
              Episode_Reward/feet_phase: 0.0462
     Episode_Reward/feet_phase_contrast: 0.0774
     Episode_Reward/feet_contact_number: 0.0286
           Episode_Reward/feet_air_time: 0.0020
             Episode_Reward/under_speed: -0.0047
               Episode_Reward/feet_slip: -0.0003
          Episode_Reward/feet_clearance: -0.0007
               Episode_Reward/lin_vel_z: -0.0017
              Episode_Reward/ang_vel_xy: -0.0289
             Episode_Reward/base_height: -0.0888
             Episode_Reward/orientation: -0.0431
                    Episode_Reward/pose: -0.0015
             Episode_Reward/action_rate: -0.0032
              Episode_Reward/action_acc: -0.0095
           Episode_Termination/time_out: 0.0000
    Episode_Termination/bad_orientation: 4.0833
--------------------------------------------------------------------------------
                         Iteration time: 0.47s
                           Time elapsed: 00:00:19
                                    ETA: 00:01:34

################################################################################
[1m                           Learning iteration 43/250                            [0m 

                            Total steps: 540672 
                       Steps per second: 26489 
                        Collection time: 0.401s 
                          Learning time: 0.063s 
                        Mean value loss: 0.1685
                    Mean surrogate loss: -0.0100
                      Mean entropy loss: 6.8577
                            Mean reward: 1.40
                    Mean episode length: 68.01
                        Mean action std: 0.48
                reward/tracking_lin_vel: 1.0809
                reward/tracking_ang_vel: 0.1148
                      reward/feet_phase: 0.4964
             reward/feet_phase_contrast: 0.7938
             reward/feet_contact_number: 0.4538
                   reward/feet_air_time: 0.0107
                     reward/under_speed: -0.1352
                       reward/feet_slip: -0.0029
                  reward/feet_clearance: -0.0081
                       reward/lin_vel_z: -0.0131
                      reward/ang_vel_xy: -0.2448
                     reward/base_height: -0.6646
                     reward/orientation: -0.3507
                            reward/pose: -0.0234
                     reward/action_rate: -0.0503
                      reward/action_acc: -0.1482
             Metrics/twist/error_vel_xy: 0.2610
            Metrics/twist/error_vel_yaw: 0.2484
        Episode_Reward/tracking_lin_vel: 0.0820
        Episode_Reward/tracking_ang_vel: 0.0076
              Episode_Reward/feet_phase: 0.0529
     Episode_Reward/feet_phase_contrast: 0.0861
     Episode_Reward/feet_contact_number: 0.0318
           Episode_Reward/feet_air_time: 0.0011
             Episode_Reward/under_speed: -0.0058
               Episode_Reward/feet_slip: -0.0003
          Episode_Reward/feet_clearance: -0.0007
               Episode_Reward/lin_vel_z: -0.0017
              Episode_Reward/ang_vel_xy: -0.0292
             Episode_Reward/base_height: -0.0880
             Episode_Reward/orientation: -0.0446
                    Episode_Reward/pose: -0.0018
             Episode_Reward/action_rate: -0.0035
              Episode_Reward/action_acc: -0.0104
           Episode_Termination/time_out: 0.0000
    Episode_Termination/bad_orientation: 4.0417
--------------------------------------------------------------------------------
                         Iteration time: 0.46s
                           Time elapsed: 00:00:20
                                    ETA: 00:01:33

################################################################################
[1m                           Learning iteration 44/250                            [0m 

                            Total steps: 552960 
                       Steps per second: 25283 
                        Collection time: 0.420s 
                          Learning time: 0.066s 
                        Mean value loss: 0.1509
                    Mean surrogate loss: -0.0083
                      Mean entropy loss: 6.8465
                            Mean reward: 1.06
                    Mean episode length: 66.97
                        Mean action std: 0.48
                reward/tracking_lin_vel: 1.0946
                reward/tracking_ang_vel: 0.1163
                      reward/feet_phase: 0.4314
             reward/feet_phase_contrast: 0.7825
             reward/feet_contact_number: 0.4590
                   reward/feet_air_time: 0.0158
                     reward/under_speed: -0.1372
                       reward/feet_slip: -0.0025
                  reward/feet_clearance: -0.0079
                       reward/lin_vel_z: -0.0116
                      reward/ang_vel_xy: -0.2410
                     reward/base_height: -0.6442
                     reward/orientation: -0.3378
                            reward/pose: -0.0237
                     reward/action_rate: -0.0501
                      reward/action_acc: -0.1475
             Metrics/twist/error_vel_xy: 0.2754
            Metrics/twist/error_vel_yaw: 0.2408
        Episode_Reward/tracking_lin_vel: 0.0749
        Episode_Reward/tracking_ang_vel: 0.0075
              Episode_Reward/feet_phase: 0.0475
     Episode_Reward/feet_phase_contrast: 0.0771
     Episode_Reward/feet_contact_number: 0.0309
           Episode_Reward/feet_air_time: 0.0020
             Episode_Reward/under_speed: -0.0060
               Episode_Reward/feet_slip: -0.0003
          Episode_Reward/feet_clearance: -0.0007
               Episode_Reward/lin_vel_z: -0.0015
              Episode_Reward/ang_vel_xy: -0.0291
             Episode_Reward/base_height: -0.0881
             Episode_Reward/orientation: -0.0442
                    Episode_Reward/pose: -0.0017
             Episode_Reward/action_rate: -0.0035
              Episode_Reward/action_acc: -0.0102
           Episode_Termination/time_out: 0.0000
    Episode_Termination/bad_orientation: 3.5833
--------------------------------------------------------------------------------
                         Iteration time: 0.49s
                           Time elapsed: 00:00:20
                                    ETA: 00:01:33

################################################################################
[1m                           Learning iteration 45/250                            [0m 

                            Total steps: 565248 
                       Steps per second: 22618 
                        Collection time: 0.477s 
                          Learning time: 0.067s 
                        Mean value loss: 0.1284
                    Mean surrogate loss: -0.0084
                      Mean entropy loss: 6.8342
                            Mean reward: 0.81
                    Mean episode length: 64.87
                        Mean action std: 0.48
                reward/tracking_lin_vel: 1.0988
                reward/tracking_ang_vel: 0.1180
                      reward/feet_phase: 0.4121
             reward/feet_phase_contrast: 0.7265
             reward/feet_contact_number: 0.4624
                   reward/feet_air_time: 0.0081
                     reward/under_speed: -0.1422
                       reward/feet_slip: -0.0025
                  reward/feet_clearance: -0.0079
                       reward/lin_vel_z: -0.0109
                      reward/ang_vel_xy: -0.2197
                     reward/base_height: -0.5758
                     reward/orientation: -0.3060
                            reward/pose: -0.0247
                     reward/action_rate: -0.0507
                      reward/action_acc: -0.1493
             Metrics/twist/error_vel_xy: 0.2798
            Metrics/twist/error_vel_yaw: 0.2511
        Episode_Reward/tracking_lin_vel: 0.0719
        Episode_Reward/tracking_ang_vel: 0.0069
              Episode_Reward/feet_phase: 0.0437
     Episode_Reward/feet_phase_contrast: 0.0726
     Episode_Reward/feet_contact_number: 0.0304
           Episode_Reward/feet_air_time: 0.0007
             Episode_Reward/under_speed: -0.0060
               Episode_Reward/feet_slip: -0.0003
          Episode_Reward/feet_clearance: -0.0007
               Episode_Reward/lin_vel_z: -0.0016
              Episode_Reward/ang_vel_xy: -0.0290
             Episode_Reward/base_height: -0.0881
             Episode_Reward/orientation: -0.0442
                    Episode_Reward/pose: -0.0015
             Episode_Reward/action_rate: -0.0034
              Episode_Reward/action_acc: -0.0099
           Episode_Termination/time_out: 0.0000
    Episode_Termination/bad_orientation: 3.3333
--------------------------------------------------------------------------------
                         Iteration time: 0.54s
                           Time elapsed: 00:00:21
                                    ETA: 00:01:33

################################################################################
[1m                           Learning iteration 46/250                            [0m 

                            Total steps: 577536 
                       Steps per second: 25672 
                        Collection time: 0.415s 
                          Learning time: 0.064s 
                        Mean value loss: 0.1101
                    Mean surrogate loss: -0.0092
                      Mean entropy loss: 6.8051
                            Mean reward: 1.42
                    Mean episode length: 74.00
                        Mean action std: 0.48
                reward/tracking_lin_vel: 1.0864
                reward/tracking_ang_vel: 0.1182
                      reward/feet_phase: 0.4764
             reward/feet_phase_contrast: 0.7066
             reward/feet_contact_number: 0.4568
                   reward/feet_air_time: 0.0066
                     reward/under_speed: -0.1440
                       reward/feet_slip: -0.0024
                  reward/feet_clearance: -0.0076
                       reward/lin_vel_z: -0.0111
                      reward/ang_vel_xy: -0.2292
                     reward/base_height: -0.5858
                     reward/orientation: -0.3109
                            reward/pose: -0.0249
                     reward/action_rate: -0.0506
                      reward/action_acc: -0.1494
             Metrics/twist/error_vel_xy: 0.2736
            Metrics/twist/error_vel_yaw: 0.2364
        Episode_Reward/tracking_lin_vel: 0.0830
        Episode_Reward/tracking_ang_vel: 0.0083
              Episode_Reward/feet_phase: 0.0460
     Episode_Reward/feet_phase_contrast: 0.0775
     Episode_Reward/feet_contact_number: 0.0332
           Episode_Reward/feet_air_time: 0.0029
             Episode_Reward/under_speed: -0.0077
               Episode_Reward/feet_slip: -0.0003
          Episode_Reward/feet_clearance: -0.0008
               Episode_Reward/lin_vel_z: -0.0015
              Episode_Reward/ang_vel_xy: -0.0308
             Episode_Reward/base_height: -0.0849
             Episode_Reward/orientation: -0.0436
                    Episode_Reward/pose: -0.0019
             Episode_Reward/action_rate: -0.0038
              Episode_Reward/action_acc: -0.0112
           Episode_Termination/time_out: 0.0000
    Episode_Termination/bad_orientation: 3.5909
--------------------------------------------------------------------------------
                         Iteration time: 0.48s
                           Time elapsed: 00:00:21
                                    ETA: 00:01:33

################################################################################
[1m                           Learning iteration 47/250                            [0m 

                            Total steps: 589824 
                       Steps per second: 24962 
                        Collection time: 0.428s 
                          Learning time: 0.064s 
                        Mean value loss: 0.1273
                    Mean surrogate loss: -0.0073
                      Mean entropy loss: 6.7910
                            Mean reward: 1.41
                    Mean episode length: 70.81
                        Mean action std: 0.48
                reward/tracking_lin_vel: 1.0917
                reward/tracking_ang_vel: 0.1206
                      reward/feet_phase: 0.3768
             reward/feet_phase_contrast: 0.6738
             reward/feet_contact_number: 0.4627
                   reward/feet_air_time: 0.0044
                     reward/under_speed: -0.1516
                       reward/feet_slip: -0.0022
                  reward/feet_clearance: -0.0073
                       reward/lin_vel_z: -0.0086
                      reward/ang_vel_xy: -0.1783
                     reward/base_height: -0.4153
                     reward/orientation: -0.2437
                            reward/pose: -0.0235
                     reward/action_rate: -0.0509
                      reward/action_acc: -0.1502
             Metrics/twist/error_vel_xy: 0.2535
            Metrics/twist/error_vel_yaw: 0.2248
        Episode_Reward/tracking_lin_vel: 0.0782
        Episode_Reward/tracking_ang_vel: 0.0074
              Episode_Reward/feet_phase: 0.0515
     Episode_Reward/feet_phase_contrast: 0.0822
     Episode_Reward/feet_contact_number: 0.0307
           Episode_Reward/feet_air_time: 0.0005
             Episode_Reward/under_speed: -0.0052
               Episode_Reward/feet_slip: -0.0003
          Episode_Reward/feet_clearance: -0.0007
               Episode_Reward/lin_vel_z: -0.0016
              Episode_Reward/ang_vel_xy: -0.0295
             Episode_Reward/base_height: -0.0865
             Episode_Reward/orientation: -0.0433
                    Episode_Reward/pose: -0.0017
             Episode_Reward/action_rate: -0.0034
              Episode_Reward/action_acc: -0.0099
           Episode_Termination/time_out: 0.0000
    Episode_Termination/bad_orientation: 2.4167
--------------------------------------------------------------------------------
                         Iteration time: 0.49s
                           Time elapsed: 00:00:22
                                    ETA: 00:01:32

################################################################################
[1m                           Learning iteration 48/250                            [0m 

                            Total steps: 602112 
                       Steps per second: 25205 
                        Collection time: 0.424s 
                          Learning time: 0.064s 
                        Mean value loss: 0.1065
                    Mean surrogate loss: -0.0082
                      Mean entropy loss: 6.7770
                            Mean reward: 1.21
                    Mean episode length: 67.11
                        Mean action std: 0.48
                reward/tracking_lin_vel: 1.0923
                reward/tracking_ang_vel: 0.1201
                      reward/feet_phase: 0.3437
             reward/feet_phase_contrast: 0.6401
             reward/feet_contact_number: 0.4625
                   reward/feet_air_time: 0.0108
                     reward/under_speed: -0.1529
                       reward/feet_slip: -0.0021
                  reward/feet_clearance: -0.0075
                       reward/lin_vel_z: -0.0079
                      reward/ang_vel_xy: -0.1750
                     reward/base_height: -0.4135
                     reward/orientation: -0.2348
                            reward/pose: -0.0241
                     reward/action_rate: -0.0512
                      reward/action_acc: -0.1515
             Metrics/twist/error_vel_xy: 0.2715
            Metrics/twist/error_vel_yaw: 0.2354
        Episode_Reward/tracking_lin_vel: 0.0753
        Episode_Reward/tracking_ang_vel: 0.0073
              Episode_Reward/feet_phase: 0.0456
     Episode_Reward/feet_phase_contrast: 0.0751
     Episode_Reward/feet_contact_number: 0.0301
           Episode_Reward/feet_air_time: 0.0014
             Episode_Reward/under_speed: -0.0060
               Episode_Reward/feet_slip: -0.0003
          Episode_Reward/feet_clearance: -0.0007
               Episode_Reward/lin_vel_z: -0.0016
              Episode_Reward/ang_vel_xy: -0.0299
             Episode_Reward/base_height: -0.0859
             Episode_Reward/orientation: -0.0430
                    Episode_Reward/pose: -0.0013
             Episode_Reward/action_rate: -0.0035
              Episode_Reward/action_acc: -0.0101
           Episode_Termination/time_out: 0.0000
    Episode_Termination/bad_orientation: 2.6364
--------------------------------------------------------------------------------
                         Iteration time: 0.49s
                           Time elapsed: 00:00:22
                                    ETA: 00:01:32

################################################################################
[1m                           Learning iteration 49/250                            [0m 

                            Total steps: 614400 
                       Steps per second: 25955 
                        Collection time: 0.408s 
                          Learning time: 0.066s 
                        Mean value loss: 0.7556
                    Mean surrogate loss: -0.0079
                      Mean entropy loss: 6.7676
                            Mean reward: 1.19
                    Mean episode length: 71.77
                        Mean action std: 0.48
                reward/tracking_lin_vel: 1.0897
                reward/tracking_ang_vel: 0.1217
                      reward/feet_phase: 0.4000
             reward/feet_phase_contrast: 0.6304
             reward/feet_contact_number: 0.4618
                   reward/feet_air_time: 0.0057
                     reward/under_speed: -0.1539
                       reward/feet_slip: -0.0022
                  reward/feet_clearance: -0.0074
                       reward/lin_vel_z: -0.0080
                      reward/ang_vel_xy: -0.1746
                     reward/base_height: -0.3994
                     reward/orientation: -0.2344
                            reward/pose: -0.0233
                     reward/action_rate: -0.0517
                      reward/action_acc: -0.1529
             Metrics/twist/error_vel_xy: 0.2683
            Metrics/twist/error_vel_yaw: 0.2450
        Episode_Reward/tracking_lin_vel: 0.0836
        Episode_Reward/tracking_ang_vel: 0.0081
              Episode_Reward/feet_phase: 0.0482
     Episode_Reward/feet_phase_contrast: 0.0805
     Episode_Reward/feet_contact_number: 0.0324
           Episode_Reward/feet_air_time: 0.0028
             Episode_Reward/under_speed: -0.0067
               Episode_Reward/feet_slip: -0.0003
          Episode_Reward/feet_clearance: -0.0008
               Episode_Reward/lin_vel_z: -0.0016
              Episode_Reward/ang_vel_xy: -0.0297
             Episode_Reward/base_height: -0.0875
             Episode_Reward/orientation: -0.0446
                    Episode_Reward/pose: -0.0017
             Episode_Reward/action_rate: -0.0037
              Episode_Reward/action_acc: -0.0109
           Episode_Termination/time_out: 0.0000
    Episode_Termination/bad_orientation: 2.4500
--------------------------------------------------------------------------------
                         Iteration time: 0.47s
                           Time elapsed: 00:00:23
                                    ETA: 00:01:32

################################################################################
[1m                           Learning iteration 50/250                            [0m 

                            Total steps: 626688 
                       Steps per second: 29824 
                        Collection time: 0.350s 
                          Learning time: 0.062s 
                        Mean value loss: 0.4023
                    Mean surrogate loss: -0.0107
                      Mean entropy loss: 6.7582
                            Mean reward: 3.90
                    Mean episode length: 160.73
                        Mean action std: 0.48
                reward/tracking_lin_vel: 0.4705
                reward/tracking_ang_vel: 0.0991
                      reward/feet_phase: 0.4604
             reward/feet_phase_contrast: 0.7606
             reward/feet_contact_number: 0.4408
                   reward/feet_air_time: 0.1273
                     reward/under_speed: -0.1129
                       reward/feet_slip: -0.0061
                  reward/feet_clearance: -0.0174
                       reward/lin_vel_z: -0.0349
                      reward/ang_vel_xy: -0.6482
                     reward/base_height: -1.0727
                     reward/orientation: -0.6033
                            reward/pose: -0.0231
                     reward/action_rate: -0.0518
                      reward/action_acc: -0.1520
             Metrics/twist/error_vel_xy: 0.3160
            Metrics/twist/error_vel_yaw: 0.2454
        Episode_Reward/tracking_lin_vel: 0.1022
        Episode_Reward/tracking_ang_vel: 0.0109
              Episode_Reward/feet_phase: 0.0524
     Episode_Reward/feet_phase_contrast: 0.0877
     Episode_Reward/feet_contact_number: 0.0436
           Episode_Reward/feet_air_time: 0.0029
             Episode_Reward/under_speed: -0.0114
               Episode_Reward/feet_slip: -0.0004
          Episode_Reward/feet_clearance: -0.0010
               Episode_Reward/lin_vel_z: -0.0024
              Episode_Reward/ang_vel_xy: -0.0373
             Episode_Reward/base_height: -0.0782
             Episode_Reward/orientation: -0.0401
                    Episode_Reward/pose: -0.0023
             Episode_Reward/action_rate: -0.0048
              Episode_Reward/action_acc: -0.0142
           Episode_Termination/time_out: 0.0000
    Episode_Termination/bad_orientation: 5.6087
--------------------------------------------------------------------------------
                         Iteration time: 0.41s
                           Time elapsed: 00:00:23
                                    ETA: 00:01:31

################################################################################
[1m                           Learning iteration 51/250                            [0m 

                            Total steps: 638976 
                       Steps per second: 29270 
                        Collection time: 0.354s 
                          Learning time: 0.066s 
                        Mean value loss: 0.2592
                    Mean surrogate loss: -0.0101
                      Mean entropy loss: 6.7586
                            Mean reward: 6.81
                    Mean episode length: 265.84
                        Mean action std: 0.48
                reward/tracking_lin_vel: 0.9325
                reward/tracking_ang_vel: 0.1067
                      reward/feet_phase: 0.5153
             reward/feet_phase_contrast: 0.8789
             reward/feet_contact_number: 0.4325
                   reward/feet_air_time: 0.0814
                     reward/under_speed: -0.1181
                       reward/feet_slip: -0.0039
                  reward/feet_clearance: -0.0126
                       reward/lin_vel_z: -0.0244
                      reward/ang_vel_xy: -0.5356
                     reward/base_height: -1.8405
                     reward/orientation: -0.6128
                            reward/pose: -0.0163
                     reward/action_rate: -0.0521
                      reward/action_acc: -0.1522
             Metrics/twist/error_vel_xy: 0.5216
            Metrics/twist/error_vel_yaw: 0.3763
        Episode_Reward/tracking_lin_vel: 0.2554
        Episode_Reward/tracking_ang_vel: 0.0303
              Episode_Reward/feet_phase: 0.0826
     Episode_Reward/feet_phase_contrast: 0.1392
     Episode_Reward/feet_contact_number: 0.1190
           Episode_Reward/feet_air_time: 0.0066
             Episode_Reward/under_speed: -0.0430
               Episode_Reward/feet_slip: -0.0005
          Episode_Reward/feet_clearance: -0.0021
               Episode_Reward/lin_vel_z: -0.0017
              Episode_Reward/ang_vel_xy: -0.0463
             Episode_Reward/base_height: -0.1047
             Episode_Reward/orientation: -0.0530
                    Episode_Reward/pose: -0.0062
             Episode_Reward/action_rate: -0.0131
              Episode_Reward/action_acc: -0.0386
           Episode_Termination/time_out: 0.0000
    Episode_Termination/bad_orientation: 11.8261
--------------------------------------------------------------------------------
                         Iteration time: 0.42s
                           Time elapsed: 00:00:23
                                    ETA: 00:01:30

################################################################################
[1m                           Learning iteration 52/250                            [0m 

                            Total steps: 651264 
                       Steps per second: 28867 
                        Collection time: 0.363s 
                          Learning time: 0.062s 
                        Mean value loss: 0.1826
                    Mean surrogate loss: -0.0087
                      Mean entropy loss: 6.7534
                            Mean reward: 1.58
                    Mean episode length: 113.48
                        Mean action std: 0.48
                reward/tracking_lin_vel: 1.1516
                reward/tracking_ang_vel: 0.1115
                      reward/feet_phase: 0.5660
             reward/feet_phase_contrast: 0.9769
             reward/feet_contact_number: 0.4644
                   reward/feet_air_time: 0.0302
                     reward/under_speed: -0.1156
                       reward/feet_slip: -0.0031
                  reward/feet_clearance: -0.0093
                       reward/lin_vel_z: -0.0141
                      reward/ang_vel_xy: -0.3144
                     reward/base_height: -0.7970
                     reward/orientation: -0.4283
                            reward/pose: -0.0214
                     reward/action_rate: -0.0523
                      reward/action_acc: -0.1539
             Metrics/twist/error_vel_xy: 0.3893
            Metrics/twist/error_vel_yaw: 0.2928
        Episode_Reward/tracking_lin_vel: 0.1295
        Episode_Reward/tracking_ang_vel: 0.0156
              Episode_Reward/feet_phase: 0.0495
     Episode_Reward/feet_phase_contrast: 0.0833
     Episode_Reward/feet_contact_number: 0.0618
           Episode_Reward/feet_air_time: 0.0050
             Episode_Reward/under_speed: -0.0206
               Episode_Reward/feet_slip: -0.0004
          Episode_Reward/feet_clearance: -0.0012
               Episode_Reward/lin_vel_z: -0.0015
              Episode_Reward/ang_vel_xy: -0.0369
             Episode_Reward/base_height: -0.0948
             Episode_Reward/orientation: -0.0449
                    Episode_Reward/pose: -0.0031
             Episode_Reward/action_rate: -0.0070
              Episode_Reward/action_acc: -0.0206
           Episode_Termination/time_out: 0.0000
    Episode_Termination/bad_orientation: 4.2500
--------------------------------------------------------------------------------
                         Iteration time: 0.43s
                           Time elapsed: 00:00:24
                                    ETA: 00:01:30

################################################################################
[1m                           Learning iteration 53/250                            [0m 

                            Total steps: 663552 
                       Steps per second: 27364 
                        Collection time: 0.384s 
                          Learning time: 0.065s 
                        Mean value loss: 0.1731
                    Mean surrogate loss: -0.0075
                      Mean entropy loss: 6.7451
                            Mean reward: 0.98
                    Mean episode length: 65.57
                        Mean action std: 0.47
                reward/tracking_lin_vel: 1.0703
                reward/tracking_ang_vel: 0.1146
                      reward/feet_phase: 0.5769
             reward/feet_phase_contrast: 0.8562
             reward/feet_contact_number: 0.4580
                   reward/feet_air_time: 0.0125
                     reward/under_speed: -0.1228
                       reward/feet_slip: -0.0036
                  reward/feet_clearance: -0.0092
                       reward/lin_vel_z: -0.0171
                      reward/ang_vel_xy: -0.3364
                     reward/base_height: -0.8762
                     reward/orientation: -0.4598
                            reward/pose: -0.0216
                     reward/action_rate: -0.0526
                      reward/action_acc: -0.1553
             Metrics/twist/error_vel_xy: 0.2593
            Metrics/twist/error_vel_yaw: 0.2172
        Episode_Reward/tracking_lin_vel: 0.0699
        Episode_Reward/tracking_ang_vel: 0.0072
              Episode_Reward/feet_phase: 0.0405
     Episode_Reward/feet_phase_contrast: 0.0679
     Episode_Reward/feet_contact_number: 0.0289
           Episode_Reward/feet_air_time: 0.0020
             Episode_Reward/under_speed: -0.0059
               Episode_Reward/feet_slip: -0.0003
          Episode_Reward/feet_clearance: -0.0007
               Episode_Reward/lin_vel_z: -0.0016
              Episode_Reward/ang_vel_xy: -0.0305
             Episode_Reward/base_height: -0.0822
             Episode_Reward/orientation: -0.0421
                    Episode_Reward/pose: -0.0013
             Episode_Reward/action_rate: -0.0034
              Episode_Reward/action_acc: -0.0101
           Episode_Termination/time_out: 0.0000
    Episode_Termination/bad_orientation: 5.7391
--------------------------------------------------------------------------------
                         Iteration time: 0.45s
                           Time elapsed: 00:00:24
                                    ETA: 00:01:29

################################################################################
[1m                           Learning iteration 54/250                            [0m 

                            Total steps: 675840 
                       Steps per second: 27847 
                        Collection time: 0.377s 
                          Learning time: 0.065s 
                        Mean value loss: 0.1691
                    Mean surrogate loss: -0.0087
                      Mean entropy loss: 6.7348
                            Mean reward: 1.49
                    Mean episode length: 71.58
                        Mean action std: 0.47
                reward/tracking_lin_vel: 1.1128
                reward/tracking_ang_vel: 0.1189
                      reward/feet_phase: 0.4889
             reward/feet_phase_contrast: 0.8329
             reward/feet_contact_number: 0.4668
                   reward/feet_air_time: 0.0121
                     reward/under_speed: -0.1299
                       reward/feet_slip: -0.0029
                  reward/feet_clearance: -0.0085
                       reward/lin_vel_z: -0.0133
                      reward/ang_vel_xy: -0.2601
                     reward/base_height: -0.6380
                     reward/orientation: -0.3561
                            reward/pose: -0.0213
                     reward/action_rate: -0.0525
                      reward/action_acc: -0.1549
             Metrics/twist/error_vel_xy: 0.2618
            Metrics/twist/error_vel_yaw: 0.2330
        Episode_Reward/tracking_lin_vel: 0.0817
        Episode_Reward/tracking_ang_vel: 0.0080
              Episode_Reward/feet_phase: 0.0508
     Episode_Reward/feet_phase_contrast: 0.0815
     Episode_Reward/feet_contact_number: 0.0325
           Episode_Reward/feet_air_time: 0.0009
             Episode_Reward/under_speed: -0.0064
               Episode_Reward/feet_slip: -0.0003
          Episode_Reward/feet_clearance: -0.0007
               Episode_Reward/lin_vel_z: -0.0017
              Episode_Reward/ang_vel_xy: -0.0300
             Episode_Reward/base_height: -0.0789
             Episode_Reward/orientation: -0.0437
                    Episode_Reward/pose: -0.0015
             Episode_Reward/action_rate: -0.0038
              Episode_Reward/action_acc: -0.0112
           Episode_Termination/time_out: 0.0000
    Episode_Termination/bad_orientation: 4.3913
--------------------------------------------------------------------------------
                         Iteration time: 0.44s
                           Time elapsed: 00:00:25
                                    ETA: 00:01:29

################################################################################
[1m                           Learning iteration 55/250                            [0m 

                            Total steps: 688128 
                       Steps per second: 23128 
                        Collection time: 0.462s 
                          Learning time: 0.070s 
                        Mean value loss: 0.1475
                    Mean surrogate loss: -0.0089
                      Mean entropy loss: 6.7221
                            Mean reward: 1.07
                    Mean episode length: 63.41
                        Mean action std: 0.47
                reward/tracking_lin_vel: 1.0651
                reward/tracking_ang_vel: 0.1182
                      reward/feet_phase: 0.4111
             reward/feet_phase_contrast: 0.7283
             reward/feet_contact_number: 0.4599
                   reward/feet_air_time: 0.0113
                     reward/under_speed: -0.1394
                       reward/feet_slip: -0.0028
                  reward/feet_clearance: -0.0084
                       reward/lin_vel_z: -0.0140
                      reward/ang_vel_xy: -0.2523
                     reward/base_height: -0.6144
                     reward/orientation: -0.3528
                            reward/pose: -0.0210
                     reward/action_rate: -0.0529
                      reward/action_acc: -0.1563
             Metrics/twist/error_vel_xy: 0.2565
            Metrics/twist/error_vel_yaw: 0.2160
        Episode_Reward/tracking_lin_vel: 0.0680
        Episode_Reward/tracking_ang_vel: 0.0068
              Episode_Reward/feet_phase: 0.0443
     Episode_Reward/feet_phase_contrast: 0.0712
     Episode_Reward/feet_contact_number: 0.0279
           Episode_Reward/feet_air_time: 0.0023
             Episode_Reward/under_speed: -0.0050
               Episode_Reward/feet_slip: -0.0003
          Episode_Reward/feet_clearance: -0.0007
               Episode_Reward/lin_vel_z: -0.0016
              Episode_Reward/ang_vel_xy: -0.0302
             Episode_Reward/base_height: -0.0800
             Episode_Reward/orientation: -0.0426
                    Episode_Reward/pose: -0.0012
             Episode_Reward/action_rate: -0.0032
              Episode_Reward/action_acc: -0.0095
           Episode_Termination/time_out: 0.0000
    Episode_Termination/bad_orientation: 3.9167
--------------------------------------------------------------------------------
                         Iteration time: 0.53s
                           Time elapsed: 00:00:25
                                    ETA: 00:01:29

################################################################################
[1m                           Learning iteration 56/250                            [0m 

                            Total steps: 700416 
                       Steps per second: 23447 
                        Collection time: 0.455s 
                          Learning time: 0.069s 
                        Mean value loss: 0.1266
                    Mean surrogate loss: -0.0110
                      Mean entropy loss: 6.6912
                            Mean reward: 1.38
                    Mean episode length: 66.55
                        Mean action std: 0.47
                reward/tracking_lin_vel: 1.0879
                reward/tracking_ang_vel: 0.1200
                      reward/feet_phase: 0.4314
             reward/feet_phase_contrast: 0.7139
             reward/feet_contact_number: 0.4587
                   reward/feet_air_time: 0.0167
                     reward/under_speed: -0.1455
                       reward/feet_slip: -0.0023
                  reward/feet_clearance: -0.0079
                       reward/lin_vel_z: -0.0106
                      reward/ang_vel_xy: -0.2127
                     reward/base_height: -0.4879
                     reward/orientation: -0.2786
                            reward/pose: -0.0204
                     reward/action_rate: -0.0520
                      reward/action_acc: -0.1538
             Metrics/twist/error_vel_xy: 0.2697
            Metrics/twist/error_vel_yaw: 0.2307
        Episode_Reward/tracking_lin_vel: 0.0732
        Episode_Reward/tracking_ang_vel: 0.0074
              Episode_Reward/feet_phase: 0.0471
     Episode_Reward/feet_phase_contrast: 0.0783
     Episode_Reward/feet_contact_number: 0.0314
           Episode_Reward/feet_air_time: 0.0020
             Episode_Reward/under_speed: -0.0059
               Episode_Reward/feet_slip: -0.0003
          Episode_Reward/feet_clearance: -0.0007
               Episode_Reward/lin_vel_z: -0.0016
              Episode_Reward/ang_vel_xy: -0.0303
             Episode_Reward/base_height: -0.0783
             Episode_Reward/orientation: -0.0432
                    Episode_Reward/pose: -0.0013
             Episode_Reward/action_rate: -0.0036
              Episode_Reward/action_acc: -0.0105
           Episode_Termination/time_out: 0.0000
    Episode_Termination/bad_orientation: 3.2083
--------------------------------------------------------------------------------
                         Iteration time: 0.52s
                           Time elapsed: 00:00:26
                                    ETA: 00:01:28

################################################################################
[1m                           Learning iteration 57/250                            [0m 

                            Total steps: 712704 
                       Steps per second: 24483 
                        Collection time: 0.435s 
                          Learning time: 0.067s 
                        Mean value loss: 0.0998
                    Mean surrogate loss: -0.0116
                      Mean entropy loss: 6.6680
                            Mean reward: 1.32
                    Mean episode length: 67.17
                        Mean action std: 0.47
                reward/tracking_lin_vel: 1.0944
                reward/tracking_ang_vel: 0.1216
                      reward/feet_phase: 0.4546
             reward/feet_phase_contrast: 0.6858
             reward/feet_contact_number: 0.4641
                   reward/feet_air_time: 0.0090
                     reward/under_speed: -0.1531
                       reward/feet_slip: -0.0022
                  reward/feet_clearance: -0.0078
                       reward/lin_vel_z: -0.0086
                      reward/ang_vel_xy: -0.1803
                     reward/base_height: -0.3911
                     reward/orientation: -0.2287
                            reward/pose: -0.0211
                     reward/action_rate: -0.0521
                      reward/action_acc: -0.1543
             Metrics/twist/error_vel_xy: 0.2583
            Metrics/twist/error_vel_yaw: 0.2406
        Episode_Reward/tracking_lin_vel: 0.0702
        Episode_Reward/tracking_ang_vel: 0.0067
              Episode_Reward/feet_phase: 0.0451
     Episode_Reward/feet_phase_contrast: 0.0727
     Episode_Reward/feet_contact_number: 0.0280
           Episode_Reward/feet_air_time: 0.0030
             Episode_Reward/under_speed: -0.0054
               Episode_Reward/feet_slip: -0.0003
          Episode_Reward/feet_clearance: -0.0007
               Episode_Reward/lin_vel_z: -0.0016
              Episode_Reward/ang_vel_xy: -0.0297
             Episode_Reward/base_height: -0.0793
             Episode_Reward/orientation: -0.0430
                    Episode_Reward/pose: -0.0012
             Episode_Reward/action_rate: -0.0034
              Episode_Reward/action_acc: -0.0099
           Episode_Termination/time_out: 0.0000
    Episode_Termination/bad_orientation: 2.7273
--------------------------------------------------------------------------------
                         Iteration time: 0.50s
                           Time elapsed: 00:00:26
                                    ETA: 00:01:28

################################################################################
[1m                           Learning iteration 58/250                            [0m 

                            Total steps: 724992 
                       Steps per second: 26350 
                        Collection time: 0.402s 
                          Learning time: 0.064s 
                        Mean value loss: 0.0876
                    Mean surrogate loss: -0.0112
                      Mean entropy loss: 6.6415
                            Mean reward: 1.39
                    Mean episode length: 74.03
                        Mean action std: 0.47
                reward/tracking_lin_vel: 1.0644
                reward/tracking_ang_vel: 0.1244
                      reward/feet_phase: 0.2998
             reward/feet_phase_contrast: 0.5665
             reward/feet_contact_number: 0.4597
                   reward/feet_air_time: 0.0068
                     reward/under_speed: -0.1630
                       reward/feet_slip: -0.0019
                  reward/feet_clearance: -0.0072
                       reward/lin_vel_z: -0.0062
                      reward/ang_vel_xy: -0.1372
                     reward/base_height: -0.2538
                     reward/orientation: -0.1750
                            reward/pose: -0.0214
                     reward/action_rate: -0.0523
                      reward/action_acc: -0.1550
             Metrics/twist/error_vel_xy: 0.2888
            Metrics/twist/error_vel_yaw: 0.2495
        Episode_Reward/tracking_lin_vel: 0.1200
        Episode_Reward/tracking_ang_vel: 0.0136
              Episode_Reward/feet_phase: 0.0629
     Episode_Reward/feet_phase_contrast: 0.1022
     Episode_Reward/feet_contact_number: 0.0520
           Episode_Reward/feet_air_time: 0.0017
             Episode_Reward/under_speed: -0.0144
               Episode_Reward/feet_slip: -0.0004
          Episode_Reward/feet_clearance: -0.0011
               Episode_Reward/lin_vel_z: -0.0017
              Episode_Reward/ang_vel_xy: -0.0322
             Episode_Reward/base_height: -0.0784
             Episode_Reward/orientation: -0.0440
                    Episode_Reward/pose: -0.0022
             Episode_Reward/action_rate: -0.0059
              Episode_Reward/action_acc: -0.0175
           Episode_Termination/time_out: 0.0500
    Episode_Termination/bad_orientation: 1.8000
--------------------------------------------------------------------------------
                         Iteration time: 0.47s
                           Time elapsed: 00:00:27
                                    ETA: 00:01:28

################################################################################
[1m                           Learning iteration 59/250                            [0m 

                            Total steps: 737280 
                       Steps per second: 25095 
                        Collection time: 0.423s 
                          Learning time: 0.066s 
                        Mean value loss: 0.0835
                    Mean surrogate loss: -0.0091
                      Mean entropy loss: 6.6287
                            Mean reward: 1.62
                    Mean episode length: 78.05
                        Mean action std: 0.47
                reward/tracking_lin_vel: 1.0448
                reward/tracking_ang_vel: 0.1238
                      reward/feet_phase: 0.2774
             reward/feet_phase_contrast: 0.5122
             reward/feet_contact_number: 0.4653
                   reward/feet_air_time: 0.0064
                     reward/under_speed: -0.1663
                       reward/feet_slip: -0.0019
                  reward/feet_clearance: -0.0070
                       reward/lin_vel_z: -0.0065
                      reward/ang_vel_xy: -0.1377
                     reward/base_height: -0.2727
                     reward/orientation: -0.1771
                            reward/pose: -0.0204
                     reward/action_rate: -0.0529
                      reward/action_acc: -0.1578
             Metrics/twist/error_vel_xy: 0.2706
            Metrics/twist/error_vel_yaw: 0.2292
        Episode_Reward/tracking_lin_vel: 0.0799
        Episode_Reward/tracking_ang_vel: 0.0082
              Episode_Reward/feet_phase: 0.0469
     Episode_Reward/feet_phase_contrast: 0.0784
     Episode_Reward/feet_contact_number: 0.0317
           Episode_Reward/feet_air_time: 0.0021
             Episode_Reward/under_speed: -0.0066
               Episode_Reward/feet_slip: -0.0003
          Episode_Reward/feet_clearance: -0.0008
               Episode_Reward/lin_vel_z: -0.0018
              Episode_Reward/ang_vel_xy: -0.0303
             Episode_Reward/base_height: -0.0790
             Episode_Reward/orientation: -0.0441
                    Episode_Reward/pose: -0.0015
             Episode_Reward/action_rate: -0.0038
              Episode_Reward/action_acc: -0.0112
           Episode_Termination/time_out: 0.0000
    Episode_Termination/bad_orientation: 1.9000
--------------------------------------------------------------------------------
                         Iteration time: 0.49s
                           Time elapsed: 00:00:27
                                    ETA: 00:01:27

################################################################################
[1m                           Learning iteration 60/250                            [0m 

                            Total steps: 749568 
                       Steps per second: 25465 
                        Collection time: 0.418s 
                          Learning time: 0.065s 
                        Mean value loss: 0.0831
                    Mean surrogate loss: -0.0107
                      Mean entropy loss: 6.5999
                            Mean reward: 1.36
                    Mean episode length: 71.27
                        Mean action std: 0.47
                reward/tracking_lin_vel: 1.0623
                reward/tracking_ang_vel: 0.1233
                      reward/feet_phase: 0.3578
             reward/feet_phase_contrast: 0.5359
             reward/feet_contact_number: 0.4570
                   reward/feet_air_time: 0.0061
                     reward/under_speed: -0.1656
                       reward/feet_slip: -0.0018
                  reward/feet_clearance: -0.0070
                       reward/lin_vel_z: -0.0062
                      reward/ang_vel_xy: -0.1345
                     reward/base_height: -0.2492
                     reward/orientation: -0.1626
                            reward/pose: -0.0192
                     reward/action_rate: -0.0533
                      reward/action_acc: -0.1581
             Metrics/twist/error_vel_xy: 0.2613
            Metrics/twist/error_vel_yaw: 0.2469
        Episode_Reward/tracking_lin_vel: 0.0852
        Episode_Reward/tracking_ang_vel: 0.0082
              Episode_Reward/feet_phase: 0.0515
     Episode_Reward/feet_phase_contrast: 0.0843
     Episode_Reward/feet_contact_number: 0.0333
           Episode_Reward/feet_air_time: 0.0029
             Episode_Reward/under_speed: -0.0071
               Episode_Reward/feet_slip: -0.0003
          Episode_Reward/feet_clearance: -0.0008
               Episode_Reward/lin_vel_z: -0.0017
              Episode_Reward/ang_vel_xy: -0.0302
             Episode_Reward/base_height: -0.0792
             Episode_Reward/orientation: -0.0447
                    Episode_Reward/pose: -0.0016
             Episode_Reward/action_rate: -0.0040
              Episode_Reward/action_acc: -0.0120
           Episode_Termination/time_out: 0.0000
    Episode_Termination/bad_orientation: 2.4000
--------------------------------------------------------------------------------
                         Iteration time: 0.48s
                           Time elapsed: 00:00:28
                                    ETA: 00:01:27

################################################################################
[1m                           Learning iteration 61/250                            [0m 

                            Total steps: 761856 
                       Steps per second: 25133 
                        Collection time: 0.425s 
                          Learning time: 0.063s 
                        Mean value loss: 0.0678
                    Mean surrogate loss: -0.0119
                      Mean entropy loss: 6.5685
                            Mean reward: 1.32
                    Mean episode length: 70.17
                        Mean action std: 0.47
                reward/tracking_lin_vel: 1.0765
                reward/tracking_ang_vel: 0.1256
                      reward/feet_phase: 0.3102
             reward/feet_phase_contrast: 0.5097
             reward/feet_contact_number: 0.4661
                   reward/feet_air_time: 0.0038
                     reward/under_speed: -0.1696
                       reward/feet_slip: -0.0016
                  reward/feet_clearance: -0.0067
                       reward/lin_vel_z: -0.0051
                      reward/ang_vel_xy: -0.1162
                     reward/base_height: -0.2038
                     reward/orientation: -0.1322
                            reward/pose: -0.0188
                     reward/action_rate: -0.0529
                      reward/action_acc: -0.1574
             Metrics/twist/error_vel_xy: 0.2291
            Metrics/twist/error_vel_yaw: 0.1979
        Episode_Reward/tracking_lin_vel: 0.0773
        Episode_Reward/tracking_ang_vel: 0.0076
              Episode_Reward/feet_phase: 0.0507
     Episode_Reward/feet_phase_contrast: 0.0810
     Episode_Reward/feet_contact_number: 0.0296
           Episode_Reward/feet_air_time: 0.0018
             Episode_Reward/under_speed: -0.0056
               Episode_Reward/feet_slip: -0.0003
          Episode_Reward/feet_clearance: -0.0007
               Episode_Reward/lin_vel_z: -0.0018
              Episode_Reward/ang_vel_xy: -0.0304
             Episode_Reward/base_height: -0.0743
             Episode_Reward/orientation: -0.0431
                    Episode_Reward/pose: -0.0012
             Episode_Reward/action_rate: -0.0036
              Episode_Reward/action_acc: -0.0107
           Episode_Termination/time_out: 0.0000
    Episode_Termination/bad_orientation: 1.6842
--------------------------------------------------------------------------------
                         Iteration time: 0.49s
                           Time elapsed: 00:00:28
                                    ETA: 00:01:26

################################################################################
[1m                           Learning iteration 62/250                            [0m 

                            Total steps: 774144 
                       Steps per second: 25737 
                        Collection time: 0.412s 
                          Learning time: 0.065s 
                        Mean value loss: 0.0567
                    Mean surrogate loss: -0.0109
                      Mean entropy loss: 6.5412
                            Mean reward: 1.36
                    Mean episode length: 72.16
                        Mean action std: 0.47
                reward/tracking_lin_vel: 1.0780
                reward/tracking_ang_vel: 0.1258
                      reward/feet_phase: 0.2586
             reward/feet_phase_contrast: 0.4991
             reward/feet_contact_number: 0.4634
                   reward/feet_air_time: 0.0020
                     reward/under_speed: -0.1722
                       reward/feet_slip: -0.0015
                  reward/feet_clearance: -0.0065
                       reward/lin_vel_z: -0.0037
                      reward/ang_vel_xy: -0.0942
                     reward/base_height: -0.1194
                     reward/orientation: -0.1080
                            reward/pose: -0.0191
                     reward/action_rate: -0.0525
                      reward/action_acc: -0.1564
             Metrics/twist/error_vel_xy: 0.2147
            Metrics/twist/error_vel_yaw: 0.1959
        Episode_Reward/tracking_lin_vel: 0.0912
        Episode_Reward/tracking_ang_vel: 0.0096
              Episode_Reward/feet_phase: 0.0533
     Episode_Reward/feet_phase_contrast: 0.0871
     Episode_Reward/feet_contact_number: 0.0382
           Episode_Reward/feet_air_time: 0.0032
             Episode_Reward/under_speed: -0.0088
               Episode_Reward/feet_slip: -0.0003
          Episode_Reward/feet_clearance: -0.0009
               Episode_Reward/lin_vel_z: -0.0020
              Episode_Reward/ang_vel_xy: -0.0301
             Episode_Reward/base_height: -0.0760
             Episode_Reward/orientation: -0.0456
                    Episode_Reward/pose: -0.0021
             Episode_Reward/action_rate: -0.0045
              Episode_Reward/action_acc: -0.0132
           Episode_Termination/time_out: 0.0000
    Episode_Termination/bad_orientation: 1.2308
--------------------------------------------------------------------------------
                         Iteration time: 0.48s
                           Time elapsed: 00:00:29
                                    ETA: 00:01:26

################################################################################
[1m                           Learning iteration 63/250                            [0m 

                            Total steps: 786432 
                       Steps per second: 26077 
                        Collection time: 0.407s 
                          Learning time: 0.064s 
                        Mean value loss: 0.0468
                    Mean surrogate loss: -0.0107
                      Mean entropy loss: 6.5096
                            Mean reward: 1.55
                    Mean episode length: 73.17
                        Mean action std: 0.46
                reward/tracking_lin_vel: 1.0615
                reward/tracking_ang_vel: 0.1257
                      reward/feet_phase: 0.2696
             reward/feet_phase_contrast: 0.4711
             reward/feet_contact_number: 0.4653
                   reward/feet_air_time: 0.0025
                     reward/under_speed: -0.1746
                       reward/feet_slip: -0.0014
                  reward/feet_clearance: -0.0063
                       reward/lin_vel_z: -0.0039
                      reward/ang_vel_xy: -0.0948
                     reward/base_height: -0.1384
                     reward/orientation: -0.1078
                            reward/pose: -0.0186
                     reward/action_rate: -0.0525
                      reward/action_acc: -0.1564
--------------------------------------------------------------------------------
                         Iteration time: 0.47s
                           Time elapsed: 00:00:29
                                    ETA: 00:01:26

################################################################################
[1m                           Learning iteration 64/250                            [0m 

                            Total steps: 798720 
                       Steps per second: 26906 
                        Collection time: 0.391s 
                          Learning time: 0.066s 
                        Mean value loss: 0.0477
                    Mean surrogate loss: -0.0096
                      Mean entropy loss: 6.4652
                            Mean reward: 1.59
                    Mean episode length: 74.02
                        Mean action std: 0.46
                reward/tracking_lin_vel: 1.0545
                reward/tracking_ang_vel: 0.1266
                      reward/feet_phase: 0.2992
             reward/feet_phase_contrast: 0.4377
             reward/feet_contact_number: 0.4663
                   reward/feet_air_time: 0.0016
                     reward/under_speed: -0.1782
                       reward/feet_slip: -0.0014
                  reward/feet_clearance: -0.0062
                       reward/lin_vel_z: -0.0032
                      reward/ang_vel_xy: -0.0812
                     reward/base_height: -0.0974
                     reward/orientation: -0.0860
                            reward/pose: -0.0185
                     reward/action_rate: -0.0528
                      reward/action_acc: -0.1579
             Metrics/twist/error_vel_xy: 0.2538
            Metrics/twist/error_vel_yaw: 0.2077
        Episode_Reward/tracking_lin_vel: 0.0829
        Episode_Reward/tracking_ang_vel: 0.0091
              Episode_Reward/feet_phase: 0.0510
     Episode_Reward/feet_phase_contrast: 0.0831
     Episode_Reward/feet_contact_number: 0.0371
           Episode_Reward/feet_air_time: 0.0025
             Episode_Reward/under_speed: -0.0085
               Episode_Reward/feet_slip: -0.0003
          Episode_Reward/feet_clearance: -0.0007
               Episode_Reward/lin_vel_z: -0.0020
              Episode_Reward/ang_vel_xy: -0.0299
             Episode_Reward/base_height: -0.0800
             Episode_Reward/orientation: -0.0459
                    Episode_Reward/pose: -0.0014
             Episode_Reward/action_rate: -0.0042
              Episode_Reward/action_acc: -0.0123
           Episode_Termination/time_out: 0.0000
    Episode_Termination/bad_orientation: 1.3000
--------------------------------------------------------------------------------
                         Iteration time: 0.46s
                           Time elapsed: 00:00:30
                                    ETA: 00:01:25

################################################################################
[1m                           Learning iteration 65/250                            [0m 

                            Total steps: 811008 
                       Steps per second: 25515 
                        Collection time: 0.414s 
                          Learning time: 0.067s 
                        Mean value loss: 0.0323
                    Mean surrogate loss: -0.0097
                      Mean entropy loss: 6.4410
                            Mean reward: 1.50
                    Mean episode length: 74.10
                        Mean action std: 0.46
                reward/tracking_lin_vel: 1.0608
                reward/tracking_ang_vel: 0.1280
                      reward/feet_phase: 0.2326
             reward/feet_phase_contrast: 0.4350
             reward/feet_contact_number: 0.4657
                   reward/feet_air_time: 0.0007
                     reward/under_speed: -0.1795
                       reward/feet_slip: -0.0012
                  reward/feet_clearance: -0.0060
                       reward/lin_vel_z: -0.0021
                      reward/ang_vel_xy: -0.0731
                     reward/base_height: -0.0799
                     reward/orientation: -0.0723
                            reward/pose: -0.0184
                     reward/action_rate: -0.0522
                      reward/action_acc: -0.1562
             Metrics/twist/error_vel_xy: 0.2093
            Metrics/twist/error_vel_yaw: 0.1556
        Episode_Reward/tracking_lin_vel: 0.0663
        Episode_Reward/tracking_ang_vel: 0.0073
              Episode_Reward/feet_phase: 0.0385
     Episode_Reward/feet_phase_contrast: 0.0633
     Episode_Reward/feet_contact_number: 0.0310
           Episode_Reward/feet_air_time: 0.0020
             Episode_Reward/under_speed: -0.0065
               Episode_Reward/feet_slip: -0.0002
          Episode_Reward/feet_clearance: -0.0006
               Episode_Reward/lin_vel_z: -0.0014
              Episode_Reward/ang_vel_xy: -0.0300
             Episode_Reward/base_height: -0.0783
             Episode_Reward/orientation: -0.0413
                    Episode_Reward/pose: -0.0009
             Episode_Reward/action_rate: -0.0034
              Episode_Reward/action_acc: -0.0100
           Episode_Termination/time_out: 0.0000
    Episode_Termination/bad_orientation: 1.2222
--------------------------------------------------------------------------------
                         Iteration time: 0.48s
                           Time elapsed: 00:00:30
                                    ETA: 00:01:25

################################################################################
[1m                           Learning iteration 66/250                            [0m 

                            Total steps: 823296 
                       Steps per second: 28736 
                        Collection time: 0.360s 
                          Learning time: 0.067s 
                        Mean value loss: 3.4354
                    Mean surrogate loss: -0.0086
                      Mean entropy loss: 6.4263
                            Mean reward: 1.60
                    Mean episode length: 74.16
                        Mean action std: 0.46
                reward/tracking_lin_vel: 0.8365
                reward/tracking_ang_vel: 0.1227
                      reward/feet_phase: 0.2782
             reward/feet_phase_contrast: 0.5356
             reward/feet_contact_number: 0.4571
                   reward/feet_air_time: 0.0074
                     reward/under_speed: -0.1602
                       reward/feet_slip: -0.0035
                  reward/feet_clearance: -0.0129
                       reward/lin_vel_z: -0.0079
                      reward/ang_vel_xy: -0.1638
                     reward/base_height: -0.0567
                     reward/orientation: -0.0833
                            reward/pose: -0.0186
                     reward/action_rate: -0.0529
                      reward/action_acc: -0.1573
--------------------------------------------------------------------------------
                         Iteration time: 0.43s
                           Time elapsed: 00:00:30
                                    ETA: 00:01:24

################################################################################
[1m                           Learning iteration 67/250                            [0m 

                            Total steps: 835584 
                       Steps per second: 31348 
                        Collection time: 0.328s 
                          Learning time: 0.064s 
                        Mean value loss: 0.1987
                    Mean surrogate loss: -0.0109
                      Mean entropy loss: 6.4258
                            Mean reward: 8.94
                    Mean episode length: 316.15
                        Mean action std: 0.46
                reward/tracking_lin_vel: 0.5933
                reward/tracking_ang_vel: 0.0964
                      reward/feet_phase: 0.4576
             reward/feet_phase_contrast: 0.7146
             reward/feet_contact_number: 0.4497
                   reward/feet_air_time: 0.1748
                     reward/under_speed: -0.1236
                       reward/feet_slip: -0.0042
                  reward/feet_clearance: -0.0139
                       reward/lin_vel_z: -0.0348
                      reward/ang_vel_xy: -0.6888
                     reward/base_height: -1.4976
                     reward/orientation: -0.7568
                            reward/pose: -0.0198
                     reward/action_rate: -0.0535
                      reward/action_acc: -0.1580
             Metrics/twist/error_vel_xy: 0.3722
            Metrics/twist/error_vel_yaw: 0.2526
        Episode_Reward/tracking_lin_vel: 0.3014
        Episode_Reward/tracking_ang_vel: 0.0354
              Episode_Reward/feet_phase: 0.0926
     Episode_Reward/feet_phase_contrast: 0.1608
     Episode_Reward/feet_contact_number: 0.1330
           Episode_Reward/feet_air_time: 0.0046
             Episode_Reward/under_speed: -0.0473
               Episode_Reward/feet_slip: -0.0006
          Episode_Reward/feet_clearance: -0.0024
               Episode_Reward/lin_vel_z: -0.0030
              Episode_Reward/ang_vel_xy: -0.0517
             Episode_Reward/base_height: -0.0732
             Episode_Reward/orientation: -0.0475
                    Episode_Reward/pose: -0.0059
             Episode_Reward/action_rate: -0.0150
              Episode_Reward/action_acc: -0.0445
           Episode_Termination/time_out: 0.0526
    Episode_Termination/bad_orientation: 10.5263
--------------------------------------------------------------------------------
                         Iteration time: 0.39s
                           Time elapsed: 00:00:31
                                    ETA: 00:01:23

################################################################################
[1m                           Learning iteration 68/250                            [0m 

                            Total steps: 847872 
                       Steps per second: 26998 
                        Collection time: 0.389s 
                          Learning time: 0.066s 
                        Mean value loss: 0.2579
                    Mean surrogate loss: -0.0106
                      Mean entropy loss: 6.4193
                            Mean reward: 9.95
                    Mean episode length: 361.43
                        Mean action std: 0.46
                reward/tracking_lin_vel: 1.0630
                reward/tracking_ang_vel: 0.1133
                      reward/feet_phase: 0.5654
             reward/feet_phase_contrast: 0.8654
             reward/feet_contact_number: 0.4576
                   reward/feet_air_time: 0.0360
                     reward/under_speed: -0.1294
                       reward/feet_slip: -0.0028
                  reward/feet_clearance: -0.0108
                       reward/lin_vel_z: -0.0140
                      reward/ang_vel_xy: -0.3159
                     reward/base_height: -0.9754
                     reward/orientation: -0.3781
                            reward/pose: -0.0142
                     reward/action_rate: -0.0524
                      reward/action_acc: -0.1546
             Metrics/twist/error_vel_xy: 0.4843
            Metrics/twist/error_vel_yaw: 0.3563
        Episode_Reward/tracking_lin_vel: 0.3536
        Episode_Reward/tracking_ang_vel: 0.0433
              Episode_Reward/feet_phase: 0.1025
     Episode_Reward/feet_phase_contrast: 0.1737
     Episode_Reward/feet_contact_number: 0.1658
           Episode_Reward/feet_air_time: 0.0086
             Episode_Reward/under_speed: -0.0617
               Episode_Reward/feet_slip: -0.0006
          Episode_Reward/feet_clearance: -0.0028
               Episode_Reward/lin_vel_z: -0.0019
              Episode_Reward/ang_vel_xy: -0.0493
             Episode_Reward/base_height: -0.1083
             Episode_Reward/orientation: -0.0592
                    Episode_Reward/pose: -0.0073
             Episode_Reward/action_rate: -0.0189
              Episode_Reward/action_acc: -0.0560
           Episode_Termination/time_out: 0.0000
    Episode_Termination/bad_orientation: 6.5000
--------------------------------------------------------------------------------
                         Iteration time: 0.46s
                           Time elapsed: 00:00:31
                                    ETA: 00:01:23

################################################################################
[1m                           Learning iteration 69/250                            [0m 

                            Total steps: 860160 
                       Steps per second: 27411 
                        Collection time: 0.380s 
                          Learning time: 0.068s 
                        Mean value loss: 0.1690
                    Mean surrogate loss: -0.0121
                      Mean entropy loss: 6.4060
                            Mean reward: 5.18
                    Mean episode length: 218.00
                        Mean action std: 0.46
                reward/tracking_lin_vel: 1.0629
                reward/tracking_ang_vel: 0.1174
                      reward/feet_phase: 0.4180
             reward/feet_phase_contrast: 0.7576
             reward/feet_contact_number: 0.4580
                   reward/feet_air_time: 0.0219
                     reward/under_speed: -0.1397
                       reward/feet_slip: -0.0026
                  reward/feet_clearance: -0.0084
                       reward/lin_vel_z: -0.0112
                      reward/ang_vel_xy: -0.2456
                     reward/base_height: -0.5847
                     reward/orientation: -0.3359
                            reward/pose: -0.0186
                     reward/action_rate: -0.0531
                      reward/action_acc: -0.1573
--------------------------------------------------------------------------------
                         Iteration time: 0.45s
                           Time elapsed: 00:00:32
                                    ETA: 00:01:22

################################################################################
[1m                           Learning iteration 70/250                            [0m 

                            Total steps: 872448 
                       Steps per second: 25575 
                        Collection time: 0.417s 
                          Learning time: 0.064s 
                        Mean value loss: 0.1275
                    Mean surrogate loss: -0.0100
                      Mean entropy loss: 6.3967
                            Mean reward: 1.40
                    Mean episode length: 93.50
                        Mean action std: 0.46
                reward/tracking_lin_vel: 1.0367
                reward/tracking_ang_vel: 0.1192
                      reward/feet_phase: 0.3815
             reward/feet_phase_contrast: 0.6626
             reward/feet_contact_number: 0.4620
                   reward/feet_air_time: 0.0082
                     reward/under_speed: -0.1491
                       reward/feet_slip: -0.0026
                  reward/feet_clearance: -0.0082
                       reward/lin_vel_z: -0.0120
                      reward/ang_vel_xy: -0.2333
                     reward/base_height: -0.5877
                     reward/orientation: -0.3154
                            reward/pose: -0.0180
                     reward/action_rate: -0.0526
                      reward/action_acc: -0.1556
             Metrics/twist/error_vel_xy: 0.3114
            Metrics/twist/error_vel_yaw: 0.2426
        Episode_Reward/tracking_lin_vel: 0.1029
        Episode_Reward/tracking_ang_vel: 0.0121
              Episode_Reward/feet_phase: 0.0474
     Episode_Reward/feet_phase_contrast: 0.0788
     Episode_Reward/feet_contact_number: 0.0481
           Episode_Reward/feet_air_time: 0.0037
             Episode_Reward/under_speed: -0.0139
               Episode_Reward/feet_slip: -0.0003
          Episode_Reward/feet_clearance: -0.0010
               Episode_Reward/lin_vel_z: -0.0018
              Episode_Reward/ang_vel_xy: -0.0319
             Episode_Reward/base_height: -0.0848
             Episode_Reward/orientation: -0.0450
                    Episode_Reward/pose: -0.0019
             Episode_Reward/action_rate: -0.0055
              Episode_Reward/action_acc: -0.0163
           Episode_Termination/time_out: 0.0417
    Episode_Termination/bad_orientation: 3.6667
--------------------------------------------------------------------------------
                         Iteration time: 0.48s
                           Time elapsed: 00:00:32
                                    ETA: 00:01:22

################################################################################
[1m                           Learning iteration 71/250                            [0m 

                            Total steps: 884736 
                       Steps per second: 26823 
                        Collection time: 0.393s 
                          Learning time: 0.065s 
                        Mean value loss: 0.1475
                    Mean surrogate loss: -0.0081
                      Mean entropy loss: 6.3862
                            Mean reward: 1.94
                    Mean episode length: 92.41
                        Mean action std: 0.46
                reward/tracking_lin_vel: 1.0376
                reward/tracking_ang_vel: 0.1220
                      reward/feet_phase: 0.4297
             reward/feet_phase_contrast: 0.6307
             reward/feet_contact_number: 0.4612
                   reward/feet_air_time: 0.0094
                     reward/under_speed: -0.1548
                       reward/feet_slip: -0.0022
                  reward/feet_clearance: -0.0075
                       reward/lin_vel_z: -0.0097
                      reward/ang_vel_xy: -0.1982
                     reward/base_height: -0.4038
                     reward/orientation: -0.2458
                            reward/pose: -0.0165
                     reward/action_rate: -0.0528
                      reward/action_acc: -0.1566
             Metrics/twist/error_vel_xy: 0.2724
            Metrics/twist/error_vel_yaw: 0.2298
        Episode_Reward/tracking_lin_vel: 0.0803
        Episode_Reward/tracking_ang_vel: 0.0081
              Episode_Reward/feet_phase: 0.0484
     Episode_Reward/feet_phase_contrast: 0.0798
     Episode_Reward/feet_contact_number: 0.0318
           Episode_Reward/feet_air_time: 0.0008
             Episode_Reward/under_speed: -0.0067
               Episode_Reward/feet_slip: -0.0003
          Episode_Reward/feet_clearance: -0.0007
               Episode_Reward/lin_vel_z: -0.0016
              Episode_Reward/ang_vel_xy: -0.0311
             Episode_Reward/base_height: -0.0714
             Episode_Reward/orientation: -0.0427
                    Episode_Reward/pose: -0.0012
             Episode_Reward/action_rate: -0.0038
              Episode_Reward/action_acc: -0.0112
           Episode_Termination/time_out: 0.0000
    Episode_Termination/bad_orientation: 3.0870
--------------------------------------------------------------------------------
                         Iteration time: 0.46s
                           Time elapsed: 00:00:33
                                    ETA: 00:01:22

################################################################################
[1m                           Learning iteration 72/250                            [0m 

                            Total steps: 897024 
                       Steps per second: 26620 
                        Collection time: 0.396s 
                          Learning time: 0.065s 
                        Mean value loss: 0.1051
                    Mean surrogate loss: -0.0079
                      Mean entropy loss: 6.3779
                            Mean reward: 1.04
                    Mean episode length: 70.45
                        Mean action std: 0.46
                reward/tracking_lin_vel: 1.0555
                reward/tracking_ang_vel: 0.1218
                      reward/feet_phase: 0.3364
             reward/feet_phase_contrast: 0.5989
             reward/feet_contact_number: 0.4629
                   reward/feet_air_time: 0.0139
                     reward/under_speed: -0.1604
                       reward/feet_slip: -0.0020
                  reward/feet_clearance: -0.0073
                       reward/lin_vel_z: -0.0075
                      reward/ang_vel_xy: -0.1659
                     reward/base_height: -0.3653
                     reward/orientation: -0.2130
                            reward/pose: -0.0165
                     reward/action_rate: -0.0525
                      reward/action_acc: -0.1558
             Metrics/twist/error_vel_xy: 0.3097
            Metrics/twist/error_vel_yaw: 0.2480
        Episode_Reward/tracking_lin_vel: 0.0617
        Episode_Reward/tracking_ang_vel: 0.0069
              Episode_Reward/feet_phase: 0.0363
     Episode_Reward/feet_phase_contrast: 0.0580
     Episode_Reward/feet_contact_number: 0.0305
           Episode_Reward/feet_air_time: 0.0030
             Episode_Reward/under_speed: -0.0076
               Episode_Reward/feet_slip: -0.0003
          Episode_Reward/feet_clearance: -0.0007
               Episode_Reward/lin_vel_z: -0.0016
              Episode_Reward/ang_vel_xy: -0.0303
             Episode_Reward/base_height: -0.0843
             Episode_Reward/orientation: -0.0432
                    Episode_Reward/pose: -0.0010
             Episode_Reward/action_rate: -0.0036
              Episode_Reward/action_acc: -0.0104
           Episode_Termination/time_out: 0.0000
    Episode_Termination/bad_orientation: 2.5238
--------------------------------------------------------------------------------
                         Iteration time: 0.46s
                           Time elapsed: 00:00:33
                                    ETA: 00:01:21

################################################################################
[1m                           Learning iteration 73/250                            [0m 

                            Total steps: 909312 
                       Steps per second: 25872 
                        Collection time: 0.411s 
                          Learning time: 0.064s 
                        Mean value loss: 0.0841
                    Mean surrogate loss: -0.0089
                      Mean entropy loss: 6.3675
                            Mean reward: 0.98
                    Mean episode length: 70.12
                        Mean action std: 0.46
                reward/tracking_lin_vel: 1.0334
                reward/tracking_ang_vel: 0.1228
                      reward/feet_phase: 0.2977
             reward/feet_phase_contrast: 0.5516
             reward/feet_contact_number: 0.4568
                   reward/feet_air_time: 0.0067
                     reward/under_speed: -0.1643
                       reward/feet_slip: -0.0019
                  reward/feet_clearance: -0.0072
                       reward/lin_vel_z: -0.0073
                      reward/ang_vel_xy: -0.1597
                     reward/base_height: -0.2858
                     reward/orientation: -0.1904
                            reward/pose: -0.0157
                     reward/action_rate: -0.0524
                      reward/action_acc: -0.1551
             Metrics/twist/error_vel_xy: 0.2765
            Metrics/twist/error_vel_yaw: 0.2609
        Episode_Reward/tracking_lin_vel: 0.0900
        Episode_Reward/tracking_ang_vel: 0.0085
              Episode_Reward/feet_phase: 0.0534
     Episode_Reward/feet_phase_contrast: 0.0859
     Episode_Reward/feet_contact_number: 0.0348
           Episode_Reward/feet_air_time: 0.0020
             Episode_Reward/under_speed: -0.0072
               Episode_Reward/feet_slip: -0.0003
          Episode_Reward/feet_clearance: -0.0008
               Episode_Reward/lin_vel_z: -0.0017
              Episode_Reward/ang_vel_xy: -0.0313
             Episode_Reward/base_height: -0.0693
             Episode_Reward/orientation: -0.0439
                    Episode_Reward/pose: -0.0014
             Episode_Reward/action_rate: -0.0040
              Episode_Reward/action_acc: -0.0119
           Episode_Termination/time_out: 0.0000
    Episode_Termination/bad_orientation: 2.0870
--------------------------------------------------------------------------------
                         Iteration time: 0.47s
                           Time elapsed: 00:00:34
                                    ETA: 00:01:21

################################################################################
[1m                           Learning iteration 74/250                            [0m 

                            Total steps: 921600 
                       Steps per second: 24728 
                        Collection time: 0.430s 
                          Learning time: 0.067s 
                        Mean value loss: 0.0836
                    Mean surrogate loss: -0.0105
                      Mean entropy loss: 6.3403
                            Mean reward: 1.24
                    Mean episode length: 72.52
                        Mean action std: 0.46
                reward/tracking_lin_vel: 1.0426
                reward/tracking_ang_vel: 0.1258
                      reward/feet_phase: 0.3156
             reward/feet_phase_contrast: 0.5042
             reward/feet_contact_number: 0.4621
                   reward/feet_air_time: 0.0056
                     reward/under_speed: -0.1715
                       reward/feet_slip: -0.0016
                  reward/feet_clearance: -0.0067
                       reward/lin_vel_z: -0.0050
                      reward/ang_vel_xy: -0.1104
                     reward/base_height: -0.1678
                     reward/orientation: -0.1217
                            reward/pose: -0.0150
                     reward/action_rate: -0.0522
                      reward/action_acc: -0.1549
             Metrics/twist/error_vel_xy: 0.2513
            Metrics/twist/error_vel_yaw: 0.2054
        Episode_Reward/tracking_lin_vel: 0.0725
        Episode_Reward/tracking_ang_vel: 0.0077
              Episode_Reward/feet_phase: 0.0452
     Episode_Reward/feet_phase_contrast: 0.0744
     Episode_Reward/feet_contact_number: 0.0305
           Episode_Reward/feet_air_time: 0.0035
             Episode_Reward/under_speed: -0.0061
               Episode_Reward/feet_slip: -0.0003
          Episode_Reward/feet_clearance: -0.0007
               Episode_Reward/lin_vel_z: -0.0019
              Episode_Reward/ang_vel_xy: -0.0294
             Episode_Reward/base_height: -0.0711
             Episode_Reward/orientation: -0.0443
                    Episode_Reward/pose: -0.0013
             Episode_Reward/action_rate: -0.0036
              Episode_Reward/action_acc: -0.0105
           Episode_Termination/time_out: 0.0000
    Episode_Termination/bad_orientation: 1.8750
--------------------------------------------------------------------------------
                         Iteration time: 0.50s
                           Time elapsed: 00:00:34
                                    ETA: 00:01:20

################################################################################
[1m                           Learning iteration 75/250                            [0m 

                            Total steps: 933888 
                       Steps per second: 27478 
                        Collection time: 0.381s 
                          Learning time: 0.066s 
                        Mean value loss: 0.0445
                    Mean surrogate loss: -0.0102
                      Mean entropy loss: 6.3018
                            Mean reward: 2.00
                    Mean episode length: 90.66
                        Mean action std: 0.45
                reward/tracking_lin_vel: 1.0441
                reward/tracking_ang_vel: 0.1264
                      reward/feet_phase: 0.3085
             reward/feet_phase_contrast: 0.4750
             reward/feet_contact_number: 0.4686
                   reward/feet_air_time: 0.0046
                     reward/under_speed: -0.1755
                       reward/feet_slip: -0.0014
                  reward/feet_clearance: -0.0064
                       reward/lin_vel_z: -0.0034
                      reward/ang_vel_xy: -0.0939
                     reward/base_height: -0.1188
                     reward/orientation: -0.1018
                            reward/pose: -0.0150
                     reward/action_rate: -0.0517
                      reward/action_acc: -0.1534
             Metrics/twist/error_vel_xy: 0.3257
            Metrics/twist/error_vel_yaw: 0.2799
        Episode_Reward/tracking_lin_vel: 0.2013
        Episode_Reward/tracking_ang_vel: 0.0245
              Episode_Reward/feet_phase: 0.0688
     Episode_Reward/feet_phase_contrast: 0.1180
     Episode_Reward/feet_contact_number: 0.0951
           Episode_Reward/feet_air_time: 0.0037
             Episode_Reward/under_speed: -0.0337
               Episode_Reward/feet_slip: -0.0004
          Episode_Reward/feet_clearance: -0.0015
               Episode_Reward/lin_vel_z: -0.0016
              Episode_Reward/ang_vel_xy: -0.0347
             Episode_Reward/base_height: -0.0709
             Episode_Reward/orientation: -0.0433
                    Episode_Reward/pose: -0.0034
             Episode_Reward/action_rate: -0.0107
              Episode_Reward/action_acc: -0.0318
           Episode_Termination/time_out: 0.2000
    Episode_Termination/bad_orientation: 1.4000
--------------------------------------------------------------------------------
                         Iteration time: 0.45s
                           Time elapsed: 00:00:35
                                    ETA: 00:01:20

################################################################################
[1m                           Learning iteration 76/250                            [0m 

                            Total steps: 946176 
                       Steps per second: 26639 
                        Collection time: 0.395s 
                          Learning time: 0.066s 
                        Mean value loss: 0.0425
                    Mean surrogate loss: -0.0102
                      Mean entropy loss: 6.2702
                            Mean reward: 2.34
                    Mean episode length: 99.51
                        Mean action std: 0.45
                reward/tracking_lin_vel: 1.0454
                reward/tracking_ang_vel: 0.1261
                      reward/feet_phase: 0.2370
             reward/feet_phase_contrast: 0.4549
             reward/feet_contact_number: 0.4639
                   reward/feet_air_time: 0.0027
                     reward/under_speed: -0.1757
                       reward/feet_slip: -0.0014
                  reward/feet_clearance: -0.0063
                       reward/lin_vel_z: -0.0036
                      reward/ang_vel_xy: -0.0916
                     reward/base_height: -0.1061
                     reward/orientation: -0.0932
                            reward/pose: -0.0145
                     reward/action_rate: -0.0522
                      reward/action_acc: -0.1548
             Metrics/twist/error_vel_xy: 0.2900
            Metrics/twist/error_vel_yaw: 0.2301
        Episode_Reward/tracking_lin_vel: 0.1670
        Episode_Reward/tracking_ang_vel: 0.0199
              Episode_Reward/feet_phase: 0.0720
     Episode_Reward/feet_phase_contrast: 0.1198
     Episode_Reward/feet_contact_number: 0.0747
           Episode_Reward/feet_air_time: 0.0013
             Episode_Reward/under_speed: -0.0234
               Episode_Reward/feet_slip: -0.0004
          Episode_Reward/feet_clearance: -0.0013
               Episode_Reward/lin_vel_z: -0.0019
              Episode_Reward/ang_vel_xy: -0.0332
             Episode_Reward/base_height: -0.0639
             Episode_Reward/orientation: -0.0440
                    Episode_Reward/pose: -0.0025
             Episode_Reward/action_rate: -0.0084
              Episode_Reward/action_acc: -0.0247
           Episode_Termination/time_out: 0.0909
    Episode_Termination/bad_orientation: 1.7273
--------------------------------------------------------------------------------
                         Iteration time: 0.46s
                           Time elapsed: 00:00:35
                                    ETA: 00:01:19

################################################################################
[1m                           Learning iteration 77/250                            [0m 

                            Total steps: 958464 
                       Steps per second: 28094 
                        Collection time: 0.374s 
                          Learning time: 0.063s 
                        Mean value loss: 0.0382
                    Mean surrogate loss: -0.0115
                      Mean entropy loss: 6.2536
                            Mean reward: 2.66
                    Mean episode length: 109.40
                        Mean action std: 0.45
                reward/tracking_lin_vel: 1.0451
                reward/tracking_ang_vel: 0.1272
                      reward/feet_phase: 0.2458
             reward/feet_phase_contrast: 0.4547
             reward/feet_contact_number: 0.4674
                   reward/feet_air_time: 0.0029
                     reward/under_speed: -0.1771
                       reward/feet_slip: -0.0014
                  reward/feet_clearance: -0.0062
                       reward/lin_vel_z: -0.0032
                      reward/ang_vel_xy: -0.0869
                     reward/base_height: -0.0845
                     reward/orientation: -0.0853
                            reward/pose: -0.0142
                     reward/action_rate: -0.0521
                      reward/action_acc: -0.1543
--------------------------------------------------------------------------------
                         Iteration time: 0.44s
                           Time elapsed: 00:00:35
                                    ETA: 00:01:19

################################################################################
[1m                           Learning iteration 78/250                            [0m 

                            Total steps: 970752 
                       Steps per second: 25175 
                        Collection time: 0.414s 
                          Learning time: 0.074s 
                        Mean value loss: 0.0370
                    Mean surrogate loss: -0.0099
                      Mean entropy loss: 6.2376
                            Mean reward: 2.64
                    Mean episode length: 108.05
                        Mean action std: 0.45
                reward/tracking_lin_vel: 1.0388
                reward/tracking_ang_vel: 0.1262
                      reward/feet_phase: 0.3009
             reward/feet_phase_contrast: 0.4356
             reward/feet_contact_number: 0.4654
                   reward/feet_air_time: 0.0045
                     reward/under_speed: -0.1792
                       reward/feet_slip: -0.0013
                  reward/feet_clearance: -0.0062
                       reward/lin_vel_z: -0.0027
                      reward/ang_vel_xy: -0.0858
                     reward/base_height: -0.0897
                     reward/orientation: -0.0783
                            reward/pose: -0.0137
                     reward/action_rate: -0.0528
                      reward/action_acc: -0.1565
             Metrics/twist/error_vel_xy: 0.2252
            Metrics/twist/error_vel_yaw: 0.1798
        Episode_Reward/tracking_lin_vel: 0.0838
        Episode_Reward/tracking_ang_vel: 0.0090
              Episode_Reward/feet_phase: 0.0426
     Episode_Reward/feet_phase_contrast: 0.0701
     Episode_Reward/feet_contact_number: 0.0351
           Episode_Reward/feet_air_time: 0.0030
             Episode_Reward/under_speed: -0.0083
               Episode_Reward/feet_slip: -0.0003
          Episode_Reward/feet_clearance: -0.0008
               Episode_Reward/lin_vel_z: -0.0017
              Episode_Reward/ang_vel_xy: -0.0300
             Episode_Reward/base_height: -0.0796
             Episode_Reward/orientation: -0.0467
                    Episode_Reward/pose: -0.0013
             Episode_Reward/action_rate: -0.0040
              Episode_Reward/action_acc: -0.0118
           Episode_Termination/time_out: 0.0000
    Episode_Termination/bad_orientation: 1.6250
--------------------------------------------------------------------------------
                         Iteration time: 0.49s
                           Time elapsed: 00:00:36
                                    ETA: 00:01:18

################################################################################
[1m                           Learning iteration 79/250                            [0m 

                            Total steps: 983040 
                       Steps per second: 24525 
                        Collection time: 0.436s 
                          Learning time: 0.065s 
                        Mean value loss: 0.0409
                    Mean surrogate loss: -0.0095
                      Mean entropy loss: 6.2212
                            Mean reward: 3.37
                    Mean episode length: 128.43
                        Mean action std: 0.45
                reward/tracking_lin_vel: 1.0510
                reward/tracking_ang_vel: 0.1273
                      reward/feet_phase: 0.2482
             reward/feet_phase_contrast: 0.4351
             reward/feet_contact_number: 0.4661
                   reward/feet_air_time: 0.0007
                     reward/under_speed: -0.1801
                       reward/feet_slip: -0.0013
                  reward/feet_clearance: -0.0062
                       reward/lin_vel_z: -0.0019
                      reward/ang_vel_xy: -0.0733
                     reward/base_height: -0.0499
                     reward/orientation: -0.0591
                            reward/pose: -0.0134
                     reward/action_rate: -0.0520
                      reward/action_acc: -0.1537
             Metrics/twist/error_vel_xy: 0.4001
            Metrics/twist/error_vel_yaw: 0.3483
        Episode_Reward/tracking_lin_vel: 0.3320
        Episode_Reward/tracking_ang_vel: 0.0405
              Episode_Reward/feet_phase: 0.1150
     Episode_Reward/feet_phase_contrast: 0.1892
     Episode_Reward/feet_contact_number: 0.1506
           Episode_Reward/feet_air_time: 0.0027
             Episode_Reward/under_speed: -0.0556
               Episode_Reward/feet_slip: -0.0007
          Episode_Reward/feet_clearance: -0.0028
               Episode_Reward/lin_vel_z: -0.0015
              Episode_Reward/ang_vel_xy: -0.0427
             Episode_Reward/base_height: -0.0700
             Episode_Reward/orientation: -0.0436
                    Episode_Reward/pose: -0.0061
             Episode_Reward/action_rate: -0.0171
              Episode_Reward/action_acc: -0.0507
           Episode_Termination/time_out: 0.3333
    Episode_Termination/bad_orientation: 1.0000
--------------------------------------------------------------------------------
                         Iteration time: 0.50s
                           Time elapsed: 00:00:36
                                    ETA: 00:01:18

################################################################################
[1m                           Learning iteration 80/250                            [0m 

                            Total steps: 995328 
                       Steps per second: 24280 
                        Collection time: 0.417s 
                          Learning time: 0.089s 
                        Mean value loss: 0.0256
                    Mean surrogate loss: -0.0084
                      Mean entropy loss: 6.2087
                            Mean reward: 3.55
                    Mean episode length: 136.91
                        Mean action std: 0.45
                reward/tracking_lin_vel: 1.0399
                reward/tracking_ang_vel: 0.1264
                      reward/feet_phase: 0.2096
             reward/feet_phase_contrast: 0.4157
             reward/feet_contact_number: 0.4622
                   reward/feet_air_time: 0.0025
                     reward/under_speed: -0.1809
                       reward/feet_slip: -0.0013
                  reward/feet_clearance: -0.0060
                       reward/lin_vel_z: -0.0021
                      reward/ang_vel_xy: -0.0799
                     reward/base_height: -0.0657
                     reward/orientation: -0.0687
                            reward/pose: -0.0134
                     reward/action_rate: -0.0519
                      reward/action_acc: -0.1536
--------------------------------------------------------------------------------
                         Iteration time: 0.51s
                           Time elapsed: 00:00:37
                                    ETA: 00:01:18

################################################################################
[1m                           Learning iteration 81/250                            [0m 

                            Total steps: 1007616 
                       Steps per second: 28117 
                        Collection time: 0.373s 
                          Learning time: 0.064s 
                        Mean value loss: 0.0266
                    Mean surrogate loss: -0.0091
                      Mean entropy loss: 6.1852
                            Mean reward: 4.31
                    Mean episode length: 155.71
                        Mean action std: 0.45
                reward/tracking_lin_vel: 1.0679
                reward/tracking_ang_vel: 0.1273
                      reward/feet_phase: 0.2674
             reward/feet_phase_contrast: 0.4431
             reward/feet_contact_number: 0.4646
                   reward/feet_air_time: 0.0012
                     reward/under_speed: -0.1798
                       reward/feet_slip: -0.0012
                  reward/feet_clearance: -0.0060
                       reward/lin_vel_z: -0.0017
                      reward/ang_vel_xy: -0.0682
                     reward/base_height: -0.0307
                     reward/orientation: -0.0523
                            reward/pose: -0.0132
                     reward/action_rate: -0.0516
                      reward/action_acc: -0.1529
             Metrics/twist/error_vel_xy: 0.4049
            Metrics/twist/error_vel_yaw: 0.3187
        Episode_Reward/tracking_lin_vel: 0.4333
        Episode_Reward/tracking_ang_vel: 0.0509
              Episode_Reward/feet_phase: 0.1291
     Episode_Reward/feet_phase_contrast: 0.2153
     Episode_Reward/feet_contact_number: 0.1984
           Episode_Reward/feet_air_time: 0.0046
             Episode_Reward/under_speed: -0.0725
               Episode_Reward/feet_slip: -0.0005
          Episode_Reward/feet_clearance: -0.0026
               Episode_Reward/lin_vel_z: -0.0019
              Episode_Reward/ang_vel_xy: -0.0482
             Episode_Reward/base_height: -0.0592
             Episode_Reward/orientation: -0.0472
                    Episode_Reward/pose: -0.0062
             Episode_Reward/action_rate: -0.0221
              Episode_Reward/action_acc: -0.0653
           Episode_Termination/time_out: 0.5000
    Episode_Termination/bad_orientation: 1.0000
--------------------------------------------------------------------------------
                         Iteration time: 0.44s
                           Time elapsed: 00:00:37
                                    ETA: 00:01:17

################################################################################
[1m                           Learning iteration 82/250                            [0m 

                            Total steps: 1019904 
                       Steps per second: 27793 
                        Collection time: 0.377s 
                          Learning time: 0.065s 
                        Mean value loss: 0.0283
                    Mean surrogate loss: -0.0104
                      Mean entropy loss: 6.1428
                            Mean reward: 4.35
                    Mean episode length: 156.52
                        Mean action std: 0.45
                reward/tracking_lin_vel: 1.0564
                reward/tracking_ang_vel: 0.1280
                      reward/feet_phase: 0.2758
             reward/feet_phase_contrast: 0.4128
             reward/feet_contact_number: 0.4655
                   reward/feet_air_time: 0.0003
                     reward/under_speed: -0.1808
                       reward/feet_slip: -0.0013
                  reward/feet_clearance: -0.0060
                       reward/lin_vel_z: -0.0022
                      reward/ang_vel_xy: -0.0743
                     reward/base_height: -0.0422
                     reward/orientation: -0.0600
                            reward/pose: -0.0129
                     reward/action_rate: -0.0518
                      reward/action_acc: -0.1529
--------------------------------------------------------------------------------
                         Iteration time: 0.44s
                           Time elapsed: 00:00:38
                                    ETA: 00:01:17

################################################################################
[1m                           Learning iteration 83/250                            [0m 

                            Total steps: 1032192 
                       Steps per second: 31904 
                        Collection time: 0.320s 
                          Learning time: 0.065s 
                        Mean value loss: 3.0046
                    Mean surrogate loss: -0.0108
                      Mean entropy loss: 6.1281
                            Mean reward: 4.83
                    Mean episode length: 166.98
                        Mean action std: 0.45
                reward/tracking_lin_vel: 0.6604
                reward/tracking_ang_vel: 0.1163
                      reward/feet_phase: 0.3435
             reward/feet_phase_contrast: 0.6363
             reward/feet_contact_number: 0.4564
                   reward/feet_air_time: 0.0683
                     reward/under_speed: -0.1402
                       reward/feet_slip: -0.0042
                  reward/feet_clearance: -0.0150
                       reward/lin_vel_z: -0.0161
                      reward/ang_vel_xy: -0.3029
                     reward/base_height: -0.0887
                     reward/orientation: -0.1878
                            reward/pose: -0.0136
                     reward/action_rate: -0.0533
                      reward/action_acc: -0.1567
             Metrics/twist/error_vel_xy: 0.2108
            Metrics/twist/error_vel_yaw: 0.1747
        Episode_Reward/tracking_lin_vel: 0.2426
        Episode_Reward/tracking_ang_vel: 0.0272
              Episode_Reward/feet_phase: 0.0854
     Episode_Reward/feet_phase_contrast: 0.1441
     Episode_Reward/feet_contact_number: 0.1010
           Episode_Reward/feet_air_time: 0.0003
             Episode_Reward/under_speed: -0.0329
               Episode_Reward/feet_slip: -0.0005
          Episode_Reward/feet_clearance: -0.0017
               Episode_Reward/lin_vel_z: -0.0024
              Episode_Reward/ang_vel_xy: -0.0418
             Episode_Reward/base_height: -0.0581
             Episode_Reward/orientation: -0.0479
                    Episode_Reward/pose: -0.0037
             Episode_Reward/action_rate: -0.0115
              Episode_Reward/action_acc: -0.0340
           Episode_Termination/time_out: 0.1250
    Episode_Termination/bad_orientation: 0.8750
--------------------------------------------------------------------------------
                         Iteration time: 0.39s
                           Time elapsed: 00:00:38
                                    ETA: 00:01:16

################################################################################
[1m                           Learning iteration 84/250                            [0m 

                            Total steps: 1044480 
                       Steps per second: 29679 
                        Collection time: 0.352s 
                          Learning time: 0.062s 
                        Mean value loss: 0.2179
                    Mean surrogate loss: -0.0107
                      Mean entropy loss: 6.1263
                            Mean reward: 11.97
                    Mean episode length: 406.42
                        Mean action std: 0.45
                reward/tracking_lin_vel: 0.7205
                reward/tracking_ang_vel: 0.1062
                      reward/feet_phase: 0.4095
             reward/feet_phase_contrast: 0.7367
             reward/feet_contact_number: 0.4316
                   reward/feet_air_time: 0.1464
                     reward/under_speed: -0.1241
                       reward/feet_slip: -0.0041
                  reward/feet_clearance: -0.0146
                       reward/lin_vel_z: -0.0384
                      reward/ang_vel_xy: -0.6800
                     reward/base_height: -1.7695
                     reward/orientation: -0.7926
                            reward/pose: -0.0135
                     reward/action_rate: -0.0524
                      reward/action_acc: -0.1522
             Metrics/twist/error_vel_xy: 0.3977
            Metrics/twist/error_vel_yaw: 0.2467
        Episode_Reward/tracking_lin_vel: 0.4003
        Episode_Reward/tracking_ang_vel: 0.0497
              Episode_Reward/feet_phase: 0.1126
     Episode_Reward/feet_phase_contrast: 0.1935
     Episode_Reward/feet_contact_number: 0.1851
           Episode_Reward/feet_air_time: 0.0062
             Episode_Reward/under_speed: -0.0689
               Episode_Reward/feet_slip: -0.0007
          Episode_Reward/feet_clearance: -0.0030
               Episode_Reward/lin_vel_z: -0.0028
              Episode_Reward/ang_vel_xy: -0.0578
             Episode_Reward/base_height: -0.0772
             Episode_Reward/orientation: -0.0515
                    Episode_Reward/pose: -0.0065
             Episode_Reward/action_rate: -0.0209
              Episode_Reward/action_acc: -0.0621
           Episode_Termination/time_out: 0.0000
    Episode_Termination/bad_orientation: 11.6667
--------------------------------------------------------------------------------
                         Iteration time: 0.41s
                           Time elapsed: 00:00:39
                                    ETA: 00:01:16

################################################################################
[1m                           Learning iteration 85/250                            [0m 

                            Total steps: 1056768 
                       Steps per second: 28034 
                        Collection time: 0.374s 
                          Learning time: 0.065s 
                        Mean value loss: 0.2160
                    Mean surrogate loss: -0.0110
                      Mean entropy loss: 6.1123
                            Mean reward: 11.77
                    Mean episode length: 400.66
                        Mean action std: 0.45
                reward/tracking_lin_vel: 1.1099
                reward/tracking_ang_vel: 0.1206
                      reward/feet_phase: 0.5675
             reward/feet_phase_contrast: 0.8338
             reward/feet_contact_number: 0.4514
                   reward/feet_air_time: 0.0327
                     reward/under_speed: -0.1369
                       reward/feet_slip: -0.0026
                  reward/feet_clearance: -0.0099
                       reward/lin_vel_z: -0.0102
                      reward/ang_vel_xy: -0.2397
                     reward/base_height: -0.6000
                     reward/orientation: -0.2797
                            reward/pose: -0.0116
                     reward/action_rate: -0.0519
                      reward/action_acc: -0.1522
             Metrics/twist/error_vel_xy: 0.4178
            Metrics/twist/error_vel_yaw: 0.2959
        Episode_Reward/tracking_lin_vel: 0.3939
        Episode_Reward/tracking_ang_vel: 0.0473
              Episode_Reward/feet_phase: 0.1132
     Episode_Reward/feet_phase_contrast: 0.1919
     Episode_Reward/feet_contact_number: 0.1770
           Episode_Reward/feet_air_time: 0.0078
             Episode_Reward/under_speed: -0.0651
               Episode_Reward/feet_slip: -0.0007
          Episode_Reward/feet_clearance: -0.0028
               Episode_Reward/lin_vel_z: -0.0019
              Episode_Reward/ang_vel_xy: -0.0505
             Episode_Reward/base_height: -0.0906
             Episode_Reward/orientation: -0.0584
                    Episode_Reward/pose: -0.0060
             Episode_Reward/action_rate: -0.0200
              Episode_Reward/action_acc: -0.0594
           Episode_Termination/time_out: 0.0000
    Episode_Termination/bad_orientation: 4.0833
--------------------------------------------------------------------------------
                         Iteration time: 0.44s
                           Time elapsed: 00:00:39
                                    ETA: 00:01:15

################################################################################
[1m                           Learning iteration 86/250                            [0m 

                            Total steps: 1069056 
                       Steps per second: 26616 
                        Collection time: 0.396s 
                          Learning time: 0.065s 
                        Mean value loss: 0.1061
                    Mean surrogate loss: -0.0090
                      Mean entropy loss: 6.1059
                            Mean reward: 4.95
                    Mean episode length: 194.78
                        Mean action std: 0.45
                reward/tracking_lin_vel: 1.0726
                reward/tracking_ang_vel: 0.1245
                      reward/feet_phase: 0.4146
             reward/feet_phase_contrast: 0.6990
             reward/feet_contact_number: 0.4581
                   reward/feet_air_time: 0.0169
                     reward/under_speed: -0.1484
                       reward/feet_slip: -0.0023
                  reward/feet_clearance: -0.0082
                       reward/lin_vel_z: -0.0107
                      reward/ang_vel_xy: -0.2154
                     reward/base_height: -0.4397
                     reward/orientation: -0.2712
                            reward/pose: -0.0134
                     reward/action_rate: -0.0526
                      reward/action_acc: -0.1545
             Metrics/twist/error_vel_xy: 0.2947
            Metrics/twist/error_vel_yaw: 0.1975
        Episode_Reward/tracking_lin_vel: 0.0933
        Episode_Reward/tracking_ang_vel: 0.0119
              Episode_Reward/feet_phase: 0.0432
     Episode_Reward/feet_phase_contrast: 0.0697
     Episode_Reward/feet_contact_number: 0.0456
           Episode_Reward/feet_air_time: 0.0042
             Episode_Reward/under_speed: -0.0136
               Episode_Reward/feet_slip: -0.0003
          Episode_Reward/feet_clearance: -0.0010
               Episode_Reward/lin_vel_z: -0.0018
              Episode_Reward/ang_vel_xy: -0.0343
             Episode_Reward/base_height: -0.0797
             Episode_Reward/orientation: -0.0437
                    Episode_Reward/pose: -0.0014
             Episode_Reward/action_rate: -0.0053
              Episode_Reward/action_acc: -0.0156
           Episode_Termination/time_out: 0.0000
    Episode_Termination/bad_orientation: 3.0455
--------------------------------------------------------------------------------
                         Iteration time: 0.46s
                           Time elapsed: 00:00:40
                                    ETA: 00:01:15

################################################################################
[1m                           Learning iteration 87/250                            [0m 

                            Total steps: 1081344 
                       Steps per second: 26723 
                        Collection time: 0.391s 
                          Learning time: 0.069s 
                        Mean value loss: 0.1015
                    Mean surrogate loss: -0.0097
                      Mean entropy loss: 6.0888
                            Mean reward: 1.57
                    Mean episode length: 83.60
                        Mean action std: 0.44
                reward/tracking_lin_vel: 1.0815
                reward/tracking_ang_vel: 0.1258
                      reward/feet_phase: 0.3301
             reward/feet_phase_contrast: 0.6041
             reward/feet_contact_number: 0.4629
                   reward/feet_air_time: 0.0055
                     reward/under_speed: -0.1571
                       reward/feet_slip: -0.0021
                  reward/feet_clearance: -0.0074
                       reward/lin_vel_z: -0.0080
                      reward/ang_vel_xy: -0.1668
                     reward/base_height: -0.2898
                     reward/orientation: -0.1957
                            reward/pose: -0.0120
                     reward/action_rate: -0.0517
                      reward/action_acc: -0.1524
             Metrics/twist/error_vel_xy: 0.2529
            Metrics/twist/error_vel_yaw: 0.2139
        Episode_Reward/tracking_lin_vel: 0.0838
        Episode_Reward/tracking_ang_vel: 0.0087
              Episode_Reward/feet_phase: 0.0502
     Episode_Reward/feet_phase_contrast: 0.0804
     Episode_Reward/feet_contact_number: 0.0330
           Episode_Reward/feet_air_time: 0.0027
             Episode_Reward/under_speed: -0.0068
               Episode_Reward/feet_slip: -0.0003
          Episode_Reward/feet_clearance: -0.0008
               Episode_Reward/lin_vel_z: -0.0018
              Episode_Reward/ang_vel_xy: -0.0313
             Episode_Reward/base_height: -0.0681
             Episode_Reward/orientation: -0.0437
                    Episode_Reward/pose: -0.0010
             Episode_Reward/action_rate: -0.0040
              Episode_Reward/action_acc: -0.0117
           Episode_Termination/time_out: 0.0000
    Episode_Termination/bad_orientation: 2.3478
--------------------------------------------------------------------------------
                         Iteration time: 0.46s
                           Time elapsed: 00:00:40
                                    ETA: 00:01:14

################################################################################
[1m                           Learning iteration 88/250                            [0m 

                            Total steps: 1093632 
                       Steps per second: 26416 
                        Collection time: 0.402s 
                          Learning time: 0.063s 
                        Mean value loss: 0.0723
                    Mean surrogate loss: -0.0101
                      Mean entropy loss: 6.0550
                            Mean reward: 2.09
                    Mean episode length: 83.74
                        Mean action std: 0.44
                reward/tracking_lin_vel: 1.0783
                reward/tracking_ang_vel: 0.1276
                      reward/feet_phase: 0.3327
             reward/feet_phase_contrast: 0.5679
             reward/feet_contact_number: 0.4633
                   reward/feet_air_time: 0.0034
                     reward/under_speed: -0.1648
                       reward/feet_slip: -0.0018
                  reward/feet_clearance: -0.0069
                       reward/lin_vel_z: -0.0064
                      reward/ang_vel_xy: -0.1420
                     reward/base_height: -0.2384
                     reward/orientation: -0.1590
                            reward/pose: -0.0120
                     reward/action_rate: -0.0506
                      reward/action_acc: -0.1499
             Metrics/twist/error_vel_xy: 0.3041
            Metrics/twist/error_vel_yaw: 0.2426
        Episode_Reward/tracking_lin_vel: 0.1001
        Episode_Reward/tracking_ang_vel: 0.0112
              Episode_Reward/feet_phase: 0.0572
     Episode_Reward/feet_phase_contrast: 0.0940
     Episode_Reward/feet_contact_number: 0.0418
           Episode_Reward/feet_air_time: 0.0026
             Episode_Reward/under_speed: -0.0108
               Episode_Reward/feet_slip: -0.0003
          Episode_Reward/feet_clearance: -0.0010
               Episode_Reward/lin_vel_z: -0.0017
              Episode_Reward/ang_vel_xy: -0.0314
             Episode_Reward/base_height: -0.0675
             Episode_Reward/orientation: -0.0456
                    Episode_Reward/pose: -0.0014
             Episode_Reward/action_rate: -0.0049
              Episode_Reward/action_acc: -0.0142
           Episode_Termination/time_out: 0.0000
    Episode_Termination/bad_orientation: 2.2632
--------------------------------------------------------------------------------
                         Iteration time: 0.47s
                           Time elapsed: 00:00:40
                                    ETA: 00:01:14

################################################################################
[1m                           Learning iteration 89/250                            [0m 

                            Total steps: 1105920 
                       Steps per second: 27196 
                        Collection time: 0.387s 
                          Learning time: 0.065s 
                        Mean value loss: 0.0585
                    Mean surrogate loss: -0.0087
                      Mean entropy loss: 6.0390
                            Mean reward: 2.18
                    Mean episode length: 86.43
                        Mean action std: 0.44
                reward/tracking_lin_vel: 1.0500
                reward/tracking_ang_vel: 0.1290
                      reward/feet_phase: 0.3229
             reward/feet_phase_contrast: 0.4743
             reward/feet_contact_number: 0.4656
                   reward/feet_air_time: 0.0034
                     reward/under_speed: -0.1735
                       reward/feet_slip: -0.0015
                  reward/feet_clearance: -0.0066
                       reward/lin_vel_z: -0.0040
                      reward/ang_vel_xy: -0.1063
                     reward/base_height: -0.1341
                     reward/orientation: -0.1072
                            reward/pose: -0.0118
                     reward/action_rate: -0.0508
                      reward/action_acc: -0.1503
--------------------------------------------------------------------------------
                         Iteration time: 0.45s
                           Time elapsed: 00:00:41
                                    ETA: 00:01:13

################################################################################
[1m                           Learning iteration 90/250                            [0m 

                            Total steps: 1118208 
                       Steps per second: 26062 
                        Collection time: 0.394s 
                          Learning time: 0.078s 
                        Mean value loss: 0.0387
                    Mean surrogate loss: -0.0086
                      Mean entropy loss: 6.0278
                            Mean reward: 1.89
                    Mean episode length: 80.91
                        Mean action std: 0.44
                reward/tracking_lin_vel: 1.0510
                reward/tracking_ang_vel: 0.1290
                      reward/feet_phase: 0.2340
             reward/feet_phase_contrast: 0.4377
             reward/feet_contact_number: 0.4621
                   reward/feet_air_time: 0.0041
                     reward/under_speed: -0.1770
                       reward/feet_slip: -0.0014
                  reward/feet_clearance: -0.0064
                       reward/lin_vel_z: -0.0034
                      reward/ang_vel_xy: -0.0980
                     reward/base_height: -0.1206
                     reward/orientation: -0.0877
                            reward/pose: -0.0116
                     reward/action_rate: -0.0505
                      reward/action_acc: -0.1495
--------------------------------------------------------------------------------
                         Iteration time: 0.47s
                           Time elapsed: 00:00:41
                                    ETA: 00:01:13

################################################################################
[1m                           Learning iteration 91/250                            [0m 

                            Total steps: 1130496 
                       Steps per second: 27445 
                        Collection time: 0.381s 
                          Learning time: 0.066s 
                        Mean value loss: 0.0380
                    Mean surrogate loss: -0.0082
                      Mean entropy loss: 6.0093
                            Mean reward: 1.69
                    Mean episode length: 79.41
                        Mean action std: 0.44
                reward/tracking_lin_vel: 1.0650
                reward/tracking_ang_vel: 0.1309
                      reward/feet_phase: 0.2263
             reward/feet_phase_contrast: 0.4400
             reward/feet_contact_number: 0.4648
                   reward/feet_air_time: 0.0038
                     reward/under_speed: -0.1787
                       reward/feet_slip: -0.0013
                  reward/feet_clearance: -0.0063
                       reward/lin_vel_z: -0.0025
                      reward/ang_vel_xy: -0.0815
                     reward/base_height: -0.0650
                     reward/orientation: -0.0682
                            reward/pose: -0.0115
                     reward/action_rate: -0.0514
                      reward/action_acc: -0.1527
--------------------------------------------------------------------------------
                         Iteration time: 0.45s
                           Time elapsed: 00:00:42
                                    ETA: 00:01:12

################################################################################
[1m                           Learning iteration 92/250                            [0m 

                            Total steps: 1142784 
                       Steps per second: 27740 
                        Collection time: 0.380s 
                          Learning time: 0.063s 
                        Mean value loss: 0.0279
                    Mean surrogate loss: -0.0082
                      Mean entropy loss: 5.9981
                            Mean reward: 3.01
                    Mean episode length: 121.38
                        Mean action std: 0.44
                reward/tracking_lin_vel: 1.0707
                reward/tracking_ang_vel: 0.1309
                      reward/feet_phase: 0.2815
             reward/feet_phase_contrast: 0.4338
             reward/feet_contact_number: 0.4645
                   reward/feet_air_time: 0.0006
                     reward/under_speed: -0.1802
                       reward/feet_slip: -0.0012
                  reward/feet_clearance: -0.0061
                       reward/lin_vel_z: -0.0022
                      reward/ang_vel_xy: -0.0753
                     reward/base_height: -0.0569
                     reward/orientation: -0.0597
                            reward/pose: -0.0116
                     reward/action_rate: -0.0511
                      reward/action_acc: -0.1516
--------------------------------------------------------------------------------
                         Iteration time: 0.44s
                           Time elapsed: 00:00:42
                                    ETA: 00:01:12

################################################################################
[1m                           Learning iteration 93/250                            [0m 

                            Total steps: 1155072 
                       Steps per second: 28351 
                        Collection time: 0.369s 
                          Learning time: 0.064s 
                        Mean value loss: 0.0232
                    Mean surrogate loss: -0.0092
                      Mean entropy loss: 5.9768
                            Mean reward: 3.91
                    Mean episode length: 145.30
                        Mean action std: 0.44
                reward/tracking_lin_vel: 1.0760
                reward/tracking_ang_vel: 0.1306
                      reward/feet_phase: 0.2738
             reward/feet_phase_contrast: 0.4437
             reward/feet_contact_number: 0.4624
                   reward/feet_air_time: 0.0000
                     reward/under_speed: -0.1798
                       reward/feet_slip: -0.0013
                  reward/feet_clearance: -0.0060
                       reward/lin_vel_z: -0.0020
                      reward/ang_vel_xy: -0.0717
                     reward/base_height: -0.0364
                     reward/orientation: -0.0542
                            reward/pose: -0.0115
                     reward/action_rate: -0.0506
                      reward/action_acc: -0.1500
--------------------------------------------------------------------------------
                         Iteration time: 0.43s
                           Time elapsed: 00:00:43
                                    ETA: 00:01:11

################################################################################
[1m                           Learning iteration 94/250                            [0m 

                            Total steps: 1167360 
                       Steps per second: 27668 
                        Collection time: 0.378s 
                          Learning time: 0.066s 
                        Mean value loss: 0.0312
                    Mean surrogate loss: -0.0115
                      Mean entropy loss: 5.9388
                            Mean reward: 4.59
                    Mean episode length: 161.19
                        Mean action std: 0.44
                reward/tracking_lin_vel: 1.0670
                reward/tracking_ang_vel: 0.1318
                      reward/feet_phase: 0.2129
             reward/feet_phase_contrast: 0.4175
             reward/feet_contact_number: 0.4668
                   reward/feet_air_time: 0.0001
                     reward/under_speed: -0.1807
                       reward/feet_slip: -0.0012
                  reward/feet_clearance: -0.0059
                       reward/lin_vel_z: -0.0020
                      reward/ang_vel_xy: -0.0722
                     reward/base_height: -0.0442
                     reward/orientation: -0.0554
                            reward/pose: -0.0111
                     reward/action_rate: -0.0501
                      reward/action_acc: -0.1488
--------------------------------------------------------------------------------
                         Iteration time: 0.44s
                           Time elapsed: 00:00:43
                                    ETA: 00:01:11

################################################################################
[1m                           Learning iteration 95/250                            [0m 

                            Total steps: 1179648 
                       Steps per second: 27629 
                        Collection time: 0.382s 
                          Learning time: 0.062s 
                        Mean value loss: 0.0286
                    Mean surrogate loss: -0.0116
                      Mean entropy loss: 5.9043
                            Mean reward: 4.98
                    Mean episode length: 171.73
                        Mean action std: 0.44
                reward/tracking_lin_vel: 1.0763
                reward/tracking_ang_vel: 0.1324
                      reward/feet_phase: 0.2467
             reward/feet_phase_contrast: 0.4421
             reward/feet_contact_number: 0.4666
                   reward/feet_air_time: 0.0001
                     reward/under_speed: -0.1794
                       reward/feet_slip: -0.0012
                  reward/feet_clearance: -0.0059
                       reward/lin_vel_z: -0.0018
                      reward/ang_vel_xy: -0.0725
                     reward/base_height: -0.0377
                     reward/orientation: -0.0547
                            reward/pose: -0.0112
                     reward/action_rate: -0.0502
                      reward/action_acc: -0.1487
--------------------------------------------------------------------------------
                         Iteration time: 0.44s
                           Time elapsed: 00:00:44
                                    ETA: 00:01:10

################################################################################
[1m                           Learning iteration 96/250                            [0m 

                            Total steps: 1191936 
                       Steps per second: 27096 
                        Collection time: 0.389s 
                          Learning time: 0.064s 
                        Mean value loss: 0.0210
                    Mean surrogate loss: -0.0112
                      Mean entropy loss: 5.8723
                            Mean reward: 5.75
                    Mean episode length: 190.54
                        Mean action std: 0.43
                reward/tracking_lin_vel: 1.0559
                reward/tracking_ang_vel: 0.1329
                      reward/feet_phase: 0.2913
             reward/feet_phase_contrast: 0.4226
             reward/feet_contact_number: 0.4650
                   reward/feet_air_time: 0.0005
                     reward/under_speed: -0.1812
                       reward/feet_slip: -0.0012
                  reward/feet_clearance: -0.0059
                       reward/lin_vel_z: -0.0015
                      reward/ang_vel_xy: -0.0755
                     reward/base_height: -0.0343
                     reward/orientation: -0.0488
                            reward/pose: -0.0113
                     reward/action_rate: -0.0506
                      reward/action_acc: -0.1501
             Metrics/twist/error_vel_xy: 0.2872
            Metrics/twist/error_vel_yaw: 0.2325
        Episode_Reward/tracking_lin_vel: 0.3646
        Episode_Reward/tracking_ang_vel: 0.0402
              Episode_Reward/feet_phase: 0.1144
     Episode_Reward/feet_phase_contrast: 0.1929
     Episode_Reward/feet_contact_number: 0.1539
           Episode_Reward/feet_air_time: 0.0013
             Episode_Reward/under_speed: -0.0533
               Episode_Reward/feet_slip: -0.0006
          Episode_Reward/feet_clearance: -0.0024
               Episode_Reward/lin_vel_z: -0.0013
              Episode_Reward/ang_vel_xy: -0.0428
             Episode_Reward/base_height: -0.0508
             Episode_Reward/orientation: -0.0437
                    Episode_Reward/pose: -0.0039
             Episode_Reward/action_rate: -0.0171
              Episode_Reward/action_acc: -0.0508
           Episode_Termination/time_out: 0.2857
    Episode_Termination/bad_orientation: 0.7143
--------------------------------------------------------------------------------
                         Iteration time: 0.45s
                           Time elapsed: 00:00:44
                                    ETA: 00:01:10

################################################################################
[1m                           Learning iteration 97/250                            [0m 

                            Total steps: 1204224 
                       Steps per second: 26781 
                        Collection time: 0.392s 
                          Learning time: 0.067s 
                        Mean value loss: 0.0170
                    Mean surrogate loss: -0.0116
                      Mean entropy loss: 5.8284
                            Mean reward: 6.04
                    Mean episode length: 199.98
                        Mean action std: 0.43
                reward/tracking_lin_vel: 1.0619
                reward/tracking_ang_vel: 0.1332
                      reward/feet_phase: 0.2319
             reward/feet_phase_contrast: 0.4309
             reward/feet_contact_number: 0.4661
                   reward/feet_air_time: 0.0001
                     reward/under_speed: -0.1813
                       reward/feet_slip: -0.0012
                  reward/feet_clearance: -0.0060
                       reward/lin_vel_z: -0.0016
                      reward/ang_vel_xy: -0.0700
                     reward/base_height: -0.0235
                     reward/orientation: -0.0450
                            reward/pose: -0.0112
                     reward/action_rate: -0.0510
                      reward/action_acc: -0.1508
--------------------------------------------------------------------------------
                         Iteration time: 0.46s
                           Time elapsed: 00:00:45
                                    ETA: 00:01:09

################################################################################
[1m                           Learning iteration 98/250                            [0m 

                            Total steps: 1216512 
                       Steps per second: 26786 
                        Collection time: 0.390s 
                          Learning time: 0.068s 
                        Mean value loss: 0.0145
                    Mean surrogate loss: -0.0108
                      Mean entropy loss: 5.7647
                            Mean reward: 7.38
                    Mean episode length: 236.55
                        Mean action std: 0.43
                reward/tracking_lin_vel: 1.0606
                reward/tracking_ang_vel: 0.1343
                      reward/feet_phase: 0.2054
             reward/feet_phase_contrast: 0.4137
             reward/feet_contact_number: 0.4659
                   reward/feet_air_time: 0.0012
                     reward/under_speed: -0.1820
                       reward/feet_slip: -0.0011
                  reward/feet_clearance: -0.0059
                       reward/lin_vel_z: -0.0012
                      reward/ang_vel_xy: -0.0681
                     reward/base_height: -0.0114
                     reward/orientation: -0.0390
                            reward/pose: -0.0110
                     reward/action_rate: -0.0503
                      reward/action_acc: -0.1486
--------------------------------------------------------------------------------
                         Iteration time: 0.46s
                           Time elapsed: 00:00:45
                                    ETA: 00:01:09

################################################################################
[1m                           Learning iteration 99/250                            [0m 

                            Total steps: 1228800 
                       Steps per second: 26077 
                        Collection time: 0.402s 
                          Learning time: 0.069s 
                        Mean value loss: 1.8573
                    Mean surrogate loss: -0.0102
                      Mean entropy loss: 5.7201
                            Mean reward: 7.78
                    Mean episode length: 245.69
                        Mean action std: 0.43
                reward/tracking_lin_vel: 1.0697
                reward/tracking_ang_vel: 0.1339
                      reward/feet_phase: 0.2834
             reward/feet_phase_contrast: 0.4475
             reward/feet_contact_number: 0.4641
                   reward/feet_air_time: 0.0005
                     reward/under_speed: -0.1807
                       reward/feet_slip: -0.0011
                  reward/feet_clearance: -0.0058
                       reward/lin_vel_z: -0.0013
                      reward/ang_vel_xy: -0.0712
                     reward/base_height: -0.0168
                     reward/orientation: -0.0424
                            reward/pose: -0.0111
                     reward/action_rate: -0.0497
                      reward/action_acc: -0.1473
--------------------------------------------------------------------------------
                         Iteration time: 0.47s
                           Time elapsed: 00:00:45
                                    ETA: 00:01:08

################################################################################
[1m                           Learning iteration 100/250                           [0m 

                            Total steps: 1241088 
                       Steps per second: 32519 
                        Collection time: 0.304s 
                          Learning time: 0.074s 
                        Mean value loss: 0.3606
                    Mean surrogate loss: -0.0105
                      Mean entropy loss: 5.7094
                            Mean reward: 14.22
                    Mean episode length: 423.23
                        Mean action std: 0.43
                reward/tracking_lin_vel: 0.4764
                reward/tracking_ang_vel: 0.1018
                      reward/feet_phase: 0.3871
             reward/feet_phase_contrast: 0.6463
             reward/feet_contact_number: 0.4449
                   reward/feet_air_time: 0.1478
                     reward/under_speed: -0.1288
                       reward/feet_slip: -0.0055
                  reward/feet_clearance: -0.0182
                       reward/lin_vel_z: -0.0284
                      reward/ang_vel_xy: -0.5122
                     reward/base_height: -0.4622
                     reward/orientation: -0.4319
                            reward/pose: -0.0138
                     reward/action_rate: -0.0517
                      reward/action_acc: -0.1505
--------------------------------------------------------------------------------
                         Iteration time: 0.38s
                           Time elapsed: 00:00:46
                                    ETA: 00:01:08

################################################################################
[1m                           Learning iteration 101/250                           [0m 

                            Total steps: 1253376 
                       Steps per second: 26862 
                        Collection time: 0.392s 
                          Learning time: 0.065s 
                        Mean value loss: 0.2352
                    Mean surrogate loss: -0.0114
                      Mean entropy loss: 5.7117
                            Mean reward: 12.20
                    Mean episode length: 415.84
                        Mean action std: 0.43
                reward/tracking_lin_vel: 0.8420
                reward/tracking_ang_vel: 0.1124
                      reward/feet_phase: 0.4475
             reward/feet_phase_contrast: 0.7412
             reward/feet_contact_number: 0.4420
                   reward/feet_air_time: 0.0715
                     reward/under_speed: -0.1316
                       reward/feet_slip: -0.0035
                  reward/feet_clearance: -0.0142
                       reward/lin_vel_z: -0.0245
                      reward/ang_vel_xy: -0.5756
                     reward/base_height: -1.7313
                     reward/orientation: -0.6211
                            reward/pose: -0.0104
                     reward/action_rate: -0.0511
                      reward/action_acc: -0.1471
             Metrics/twist/error_vel_xy: 0.4366
            Metrics/twist/error_vel_yaw: 0.2623
        Episode_Reward/tracking_lin_vel: 0.4124
        Episode_Reward/tracking_ang_vel: 0.0530
              Episode_Reward/feet_phase: 0.1158
     Episode_Reward/feet_phase_contrast: 0.1952
     Episode_Reward/feet_contact_number: 0.1920
           Episode_Reward/feet_air_time: 0.0072
             Episode_Reward/under_speed: -0.0724
               Episode_Reward/feet_slip: -0.0007
          Episode_Reward/feet_clearance: -0.0032
               Episode_Reward/lin_vel_z: -0.0020
              Episode_Reward/ang_vel_xy: -0.0580
             Episode_Reward/base_height: -0.0883
             Episode_Reward/orientation: -0.0513
                    Episode_Reward/pose: -0.0049
             Episode_Reward/action_rate: -0.0212
              Episode_Reward/action_acc: -0.0627
           Episode_Termination/time_out: 0.0417
    Episode_Termination/bad_orientation: 12.0000
--------------------------------------------------------------------------------
                         Iteration time: 0.46s
                           Time elapsed: 00:00:46
                                    ETA: 00:01:07

################################################################################
[1m                           Learning iteration 102/250                           [0m 

                            Total steps: 1265664 
                       Steps per second: 28379 
                        Collection time: 0.369s 
                          Learning time: 0.064s 
                        Mean value loss: 0.1680
                    Mean surrogate loss: -0.0103
                      Mean entropy loss: 5.7091
                            Mean reward: 9.48
                    Mean episode length: 346.17
                        Mean action std: 0.43
                reward/tracking_lin_vel: 1.0811
                reward/tracking_ang_vel: 0.1226
                      reward/feet_phase: 0.4191
             reward/feet_phase_contrast: 0.7259
             reward/feet_contact_number: 0.4625
                   reward/feet_air_time: 0.0206
                     reward/under_speed: -0.1499
                       reward/feet_slip: -0.0021
                  reward/feet_clearance: -0.0082
                       reward/lin_vel_z: -0.0070
                      reward/ang_vel_xy: -0.2047
                     reward/base_height: -0.4126
                     reward/orientation: -0.2364
                            reward/pose: -0.0119
                     reward/action_rate: -0.0509
                      reward/action_acc: -0.1492
             Metrics/twist/error_vel_xy: 0.3779
            Metrics/twist/error_vel_yaw: 0.2220
        Episode_Reward/tracking_lin_vel: 0.2982
        Episode_Reward/tracking_ang_vel: 0.0378
              Episode_Reward/feet_phase: 0.0822
     Episode_Reward/feet_phase_contrast: 0.1417
     Episode_Reward/feet_contact_number: 0.1394
           Episode_Reward/feet_air_time: 0.0045
             Episode_Reward/under_speed: -0.0516
               Episode_Reward/feet_slip: -0.0005
          Episode_Reward/feet_clearance: -0.0021
               Episode_Reward/lin_vel_z: -0.0016
              Episode_Reward/ang_vel_xy: -0.0486
             Episode_Reward/base_height: -0.0879
             Episode_Reward/orientation: -0.0497
                    Episode_Reward/pose: -0.0038
             Episode_Reward/action_rate: -0.0154
              Episode_Reward/action_acc: -0.0455
           Episode_Termination/time_out: 0.0000
    Episode_Termination/bad_orientation: 2.4545
--------------------------------------------------------------------------------
                         Iteration time: 0.43s
                           Time elapsed: 00:00:47
                                    ETA: 00:01:07

################################################################################
[1m                           Learning iteration 103/250                           [0m 

                            Total steps: 1277952 
                       Steps per second: 23393 
                        Collection time: 0.431s 
                          Learning time: 0.095s 
                        Mean value loss: 0.0965
                    Mean surrogate loss: -0.0090
                      Mean entropy loss: 5.7028
                            Mean reward: 3.25
                    Mean episode length: 160.68
                        Mean action std: 0.43
                reward/tracking_lin_vel: 1.0349
                reward/tracking_ang_vel: 0.1260
                      reward/feet_phase: 0.3950
             reward/feet_phase_contrast: 0.5799
             reward/feet_contact_number: 0.4549
                   reward/feet_air_time: 0.0107
                     reward/under_speed: -0.1614
                       reward/feet_slip: -0.0020
                  reward/feet_clearance: -0.0074
                       reward/lin_vel_z: -0.0070
                      reward/ang_vel_xy: -0.1816
                     reward/base_height: -0.3608
                     reward/orientation: -0.2028
                            reward/pose: -0.0122
                     reward/action_rate: -0.0509
                      reward/action_acc: -0.1497
             Metrics/twist/error_vel_xy: 0.3248
            Metrics/twist/error_vel_yaw: 0.2280
        Episode_Reward/tracking_lin_vel: 0.1141
        Episode_Reward/tracking_ang_vel: 0.0148
              Episode_Reward/feet_phase: 0.0479
     Episode_Reward/feet_phase_contrast: 0.0800
     Episode_Reward/feet_contact_number: 0.0555
           Episode_Reward/feet_air_time: 0.0017
             Episode_Reward/under_speed: -0.0172
               Episode_Reward/feet_slip: -0.0003
          Episode_Reward/feet_clearance: -0.0010
               Episode_Reward/lin_vel_z: -0.0015
              Episode_Reward/ang_vel_xy: -0.0350
             Episode_Reward/base_height: -0.0777
             Episode_Reward/orientation: -0.0440
                    Episode_Reward/pose: -0.0014
             Episode_Reward/action_rate: -0.0062
              Episode_Reward/action_acc: -0.0181
           Episode_Termination/time_out: 0.0000
    Episode_Termination/bad_orientation: 3.0000
--------------------------------------------------------------------------------
                         Iteration time: 0.53s
                           Time elapsed: 00:00:47
                                    ETA: 00:01:07

################################################################################
[1m                           Learning iteration 104/250                           [0m 

                            Total steps: 1290240 
                       Steps per second: 22649 
                        Collection time: 0.459s 
                          Learning time: 0.083s 
                        Mean value loss: 0.0788
                    Mean surrogate loss: -0.0079
                      Mean entropy loss: 5.6967
                            Mean reward: 1.87
                    Mean episode length: 109.11
                        Mean action std: 0.43
                reward/tracking_lin_vel: 1.0705
                reward/tracking_ang_vel: 0.1311
                      reward/feet_phase: 0.3132
             reward/feet_phase_contrast: 0.5436
             reward/feet_contact_number: 0.4594
                   reward/feet_air_time: 0.0076
                     reward/under_speed: -0.1658
                       reward/feet_slip: -0.0017
                  reward/feet_clearance: -0.0069
                       reward/lin_vel_z: -0.0051
                      reward/ang_vel_xy: -0.1363
                     reward/base_height: -0.2104
                     reward/orientation: -0.1453
                            reward/pose: -0.0119
                     reward/action_rate: -0.0517
                      reward/action_acc: -0.1535
--------------------------------------------------------------------------------
                         Iteration time: 0.54s
                           Time elapsed: 00:00:48
                                    ETA: 00:01:06

################################################################################
[1m                           Learning iteration 105/250                           [0m 

                            Total steps: 1302528 
                       Steps per second: 22379 
                        Collection time: 0.477s 
                          Learning time: 0.072s 
                        Mean value loss: 0.0533
                    Mean surrogate loss: -0.0073
                      Mean entropy loss: 5.6853
                            Mean reward: 1.63
                    Mean episode length: 91.90
                        Mean action std: 0.43
                reward/tracking_lin_vel: 1.0753
                reward/tracking_ang_vel: 0.1330
                      reward/feet_phase: 0.2812
             reward/feet_phase_contrast: 0.5331
             reward/feet_contact_number: 0.4741
                   reward/feet_air_time: 0.0045
                     reward/under_speed: -0.1672
                       reward/feet_slip: -0.0015
                  reward/feet_clearance: -0.0064
                       reward/lin_vel_z: -0.0049
                      reward/ang_vel_xy: -0.1369
                     reward/base_height: -0.2011
                     reward/orientation: -0.1321
                            reward/pose: -0.0118
                     reward/action_rate: -0.0519
                      reward/action_acc: -0.1538
             Metrics/twist/error_vel_xy: 0.3216
            Metrics/twist/error_vel_yaw: 0.2221
        Episode_Reward/tracking_lin_vel: 0.0927
        Episode_Reward/tracking_ang_vel: 0.0113
              Episode_Reward/feet_phase: 0.0430
     Episode_Reward/feet_phase_contrast: 0.0704
     Episode_Reward/feet_contact_number: 0.0426
           Episode_Reward/feet_air_time: 0.0041
             Episode_Reward/under_speed: -0.0127
               Episode_Reward/feet_slip: -0.0003
          Episode_Reward/feet_clearance: -0.0011
               Episode_Reward/lin_vel_z: -0.0014
              Episode_Reward/ang_vel_xy: -0.0338
             Episode_Reward/base_height: -0.0777
             Episode_Reward/orientation: -0.0421
                    Episode_Reward/pose: -0.0011
             Episode_Reward/action_rate: -0.0049
              Episode_Reward/action_acc: -0.0144
           Episode_Termination/time_out: 0.0556
    Episode_Termination/bad_orientation: 1.9444
--------------------------------------------------------------------------------
                         Iteration time: 0.55s
                           Time elapsed: 00:00:48
                                    ETA: 00:01:06

################################################################################
[1m                           Learning iteration 106/250                           [0m 

                            Total steps: 1314816 
                       Steps per second: 25223 
                        Collection time: 0.421s 
                          Learning time: 0.066s 
                        Mean value loss: 0.0386
                    Mean surrogate loss: -0.0087
                      Mean entropy loss: 5.6742
                            Mean reward: 2.05
                    Mean episode length: 92.16
                        Mean action std: 0.43
                reward/tracking_lin_vel: 1.0746
                reward/tracking_ang_vel: 0.1346
                      reward/feet_phase: 0.3018
             reward/feet_phase_contrast: 0.5059
             reward/feet_contact_number: 0.4644
                   reward/feet_air_time: 0.0018
                     reward/under_speed: -0.1723
                       reward/feet_slip: -0.0014
                  reward/feet_clearance: -0.0063
                       reward/lin_vel_z: -0.0039
                      reward/ang_vel_xy: -0.1070
                     reward/base_height: -0.0958
                     reward/orientation: -0.0903
                            reward/pose: -0.0112
                     reward/action_rate: -0.0518
                      reward/action_acc: -0.1530
             Metrics/twist/error_vel_xy: 0.2164
            Metrics/twist/error_vel_yaw: 0.2050
        Episode_Reward/tracking_lin_vel: 0.1038
        Episode_Reward/tracking_ang_vel: 0.0098
              Episode_Reward/feet_phase: 0.0603
     Episode_Reward/feet_phase_contrast: 0.0996
     Episode_Reward/feet_contact_number: 0.0366
           Episode_Reward/feet_air_time: 0.0011
             Episode_Reward/under_speed: -0.0063
               Episode_Reward/feet_slip: -0.0003
          Episode_Reward/feet_clearance: -0.0008
               Episode_Reward/lin_vel_z: -0.0020
              Episode_Reward/ang_vel_xy: -0.0296
             Episode_Reward/base_height: -0.0586
             Episode_Reward/orientation: -0.0450
                    Episode_Reward/pose: -0.0012
             Episode_Reward/action_rate: -0.0042
              Episode_Reward/action_acc: -0.0125
           Episode_Termination/time_out: 0.0000
    Episode_Termination/bad_orientation: 1.3333
--------------------------------------------------------------------------------
                         Iteration time: 0.49s
                           Time elapsed: 00:00:49
                                    ETA: 00:01:05

################################################################################
[1m                           Learning iteration 107/250                           [0m 

                            Total steps: 1327104 
                       Steps per second: 25810 
                        Collection time: 0.407s 
                          Learning time: 0.069s 
                        Mean value loss: 0.0290
                    Mean surrogate loss: -0.0106
                      Mean entropy loss: 5.6461
                            Mean reward: 1.98
                    Mean episode length: 86.65
                        Mean action std: 0.43
                reward/tracking_lin_vel: 1.0695
                reward/tracking_ang_vel: 0.1352
                      reward/feet_phase: 0.3209
             reward/feet_phase_contrast: 0.4815
             reward/feet_contact_number: 0.4672
                   reward/feet_air_time: 0.0021
                     reward/under_speed: -0.1745
                       reward/feet_slip: -0.0013
                  reward/feet_clearance: -0.0060
                       reward/lin_vel_z: -0.0033
                      reward/ang_vel_xy: -0.1006
                     reward/base_height: -0.0764
                     reward/orientation: -0.0806
                            reward/pose: -0.0109
                     reward/action_rate: -0.0516
                      reward/action_acc: -0.1528
--------------------------------------------------------------------------------
                         Iteration time: 0.48s
                           Time elapsed: 00:00:49
                                    ETA: 00:01:05

################################################################################
[1m                           Learning iteration 108/250                           [0m 

                            Total steps: 1339392 
                       Steps per second: 25386 
                        Collection time: 0.412s 
                          Learning time: 0.072s 
                        Mean value loss: 0.0242
                    Mean surrogate loss: -0.0105
                      Mean entropy loss: 5.6139
                            Mean reward: 2.17
                    Mean episode length: 87.41
                        Mean action std: 0.42
                reward/tracking_lin_vel: 1.0719
                reward/tracking_ang_vel: 0.1365
                      reward/feet_phase: 0.2425
             reward/feet_phase_contrast: 0.4645
             reward/feet_contact_number: 0.4651
                   reward/feet_air_time: 0.0027
                     reward/under_speed: -0.1768
                       reward/feet_slip: -0.0012
                  reward/feet_clearance: -0.0059
                       reward/lin_vel_z: -0.0025
                      reward/ang_vel_xy: -0.0920
                     reward/base_height: -0.0692
                     reward/orientation: -0.0674
                            reward/pose: -0.0106
                     reward/action_rate: -0.0516
                      reward/action_acc: -0.1533
             Metrics/twist/error_vel_xy: 0.1871
            Metrics/twist/error_vel_yaw: 0.1676
        Episode_Reward/tracking_lin_vel: 0.0876
        Episode_Reward/tracking_ang_vel: 0.0085
              Episode_Reward/feet_phase: 0.0585
     Episode_Reward/feet_phase_contrast: 0.0919
     Episode_Reward/feet_contact_number: 0.0344
           Episode_Reward/feet_air_time: 0.0024
             Episode_Reward/under_speed: -0.0050
               Episode_Reward/feet_slip: -0.0003
          Episode_Reward/feet_clearance: -0.0007
               Episode_Reward/lin_vel_z: -0.0020
              Episode_Reward/ang_vel_xy: -0.0306
             Episode_Reward/base_height: -0.0691
             Episode_Reward/orientation: -0.0457
                    Episode_Reward/pose: -0.0009
             Episode_Reward/action_rate: -0.0036
              Episode_Reward/action_acc: -0.0104
           Episode_Termination/time_out: 0.0000
    Episode_Termination/bad_orientation: 1.2500
--------------------------------------------------------------------------------
                         Iteration time: 0.48s
                           Time elapsed: 00:00:50
                                    ETA: 00:01:05

################################################################################
[1m                           Learning iteration 109/250                           [0m 

                            Total steps: 1351680 
                       Steps per second: 24855 
                        Collection time: 0.425s 
                          Learning time: 0.069s 
                        Mean value loss: 0.0339
                    Mean surrogate loss: -0.0080
                      Mean entropy loss: 5.5990
                            Mean reward: 5.60
                    Mean episode length: 174.29
                        Mean action std: 0.42
                reward/tracking_lin_vel: 1.0664
                reward/tracking_ang_vel: 0.1368
                      reward/feet_phase: 0.2428
             reward/feet_phase_contrast: 0.4693
             reward/feet_contact_number: 0.4649
                   reward/feet_air_time: 0.0012
                     reward/under_speed: -0.1767
                       reward/feet_slip: -0.0012
                  reward/feet_clearance: -0.0058
                       reward/lin_vel_z: -0.0026
                      reward/ang_vel_xy: -0.0922
                     reward/base_height: -0.0628
                     reward/orientation: -0.0667
                            reward/pose: -0.0103
                     reward/action_rate: -0.0511
                      reward/action_acc: -0.1512
             Metrics/twist/error_vel_xy: 0.4277
            Metrics/twist/error_vel_yaw: 0.3185
        Episode_Reward/tracking_lin_vel: 0.5428
        Episode_Reward/tracking_ang_vel: 0.0677
              Episode_Reward/feet_phase: 0.1488
     Episode_Reward/feet_phase_contrast: 0.2524
     Episode_Reward/feet_contact_number: 0.2412
           Episode_Reward/feet_air_time: 0.0009
             Episode_Reward/under_speed: -0.0910
               Episode_Reward/feet_slip: -0.0009
          Episode_Reward/feet_clearance: -0.0038
               Episode_Reward/lin_vel_z: -0.0015
              Episode_Reward/ang_vel_xy: -0.0482
             Episode_Reward/base_height: -0.0433
             Episode_Reward/orientation: -0.0424
                    Episode_Reward/pose: -0.0059
             Episode_Reward/action_rate: -0.0268
              Episode_Reward/action_acc: -0.0795
           Episode_Termination/time_out: 0.7692
    Episode_Termination/bad_orientation: 0.7692
--------------------------------------------------------------------------------
                         Iteration time: 0.49s
                           Time elapsed: 00:00:50
                                    ETA: 00:01:04

################################################################################
[1m                           Learning iteration 110/250                           [0m 

                            Total steps: 1363968 
                       Steps per second: 25967 
                        Collection time: 0.406s 
                          Learning time: 0.067s 
                        Mean value loss: 0.0228
                    Mean surrogate loss: -0.0072
                      Mean entropy loss: 5.5905
                            Mean reward: 7.20
                    Mean episode length: 211.73
                        Mean action std: 0.42
                reward/tracking_lin_vel: 1.0637
                reward/tracking_ang_vel: 0.1351
                      reward/feet_phase: 0.3015
             reward/feet_phase_contrast: 0.4480
             reward/feet_contact_number: 0.4660
                   reward/feet_air_time: 0.0014
                     reward/under_speed: -0.1784
                       reward/feet_slip: -0.0012
                  reward/feet_clearance: -0.0058
                       reward/lin_vel_z: -0.0019
                      reward/ang_vel_xy: -0.0892
                     reward/base_height: -0.0370
                     reward/orientation: -0.0552
                            reward/pose: -0.0102
                     reward/action_rate: -0.0512
                      reward/action_acc: -0.1508
--------------------------------------------------------------------------------
                         Iteration time: 0.47s
                           Time elapsed: 00:00:51
                                    ETA: 00:01:04

################################################################################
[1m                           Learning iteration 111/250                           [0m 

                            Total steps: 1376256 
                       Steps per second: 25804 
                        Collection time: 0.412s 
                          Learning time: 0.065s 
                        Mean value loss: 0.0383
                    Mean surrogate loss: -0.0085
                      Mean entropy loss: 5.5803
                            Mean reward: 8.63
                    Mean episode length: 249.06
                        Mean action std: 0.42
                reward/tracking_lin_vel: 1.0653
                reward/tracking_ang_vel: 0.1371
                      reward/feet_phase: 0.2762
             reward/feet_phase_contrast: 0.4624
             reward/feet_contact_number: 0.4660
                   reward/feet_air_time: 0.0005
                     reward/under_speed: -0.1781
                       reward/feet_slip: -0.0012
                  reward/feet_clearance: -0.0058
                       reward/lin_vel_z: -0.0020
                      reward/ang_vel_xy: -0.0928
                     reward/base_height: -0.0425
                     reward/orientation: -0.0526
                            reward/pose: -0.0100
                     reward/action_rate: -0.0518
                      reward/action_acc: -0.1525
--------------------------------------------------------------------------------
                         Iteration time: 0.48s
                           Time elapsed: 00:00:51
                                    ETA: 00:01:03

################################################################################
[1m                           Learning iteration 112/250                           [0m 

                            Total steps: 1388544 
                       Steps per second: 26061 
                        Collection time: 0.403s 
                          Learning time: 0.068s 
                        Mean value loss: 0.0245
                    Mean surrogate loss: -0.0103
                      Mean entropy loss: 5.5550
                            Mean reward: 9.32
                    Mean episode length: 266.46
                        Mean action std: 0.42
                reward/tracking_lin_vel: 1.0604
                reward/tracking_ang_vel: 0.1362
                      reward/feet_phase: 0.2301
             reward/feet_phase_contrast: 0.4630
             reward/feet_contact_number: 0.4663
                   reward/feet_air_time: 0.0003
                     reward/under_speed: -0.1785
                       reward/feet_slip: -0.0011
                  reward/feet_clearance: -0.0058
                       reward/lin_vel_z: -0.0019
                      reward/ang_vel_xy: -0.0935
                     reward/base_height: -0.0398
                     reward/orientation: -0.0513
                            reward/pose: -0.0100
                     reward/action_rate: -0.0516
                      reward/action_acc: -0.1512
             Metrics/twist/error_vel_xy: 0.2741
            Metrics/twist/error_vel_yaw: 0.2140
        Episode_Reward/tracking_lin_vel: 0.3062
        Episode_Reward/tracking_ang_vel: 0.0346
              Episode_Reward/feet_phase: 0.0841
     Episode_Reward/feet_phase_contrast: 0.1418
     Episode_Reward/feet_contact_number: 0.1260
           Episode_Reward/feet_air_time: 0.0007
             Episode_Reward/under_speed: -0.0441
               Episode_Reward/feet_slip: -0.0007
          Episode_Reward/feet_clearance: -0.0024
               Episode_Reward/lin_vel_z: -0.0016
              Episode_Reward/ang_vel_xy: -0.0364
             Episode_Reward/base_height: -0.0570
             Episode_Reward/orientation: -0.0435
                    Episode_Reward/pose: -0.0030
             Episode_Reward/action_rate: -0.0138
              Episode_Reward/action_acc: -0.0408
           Episode_Termination/time_out: 0.2857
    Episode_Termination/bad_orientation: 0.8571
--------------------------------------------------------------------------------
                         Iteration time: 0.47s
                           Time elapsed: 00:00:52
                                    ETA: 00:01:03

################################################################################
[1m                           Learning iteration 113/250                           [0m 

                            Total steps: 1400832 
                       Steps per second: 25212 
                        Collection time: 0.416s 
                          Learning time: 0.071s 
                        Mean value loss: 0.0223
                    Mean surrogate loss: -0.0101
                      Mean entropy loss: 5.5161
                            Mean reward: 8.92
                    Mean episode length: 256.59
                        Mean action std: 0.42
                reward/tracking_lin_vel: 1.0581
                reward/tracking_ang_vel: 0.1378
                      reward/feet_phase: 0.2606
             reward/feet_phase_contrast: 0.4492
             reward/feet_contact_number: 0.4652
                   reward/feet_air_time: 0.0003
                     reward/under_speed: -0.1793
                       reward/feet_slip: -0.0011
                  reward/feet_clearance: -0.0057
                       reward/lin_vel_z: -0.0018
                      reward/ang_vel_xy: -0.0915
                     reward/base_height: -0.0280
                     reward/orientation: -0.0453
                            reward/pose: -0.0101
                     reward/action_rate: -0.0520
                      reward/action_acc: -0.1533
--------------------------------------------------------------------------------
                         Iteration time: 0.49s
                           Time elapsed: 00:00:52
                                    ETA: 00:01:02

################################################################################
[1m                           Learning iteration 114/250                           [0m 

                            Total steps: 1413120 
                       Steps per second: 25721 
                        Collection time: 0.410s 
                          Learning time: 0.068s 
                        Mean value loss: 0.0161
                    Mean surrogate loss: -0.0091
                      Mean entropy loss: 5.4957
                            Mean reward: 10.46
                    Mean episode length: 303.03
                        Mean action std: 0.42
                reward/tracking_lin_vel: 1.0732
                reward/tracking_ang_vel: 0.1379
                      reward/feet_phase: 0.3309
             reward/feet_phase_contrast: 0.4812
             reward/feet_contact_number: 0.4644
                   reward/feet_air_time: 0.0005
                     reward/under_speed: -0.1783
                       reward/feet_slip: -0.0011
                  reward/feet_clearance: -0.0057
                       reward/lin_vel_z: -0.0016
                      reward/ang_vel_xy: -0.0888
                     reward/base_height: -0.0255
                     reward/orientation: -0.0428
                            reward/pose: -0.0099
                     reward/action_rate: -0.0512
                      reward/action_acc: -0.1503
--------------------------------------------------------------------------------
                         Iteration time: 0.48s
                           Time elapsed: 00:00:53
                                    ETA: 00:01:02

################################################################################
[1m                           Learning iteration 115/250                           [0m 

                            Total steps: 1425408 
                       Steps per second: 25512 
                        Collection time: 0.407s 
                          Learning time: 0.075s 
                        Mean value loss: 0.0135
                    Mean surrogate loss: -0.0100
                      Mean entropy loss: 5.4825
                            Mean reward: 10.54
                    Mean episode length: 303.79
                        Mean action std: 0.42
                reward/tracking_lin_vel: 1.0685
                reward/tracking_ang_vel: 0.1365
                      reward/feet_phase: 0.2417
             reward/feet_phase_contrast: 0.4587
             reward/feet_contact_number: 0.4663
                   reward/feet_air_time: 0.0001
                     reward/under_speed: -0.1792
                       reward/feet_slip: -0.0011
                  reward/feet_clearance: -0.0058
                       reward/lin_vel_z: -0.0014
                      reward/ang_vel_xy: -0.0905
                     reward/base_height: -0.0196
                     reward/orientation: -0.0433
                            reward/pose: -0.0101
                     reward/action_rate: -0.0516
                      reward/action_acc: -0.1512
--------------------------------------------------------------------------------
                         Iteration time: 0.48s
                           Time elapsed: 00:00:53
                                    ETA: 00:01:01

################################################################################
[1m                           Learning iteration 116/250                           [0m 

                            Total steps: 1437696 
                       Steps per second: 27447 
                        Collection time: 0.382s 
                          Learning time: 0.066s 
                        Mean value loss: 4.1047
                    Mean surrogate loss: -0.0090
                      Mean entropy loss: 5.4782
                            Mean reward: 10.53
                    Mean episode length: 303.76
                        Mean action std: 0.42
                reward/tracking_lin_vel: 0.8533
                reward/tracking_ang_vel: 0.1300
                      reward/feet_phase: 0.2778
             reward/feet_phase_contrast: 0.5432
             reward/feet_contact_number: 0.4582
                   reward/feet_air_time: 0.0080
                     reward/under_speed: -0.1601
                       reward/feet_slip: -0.0033
                  reward/feet_clearance: -0.0131
                       reward/lin_vel_z: -0.0075
                      reward/ang_vel_xy: -0.1786
                     reward/base_height: -0.0166
                     reward/orientation: -0.0556
                            reward/pose: -0.0103
                     reward/action_rate: -0.0524
                      reward/action_acc: -0.1525
--------------------------------------------------------------------------------
                         Iteration time: 0.45s
                           Time elapsed: 00:00:54
                                    ETA: 00:01:01

################################################################################
[1m                           Learning iteration 117/250                           [0m 

                            Total steps: 1449984 
                       Steps per second: 31484 
                        Collection time: 0.324s 
                          Learning time: 0.067s 
                        Mean value loss: 0.2261
                    Mean surrogate loss: -0.0114
                      Mean entropy loss: 5.4815
                            Mean reward: 12.94
                    Mean episode length: 423.63
                        Mean action std: 0.42
                reward/tracking_lin_vel: 0.5847
                reward/tracking_ang_vel: 0.1056
                      reward/feet_phase: 0.4604
             reward/feet_phase_contrast: 0.6976
             reward/feet_contact_number: 0.4465
                   reward/feet_air_time: 0.2155
                     reward/under_speed: -0.1244
                       reward/feet_slip: -0.0036
                  reward/feet_clearance: -0.0150
                       reward/lin_vel_z: -0.0359
                      reward/ang_vel_xy: -0.6885
                     reward/base_height: -1.2845
                     reward/orientation: -0.7283
                            reward/pose: -0.0133
                     reward/action_rate: -0.0519
                      reward/action_acc: -0.1506
--------------------------------------------------------------------------------
                         Iteration time: 0.39s
                           Time elapsed: 00:00:54
                                    ETA: 00:01:00

################################################################################
[1m                           Learning iteration 118/250                           [0m 

                            Total steps: 1462272 
                       Steps per second: 25737 
                        Collection time: 0.411s 
                          Learning time: 0.067s 
                        Mean value loss: 0.2177
                    Mean surrogate loss: -0.0100
                      Mean entropy loss: 5.4802
                            Mean reward: 14.16
                    Mean episode length: 456.87
                        Mean action std: 0.42
                reward/tracking_lin_vel: 1.0073
                reward/tracking_ang_vel: 0.1195
                      reward/feet_phase: 0.5557
             reward/feet_phase_contrast: 0.8361
             reward/feet_contact_number: 0.4507
                   reward/feet_air_time: 0.0433
                     reward/under_speed: -0.1290
                       reward/feet_slip: -0.0030
                  reward/feet_clearance: -0.0124
                       reward/lin_vel_z: -0.0154
                      reward/ang_vel_xy: -0.3946
                     reward/base_height: -1.0646
                     reward/orientation: -0.4021
                            reward/pose: -0.0095
                     reward/action_rate: -0.0522
                      reward/action_acc: -0.1498
             Metrics/twist/error_vel_xy: 0.4308
            Metrics/twist/error_vel_yaw: 0.2555
        Episode_Reward/tracking_lin_vel: 0.4447
        Episode_Reward/tracking_ang_vel: 0.0574
              Episode_Reward/feet_phase: 0.1266
     Episode_Reward/feet_phase_contrast: 0.2135
     Episode_Reward/feet_contact_number: 0.2029
           Episode_Reward/feet_air_time: 0.0084
             Episode_Reward/under_speed: -0.0755
               Episode_Reward/feet_slip: -0.0007
          Episode_Reward/feet_clearance: -0.0032
               Episode_Reward/lin_vel_z: -0.0018
              Episode_Reward/ang_vel_xy: -0.0615
             Episode_Reward/base_height: -0.0917
             Episode_Reward/orientation: -0.0540
                    Episode_Reward/pose: -0.0049
             Episode_Reward/action_rate: -0.0224
              Episode_Reward/action_acc: -0.0661
           Episode_Termination/time_out: 0.0000
    Episode_Termination/bad_orientation: 7.8333
--------------------------------------------------------------------------------
                         Iteration time: 0.48s
                           Time elapsed: 00:00:54
                                    ETA: 00:01:00

################################################################################
[1m                           Learning iteration 119/250                           [0m 

                            Total steps: 1474560 
                       Steps per second: 26023 
                        Collection time: 0.408s 
                          Learning time: 0.065s 
                        Mean value loss: 0.1415
                    Mean surrogate loss: -0.0095
                      Mean entropy loss: 5.4804
                            Mean reward: 7.06
                    Mean episode length: 253.05
                        Mean action std: 0.42
                reward/tracking_lin_vel: 1.0514
                reward/tracking_ang_vel: 0.1285
                      reward/feet_phase: 0.4053
             reward/feet_phase_contrast: 0.7350
             reward/feet_contact_number: 0.4558
                   reward/feet_air_time: 0.0275
                     reward/under_speed: -0.1473
                       reward/feet_slip: -0.0022
                  reward/feet_clearance: -0.0086
                       reward/lin_vel_z: -0.0098
                      reward/ang_vel_xy: -0.2372
                     reward/base_height: -0.4443
                     reward/orientation: -0.2564
                            reward/pose: -0.0111
                     reward/action_rate: -0.0519
                      reward/action_acc: -0.1510
             Metrics/twist/error_vel_xy: 0.2997
            Metrics/twist/error_vel_yaw: 0.1604
        Episode_Reward/tracking_lin_vel: 0.1657
        Episode_Reward/tracking_ang_vel: 0.0221
              Episode_Reward/feet_phase: 0.0630
     Episode_Reward/feet_phase_contrast: 0.1032
     Episode_Reward/feet_contact_number: 0.0779
           Episode_Reward/feet_air_time: 0.0037
             Episode_Reward/under_speed: -0.0266
               Episode_Reward/feet_slip: -0.0003
          Episode_Reward/feet_clearance: -0.0013
               Episode_Reward/lin_vel_z: -0.0017
              Episode_Reward/ang_vel_xy: -0.0418
             Episode_Reward/base_height: -0.0766
             Episode_Reward/orientation: -0.0430
                    Episode_Reward/pose: -0.0019
             Episode_Reward/action_rate: -0.0088
              Episode_Reward/action_acc: -0.0257
           Episode_Termination/time_out: 0.0000
    Episode_Termination/bad_orientation: 3.0417
--------------------------------------------------------------------------------
                         Iteration time: 0.47s
                           Time elapsed: 00:00:55
                                    ETA: 00:01:00

################################################################################
[1m                           Learning iteration 120/250                           [0m 

                            Total steps: 1486848 
                       Steps per second: 24627 
                        Collection time: 0.434s 
                          Learning time: 0.065s 
                        Mean value loss: 0.1106
                    Mean surrogate loss: -0.0056
                      Mean entropy loss: 5.4819
                            Mean reward: 1.67
                    Mean episode length: 95.26
                        Mean action std: 0.42
                reward/tracking_lin_vel: 1.0395
                reward/tracking_ang_vel: 0.1310
                      reward/feet_phase: 0.3366
             reward/feet_phase_contrast: 0.5986
             reward/feet_contact_number: 0.4601
                   reward/feet_air_time: 0.0069
                     reward/under_speed: -0.1603
                       reward/feet_slip: -0.0020
                  reward/feet_clearance: -0.0075
                       reward/lin_vel_z: -0.0075
                      reward/ang_vel_xy: -0.1873
                     reward/base_height: -0.3334
                     reward/orientation: -0.1888
                            reward/pose: -0.0104
                     reward/action_rate: -0.0517
                      reward/action_acc: -0.1503
             Metrics/twist/error_vel_xy: 0.3015
            Metrics/twist/error_vel_yaw: 0.2004
        Episode_Reward/tracking_lin_vel: 0.1287
        Episode_Reward/tracking_ang_vel: 0.0159
              Episode_Reward/feet_phase: 0.0523
     Episode_Reward/feet_phase_contrast: 0.0872
     Episode_Reward/feet_contact_number: 0.0565
           Episode_Reward/feet_air_time: 0.0042
             Episode_Reward/under_speed: -0.0173
               Episode_Reward/feet_slip: -0.0003
          Episode_Reward/feet_clearance: -0.0011
               Episode_Reward/lin_vel_z: -0.0017
              Episode_Reward/ang_vel_xy: -0.0359
             Episode_Reward/base_height: -0.0795
             Episode_Reward/orientation: -0.0456
                    Episode_Reward/pose: -0.0016
             Episode_Reward/action_rate: -0.0065
              Episode_Reward/action_acc: -0.0190
           Episode_Termination/time_out: 0.0000
    Episode_Termination/bad_orientation: 2.3043
--------------------------------------------------------------------------------
                         Iteration time: 0.50s
                           Time elapsed: 00:00:55
                                    ETA: 00:00:59

################################################################################
[1m                           Learning iteration 121/250                           [0m 

                            Total steps: 1499136 
                       Steps per second: 24682 
                        Collection time: 0.431s 
                          Learning time: 0.067s 
                        Mean value loss: 0.0642
                    Mean surrogate loss: -0.0082
                      Mean entropy loss: 5.4813
                            Mean reward: 1.65
                    Mean episode length: 91.80
                        Mean action std: 0.42
                reward/tracking_lin_vel: 1.0759
                reward/tracking_ang_vel: 0.1346
                      reward/feet_phase: 0.4015
             reward/feet_phase_contrast: 0.5817
             reward/feet_contact_number: 0.4620
                   reward/feet_air_time: 0.0031
                     reward/under_speed: -0.1641
                       reward/feet_slip: -0.0017
                  reward/feet_clearance: -0.0067
                       reward/lin_vel_z: -0.0053
                      reward/ang_vel_xy: -0.1507
                     reward/base_height: -0.1963
                     reward/orientation: -0.1372
                            reward/pose: -0.0100
                     reward/action_rate: -0.0511
                      reward/action_acc: -0.1482
             Metrics/twist/error_vel_xy: 0.3022
            Metrics/twist/error_vel_yaw: 0.1861
        Episode_Reward/tracking_lin_vel: 0.0607
        Episode_Reward/tracking_ang_vel: 0.0077
              Episode_Reward/feet_phase: 0.0373
     Episode_Reward/feet_phase_contrast: 0.0594
     Episode_Reward/feet_contact_number: 0.0283
           Episode_Reward/feet_air_time: 0.0024
             Episode_Reward/under_speed: -0.0068
               Episode_Reward/feet_slip: -0.0002
          Episode_Reward/feet_clearance: -0.0006
               Episode_Reward/lin_vel_z: -0.0015
              Episode_Reward/ang_vel_xy: -0.0322
             Episode_Reward/base_height: -0.0737
             Episode_Reward/orientation: -0.0408
                    Episode_Reward/pose: -0.0007
             Episode_Reward/action_rate: -0.0033
              Episode_Reward/action_acc: -0.0096
           Episode_Termination/time_out: 0.0000
    Episode_Termination/bad_orientation: 1.8889
--------------------------------------------------------------------------------
                         Iteration time: 0.50s
                           Time elapsed: 00:00:56
                                    ETA: 00:00:59

################################################################################
[1m                           Learning iteration 122/250                           [0m 

                            Total steps: 1511424 
                       Steps per second: 25351 
                        Collection time: 0.415s 
                          Learning time: 0.070s 
                        Mean value loss: 0.0764
                    Mean surrogate loss: -0.0071
                      Mean entropy loss: 5.4764
                            Mean reward: 1.83
                    Mean episode length: 90.60
                        Mean action std: 0.42
                reward/tracking_lin_vel: 1.0728
                reward/tracking_ang_vel: 0.1354
                      reward/feet_phase: 0.3007
             reward/feet_phase_contrast: 0.5416
             reward/feet_contact_number: 0.4653
                   reward/feet_air_time: 0.0023
                     reward/under_speed: -0.1696
                       reward/feet_slip: -0.0015
                  reward/feet_clearance: -0.0062
                       reward/lin_vel_z: -0.0046
                      reward/ang_vel_xy: -0.1332
                     reward/base_height: -0.1468
                     reward/orientation: -0.1098
                            reward/pose: -0.0099
                     reward/action_rate: -0.0509
                      reward/action_acc: -0.1480
--------------------------------------------------------------------------------
                         Iteration time: 0.48s
                           Time elapsed: 00:00:56
                                    ETA: 00:00:58

################################################################################
[1m                           Learning iteration 123/250                           [0m 

                            Total steps: 1523712 
                       Steps per second: 25163 
                        Collection time: 0.422s 
                          Learning time: 0.067s 
                        Mean value loss: 0.0303
                    Mean surrogate loss: -0.0080
                      Mean entropy loss: 5.4660
                            Mean reward: 1.42
                    Mean episode length: 76.89
                        Mean action std: 0.42
                reward/tracking_lin_vel: 1.0607
                reward/tracking_ang_vel: 0.1343
                      reward/feet_phase: 0.2573
             reward/feet_phase_contrast: 0.4965
             reward/feet_contact_number: 0.4670
                   reward/feet_air_time: 0.0020
                     reward/under_speed: -0.1734
                       reward/feet_slip: -0.0014
                  reward/feet_clearance: -0.0061
                       reward/lin_vel_z: -0.0039
                      reward/ang_vel_xy: -0.1242
                     reward/base_height: -0.1286
                     reward/orientation: -0.0953
                            reward/pose: -0.0096
                     reward/action_rate: -0.0508
                      reward/action_acc: -0.1479
             Metrics/twist/error_vel_xy: 0.2279
            Metrics/twist/error_vel_yaw: 0.1671
        Episode_Reward/tracking_lin_vel: 0.0703
        Episode_Reward/tracking_ang_vel: 0.0079
              Episode_Reward/feet_phase: 0.0465
     Episode_Reward/feet_phase_contrast: 0.0758
     Episode_Reward/feet_contact_number: 0.0283
           Episode_Reward/feet_air_time: 0.0016
             Episode_Reward/under_speed: -0.0056
               Episode_Reward/feet_slip: -0.0003
          Episode_Reward/feet_clearance: -0.0007
               Episode_Reward/lin_vel_z: -0.0018
              Episode_Reward/ang_vel_xy: -0.0312
             Episode_Reward/base_height: -0.0699
             Episode_Reward/orientation: -0.0421
                    Episode_Reward/pose: -0.0008
             Episode_Reward/action_rate: -0.0034
              Episode_Reward/action_acc: -0.0101
           Episode_Termination/time_out: 0.0000
    Episode_Termination/bad_orientation: 1.7500
--------------------------------------------------------------------------------
                         Iteration time: 0.49s
                           Time elapsed: 00:00:57
                                    ETA: 00:00:58

################################################################################
[1m                           Learning iteration 124/250                           [0m 

                            Total steps: 1536000 
                       Steps per second: 25576 
                        Collection time: 0.415s 
                          Learning time: 0.066s 
                        Mean value loss: 0.0391
                    Mean surrogate loss: -0.0086
                      Mean entropy loss: 5.4353
                            Mean reward: 1.66
                    Mean episode length: 78.80
                        Mean action std: 0.42
                reward/tracking_lin_vel: 1.0604
                reward/tracking_ang_vel: 0.1353
                      reward/feet_phase: 0.3021
             reward/feet_phase_contrast: 0.4801
             reward/feet_contact_number: 0.4644
                   reward/feet_air_time: 0.0007
                     reward/under_speed: -0.1755
                       reward/feet_slip: -0.0013
                  reward/feet_clearance: -0.0062
                       reward/lin_vel_z: -0.0031
                      reward/ang_vel_xy: -0.1091
                     reward/base_height: -0.0787
                     reward/orientation: -0.0709
                            reward/pose: -0.0091
                     reward/action_rate: -0.0506
                      reward/action_acc: -0.1477
             Metrics/twist/error_vel_xy: 0.2253
            Metrics/twist/error_vel_yaw: 0.1726
        Episode_Reward/tracking_lin_vel: 0.0750
        Episode_Reward/tracking_ang_vel: 0.0084
              Episode_Reward/feet_phase: 0.0476
     Episode_Reward/feet_phase_contrast: 0.0768
     Episode_Reward/feet_contact_number: 0.0322
           Episode_Reward/feet_air_time: 0.0021
             Episode_Reward/under_speed: -0.0070
               Episode_Reward/feet_slip: -0.0003
          Episode_Reward/feet_clearance: -0.0007
               Episode_Reward/lin_vel_z: -0.0017
              Episode_Reward/ang_vel_xy: -0.0299
             Episode_Reward/base_height: -0.0681
             Episode_Reward/orientation: -0.0432
                    Episode_Reward/pose: -0.0009
             Episode_Reward/action_rate: -0.0037
              Episode_Reward/action_acc: -0.0109
           Episode_Termination/time_out: 0.0000
    Episode_Termination/bad_orientation: 1.4444
--------------------------------------------------------------------------------
                         Iteration time: 0.48s
                           Time elapsed: 00:00:57
                                    ETA: 00:00:57

################################################################################
[1m                           Learning iteration 125/250                           [0m 

                            Total steps: 1548288 
                       Steps per second: 25190 
                        Collection time: 0.423s 
                          Learning time: 0.064s 
                        Mean value loss: 0.0209
                    Mean surrogate loss: -0.0078
                      Mean entropy loss: 5.4218
                            Mean reward: 2.73
                    Mean episode length: 107.45
                        Mean action std: 0.42
                reward/tracking_lin_vel: 1.0742
                reward/tracking_ang_vel: 0.1371
                      reward/feet_phase: 0.3164
             reward/feet_phase_contrast: 0.4831
             reward/feet_contact_number: 0.4668
                   reward/feet_air_time: 0.0003
                     reward/under_speed: -0.1769
                       reward/feet_slip: -0.0012
                  reward/feet_clearance: -0.0059
                       reward/lin_vel_z: -0.0025
                      reward/ang_vel_xy: -0.0989
                     reward/base_height: -0.0628
                     reward/orientation: -0.0585
                            reward/pose: -0.0089
                     reward/action_rate: -0.0510
                      reward/action_acc: -0.1495
             Metrics/twist/error_vel_xy: 0.3237
            Metrics/twist/error_vel_yaw: 0.2230
        Episode_Reward/tracking_lin_vel: 0.3234
        Episode_Reward/tracking_ang_vel: 0.0414
              Episode_Reward/feet_phase: 0.1091
     Episode_Reward/feet_phase_contrast: 0.1860
     Episode_Reward/feet_contact_number: 0.1433
           Episode_Reward/feet_air_time: 0.0017
             Episode_Reward/under_speed: -0.0516
               Episode_Reward/feet_slip: -0.0006
          Episode_Reward/feet_clearance: -0.0023
               Episode_Reward/lin_vel_z: -0.0016
              Episode_Reward/ang_vel_xy: -0.0489
             Episode_Reward/base_height: -0.0557
             Episode_Reward/orientation: -0.0416
                    Episode_Reward/pose: -0.0031
             Episode_Reward/action_rate: -0.0165
              Episode_Reward/action_acc: -0.0485
           Episode_Termination/time_out: 0.3636
    Episode_Termination/bad_orientation: 0.9091
--------------------------------------------------------------------------------
                         Iteration time: 0.49s
                           Time elapsed: 00:00:58
                                    ETA: 00:00:57

################################################################################
[1m                           Learning iteration 126/250                           [0m 

                            Total steps: 1560576 
                       Steps per second: 24975 
                        Collection time: 0.425s 
                          Learning time: 0.067s 
                        Mean value loss: 0.0337
                    Mean surrogate loss: -0.0070
                      Mean entropy loss: 5.4068
                            Mean reward: 5.42
                    Mean episode length: 173.63
                        Mean action std: 0.42
                reward/tracking_lin_vel: 1.0735
                reward/tracking_ang_vel: 0.1363
                      reward/feet_phase: 0.2432
             reward/feet_phase_contrast: 0.4784
             reward/feet_contact_number: 0.4635
                   reward/feet_air_time: 0.0015
                     reward/under_speed: -0.1772
                       reward/feet_slip: -0.0012
                  reward/feet_clearance: -0.0060
                       reward/lin_vel_z: -0.0020
                      reward/ang_vel_xy: -0.0936
                     reward/base_height: -0.0335
                     reward/orientation: -0.0512
                            reward/pose: -0.0091
                     reward/action_rate: -0.0502
                      reward/action_acc: -0.1458
             Metrics/twist/error_vel_xy: 0.4672
            Metrics/twist/error_vel_yaw: 0.3696
        Episode_Reward/tracking_lin_vel: 0.6972
        Episode_Reward/tracking_ang_vel: 0.0873
              Episode_Reward/feet_phase: 0.1861
     Episode_Reward/feet_phase_contrast: 0.3227
     Episode_Reward/feet_contact_number: 0.3051
           Episode_Reward/feet_air_time: 0.0004
             Episode_Reward/under_speed: -0.1140
               Episode_Reward/feet_slip: -0.0008
          Episode_Reward/feet_clearance: -0.0039
               Episode_Reward/lin_vel_z: -0.0015
              Episode_Reward/ang_vel_xy: -0.0545
             Episode_Reward/base_height: -0.0261
             Episode_Reward/orientation: -0.0348
                    Episode_Reward/pose: -0.0060
             Episode_Reward/action_rate: -0.0335
              Episode_Reward/action_acc: -0.0985
           Episode_Termination/time_out: 0.8750
    Episode_Termination/bad_orientation: 0.6250
--------------------------------------------------------------------------------
                         Iteration time: 0.49s
                           Time elapsed: 00:00:58
                                    ETA: 00:00:57

################################################################################
[1m                           Learning iteration 127/250                           [0m 

                            Total steps: 1572864 
                       Steps per second: 22883 
                        Collection time: 0.470s 
                          Learning time: 0.067s 
                        Mean value loss: 0.0240
                    Mean surrogate loss: -0.0075
                      Mean entropy loss: 5.3955
                            Mean reward: 6.10
                    Mean episode length: 192.19
                        Mean action std: 0.42
                reward/tracking_lin_vel: 1.0688
                reward/tracking_ang_vel: 0.1359
                      reward/feet_phase: 0.2496
             reward/feet_phase_contrast: 0.4690
             reward/feet_contact_number: 0.4676
                   reward/feet_air_time: 0.0016
                     reward/under_speed: -0.1779
                       reward/feet_slip: -0.0012
                  reward/feet_clearance: -0.0059
                       reward/lin_vel_z: -0.0020
                      reward/ang_vel_xy: -0.0961
                     reward/base_height: -0.0449
                     reward/orientation: -0.0507
                            reward/pose: -0.0092
                     reward/action_rate: -0.0503
                      reward/action_acc: -0.1463
--------------------------------------------------------------------------------
                         Iteration time: 0.54s
                           Time elapsed: 00:00:59
                                    ETA: 00:00:56

################################################################################
[1m                           Learning iteration 128/250                           [0m 

                            Total steps: 1585152 
                       Steps per second: 23837 
                        Collection time: 0.441s 
                          Learning time: 0.075s 
                        Mean value loss: 0.0291
                    Mean surrogate loss: -0.0065
                      Mean entropy loss: 5.3872
                            Mean reward: 6.44
                    Mean episode length: 200.96
                        Mean action std: 0.41
                reward/tracking_lin_vel: 1.0618
                reward/tracking_ang_vel: 0.1364
                      reward/feet_phase: 0.3217
             reward/feet_phase_contrast: 0.4697
             reward/feet_contact_number: 0.4613
                   reward/feet_air_time: 0.0020
                     reward/under_speed: -0.1792
                       reward/feet_slip: -0.0011
                  reward/feet_clearance: -0.0057
                       reward/lin_vel_z: -0.0018
                      reward/ang_vel_xy: -0.0942
                     reward/base_height: -0.0412
                     reward/orientation: -0.0461
                            reward/pose: -0.0092
                     reward/action_rate: -0.0493
                      reward/action_acc: -0.1434
--------------------------------------------------------------------------------
                         Iteration time: 0.52s
                           Time elapsed: 00:00:59
                                    ETA: 00:00:56

################################################################################
[1m                           Learning iteration 129/250                           [0m 

                            Total steps: 1597440 
                       Steps per second: 26714 
                        Collection time: 0.395s 
                          Learning time: 0.065s 
                        Mean value loss: 0.0157
                    Mean surrogate loss: -0.0074
                      Mean entropy loss: 5.3749
                            Mean reward: 6.44
                    Mean episode length: 200.96
                        Mean action std: 0.41
                reward/tracking_lin_vel: 1.0668
                reward/tracking_ang_vel: 0.1366
                      reward/feet_phase: 0.2655
             reward/feet_phase_contrast: 0.4683
             reward/feet_contact_number: 0.4634
                   reward/feet_air_time: 0.0002
                     reward/under_speed: -0.1794
                       reward/feet_slip: -0.0011
                  reward/feet_clearance: -0.0057
                       reward/lin_vel_z: -0.0015
                      reward/ang_vel_xy: -0.0896
                     reward/base_height: -0.0104
                     reward/orientation: -0.0362
                            reward/pose: -0.0091
                     reward/action_rate: -0.0497
                      reward/action_acc: -0.1439
--------------------------------------------------------------------------------
                         Iteration time: 0.46s
                           Time elapsed: 00:01:00
                                    ETA: 00:00:55

################################################################################
[1m                           Learning iteration 130/250                           [0m 

                            Total steps: 1609728 
                       Steps per second: 27360 
                        Collection time: 0.386s 
                          Learning time: 0.063s 
                        Mean value loss: 0.0131
                    Mean surrogate loss: -0.0108
                      Mean entropy loss: 5.3456
                            Mean reward: 6.75
                    Mean episode length: 209.86
                        Mean action std: 0.41
                reward/tracking_lin_vel: 1.0633
                reward/tracking_ang_vel: 0.1369
                      reward/feet_phase: 0.2335
             reward/feet_phase_contrast: 0.4770
             reward/feet_contact_number: 0.4649
                   reward/feet_air_time: 0.0000
                     reward/under_speed: -0.1792
                       reward/feet_slip: -0.0010
                  reward/feet_clearance: -0.0057
                       reward/lin_vel_z: -0.0014
                      reward/ang_vel_xy: -0.0925
                     reward/base_height: -0.0178
                     reward/orientation: -0.0372
                            reward/pose: -0.0091
                     reward/action_rate: -0.0497
                      reward/action_acc: -0.1441
--------------------------------------------------------------------------------
                         Iteration time: 0.45s
                           Time elapsed: 00:01:00
                                    ETA: 00:00:55

################################################################################
[1m                           Learning iteration 131/250                           [0m 

                            Total steps: 1622016 
                       Steps per second: 27138 
                        Collection time: 0.388s 
                          Learning time: 0.065s 
                        Mean value loss: 0.0116
                    Mean surrogate loss: -0.0111
                      Mean entropy loss: 5.3181
                            Mean reward: 7.43
                    Mean episode length: 228.54
                        Mean action std: 0.41
                reward/tracking_lin_vel: 1.0620
                reward/tracking_ang_vel: 0.1359
                      reward/feet_phase: 0.2904
             reward/feet_phase_contrast: 0.4797
             reward/feet_contact_number: 0.4680
                   reward/feet_air_time: 0.0000
                     reward/under_speed: -0.1785
                       reward/feet_slip: -0.0011
                  reward/feet_clearance: -0.0058
                       reward/lin_vel_z: -0.0015
                      reward/ang_vel_xy: -0.0950
                     reward/base_height: -0.0099
                     reward/orientation: -0.0372
                            reward/pose: -0.0090
                     reward/action_rate: -0.0500
                      reward/action_acc: -0.1447
--------------------------------------------------------------------------------
                         Iteration time: 0.45s
                           Time elapsed: 00:01:01
                                    ETA: 00:00:54

################################################################################
[1m                           Learning iteration 132/250                           [0m 

                            Total steps: 1634304 
                       Steps per second: 26490 
                        Collection time: 0.397s 
                          Learning time: 0.067s 
                        Mean value loss: 0.0155
                    Mean surrogate loss: -0.0107
                      Mean entropy loss: 5.2932
                            Mean reward: 7.87
                    Mean episode length: 238.26
                        Mean action std: 0.41
                reward/tracking_lin_vel: 1.0527
                reward/tracking_ang_vel: 0.1366
                      reward/feet_phase: 0.3169
             reward/feet_phase_contrast: 0.4750
             reward/feet_contact_number: 0.4656
                   reward/feet_air_time: 0.0000
                     reward/under_speed: -0.1791
                       reward/feet_slip: -0.0011
                  reward/feet_clearance: -0.0057
                       reward/lin_vel_z: -0.0015
                      reward/ang_vel_xy: -0.0955
                     reward/base_height: -0.0128
                     reward/orientation: -0.0367
                            reward/pose: -0.0091
                     reward/action_rate: -0.0497
                      reward/action_acc: -0.1434
--------------------------------------------------------------------------------
                         Iteration time: 0.46s
                           Time elapsed: 00:01:01
                                    ETA: 00:00:54

################################################################################
[1m                           Learning iteration 133/250                           [0m 

                            Total steps: 1646592 
                       Steps per second: 32122 
                        Collection time: 0.319s 
                          Learning time: 0.064s 
                        Mean value loss: 3.3787
                    Mean surrogate loss: -0.0112
                      Mean entropy loss: 5.2731
                            Mean reward: 8.04
                    Mean episode length: 244.08
                        Mean action std: 0.41
                reward/tracking_lin_vel: 0.6589
                reward/tracking_ang_vel: 0.1213
                      reward/feet_phase: 0.3082
             reward/feet_phase_contrast: 0.5930
             reward/feet_contact_number: 0.4509
                   reward/feet_air_time: 0.0778
                     reward/under_speed: -0.1466
                       reward/feet_slip: -0.0039
                  reward/feet_clearance: -0.0148
                       reward/lin_vel_z: -0.0162
                      reward/ang_vel_xy: -0.3051
                     reward/base_height: -0.0428
                     reward/orientation: -0.1558
                            reward/pose: -0.0103
                     reward/action_rate: -0.0505
                      reward/action_acc: -0.1441
--------------------------------------------------------------------------------
                         Iteration time: 0.38s
                           Time elapsed: 00:01:02
                                    ETA: 00:00:53

################################################################################
[1m                           Learning iteration 134/250                           [0m 

                            Total steps: 1658880 
                       Steps per second: 29000 
                        Collection time: 0.358s 
                          Learning time: 0.066s 
                        Mean value loss: 0.2020
                    Mean surrogate loss: -0.0109
                      Mean entropy loss: 5.2705
                            Mean reward: 13.57
                    Mean episode length: 434.31
                        Mean action std: 0.41
                reward/tracking_lin_vel: 0.6902
                reward/tracking_ang_vel: 0.1087
                      reward/feet_phase: 0.3731
             reward/feet_phase_contrast: 0.6738
             reward/feet_contact_number: 0.4271
                   reward/feet_air_time: 0.1520
                     reward/under_speed: -0.1301
                       reward/feet_slip: -0.0038
                  reward/feet_clearance: -0.0161
                       reward/lin_vel_z: -0.0366
                      reward/ang_vel_xy: -0.6911
                     reward/base_height: -1.6441
                     reward/orientation: -0.7848
                            reward/pose: -0.0110
                     reward/action_rate: -0.0502
                      reward/action_acc: -0.1422
             Metrics/twist/error_vel_xy: 0.3827
            Metrics/twist/error_vel_yaw: 0.2138
        Episode_Reward/tracking_lin_vel: 0.4512
        Episode_Reward/tracking_ang_vel: 0.0593
              Episode_Reward/feet_phase: 0.1342
     Episode_Reward/feet_phase_contrast: 0.2318
     Episode_Reward/feet_contact_number: 0.2053
           Episode_Reward/feet_air_time: 0.0062
             Episode_Reward/under_speed: -0.0760
               Episode_Reward/feet_slip: -0.0007
          Episode_Reward/feet_clearance: -0.0032
               Episode_Reward/lin_vel_z: -0.0029
              Episode_Reward/ang_vel_xy: -0.0713
             Episode_Reward/base_height: -0.0695
             Episode_Reward/orientation: -0.0479
                    Episode_Reward/pose: -0.0042
             Episode_Reward/action_rate: -0.0225
              Episode_Reward/action_acc: -0.0653
           Episode_Termination/time_out: 0.0000
    Episode_Termination/bad_orientation: 11.1667
--------------------------------------------------------------------------------
                         Iteration time: 0.42s
                           Time elapsed: 00:01:02
                                    ETA: 00:00:53

################################################################################
[1m                           Learning iteration 135/250                           [0m 

                            Total steps: 1671168 
                       Steps per second: 25580 
                        Collection time: 0.418s 
                          Learning time: 0.063s 
                        Mean value loss: 0.2058
                    Mean surrogate loss: -0.0088
                      Mean entropy loss: 5.2683
                            Mean reward: 13.80
                    Mean episode length: 437.11
                        Mean action std: 0.41
                reward/tracking_lin_vel: 1.0658
                reward/tracking_ang_vel: 0.1263
                      reward/feet_phase: 0.5213
             reward/feet_phase_contrast: 0.7558
             reward/feet_contact_number: 0.4458
                   reward/feet_air_time: 0.0257
                     reward/under_speed: -0.1456
                       reward/feet_slip: -0.0022
                  reward/feet_clearance: -0.0099
                       reward/lin_vel_z: -0.0085
                      reward/ang_vel_xy: -0.2469
                     reward/base_height: -0.5288
                     reward/orientation: -0.2417
                            reward/pose: -0.0090
                     reward/action_rate: -0.0502
                      reward/action_acc: -0.1435
             Metrics/twist/error_vel_xy: 0.4296
            Metrics/twist/error_vel_yaw: 0.2477
        Episode_Reward/tracking_lin_vel: 0.4597
        Episode_Reward/tracking_ang_vel: 0.0585
              Episode_Reward/feet_phase: 0.1290
     Episode_Reward/feet_phase_contrast: 0.2176
     Episode_Reward/feet_contact_number: 0.2027
           Episode_Reward/feet_air_time: 0.0079
             Episode_Reward/under_speed: -0.0760
               Episode_Reward/feet_slip: -0.0007
          Episode_Reward/feet_clearance: -0.0032
               Episode_Reward/lin_vel_z: -0.0019
              Episode_Reward/ang_vel_xy: -0.0640
             Episode_Reward/base_height: -0.0910
             Episode_Reward/orientation: -0.0552
                    Episode_Reward/pose: -0.0042
             Episode_Reward/action_rate: -0.0225
              Episode_Reward/action_acc: -0.0653
           Episode_Termination/time_out: 0.0000
    Episode_Termination/bad_orientation: 4.4286
--------------------------------------------------------------------------------
                         Iteration time: 0.48s
                           Time elapsed: 00:01:03
                                    ETA: 00:00:52

################################################################################
[1m                           Learning iteration 136/250                           [0m 

                            Total steps: 1683456 
                       Steps per second: 25268 
                        Collection time: 0.417s 
                          Learning time: 0.069s 
                        Mean value loss: 0.0960
                    Mean surrogate loss: -0.0082
                      Mean entropy loss: 5.2626
                            Mean reward: 6.69
                    Mean episode length: 246.97
                        Mean action std: 0.41
                reward/tracking_lin_vel: 1.0363
                reward/tracking_ang_vel: 0.1294
                      reward/feet_phase: 0.3732
             reward/feet_phase_contrast: 0.6196
             reward/feet_contact_number: 0.4591
                   reward/feet_air_time: 0.0130
                     reward/under_speed: -0.1592
                       reward/feet_slip: -0.0020
                  reward/feet_clearance: -0.0079
                       reward/lin_vel_z: -0.0072
                      reward/ang_vel_xy: -0.2077
                     reward/base_height: -0.3190
                     reward/orientation: -0.1964
                            reward/pose: -0.0096
                     reward/action_rate: -0.0500
                      reward/action_acc: -0.1427
             Metrics/twist/error_vel_xy: 0.2882
            Metrics/twist/error_vel_yaw: 0.1550
        Episode_Reward/tracking_lin_vel: 0.0691
        Episode_Reward/tracking_ang_vel: 0.0095
              Episode_Reward/feet_phase: 0.0319
     Episode_Reward/feet_phase_contrast: 0.0518
     Episode_Reward/feet_contact_number: 0.0339
           Episode_Reward/feet_air_time: 0.0012
             Episode_Reward/under_speed: -0.0099
               Episode_Reward/feet_slip: -0.0003
          Episode_Reward/feet_clearance: -0.0007
               Episode_Reward/lin_vel_z: -0.0014
              Episode_Reward/ang_vel_xy: -0.0341
             Episode_Reward/base_height: -0.0703
             Episode_Reward/orientation: -0.0394
                    Episode_Reward/pose: -0.0007
             Episode_Reward/action_rate: -0.0038
              Episode_Reward/action_acc: -0.0109
           Episode_Termination/time_out: 0.0000
    Episode_Termination/bad_orientation: 2.5000
--------------------------------------------------------------------------------
                         Iteration time: 0.49s
                           Time elapsed: 00:01:03
                                    ETA: 00:00:52

################################################################################
[1m                           Learning iteration 137/250                           [0m 

                            Total steps: 1695744 
                       Steps per second: 27023 
                        Collection time: 0.392s 
                          Learning time: 0.063s 
                        Mean value loss: 0.0755
                    Mean surrogate loss: -0.0091
                      Mean entropy loss: 5.2459
                            Mean reward: 2.57
                    Mean episode length: 126.45
                        Mean action std: 0.41
                reward/tracking_lin_vel: 1.0576
                reward/tracking_ang_vel: 0.1335
                      reward/feet_phase: 0.3060
             reward/feet_phase_contrast: 0.5896
             reward/feet_contact_number: 0.4632
                   reward/feet_air_time: 0.0055
                     reward/under_speed: -0.1637
                       reward/feet_slip: -0.0017
                  reward/feet_clearance: -0.0070
                       reward/lin_vel_z: -0.0057
                      reward/ang_vel_xy: -0.1697
                     reward/base_height: -0.2116
                     reward/orientation: -0.1404
                            reward/pose: -0.0091
                     reward/action_rate: -0.0492
                      reward/action_acc: -0.1402
             Metrics/twist/error_vel_xy: 0.3466
            Metrics/twist/error_vel_yaw: 0.2309
        Episode_Reward/tracking_lin_vel: 0.1799
        Episode_Reward/tracking_ang_vel: 0.0220
              Episode_Reward/feet_phase: 0.0680
     Episode_Reward/feet_phase_contrast: 0.1115
     Episode_Reward/feet_contact_number: 0.0790
           Episode_Reward/feet_air_time: 0.0039
             Episode_Reward/under_speed: -0.0258
               Episode_Reward/feet_slip: -0.0004
          Episode_Reward/feet_clearance: -0.0013
               Episode_Reward/lin_vel_z: -0.0017
              Episode_Reward/ang_vel_xy: -0.0407
             Episode_Reward/base_height: -0.0735
             Episode_Reward/orientation: -0.0460
                    Episode_Reward/pose: -0.0018
             Episode_Reward/action_rate: -0.0087
              Episode_Reward/action_acc: -0.0250
           Episode_Termination/time_out: 0.0000
    Episode_Termination/bad_orientation: 1.9500
--------------------------------------------------------------------------------
                         Iteration time: 0.45s
                           Time elapsed: 00:01:03
                                    ETA: 00:00:51

################################################################################
[1m                           Learning iteration 138/250                           [0m 

                            Total steps: 1708032 
                       Steps per second: 25448 
                        Collection time: 0.419s 
                          Learning time: 0.064s 
                        Mean value loss: 0.0554
                    Mean surrogate loss: -0.0090
                      Mean entropy loss: 5.2406
                            Mean reward: 2.44
                    Mean episode length: 111.70
                        Mean action std: 0.41
                reward/tracking_lin_vel: 1.0375
                reward/tracking_ang_vel: 0.1335
                      reward/feet_phase: 0.3004
             reward/feet_phase_contrast: 0.5232
             reward/feet_contact_number: 0.4634
                   reward/feet_air_time: 0.0044
                     reward/under_speed: -0.1711
                       reward/feet_slip: -0.0015
                  reward/feet_clearance: -0.0066
                       reward/lin_vel_z: -0.0044
                      reward/ang_vel_xy: -0.1518
                     reward/base_height: -0.1526
                     reward/orientation: -0.1070
                            reward/pose: -0.0089
                     reward/action_rate: -0.0491
                      reward/action_acc: -0.1401
--------------------------------------------------------------------------------
                         Iteration time: 0.48s
                           Time elapsed: 00:01:04
                                    ETA: 00:00:51

################################################################################
[1m                           Learning iteration 139/250                           [0m 

                            Total steps: 1720320 
                       Steps per second: 24382 
                        Collection time: 0.440s 
                          Learning time: 0.063s 
                        Mean value loss: 0.0325
                    Mean surrogate loss: -0.0079
                      Mean entropy loss: 5.2320
                            Mean reward: 2.08
                    Mean episode length: 105.72
                        Mean action std: 0.41
                reward/tracking_lin_vel: 1.0670
                reward/tracking_ang_vel: 0.1366
                      reward/feet_phase: 0.3648
             reward/feet_phase_contrast: 0.5358
             reward/feet_contact_number: 0.4666
                   reward/feet_air_time: 0.0033
                     reward/under_speed: -0.1719
                       reward/feet_slip: -0.0013
                  reward/feet_clearance: -0.0063
                       reward/lin_vel_z: -0.0031
                      reward/ang_vel_xy: -0.1339
                     reward/base_height: -0.1084
                     reward/orientation: -0.0841
                            reward/pose: -0.0088
                     reward/action_rate: -0.0496
                      reward/action_acc: -0.1416
             Metrics/twist/error_vel_xy: 0.2729
            Metrics/twist/error_vel_yaw: 0.1731
        Episode_Reward/tracking_lin_vel: 0.0478
        Episode_Reward/tracking_ang_vel: 0.0065
              Episode_Reward/feet_phase: 0.0297
     Episode_Reward/feet_phase_contrast: 0.0473
     Episode_Reward/feet_contact_number: 0.0265
           Episode_Reward/feet_air_time: 0.0032
             Episode_Reward/under_speed: -0.0061
               Episode_Reward/feet_slip: -0.0002
          Episode_Reward/feet_clearance: -0.0007
               Episode_Reward/lin_vel_z: -0.0014
              Episode_Reward/ang_vel_xy: -0.0318
             Episode_Reward/base_height: -0.0813
             Episode_Reward/orientation: -0.0422
                    Episode_Reward/pose: -0.0006
             Episode_Reward/action_rate: -0.0029
              Episode_Reward/action_acc: -0.0082
           Episode_Termination/time_out: 0.0000
    Episode_Termination/bad_orientation: 1.2500
--------------------------------------------------------------------------------
                         Iteration time: 0.50s
                           Time elapsed: 00:01:04
                                    ETA: 00:00:51

################################################################################
[1m                           Learning iteration 140/250                           [0m 

                            Total steps: 1732608 
                       Steps per second: 26706 
                        Collection time: 0.394s 
                          Learning time: 0.066s 
                        Mean value loss: 0.0278
                    Mean surrogate loss: -0.0093
                      Mean entropy loss: 5.2039
                            Mean reward: 2.26
                    Mean episode length: 108.03
                        Mean action std: 0.41
                reward/tracking_lin_vel: 1.0661
                reward/tracking_ang_vel: 0.1362
                      reward/feet_phase: 0.2643
             reward/feet_phase_contrast: 0.4997
             reward/feet_contact_number: 0.4662
                   reward/feet_air_time: 0.0016
                     reward/under_speed: -0.1753
                       reward/feet_slip: -0.0013
                  reward/feet_clearance: -0.0063
                       reward/lin_vel_z: -0.0023
                      reward/ang_vel_xy: -0.1169
                     reward/base_height: -0.0542
                     reward/orientation: -0.0533
                            reward/pose: -0.0088
                     reward/action_rate: -0.0500
                      reward/action_acc: -0.1429
--------------------------------------------------------------------------------
                         Iteration time: 0.46s
                           Time elapsed: 00:01:05
                                    ETA: 00:00:50

################################################################################
[1m                           Learning iteration 141/250                           [0m 

                            Total steps: 1744896 
                       Steps per second: 25858 
                        Collection time: 0.408s 
                          Learning time: 0.068s 
                        Mean value loss: 0.0208
                    Mean surrogate loss: -0.0074
                      Mean entropy loss: 5.1896
                            Mean reward: 2.20
                    Mean episode length: 104.71
                        Mean action std: 0.41
                reward/tracking_lin_vel: 1.0747
                reward/tracking_ang_vel: 0.1363
                      reward/feet_phase: 0.2609
             reward/feet_phase_contrast: 0.5191
             reward/feet_contact_number: 0.4653
                   reward/feet_air_time: 0.0021
                     reward/under_speed: -0.1755
                       reward/feet_slip: -0.0012
                  reward/feet_clearance: -0.0062
                       reward/lin_vel_z: -0.0020
                      reward/ang_vel_xy: -0.1165
                     reward/base_height: -0.0396
                     reward/orientation: -0.0494
                            reward/pose: -0.0088
                     reward/action_rate: -0.0496
                      reward/action_acc: -0.1408
--------------------------------------------------------------------------------
                         Iteration time: 0.48s
                           Time elapsed: 00:01:05
                                    ETA: 00:00:50

################################################################################
[1m                           Learning iteration 142/250                           [0m 

                            Total steps: 1757184 
                       Steps per second: 25865 
                        Collection time: 0.402s 
                          Learning time: 0.073s 
                        Mean value loss: 0.0188
                    Mean surrogate loss: -0.0098
                      Mean entropy loss: 5.1525
                            Mean reward: 5.03
                    Mean episode length: 172.48
                        Mean action std: 0.40
                reward/tracking_lin_vel: 1.0739
                reward/tracking_ang_vel: 0.1359
                      reward/feet_phase: 0.3435
             reward/feet_phase_contrast: 0.5247
             reward/feet_contact_number: 0.4623
                   reward/feet_air_time: 0.0001
                     reward/under_speed: -0.1752
                       reward/feet_slip: -0.0013
                  reward/feet_clearance: -0.0062
                       reward/lin_vel_z: -0.0020
                      reward/ang_vel_xy: -0.1174
                     reward/base_height: -0.0330
                     reward/orientation: -0.0453
                            reward/pose: -0.0088
                     reward/action_rate: -0.0500
                      reward/action_acc: -0.1417
--------------------------------------------------------------------------------
                         Iteration time: 0.48s
                           Time elapsed: 00:01:06
                                    ETA: 00:00:49

################################################################################
[1m                           Learning iteration 143/250                           [0m 

                            Total steps: 1769472 
                       Steps per second: 26532 
                        Collection time: 0.399s 
                          Learning time: 0.064s 
                        Mean value loss: 0.0233
                    Mean surrogate loss: -0.0103
                      Mean entropy loss: 5.1187
                            Mean reward: 6.66
                    Mean episode length: 212.97
                        Mean action std: 0.40
                reward/tracking_lin_vel: 1.0770
                reward/tracking_ang_vel: 0.1361
                      reward/feet_phase: 0.3259
             reward/feet_phase_contrast: 0.5213
             reward/feet_contact_number: 0.4654
                   reward/feet_air_time: 0.0001
                     reward/under_speed: -0.1744
                       reward/feet_slip: -0.0012
                  reward/feet_clearance: -0.0063
                       reward/lin_vel_z: -0.0019
                      reward/ang_vel_xy: -0.1252
                     reward/base_height: -0.0223
                     reward/orientation: -0.0415
                            reward/pose: -0.0087
                     reward/action_rate: -0.0499
                      reward/action_acc: -0.1411
--------------------------------------------------------------------------------
                         Iteration time: 0.46s
                           Time elapsed: 00:01:06
                                    ETA: 00:00:49

################################################################################
[1m                           Learning iteration 144/250                           [0m 

                            Total steps: 1781760 
                       Steps per second: 25438 
                        Collection time: 0.417s 
                          Learning time: 0.066s 
                        Mean value loss: 0.0276
                    Mean surrogate loss: -0.0103
                      Mean entropy loss: 5.0867
                            Mean reward: 7.66
                    Mean episode length: 242.55
                        Mean action std: 0.40
                reward/tracking_lin_vel: 1.0773
                reward/tracking_ang_vel: 0.1357
                      reward/feet_phase: 0.2577
             reward/feet_phase_contrast: 0.5242
             reward/feet_contact_number: 0.4672
                   reward/feet_air_time: 0.0024
                     reward/under_speed: -0.1749
                       reward/feet_slip: -0.0012
                  reward/feet_clearance: -0.0061
                       reward/lin_vel_z: -0.0017
                      reward/ang_vel_xy: -0.1265
                     reward/base_height: -0.0255
                     reward/orientation: -0.0395
                            reward/pose: -0.0088
                     reward/action_rate: -0.0492
                      reward/action_acc: -0.1387
--------------------------------------------------------------------------------
                         Iteration time: 0.48s
                           Time elapsed: 00:01:07
                                    ETA: 00:00:48

################################################################################
[1m                           Learning iteration 145/250                           [0m 

                            Total steps: 1794048 
                       Steps per second: 26270 
                        Collection time: 0.400s 
                          Learning time: 0.068s 
                        Mean value loss: 0.0227
                    Mean surrogate loss: -0.0099
                      Mean entropy loss: 5.0628
                            Mean reward: 8.03
                    Mean episode length: 251.83
                        Mean action std: 0.40
                reward/tracking_lin_vel: 1.0698
                reward/tracking_ang_vel: 0.1373
                      reward/feet_phase: 0.2840
             reward/feet_phase_contrast: 0.5171
             reward/feet_contact_number: 0.4682
                   reward/feet_air_time: 0.0001
                     reward/under_speed: -0.1756
                       reward/feet_slip: -0.0012
                  reward/feet_clearance: -0.0061
                       reward/lin_vel_z: -0.0017
                      reward/ang_vel_xy: -0.1257
                     reward/base_height: -0.0218
                     reward/orientation: -0.0399
                            reward/pose: -0.0088
                     reward/action_rate: -0.0491
                      reward/action_acc: -0.1386
--------------------------------------------------------------------------------
                         Iteration time: 0.47s
                           Time elapsed: 00:01:07
                                    ETA: 00:00:48

################################################################################
[1m                           Learning iteration 146/250                           [0m 

                            Total steps: 1806336 
                       Steps per second: 26368 
                        Collection time: 0.400s 
                          Learning time: 0.066s 
                        Mean value loss: 0.0140
                    Mean surrogate loss: -0.0108
                      Mean entropy loss: 5.0282
                            Mean reward: 8.00
                    Mean episode length: 252.21
                        Mean action std: 0.40
                reward/tracking_lin_vel: 1.0784
                reward/tracking_ang_vel: 0.1376
                      reward/feet_phase: 0.3546
             reward/feet_phase_contrast: 0.5166
             reward/feet_contact_number: 0.4648
                   reward/feet_air_time: 0.0000
                     reward/under_speed: -0.1757
                       reward/feet_slip: -0.0012
                  reward/feet_clearance: -0.0059
                       reward/lin_vel_z: -0.0017
                      reward/ang_vel_xy: -0.1225
                     reward/base_height: -0.0168
                     reward/orientation: -0.0355
                            reward/pose: -0.0087
                     reward/action_rate: -0.0490
                      reward/action_acc: -0.1382
             Metrics/twist/error_vel_xy: 0.2161
            Metrics/twist/error_vel_yaw: 0.1536
        Episode_Reward/tracking_lin_vel: 0.0684
        Episode_Reward/tracking_ang_vel: 0.0086
              Episode_Reward/feet_phase: 0.0345
     Episode_Reward/feet_phase_contrast: 0.0540
     Episode_Reward/feet_contact_number: 0.0355
           Episode_Reward/feet_air_time: 0.0076
             Episode_Reward/under_speed: -0.0090
               Episode_Reward/feet_slip: -0.0002
          Episode_Reward/feet_clearance: -0.0009
               Episode_Reward/lin_vel_z: -0.0020
              Episode_Reward/ang_vel_xy: -0.0337
             Episode_Reward/base_height: -0.0719
             Episode_Reward/orientation: -0.0436
                    Episode_Reward/pose: -0.0009
             Episode_Reward/action_rate: -0.0038
              Episode_Reward/action_acc: -0.0107
           Episode_Termination/time_out: 0.0000
    Episode_Termination/bad_orientation: 1.0000
--------------------------------------------------------------------------------
                         Iteration time: 0.47s
                           Time elapsed: 00:01:08
                                    ETA: 00:00:47

################################################################################
[1m                           Learning iteration 147/250                           [0m 

                            Total steps: 1818624 
                       Steps per second: 26271 
                        Collection time: 0.402s 
                          Learning time: 0.066s 
                        Mean value loss: 0.0111
                    Mean surrogate loss: -0.0084
                      Mean entropy loss: 4.9892
                            Mean reward: 8.00
                    Mean episode length: 252.21
                        Mean action std: 0.40
                reward/tracking_lin_vel: 1.0846
                reward/tracking_ang_vel: 0.1379
                      reward/feet_phase: 0.2835
             reward/feet_phase_contrast: 0.5263
             reward/feet_contact_number: 0.4677
                   reward/feet_air_time: 0.0000
                     reward/under_speed: -0.1750
                       reward/feet_slip: -0.0012
                  reward/feet_clearance: -0.0061
                       reward/lin_vel_z: -0.0016
                      reward/ang_vel_xy: -0.1286
                     reward/base_height: -0.0098
                     reward/orientation: -0.0331
                            reward/pose: -0.0086
                     reward/action_rate: -0.0491
                      reward/action_acc: -0.1375
--------------------------------------------------------------------------------
                         Iteration time: 0.47s
                           Time elapsed: 00:01:08
                                    ETA: 00:00:47

################################################################################
[1m                           Learning iteration 148/250                           [0m 

                            Total steps: 1830912 
                       Steps per second: 25564 
                        Collection time: 0.413s 
                          Learning time: 0.067s 
                        Mean value loss: 0.0098
                    Mean surrogate loss: -0.0085
                      Mean entropy loss: 4.9708
                            Mean reward: 8.44
                    Mean episode length: 261.49
                        Mean action std: 0.40
                reward/tracking_lin_vel: 1.0859
                reward/tracking_ang_vel: 0.1360
                      reward/feet_phase: 0.2684
             reward/feet_phase_contrast: 0.5422
             reward/feet_contact_number: 0.4667
                   reward/feet_air_time: 0.0000
                     reward/under_speed: -0.1742
                       reward/feet_slip: -0.0013
                  reward/feet_clearance: -0.0063
                       reward/lin_vel_z: -0.0017
                      reward/ang_vel_xy: -0.1347
                     reward/base_height: -0.0098
                     reward/orientation: -0.0335
                            reward/pose: -0.0088
                     reward/action_rate: -0.0492
                      reward/action_acc: -0.1366
--------------------------------------------------------------------------------
                         Iteration time: 0.48s
                           Time elapsed: 00:01:09
                                    ETA: 00:00:46

################################################################################
[1m                           Learning iteration 149/250                           [0m 

                            Total steps: 1843200 
                       Steps per second: 26394 
                        Collection time: 0.402s 
                          Learning time: 0.064s 
                        Mean value loss: 2.5766
                    Mean surrogate loss: -0.0098
                      Mean entropy loss: 4.9270
                            Mean reward: 8.44
                    Mean episode length: 261.49
                        Mean action std: 0.40
                reward/tracking_lin_vel: 1.0851
                reward/tracking_ang_vel: 0.1362
                      reward/feet_phase: 0.3464
             reward/feet_phase_contrast: 0.5547
             reward/feet_contact_number: 0.4627
                   reward/feet_air_time: 0.0000
                     reward/under_speed: -0.1734
                       reward/feet_slip: -0.0013
                  reward/feet_clearance: -0.0064
                       reward/lin_vel_z: -0.0017
                      reward/ang_vel_xy: -0.1489
                     reward/base_height: -0.0097
                     reward/orientation: -0.0341
                            reward/pose: -0.0086
                     reward/action_rate: -0.0495
                      reward/action_acc: -0.1362
--------------------------------------------------------------------------------
                         Iteration time: 0.47s
                           Time elapsed: 00:01:09
                                    ETA: 00:00:46

################################################################################
[1m                           Learning iteration 150/250                           [0m 

                            Total steps: 1855488 
                       Steps per second: 34120 
                        Collection time: 0.288s 
                          Learning time: 0.072s 
                        Mean value loss: 0.3519
                    Mean surrogate loss: -0.0120
                      Mean entropy loss: 4.9095
                            Mean reward: 16.33
                    Mean episode length: 467.55
                        Mean action std: 0.40
                reward/tracking_lin_vel: 0.5097
                reward/tracking_ang_vel: 0.1077
                      reward/feet_phase: 0.4230
             reward/feet_phase_contrast: 0.7108
             reward/feet_contact_number: 0.4401
                   reward/feet_air_time: 0.1746
                     reward/under_speed: -0.1231
                       reward/feet_slip: -0.0053
                  reward/feet_clearance: -0.0178
                       reward/lin_vel_z: -0.0324
                      reward/ang_vel_xy: -0.5729
                     reward/base_height: -0.4476
                     reward/orientation: -0.4391
                            reward/pose: -0.0114
                     reward/action_rate: -0.0500
                      reward/action_acc: -0.1391
--------------------------------------------------------------------------------
                         Iteration time: 0.36s
                           Time elapsed: 00:01:10
                                    ETA: 00:00:45

################################################################################
[1m                           Learning iteration 151/250                           [0m 

                            Total steps: 1867776 
                       Steps per second: 23906 
                        Collection time: 0.444s 
                          Learning time: 0.070s 
                        Mean value loss: 0.2074
                    Mean surrogate loss: -0.0122
                      Mean entropy loss: 4.8953
                            Mean reward: 15.21
                    Mean episode length: 466.35
                        Mean action std: 0.39
                reward/tracking_lin_vel: 0.9034
                reward/tracking_ang_vel: 0.1153
                      reward/feet_phase: 0.4652
             reward/feet_phase_contrast: 0.7878
             reward/feet_contact_number: 0.4398
                   reward/feet_air_time: 0.0748
                     reward/under_speed: -0.1266
                       reward/feet_slip: -0.0035
                  reward/feet_clearance: -0.0159
                       reward/lin_vel_z: -0.0260
                      reward/ang_vel_xy: -0.5703
                     reward/base_height: -1.4625
                     reward/orientation: -0.5769
                            reward/pose: -0.0090
                     reward/action_rate: -0.0490
                      reward/action_acc: -0.1340
             Metrics/twist/error_vel_xy: 0.4001
            Metrics/twist/error_vel_yaw: 0.2192
        Episode_Reward/tracking_lin_vel: 0.4723
        Episode_Reward/tracking_ang_vel: 0.0623
              Episode_Reward/feet_phase: 0.1450
     Episode_Reward/feet_phase_contrast: 0.2476
     Episode_Reward/feet_contact_number: 0.2151
           Episode_Reward/feet_air_time: 0.0091
             Episode_Reward/under_speed: -0.0795
               Episode_Reward/feet_slip: -0.0007
          Episode_Reward/feet_clearance: -0.0035
               Episode_Reward/lin_vel_z: -0.0023
              Episode_Reward/ang_vel_xy: -0.0805
             Episode_Reward/base_height: -0.0803
             Episode_Reward/orientation: -0.0505
                    Episode_Reward/pose: -0.0042
             Episode_Reward/action_rate: -0.0231
              Episode_Reward/action_acc: -0.0657
           Episode_Termination/time_out: 0.0833
    Episode_Termination/bad_orientation: 11.1250
--------------------------------------------------------------------------------
                         Iteration time: 0.51s
                           Time elapsed: 00:01:10
                                    ETA: 00:00:45

################################################################################
[1m                           Learning iteration 152/250                           [0m 

                            Total steps: 1880064 
                       Steps per second: 24530 
                        Collection time: 0.423s 
                          Learning time: 0.078s 
                        Mean value loss: 0.1364
                    Mean surrogate loss: -0.0092
                      Mean entropy loss: 4.8838
                            Mean reward: 13.57
                    Mean episode length: 415.96
                        Mean action std: 0.39
                reward/tracking_lin_vel: 1.0797
                reward/tracking_ang_vel: 0.1268
                      reward/feet_phase: 0.4319
             reward/feet_phase_contrast: 0.7590
             reward/feet_contact_number: 0.4530
                   reward/feet_air_time: 0.0253
                     reward/under_speed: -0.1452
                       reward/feet_slip: -0.0025
                  reward/feet_clearance: -0.0094
                       reward/lin_vel_z: -0.0079
                      reward/ang_vel_xy: -0.2597
                     reward/base_height: -0.3290
                     reward/orientation: -0.2027
                            reward/pose: -0.0094
                     reward/action_rate: -0.0491
                      reward/action_acc: -0.1343
             Metrics/twist/error_vel_xy: 0.3507
            Metrics/twist/error_vel_yaw: 0.2228
        Episode_Reward/tracking_lin_vel: 0.3019
        Episode_Reward/tracking_ang_vel: 0.0382
              Episode_Reward/feet_phase: 0.0994
     Episode_Reward/feet_phase_contrast: 0.1707
     Episode_Reward/feet_contact_number: 0.1340
           Episode_Reward/feet_air_time: 0.0053
             Episode_Reward/under_speed: -0.0470
               Episode_Reward/feet_slip: -0.0006
          Episode_Reward/feet_clearance: -0.0022
               Episode_Reward/lin_vel_z: -0.0018
              Episode_Reward/ang_vel_xy: -0.0593
             Episode_Reward/base_height: -0.0782
             Episode_Reward/orientation: -0.0486
                    Episode_Reward/pose: -0.0028
             Episode_Reward/action_rate: -0.0144
              Episode_Reward/action_acc: -0.0407
           Episode_Termination/time_out: 0.0000
    Episode_Termination/bad_orientation: 2.4783
--------------------------------------------------------------------------------
                         Iteration time: 0.50s
                           Time elapsed: 00:01:11
                                    ETA: 00:00:45

################################################################################
[1m                           Learning iteration 153/250                           [0m 

                            Total steps: 1892352 
                       Steps per second: 24433 
                        Collection time: 0.437s 
                          Learning time: 0.066s 
                        Mean value loss: 0.0882
                    Mean surrogate loss: -0.0089
                      Mean entropy loss: 4.8776
                            Mean reward: 5.97
                    Mean episode length: 206.87
                        Mean action std: 0.39
                reward/tracking_lin_vel: 1.0450
                reward/tracking_ang_vel: 0.1293
                      reward/feet_phase: 0.4522
             reward/feet_phase_contrast: 0.6640
             reward/feet_contact_number: 0.4590
                   reward/feet_air_time: 0.0100
                     reward/under_speed: -0.1558
                       reward/feet_slip: -0.0021
                  reward/feet_clearance: -0.0080
                       reward/lin_vel_z: -0.0082
                      reward/ang_vel_xy: -0.2580
                     reward/base_height: -0.3022
                     reward/orientation: -0.1858
                            reward/pose: -0.0092
                     reward/action_rate: -0.0496
                      reward/action_acc: -0.1351
             Metrics/twist/error_vel_xy: 0.2938
            Metrics/twist/error_vel_yaw: 0.1697
        Episode_Reward/tracking_lin_vel: 0.1017
        Episode_Reward/tracking_ang_vel: 0.0134
              Episode_Reward/feet_phase: 0.0455
     Episode_Reward/feet_phase_contrast: 0.0758
     Episode_Reward/feet_contact_number: 0.0487
           Episode_Reward/feet_air_time: 0.0024
             Episode_Reward/under_speed: -0.0145
               Episode_Reward/feet_slip: -0.0003
          Episode_Reward/feet_clearance: -0.0010
               Episode_Reward/lin_vel_z: -0.0017
              Episode_Reward/ang_vel_xy: -0.0407
             Episode_Reward/base_height: -0.0721
             Episode_Reward/orientation: -0.0411
                    Episode_Reward/pose: -0.0010
             Episode_Reward/action_rate: -0.0054
              Episode_Reward/action_acc: -0.0151
           Episode_Termination/time_out: 0.0000
    Episode_Termination/bad_orientation: 2.4545
--------------------------------------------------------------------------------
                         Iteration time: 0.50s
                           Time elapsed: 00:01:11
                                    ETA: 00:00:44

################################################################################
[1m                           Learning iteration 154/250                           [0m 

                            Total steps: 1904640 
                       Steps per second: 24332 
                        Collection time: 0.435s 
                          Learning time: 0.070s 
                        Mean value loss: 0.0738
                    Mean surrogate loss: -0.0101
                      Mean entropy loss: 4.8619
                            Mean reward: 2.04
                    Mean episode length: 106.15
                        Mean action std: 0.39
                reward/tracking_lin_vel: 1.0544
                reward/tracking_ang_vel: 0.1323
                      reward/feet_phase: 0.3449
             reward/feet_phase_contrast: 0.6004
             reward/feet_contact_number: 0.4599
                   reward/feet_air_time: 0.0055
                     reward/under_speed: -0.1649
                       reward/feet_slip: -0.0017
                  reward/feet_clearance: -0.0074
                       reward/lin_vel_z: -0.0053
                      reward/ang_vel_xy: -0.2185
                     reward/base_height: -0.1995
                     reward/orientation: -0.1208
                            reward/pose: -0.0086
                     reward/action_rate: -0.0489
                      reward/action_acc: -0.1334
             Metrics/twist/error_vel_xy: 0.3449
            Metrics/twist/error_vel_yaw: 0.2053
        Episode_Reward/tracking_lin_vel: 0.0724
        Episode_Reward/tracking_ang_vel: 0.0101
              Episode_Reward/feet_phase: 0.0395
     Episode_Reward/feet_phase_contrast: 0.0624
     Episode_Reward/feet_contact_number: 0.0364
           Episode_Reward/feet_air_time: 0.0036
             Episode_Reward/under_speed: -0.0112
               Episode_Reward/feet_slip: -0.0003
          Episode_Reward/feet_clearance: -0.0009
               Episode_Reward/lin_vel_z: -0.0014
              Episode_Reward/ang_vel_xy: -0.0352
             Episode_Reward/base_height: -0.0766
             Episode_Reward/orientation: -0.0415
                    Episode_Reward/pose: -0.0009
             Episode_Reward/action_rate: -0.0041
              Episode_Reward/action_acc: -0.0116
           Episode_Termination/time_out: 0.0000
    Episode_Termination/bad_orientation: 1.7000
--------------------------------------------------------------------------------
                         Iteration time: 0.51s
                           Time elapsed: 00:01:12
                                    ETA: 00:00:44

################################################################################
[1m                           Learning iteration 155/250                           [0m 

                            Total steps: 1916928 
                       Steps per second: 25047 
                        Collection time: 0.425s 
                          Learning time: 0.066s 
                        Mean value loss: 0.0481
                    Mean surrogate loss: -0.0106
                      Mean entropy loss: 4.8399
                            Mean reward: 2.33
                    Mean episode length: 110.94
                        Mean action std: 0.39
                reward/tracking_lin_vel: 1.0879
                reward/tracking_ang_vel: 0.1352
                      reward/feet_phase: 0.3017
             reward/feet_phase_contrast: 0.5968
             reward/feet_contact_number: 0.4642
                   reward/feet_air_time: 0.0033
                     reward/under_speed: -0.1674
                       reward/feet_slip: -0.0015
                  reward/feet_clearance: -0.0069
                       reward/lin_vel_z: -0.0030
                      reward/ang_vel_xy: -0.1806
                     reward/base_height: -0.0862
                     reward/orientation: -0.0724
                            reward/pose: -0.0084
                     reward/action_rate: -0.0490
                      reward/action_acc: -0.1330
             Metrics/twist/error_vel_xy: 0.3071
            Metrics/twist/error_vel_yaw: 0.1989
        Episode_Reward/tracking_lin_vel: 0.1375
        Episode_Reward/tracking_ang_vel: 0.0179
              Episode_Reward/feet_phase: 0.0611
     Episode_Reward/feet_phase_contrast: 0.1009
     Episode_Reward/feet_contact_number: 0.0654
           Episode_Reward/feet_air_time: 0.0048
             Episode_Reward/under_speed: -0.0212
               Episode_Reward/feet_slip: -0.0004
          Episode_Reward/feet_clearance: -0.0013
               Episode_Reward/lin_vel_z: -0.0015
              Episode_Reward/ang_vel_xy: -0.0436
             Episode_Reward/base_height: -0.0708
             Episode_Reward/orientation: -0.0434
                    Episode_Reward/pose: -0.0016
             Episode_Reward/action_rate: -0.0071
              Episode_Reward/action_acc: -0.0197
           Episode_Termination/time_out: 0.0000
    Episode_Termination/bad_orientation: 1.3636
--------------------------------------------------------------------------------
                         Iteration time: 0.49s
                           Time elapsed: 00:01:12
                                    ETA: 00:00:43

################################################################################
[1m                           Learning iteration 156/250                           [0m 

                            Total steps: 1929216 
                       Steps per second: 24465 
                        Collection time: 0.435s 
                          Learning time: 0.068s 
                        Mean value loss: 0.0293
                    Mean surrogate loss: -0.0105
                      Mean entropy loss: 4.8225
                            Mean reward: 1.43
                    Mean episode length: 90.29
                        Mean action std: 0.39
                reward/tracking_lin_vel: 1.0874
                reward/tracking_ang_vel: 0.1355
                      reward/feet_phase: 0.3499
             reward/feet_phase_contrast: 0.5829
             reward/feet_contact_number: 0.4669
                   reward/feet_air_time: 0.0010
                     reward/under_speed: -0.1692
                       reward/feet_slip: -0.0015
                  reward/feet_clearance: -0.0067
                       reward/lin_vel_z: -0.0028
                      reward/ang_vel_xy: -0.1662
                     reward/base_height: -0.0864
                     reward/orientation: -0.0651
                            reward/pose: -0.0085
                     reward/action_rate: -0.0482
                      reward/action_acc: -0.1317
--------------------------------------------------------------------------------
                         Iteration time: 0.50s
                           Time elapsed: 00:01:13
                                    ETA: 00:00:43

################################################################################
[1m                           Learning iteration 157/250                           [0m 

                            Total steps: 1941504 
                       Steps per second: 25070 
                        Collection time: 0.422s 
                          Learning time: 0.068s 
                        Mean value loss: 0.0222
                    Mean surrogate loss: -0.0098
                      Mean entropy loss: 4.8004
                            Mean reward: 1.55
                    Mean episode length: 91.38
                        Mean action std: 0.39
                reward/tracking_lin_vel: 1.0751
                reward/tracking_ang_vel: 0.1368
                      reward/feet_phase: 0.3769
             reward/feet_phase_contrast: 0.5637
             reward/feet_contact_number: 0.4639
                   reward/feet_air_time: 0.0012
                     reward/under_speed: -0.1715
                       reward/feet_slip: -0.0013
                  reward/feet_clearance: -0.0063
                       reward/lin_vel_z: -0.0025
                      reward/ang_vel_xy: -0.1548
                     reward/base_height: -0.0421
                     reward/orientation: -0.0505
                            reward/pose: -0.0085
                     reward/action_rate: -0.0479
                      reward/action_acc: -0.1314
--------------------------------------------------------------------------------
                         Iteration time: 0.49s
                           Time elapsed: 00:01:13
                                    ETA: 00:00:42

################################################################################
[1m                           Learning iteration 158/250                           [0m 

                            Total steps: 1953792 
                       Steps per second: 24359 
                        Collection time: 0.438s 
                          Learning time: 0.066s 
                        Mean value loss: 0.0300
                    Mean surrogate loss: -0.0090
                      Mean entropy loss: 4.7771
                            Mean reward: 1.58
                    Mean episode length: 91.92
                        Mean action std: 0.39
                reward/tracking_lin_vel: 1.0797
                reward/tracking_ang_vel: 0.1374
                      reward/feet_phase: 0.2953
             reward/feet_phase_contrast: 0.5746
             reward/feet_contact_number: 0.4621
                   reward/feet_air_time: 0.0001
                     reward/under_speed: -0.1719
                       reward/feet_slip: -0.0013
                  reward/feet_clearance: -0.0063
                       reward/lin_vel_z: -0.0020
                      reward/ang_vel_xy: -0.1605
                     reward/base_height: -0.0280
                     reward/orientation: -0.0413
                            reward/pose: -0.0082
                     reward/action_rate: -0.0480
                      reward/action_acc: -0.1305
--------------------------------------------------------------------------------
                         Iteration time: 0.50s
                           Time elapsed: 00:01:14
                                    ETA: 00:00:42

################################################################################
[1m                           Learning iteration 159/250                           [0m 

                            Total steps: 1966080 
                       Steps per second: 24452 
                        Collection time: 0.437s 
                          Learning time: 0.065s 
                        Mean value loss: 0.0161
                    Mean surrogate loss: -0.0092
                      Mean entropy loss: 4.7592
                            Mean reward: 6.95
                    Mean episode length: 221.25
                        Mean action std: 0.39
                reward/tracking_lin_vel: 1.0798
                reward/tracking_ang_vel: 0.1350
                      reward/feet_phase: 0.2937
             reward/feet_phase_contrast: 0.5737
             reward/feet_contact_number: 0.4653
                   reward/feet_air_time: 0.0008
                     reward/under_speed: -0.1713
                       reward/feet_slip: -0.0014
                  reward/feet_clearance: -0.0066
                       reward/lin_vel_z: -0.0021
                      reward/ang_vel_xy: -0.1697
                     reward/base_height: -0.0347
                     reward/orientation: -0.0414
                            reward/pose: -0.0081
                     reward/action_rate: -0.0488
                      reward/action_acc: -0.1321
--------------------------------------------------------------------------------
                         Iteration time: 0.50s
                           Time elapsed: 00:01:14
                                    ETA: 00:00:41

################################################################################
[1m                           Learning iteration 160/250                           [0m 

                            Total steps: 1978368 
                       Steps per second: 24860 
                        Collection time: 0.430s 
                          Learning time: 0.064s 
                        Mean value loss: 0.0257
                    Mean surrogate loss: -0.0094
                      Mean entropy loss: 4.7225
                            Mean reward: 8.30
                    Mean episode length: 253.15
                        Mean action std: 0.39
                reward/tracking_lin_vel: 1.0900
                reward/tracking_ang_vel: 0.1356
                      reward/feet_phase: 0.3941
             reward/feet_phase_contrast: 0.5870
             reward/feet_contact_number: 0.4632
                   reward/feet_air_time: 0.0017
                     reward/under_speed: -0.1702
                       reward/feet_slip: -0.0013
                  reward/feet_clearance: -0.0065
                       reward/lin_vel_z: -0.0019
                      reward/ang_vel_xy: -0.1729
                     reward/base_height: -0.0207
                     reward/orientation: -0.0352
                            reward/pose: -0.0081
                     reward/action_rate: -0.0484
                      reward/action_acc: -0.1304
             Metrics/twist/error_vel_xy: 0.5380
            Metrics/twist/error_vel_yaw: 0.4140
        Episode_Reward/tracking_lin_vel: 0.7659
        Episode_Reward/tracking_ang_vel: 0.0964
              Episode_Reward/feet_phase: 0.2573
     Episode_Reward/feet_phase_contrast: 0.4479
     Episode_Reward/feet_contact_number: 0.3379
           Episode_Reward/feet_air_time: 0.0014
             Episode_Reward/under_speed: -0.1206
               Episode_Reward/feet_slip: -0.0015
          Episode_Reward/feet_clearance: -0.0065
               Episode_Reward/lin_vel_z: -0.0020
              Episode_Reward/ang_vel_xy: -0.1214
             Episode_Reward/base_height: -0.0251
             Episode_Reward/orientation: -0.0330
                    Episode_Reward/pose: -0.0051
             Episode_Reward/action_rate: -0.0368
              Episode_Reward/action_acc: -0.1026
           Episode_Termination/time_out: 0.8000
    Episode_Termination/bad_orientation: 0.4000
--------------------------------------------------------------------------------
                         Iteration time: 0.49s
                           Time elapsed: 00:01:15
                                    ETA: 00:00:41

################################################################################
[1m                           Learning iteration 161/250                           [0m 

                            Total steps: 1990656 
                       Steps per second: 24724 
                        Collection time: 0.432s 
                          Learning time: 0.065s 
                        Mean value loss: 0.0294
                    Mean surrogate loss: -0.0096
                      Mean entropy loss: 4.7015
                            Mean reward: 9.64
                    Mean episode length: 283.26
                        Mean action std: 0.39
                reward/tracking_lin_vel: 1.0761
                reward/tracking_ang_vel: 0.1352
                      reward/feet_phase: 0.3407
             reward/feet_phase_contrast: 0.5696
             reward/feet_contact_number: 0.4670
                   reward/feet_air_time: 0.0023
                     reward/under_speed: -0.1708
                       reward/feet_slip: -0.0015
                  reward/feet_clearance: -0.0067
                       reward/lin_vel_z: -0.0021
                      reward/ang_vel_xy: -0.1815
                     reward/base_height: -0.0219
                     reward/orientation: -0.0382
                            reward/pose: -0.0082
                     reward/action_rate: -0.0489
                      reward/action_acc: -0.1312
--------------------------------------------------------------------------------
                         Iteration time: 0.50s
                           Time elapsed: 00:01:15
                                    ETA: 00:00:41

################################################################################
[1m                           Learning iteration 162/250                           [0m 

                            Total steps: 2002944 
                       Steps per second: 24603 
                        Collection time: 0.433s 
                          Learning time: 0.066s 
                        Mean value loss: 0.0137
                    Mean surrogate loss: -0.0107
                      Mean entropy loss: 4.6908
                            Mean reward: 10.74
                    Mean episode length: 310.99
                        Mean action std: 0.39
                reward/tracking_lin_vel: 1.0918
                reward/tracking_ang_vel: 0.1356
                      reward/feet_phase: 0.3062
             reward/feet_phase_contrast: 0.6208
             reward/feet_contact_number: 0.4627
                   reward/feet_air_time: 0.0006
                     reward/under_speed: -0.1684
                       reward/feet_slip: -0.0015
                  reward/feet_clearance: -0.0067
                       reward/lin_vel_z: -0.0019
                      reward/ang_vel_xy: -0.1869
                     reward/base_height: -0.0155
                     reward/orientation: -0.0348
                            reward/pose: -0.0079
                     reward/action_rate: -0.0494
                      reward/action_acc: -0.1316
--------------------------------------------------------------------------------
                         Iteration time: 0.50s
                           Time elapsed: 00:01:16
                                    ETA: 00:00:40

################################################################################
[1m                           Learning iteration 163/250                           [0m 

                            Total steps: 2015232 
                       Steps per second: 24225 
                        Collection time: 0.438s 
                          Learning time: 0.069s 
                        Mean value loss: 0.0147
                    Mean surrogate loss: -0.0102
                      Mean entropy loss: 4.6661
                            Mean reward: 10.50
                    Mean episode length: 306.54
                        Mean action std: 0.39
                reward/tracking_lin_vel: 1.0775
                reward/tracking_ang_vel: 0.1359
                      reward/feet_phase: 0.3491
             reward/feet_phase_contrast: 0.6091
             reward/feet_contact_number: 0.4665
                   reward/feet_air_time: 0.0004
                     reward/under_speed: -0.1692
                       reward/feet_slip: -0.0015
                  reward/feet_clearance: -0.0069
                       reward/lin_vel_z: -0.0022
                      reward/ang_vel_xy: -0.1962
                     reward/base_height: -0.0226
                     reward/orientation: -0.0378
                            reward/pose: -0.0079
                     reward/action_rate: -0.0501
                      reward/action_acc: -0.1339
--------------------------------------------------------------------------------
                         Iteration time: 0.51s
                           Time elapsed: 00:01:16
                                    ETA: 00:00:40

################################################################################
[1m                           Learning iteration 164/250                           [0m 

                            Total steps: 2027520 
                       Steps per second: 24739 
                        Collection time: 0.433s 
                          Learning time: 0.064s 
                        Mean value loss: 0.0139
                    Mean surrogate loss: -0.0102
                      Mean entropy loss: 4.6283
                            Mean reward: 10.49
                    Mean episode length: 306.49
                        Mean action std: 0.38
                reward/tracking_lin_vel: 1.0767
                reward/tracking_ang_vel: 0.1367
                      reward/feet_phase: 0.4189
             reward/feet_phase_contrast: 0.6157
             reward/feet_contact_number: 0.4629
                   reward/feet_air_time: 0.0010
                     reward/under_speed: -0.1689
                       reward/feet_slip: -0.0015
                  reward/feet_clearance: -0.0068
                       reward/lin_vel_z: -0.0020
                      reward/ang_vel_xy: -0.2066
                     reward/base_height: -0.0133
                     reward/orientation: -0.0341
                            reward/pose: -0.0078
                     reward/action_rate: -0.0503
                      reward/action_acc: -0.1334
--------------------------------------------------------------------------------
                         Iteration time: 0.50s
                           Time elapsed: 00:01:17
                                    ETA: 00:00:39

################################################################################
[1m                           Learning iteration 165/250                           [0m 

                            Total steps: 2039808 
                       Steps per second: 23814 
                        Collection time: 0.440s 
                          Learning time: 0.076s 
                        Mean value loss: 0.0128
                    Mean surrogate loss: -0.0078
                      Mean entropy loss: 4.6013
                            Mean reward: 11.39
                    Mean episode length: 326.19
                        Mean action std: 0.38
                reward/tracking_lin_vel: 1.0795
                reward/tracking_ang_vel: 0.1367
                      reward/feet_phase: 0.3337
             reward/feet_phase_contrast: 0.6428
             reward/feet_contact_number: 0.4642
                   reward/feet_air_time: 0.0001
                     reward/under_speed: -0.1670
                       reward/feet_slip: -0.0015
                  reward/feet_clearance: -0.0069
                       reward/lin_vel_z: -0.0022
                      reward/ang_vel_xy: -0.2196
                     reward/base_height: -0.0188
                     reward/orientation: -0.0369
                            reward/pose: -0.0077
                     reward/action_rate: -0.0506
                      reward/action_acc: -0.1339
--------------------------------------------------------------------------------
                         Iteration time: 0.52s
                           Time elapsed: 00:01:17
                                    ETA: 00:00:39

################################################################################
[1m                           Learning iteration 166/250                           [0m 

                            Total steps: 2052096 
                       Steps per second: 26187 
                        Collection time: 0.403s 
                          Learning time: 0.066s 
                        Mean value loss: 4.2745
                    Mean surrogate loss: -0.0108
                      Mean entropy loss: 4.5690
                            Mean reward: 11.36
                    Mean episode length: 326.22
                        Mean action std: 0.38
                reward/tracking_lin_vel: 0.8560
                reward/tracking_ang_vel: 0.1302
                      reward/feet_phase: 0.3492
             reward/feet_phase_contrast: 0.6716
             reward/feet_contact_number: 0.4601
                   reward/feet_air_time: 0.0066
                     reward/under_speed: -0.1517
                       reward/feet_slip: -0.0038
                  reward/feet_clearance: -0.0136
                       reward/lin_vel_z: -0.0094
                      reward/ang_vel_xy: -0.3010
                     reward/base_height: -0.0153
                     reward/orientation: -0.0478
                            reward/pose: -0.0082
                     reward/action_rate: -0.0507
                      reward/action_acc: -0.1325
--------------------------------------------------------------------------------
                         Iteration time: 0.47s
                           Time elapsed: 00:01:18
                                    ETA: 00:00:38

################################################################################
[1m                           Learning iteration 167/250                           [0m 

                            Total steps: 2064384 
                       Steps per second: 31762 
                        Collection time: 0.324s 
                          Learning time: 0.063s 
                        Mean value loss: 0.2429
                    Mean surrogate loss: -0.0079
                      Mean entropy loss: 4.5701
                            Mean reward: 15.30
                    Mean episode length: 444.59
                        Mean action std: 0.38
                reward/tracking_lin_vel: 0.5813
                reward/tracking_ang_vel: 0.1065
                      reward/feet_phase: 0.4452
             reward/feet_phase_contrast: 0.6971
             reward/feet_contact_number: 0.4307
                   reward/feet_air_time: 0.2087
                     reward/under_speed: -0.1212
                       reward/feet_slip: -0.0040
                  reward/feet_clearance: -0.0153
                       reward/lin_vel_z: -0.0385
                      reward/ang_vel_xy: -0.7763
                     reward/base_height: -1.3205
                     reward/orientation: -0.7381
                            reward/pose: -0.0113
                     reward/action_rate: -0.0487
                      reward/action_acc: -0.1325
--------------------------------------------------------------------------------
                         Iteration time: 0.39s
                           Time elapsed: 00:01:18
                                    ETA: 00:00:38

################################################################################
[1m                           Learning iteration 168/250                           [0m 

                            Total steps: 2076672 
                       Steps per second: 28796 
                        Collection time: 0.363s 
                          Learning time: 0.063s 
                        Mean value loss: 0.2124
                    Mean surrogate loss: -0.0097
                      Mean entropy loss: 4.5683
                            Mean reward: 16.13
                    Mean episode length: 473.90
                        Mean action std: 0.38
                reward/tracking_lin_vel: 1.0017
                reward/tracking_ang_vel: 0.1217
                      reward/feet_phase: 0.5283
             reward/feet_phase_contrast: 0.8089
             reward/feet_contact_number: 0.4505
                   reward/feet_air_time: 0.0292
                     reward/under_speed: -0.1337
                       reward/feet_slip: -0.0030
                  reward/feet_clearance: -0.0129
                       reward/lin_vel_z: -0.0149
                      reward/ang_vel_xy: -0.4224
                     reward/base_height: -0.8698
                     reward/orientation: -0.3558
                            reward/pose: -0.0082
                     reward/action_rate: -0.0499
                      reward/action_acc: -0.1326
             Metrics/twist/error_vel_xy: 0.4305
            Metrics/twist/error_vel_yaw: 0.2525
        Episode_Reward/tracking_lin_vel: 0.4911
        Episode_Reward/tracking_ang_vel: 0.0631
              Episode_Reward/feet_phase: 0.1657
     Episode_Reward/feet_phase_contrast: 0.2818
     Episode_Reward/feet_contact_number: 0.2206
           Episode_Reward/feet_air_time: 0.0078
             Episode_Reward/under_speed: -0.0792
               Episode_Reward/feet_slip: -0.0008
          Episode_Reward/feet_clearance: -0.0036
               Episode_Reward/lin_vel_z: -0.0022
              Episode_Reward/ang_vel_xy: -0.1019
             Episode_Reward/base_height: -0.0835
             Episode_Reward/orientation: -0.0527
                    Episode_Reward/pose: -0.0042
             Episode_Reward/action_rate: -0.0234
              Episode_Reward/action_acc: -0.0637
           Episode_Termination/time_out: 0.0435
    Episode_Termination/bad_orientation: 7.0000
--------------------------------------------------------------------------------
                         Iteration time: 0.43s
                           Time elapsed: 00:01:18
                                    ETA: 00:00:37

################################################################################
[1m                           Learning iteration 169/250                           [0m 

                            Total steps: 2088960 
                       Steps per second: 25542 
                        Collection time: 0.416s 
                          Learning time: 0.065s 
                        Mean value loss: 0.1446
                    Mean surrogate loss: -0.0112
                      Mean entropy loss: 4.5616
                            Mean reward: 9.82
                    Mean episode length: 315.50
                        Mean action std: 0.38
                reward/tracking_lin_vel: 1.0233
                reward/tracking_ang_vel: 0.1274
                      reward/feet_phase: 0.3791
             reward/feet_phase_contrast: 0.7097
             reward/feet_contact_number: 0.4517
                   reward/feet_air_time: 0.0152
                     reward/under_speed: -0.1505
                       reward/feet_slip: -0.0025
                  reward/feet_clearance: -0.0091
                       reward/lin_vel_z: -0.0086
                      reward/ang_vel_xy: -0.3141
                     reward/base_height: -0.3732
                     reward/orientation: -0.2133
                            reward/pose: -0.0088
                     reward/action_rate: -0.0507
                      reward/action_acc: -0.1337
             Metrics/twist/error_vel_xy: 0.3136
            Metrics/twist/error_vel_yaw: 0.1805
        Episode_Reward/tracking_lin_vel: 0.2234
        Episode_Reward/tracking_ang_vel: 0.0285
              Episode_Reward/feet_phase: 0.0812
     Episode_Reward/feet_phase_contrast: 0.1343
     Episode_Reward/feet_contact_number: 0.1015
           Episode_Reward/feet_air_time: 0.0044
             Episode_Reward/under_speed: -0.0344
               Episode_Reward/feet_slip: -0.0004
          Episode_Reward/feet_clearance: -0.0016
               Episode_Reward/lin_vel_z: -0.0018
              Episode_Reward/ang_vel_xy: -0.0565
             Episode_Reward/base_height: -0.0758
             Episode_Reward/orientation: -0.0443
                    Episode_Reward/pose: -0.0019
             Episode_Reward/action_rate: -0.0106
              Episode_Reward/action_acc: -0.0291
           Episode_Termination/time_out: 0.0000
    Episode_Termination/bad_orientation: 2.7727
--------------------------------------------------------------------------------
                         Iteration time: 0.48s
                           Time elapsed: 00:01:19
                                    ETA: 00:00:37

################################################################################
[1m                           Learning iteration 170/250                           [0m 

                            Total steps: 2101248 
                       Steps per second: 25130 
                        Collection time: 0.425s 
                          Learning time: 0.064s 
                        Mean value loss: 0.0795
                    Mean surrogate loss: -0.0118
                      Mean entropy loss: 4.5519
                            Mean reward: 2.89
                    Mean episode length: 135.73
                        Mean action std: 0.38
                reward/tracking_lin_vel: 1.0482
                reward/tracking_ang_vel: 0.1331
                      reward/feet_phase: 0.3732
             reward/feet_phase_contrast: 0.6763
             reward/feet_contact_number: 0.4561
                   reward/feet_air_time: 0.0097
                     reward/under_speed: -0.1584
                       reward/feet_slip: -0.0021
                  reward/feet_clearance: -0.0080
                       reward/lin_vel_z: -0.0063
                      reward/ang_vel_xy: -0.2738
                     reward/base_height: -0.2645
                     reward/orientation: -0.1483
                            reward/pose: -0.0082
                     reward/action_rate: -0.0506
                      reward/action_acc: -0.1340
             Metrics/twist/error_vel_xy: 0.3039
            Metrics/twist/error_vel_yaw: 0.1900
        Episode_Reward/tracking_lin_vel: 0.0864
        Episode_Reward/tracking_ang_vel: 0.0106
              Episode_Reward/feet_phase: 0.0430
     Episode_Reward/feet_phase_contrast: 0.0708
     Episode_Reward/feet_contact_number: 0.0378
           Episode_Reward/feet_air_time: 0.0018
             Episode_Reward/under_speed: -0.0106
               Episode_Reward/feet_slip: -0.0003
          Episode_Reward/feet_clearance: -0.0009
               Episode_Reward/lin_vel_z: -0.0016
              Episode_Reward/ang_vel_xy: -0.0393
             Episode_Reward/base_height: -0.0734
             Episode_Reward/orientation: -0.0418
                    Episode_Reward/pose: -0.0009
             Episode_Reward/action_rate: -0.0044
              Episode_Reward/action_acc: -0.0118
           Episode_Termination/time_out: 0.0000
    Episode_Termination/bad_orientation: 2.1429
--------------------------------------------------------------------------------
                         Iteration time: 0.49s
                           Time elapsed: 00:01:19
                                    ETA: 00:00:36

################################################################################
[1m                           Learning iteration 171/250                           [0m 

                            Total steps: 2113536 
                       Steps per second: 24358 
                        Collection time: 0.439s 
                          Learning time: 0.065s 
                        Mean value loss: 0.0459
                    Mean surrogate loss: -0.0116
                      Mean entropy loss: 4.5459
                            Mean reward: 1.39
                    Mean episode length: 91.02
                        Mean action std: 0.38
                reward/tracking_lin_vel: 1.0732
                reward/tracking_ang_vel: 0.1345
                      reward/feet_phase: 0.4634
             reward/feet_phase_contrast: 0.6773
             reward/feet_contact_number: 0.4623
                   reward/feet_air_time: 0.0034
                     reward/under_speed: -0.1609
                       reward/feet_slip: -0.0018
                  reward/feet_clearance: -0.0073
                       reward/lin_vel_z: -0.0047
                      reward/ang_vel_xy: -0.2331
                     reward/base_height: -0.1403
                     reward/orientation: -0.0949
                            reward/pose: -0.0077
                     reward/action_rate: -0.0505
                      reward/action_acc: -0.1338
--------------------------------------------------------------------------------
                         Iteration time: 0.50s
                           Time elapsed: 00:01:20
                                    ETA: 00:00:36

################################################################################
[1m                           Learning iteration 172/250                           [0m 

                            Total steps: 2125824 
                       Steps per second: 24370 
                        Collection time: 0.438s 
                          Learning time: 0.066s 
                        Mean value loss: 0.0297
                    Mean surrogate loss: -0.0101
                      Mean entropy loss: 4.5336
                            Mean reward: 0.97
                    Mean episode length: 81.77
                        Mean action std: 0.38
                reward/tracking_lin_vel: 1.0870
                reward/tracking_ang_vel: 0.1366
                      reward/feet_phase: 0.3481
             reward/feet_phase_contrast: 0.6410
             reward/feet_contact_number: 0.4628
                   reward/feet_air_time: 0.0016
                     reward/under_speed: -0.1656
                       reward/feet_slip: -0.0016
                  reward/feet_clearance: -0.0071
                       reward/lin_vel_z: -0.0029
                      reward/ang_vel_xy: -0.2117
                     reward/base_height: -0.0626
                     reward/orientation: -0.0591
                            reward/pose: -0.0078
                     reward/action_rate: -0.0504
                      reward/action_acc: -0.1327
--------------------------------------------------------------------------------
                         Iteration time: 0.50s
                           Time elapsed: 00:01:20
                                    ETA: 00:00:35

################################################################################
[1m                           Learning iteration 173/250                           [0m 

                            Total steps: 2138112 
                       Steps per second: 23267 
                        Collection time: 0.457s 
                          Learning time: 0.072s 
                        Mean value loss: 0.0427
                    Mean surrogate loss: -0.0089
                      Mean entropy loss: 4.5189
                            Mean reward: 0.96
                    Mean episode length: 80.23
                        Mean action std: 0.38
                reward/tracking_lin_vel: 1.0884
                reward/tracking_ang_vel: 0.1355
                      reward/feet_phase: 0.3186
             reward/feet_phase_contrast: 0.6354
             reward/feet_contact_number: 0.4690
                   reward/feet_air_time: 0.0004
                     reward/under_speed: -0.1663
                       reward/feet_slip: -0.0016
                  reward/feet_clearance: -0.0069
                       reward/lin_vel_z: -0.0028
                      reward/ang_vel_xy: -0.2097
                     reward/base_height: -0.0466
                     reward/orientation: -0.0556
                            reward/pose: -0.0078
                     reward/action_rate: -0.0504
                      reward/action_acc: -0.1337
--------------------------------------------------------------------------------
                         Iteration time: 0.53s
                           Time elapsed: 00:01:21
                                    ETA: 00:00:35

################################################################################
[1m                           Learning iteration 174/250                           [0m 

                            Total steps: 2150400 
                       Steps per second: 21958 
                        Collection time: 0.491s 
                          Learning time: 0.068s 
                        Mean value loss: 0.0218
                    Mean surrogate loss: -0.0102
                      Mean entropy loss: 4.4991
                            Mean reward: 0.62
                    Mean episode length: 74.17
                        Mean action std: 0.38
                reward/tracking_lin_vel: 1.0888
                reward/tracking_ang_vel: 0.1369
                      reward/feet_phase: 0.3999
             reward/feet_phase_contrast: 0.6405
             reward/feet_contact_number: 0.4634
                   reward/feet_air_time: 0.0014
                     reward/under_speed: -0.1666
                       reward/feet_slip: -0.0016
                  reward/feet_clearance: -0.0069
                       reward/lin_vel_z: -0.0027
                      reward/ang_vel_xy: -0.2181
                     reward/base_height: -0.0546
                     reward/orientation: -0.0524
                            reward/pose: -0.0077
                     reward/action_rate: -0.0505
                      reward/action_acc: -0.1327
--------------------------------------------------------------------------------
                         Iteration time: 0.56s
                           Time elapsed: 00:01:21
                                    ETA: 00:00:35

################################################################################
[1m                           Learning iteration 175/250                           [0m 

                            Total steps: 2162688 
                       Steps per second: 21121 
                        Collection time: 0.513s 
                          Learning time: 0.069s 
                        Mean value loss: 0.0138
                    Mean surrogate loss: -0.0090
                      Mean entropy loss: 4.4646
                            Mean reward: 1.21
                    Mean episode length: 85.04
                        Mean action std: 0.38
                reward/tracking_lin_vel: 1.0987
                reward/tracking_ang_vel: 0.1366
                      reward/feet_phase: 0.4197
             reward/feet_phase_contrast: 0.6461
             reward/feet_contact_number: 0.4667
                   reward/feet_air_time: 0.0000
                     reward/under_speed: -0.1669
                       reward/feet_slip: -0.0015
                  reward/feet_clearance: -0.0068
                       reward/lin_vel_z: -0.0024
                      reward/ang_vel_xy: -0.2019
                     reward/base_height: -0.0301
                     reward/orientation: -0.0427
                            reward/pose: -0.0077
                     reward/action_rate: -0.0498
                      reward/action_acc: -0.1317
--------------------------------------------------------------------------------
                         Iteration time: 0.58s
                           Time elapsed: 00:01:22
                                    ETA: 00:00:34

################################################################################
[1m                           Learning iteration 176/250                           [0m 

                            Total steps: 2174976 
                       Steps per second: 23447 
                        Collection time: 0.457s 
                          Learning time: 0.067s 
                        Mean value loss: 0.0210
                    Mean surrogate loss: -0.0097
                      Mean entropy loss: 4.4359
                            Mean reward: 6.27
                    Mean episode length: 199.41
                        Mean action std: 0.38
                reward/tracking_lin_vel: 1.1027
                reward/tracking_ang_vel: 0.1383
                      reward/feet_phase: 0.3187
             reward/feet_phase_contrast: 0.6391
             reward/feet_contact_number: 0.4599
                   reward/feet_air_time: 0.0003
                     reward/under_speed: -0.1669
                       reward/feet_slip: -0.0015
                  reward/feet_clearance: -0.0067
                       reward/lin_vel_z: -0.0022
                      reward/ang_vel_xy: -0.1899
                     reward/base_height: -0.0194
                     reward/orientation: -0.0391
                            reward/pose: -0.0079
                     reward/action_rate: -0.0495
                      reward/action_acc: -0.1313
--------------------------------------------------------------------------------
                         Iteration time: 0.52s
                           Time elapsed: 00:01:23
                                    ETA: 00:00:34

################################################################################
[1m                           Learning iteration 177/250                           [0m 

                            Total steps: 2187264 
                       Steps per second: 24348 
                        Collection time: 0.440s 
                          Learning time: 0.064s 
                        Mean value loss: 0.0136
                    Mean surrogate loss: -0.0107
                      Mean entropy loss: 4.4083
                            Mean reward: 6.47
                    Mean episode length: 204.58
                        Mean action std: 0.38
                reward/tracking_lin_vel: 1.0850
                reward/tracking_ang_vel: 0.1367
                      reward/feet_phase: 0.3268
             reward/feet_phase_contrast: 0.6240
             reward/feet_contact_number: 0.4669
                   reward/feet_air_time: 0.0006
                     reward/under_speed: -0.1692
                       reward/feet_slip: -0.0015
                  reward/feet_clearance: -0.0068
                       reward/lin_vel_z: -0.0023
                      reward/ang_vel_xy: -0.1969
                     reward/base_height: -0.0328
                     reward/orientation: -0.0409
                            reward/pose: -0.0080
                     reward/action_rate: -0.0497
                      reward/action_acc: -0.1317
--------------------------------------------------------------------------------
                         Iteration time: 0.50s
                           Time elapsed: 00:01:23
                                    ETA: 00:00:33

################################################################################
[1m                           Learning iteration 178/250                           [0m 

                            Total steps: 2199552 
                       Steps per second: 24627 
                        Collection time: 0.434s 
                          Learning time: 0.065s 
                        Mean value loss: 0.0266
                    Mean surrogate loss: -0.0093
                      Mean entropy loss: 4.3727
                            Mean reward: 7.25
                    Mean episode length: 222.20
                        Mean action std: 0.37
                reward/tracking_lin_vel: 1.1050
                reward/tracking_ang_vel: 0.1358
                      reward/feet_phase: 0.4423
             reward/feet_phase_contrast: 0.6495
             reward/feet_contact_number: 0.4636
                   reward/feet_air_time: 0.0001
                     reward/under_speed: -0.1684
                       reward/feet_slip: -0.0015
                  reward/feet_clearance: -0.0067
                       reward/lin_vel_z: -0.0019
                      reward/ang_vel_xy: -0.1949
                     reward/base_height: -0.0085
                     reward/orientation: -0.0299
                            reward/pose: -0.0077
                     reward/action_rate: -0.0500
                      reward/action_acc: -0.1323
--------------------------------------------------------------------------------
                         Iteration time: 0.50s
                           Time elapsed: 00:01:24
                                    ETA: 00:00:33

################################################################################
[1m                           Learning iteration 179/250                           [0m 

                            Total steps: 2211840 
                       Steps per second: 24490 
                        Collection time: 0.437s 
                          Learning time: 0.065s 
                        Mean value loss: 0.0117
                    Mean surrogate loss: -0.0098
                      Mean entropy loss: 4.3443
                            Mean reward: 8.08
                    Mean episode length: 240.98
                        Mean action std: 0.37
                reward/tracking_lin_vel: 1.0988
                reward/tracking_ang_vel: 0.1357
                      reward/feet_phase: 0.3569
             reward/feet_phase_contrast: 0.6333
             reward/feet_contact_number: 0.4712
                   reward/feet_air_time: 0.0000
                     reward/under_speed: -0.1686
                       reward/feet_slip: -0.0015
                  reward/feet_clearance: -0.0067
                       reward/lin_vel_z: -0.0019
                      reward/ang_vel_xy: -0.2005
                     reward/base_height: -0.0085
                     reward/orientation: -0.0299
                            reward/pose: -0.0077
                     reward/action_rate: -0.0492
                      reward/action_acc: -0.1293
--------------------------------------------------------------------------------
                         Iteration time: 0.50s
                           Time elapsed: 00:01:24
                                    ETA: 00:00:32

################################################################################
[1m                           Learning iteration 180/250                           [0m 

                            Total steps: 2224128 
                       Steps per second: 24583 
                        Collection time: 0.434s 
                          Learning time: 0.066s 
                        Mean value loss: 0.0092
                    Mean surrogate loss: -0.0100
                      Mean entropy loss: 4.3077
                            Mean reward: 8.97
                    Mean episode length: 260.16
                        Mean action std: 0.37
                reward/tracking_lin_vel: 1.1133
                reward/tracking_ang_vel: 0.1372
                      reward/feet_phase: 0.3268
             reward/feet_phase_contrast: 0.6644
             reward/feet_contact_number: 0.4636
                   reward/feet_air_time: 0.0000
                     reward/under_speed: -0.1674
                       reward/feet_slip: -0.0015
                  reward/feet_clearance: -0.0068
                       reward/lin_vel_z: -0.0020
                      reward/ang_vel_xy: -0.2029
                     reward/base_height: -0.0084
                     reward/orientation: -0.0296
                            reward/pose: -0.0074
                     reward/action_rate: -0.0502
                      reward/action_acc: -0.1312
--------------------------------------------------------------------------------
                         Iteration time: 0.50s
                           Time elapsed: 00:01:25
                                    ETA: 00:00:32

################################################################################
[1m                           Learning iteration 181/250                           [0m 

                            Total steps: 2236416 
                       Steps per second: 24792 
                        Collection time: 0.431s 
                          Learning time: 0.065s 
                        Mean value loss: 0.0097
                    Mean surrogate loss: -0.0109
                      Mean entropy loss: 4.2721
                            Mean reward: 8.97
                    Mean episode length: 260.16
                        Mean action std: 0.37
                reward/tracking_lin_vel: 1.1249
                reward/tracking_ang_vel: 0.1347
                      reward/feet_phase: 0.4026
             reward/feet_phase_contrast: 0.6721
             reward/feet_contact_number: 0.4658
                   reward/feet_air_time: 0.0000
                     reward/under_speed: -0.1660
                       reward/feet_slip: -0.0017
                  reward/feet_clearance: -0.0071
                       reward/lin_vel_z: -0.0019
                      reward/ang_vel_xy: -0.2089
                     reward/base_height: -0.0083
                     reward/orientation: -0.0303
                            reward/pose: -0.0074
                     reward/action_rate: -0.0503
                      reward/action_acc: -0.1306
--------------------------------------------------------------------------------
                         Iteration time: 0.50s
                           Time elapsed: 00:01:25
                                    ETA: 00:00:31

################################################################################
[1m                           Learning iteration 182/250                           [0m 

                            Total steps: 2248704 
                       Steps per second: 25014 
                        Collection time: 0.429s 
                          Learning time: 0.063s 
                        Mean value loss: 0.0122
                    Mean surrogate loss: -0.0095
                      Mean entropy loss: 4.2415
                            Mean reward: 8.97
                    Mean episode length: 260.16
                        Mean action std: 0.37
                reward/tracking_lin_vel: 1.1159
                reward/tracking_ang_vel: 0.1349
                      reward/feet_phase: 0.4387
             reward/feet_phase_contrast: 0.6586
             reward/feet_contact_number: 0.4619
                   reward/feet_air_time: 0.0000
                     reward/under_speed: -0.1674
                       reward/feet_slip: -0.0016
                  reward/feet_clearance: -0.0072
                       reward/lin_vel_z: -0.0020
                      reward/ang_vel_xy: -0.2065
                     reward/base_height: -0.0082
                     reward/orientation: -0.0309
                            reward/pose: -0.0077
                     reward/action_rate: -0.0494
                      reward/action_acc: -0.1277
--------------------------------------------------------------------------------
                         Iteration time: 0.49s
                           Time elapsed: 00:01:25
                                    ETA: 00:00:31

################################################################################
[1m                           Learning iteration 183/250                           [0m 

                            Total steps: 2260992 
                       Steps per second: 30640 
                        Collection time: 0.332s 
                          Learning time: 0.069s 
                        Mean value loss: 3.6475
                    Mean surrogate loss: -0.0081
                      Mean entropy loss: 4.2114
                            Mean reward: 8.97
                    Mean episode length: 260.16
                        Mean action std: 0.37
                reward/tracking_lin_vel: 0.7094
                reward/tracking_ang_vel: 0.1154
                      reward/feet_phase: 0.3556
             reward/feet_phase_contrast: 0.7022
             reward/feet_contact_number: 0.4594
                   reward/feet_air_time: 0.0794
                     reward/under_speed: -0.1360
                       reward/feet_slip: -0.0047
                  reward/feet_clearance: -0.0159
                       reward/lin_vel_z: -0.0180
                      reward/ang_vel_xy: -0.3974
                     reward/base_height: -0.0366
                     reward/orientation: -0.1501
                            reward/pose: -0.0098
                     reward/action_rate: -0.0506
                      reward/action_acc: -0.1303
--------------------------------------------------------------------------------
                         Iteration time: 0.40s
                           Time elapsed: 00:01:26
                                    ETA: 00:00:30

################################################################################
[1m                           Learning iteration 184/250                           [0m 

                            Total steps: 2273280 
                       Steps per second: 27055 
                        Collection time: 0.387s 
                          Learning time: 0.067s 
                        Mean value loss: 0.2137
                    Mean surrogate loss: -0.0095
                      Mean entropy loss: 4.2085
                            Mean reward: 16.30
                    Mean episode length: 459.57
                        Mean action std: 0.37
                reward/tracking_lin_vel: 0.7196
                reward/tracking_ang_vel: 0.1114
                      reward/feet_phase: 0.3939
             reward/feet_phase_contrast: 0.7195
             reward/feet_contact_number: 0.4335
                   reward/feet_air_time: 0.1464
                     reward/under_speed: -0.1246
                       reward/feet_slip: -0.0042
                  reward/feet_clearance: -0.0160
                       reward/lin_vel_z: -0.0379
                      reward/ang_vel_xy: -0.7743
                     reward/base_height: -1.6816
                     reward/orientation: -0.7736
                            reward/pose: -0.0115
                     reward/action_rate: -0.0470
                      reward/action_acc: -0.1250
             Metrics/twist/error_vel_xy: 0.3557
            Metrics/twist/error_vel_yaw: 0.1966
        Episode_Reward/tracking_lin_vel: 0.4498
        Episode_Reward/tracking_ang_vel: 0.0573
              Episode_Reward/feet_phase: 0.1664
     Episode_Reward/feet_phase_contrast: 0.2886
     Episode_Reward/feet_contact_number: 0.2003
           Episode_Reward/feet_air_time: 0.0072
             Episode_Reward/under_speed: -0.0695
               Episode_Reward/feet_slip: -0.0009
          Episode_Reward/feet_clearance: -0.0037
               Episode_Reward/lin_vel_z: -0.0032
              Episode_Reward/ang_vel_xy: -0.1175
             Episode_Reward/base_height: -0.0673
             Episode_Reward/orientation: -0.0449
                    Episode_Reward/pose: -0.0036
             Episode_Reward/action_rate: -0.0216
              Episode_Reward/action_acc: -0.0569
           Episode_Termination/time_out: 0.0833
    Episode_Termination/bad_orientation: 11.9583
--------------------------------------------------------------------------------
                         Iteration time: 0.45s
                           Time elapsed: 00:01:26
                                    ETA: 00:00:30

################################################################################
[1m                           Learning iteration 185/250                           [0m 

                            Total steps: 2285568 
                       Steps per second: 27800 
                        Collection time: 0.377s 
                          Learning time: 0.065s 
                        Mean value loss: 0.1776
                    Mean surrogate loss: -0.0110
                      Mean entropy loss: 4.2080
                            Mean reward: 16.15
                    Mean episode length: 456.26
                        Mean action std: 0.37
                reward/tracking_lin_vel: 1.0960
                reward/tracking_ang_vel: 0.1246
                      reward/feet_phase: 0.5598
             reward/feet_phase_contrast: 0.8226
             reward/feet_contact_number: 0.4594
                   reward/feet_air_time: 0.0315
                     reward/under_speed: -0.1401
                       reward/feet_slip: -0.0028
                  reward/feet_clearance: -0.0111
                       reward/lin_vel_z: -0.0092
                      reward/ang_vel_xy: -0.3050
                     reward/base_height: -0.4569
                     reward/orientation: -0.2244
                            reward/pose: -0.0087
                     reward/action_rate: -0.0487
                      reward/action_acc: -0.1277
             Metrics/twist/error_vel_xy: 0.4167
            Metrics/twist/error_vel_yaw: 0.2741
        Episode_Reward/tracking_lin_vel: 0.4494
        Episode_Reward/tracking_ang_vel: 0.0579
              Episode_Reward/feet_phase: 0.1633
     Episode_Reward/feet_phase_contrast: 0.2790
     Episode_Reward/feet_contact_number: 0.2004
           Episode_Reward/feet_air_time: 0.0085
             Episode_Reward/under_speed: -0.0709
               Episode_Reward/feet_slip: -0.0008
          Episode_Reward/feet_clearance: -0.0036
               Episode_Reward/lin_vel_z: -0.0021
              Episode_Reward/ang_vel_xy: -0.1016
             Episode_Reward/base_height: -0.0831
             Episode_Reward/orientation: -0.0521
                    Episode_Reward/pose: -0.0037
             Episode_Reward/action_rate: -0.0214
              Episode_Reward/action_acc: -0.0567
           Episode_Termination/time_out: 0.0000
    Episode_Termination/bad_orientation: 3.8571
--------------------------------------------------------------------------------
                         Iteration time: 0.44s
                           Time elapsed: 00:01:27
                                    ETA: 00:00:30

################################################################################
[1m                           Learning iteration 186/250                           [0m 

                            Total steps: 2297856 
                       Steps per second: 24558 
                        Collection time: 0.434s 
                          Learning time: 0.066s 
                        Mean value loss: 0.1444
                    Mean surrogate loss: -0.0095
                      Mean entropy loss: 4.2068
                            Mean reward: 9.88
                    Mean episode length: 311.86
                        Mean action std: 0.37
                reward/tracking_lin_vel: 1.0747
                reward/tracking_ang_vel: 0.1288
                      reward/feet_phase: 0.4281
             reward/feet_phase_contrast: 0.7136
             reward/feet_contact_number: 0.4532
                   reward/feet_air_time: 0.0138
                     reward/under_speed: -0.1547
                       reward/feet_slip: -0.0024
                  reward/feet_clearance: -0.0093
                       reward/lin_vel_z: -0.0064
                      reward/ang_vel_xy: -0.2748
                     reward/base_height: -0.3088
                     reward/orientation: -0.1637
                            reward/pose: -0.0094
                     reward/action_rate: -0.0496
                      reward/action_acc: -0.1278
             Metrics/twist/error_vel_xy: 0.3997
            Metrics/twist/error_vel_yaw: 0.2003
        Episode_Reward/tracking_lin_vel: 0.1269
        Episode_Reward/tracking_ang_vel: 0.0176
              Episode_Reward/feet_phase: 0.0481
     Episode_Reward/feet_phase_contrast: 0.0795
     Episode_Reward/feet_contact_number: 0.0644
           Episode_Reward/feet_air_time: 0.0038
             Episode_Reward/under_speed: -0.0224
               Episode_Reward/feet_slip: -0.0003
          Episode_Reward/feet_clearance: -0.0012
               Episode_Reward/lin_vel_z: -0.0013
              Episode_Reward/ang_vel_xy: -0.0483
             Episode_Reward/base_height: -0.0881
             Episode_Reward/orientation: -0.0423
                    Episode_Reward/pose: -0.0012
             Episode_Reward/action_rate: -0.0068
              Episode_Reward/action_acc: -0.0182
           Episode_Termination/time_out: 0.0000
    Episode_Termination/bad_orientation: 2.0000
--------------------------------------------------------------------------------
                         Iteration time: 0.50s
                           Time elapsed: 00:01:27
                                    ETA: 00:00:29

################################################################################
[1m                           Learning iteration 187/250                           [0m 

                            Total steps: 2310144 
                       Steps per second: 25899 
                        Collection time: 0.410s 
                          Learning time: 0.064s 
                        Mean value loss: 0.0641
                    Mean surrogate loss: -0.0089
                      Mean entropy loss: 4.1998
                            Mean reward: 4.36
                    Mean episode length: 173.96
                        Mean action std: 0.37
                reward/tracking_lin_vel: 1.0862
                reward/tracking_ang_vel: 0.1317
                      reward/feet_phase: 0.3673
             reward/feet_phase_contrast: 0.7113
             reward/feet_contact_number: 0.4627
                   reward/feet_air_time: 0.0049
                     reward/under_speed: -0.1577
                       reward/feet_slip: -0.0023
                  reward/feet_clearance: -0.0084
                       reward/lin_vel_z: -0.0060
                      reward/ang_vel_xy: -0.2654
                     reward/base_height: -0.2124
                     reward/orientation: -0.1331
                            reward/pose: -0.0088
                     reward/action_rate: -0.0491
                      reward/action_acc: -0.1262
             Metrics/twist/error_vel_xy: 0.3007
            Metrics/twist/error_vel_yaw: 0.1704
        Episode_Reward/tracking_lin_vel: 0.0912
        Episode_Reward/tracking_ang_vel: 0.0117
              Episode_Reward/feet_phase: 0.0460
     Episode_Reward/feet_phase_contrast: 0.0748
     Episode_Reward/feet_contact_number: 0.0418
           Episode_Reward/feet_air_time: 0.0020
             Episode_Reward/under_speed: -0.0113
               Episode_Reward/feet_slip: -0.0003
          Episode_Reward/feet_clearance: -0.0009
               Episode_Reward/lin_vel_z: -0.0015
              Episode_Reward/ang_vel_xy: -0.0392
             Episode_Reward/base_height: -0.0731
             Episode_Reward/orientation: -0.0407
                    Episode_Reward/pose: -0.0009
             Episode_Reward/action_rate: -0.0045
              Episode_Reward/action_acc: -0.0118
           Episode_Termination/time_out: 0.0000
    Episode_Termination/bad_orientation: 2.1111
--------------------------------------------------------------------------------
                         Iteration time: 0.47s
                           Time elapsed: 00:01:28
                                    ETA: 00:00:29

################################################################################
[1m                           Learning iteration 188/250                           [0m 

                            Total steps: 2322432 
                       Steps per second: 25148 
                        Collection time: 0.424s 
                          Learning time: 0.064s 
                        Mean value loss: 0.0652
                    Mean surrogate loss: -0.0096
                      Mean entropy loss: 4.1864
                            Mean reward: 3.26
                    Mean episode length: 142.82
                        Mean action std: 0.37
                reward/tracking_lin_vel: 1.0905
                reward/tracking_ang_vel: 0.1336
                      reward/feet_phase: 0.3885
             reward/feet_phase_contrast: 0.6745
             reward/feet_contact_number: 0.4674
                   reward/feet_air_time: 0.0040
                     reward/under_speed: -0.1628
                       reward/feet_slip: -0.0020
                  reward/feet_clearance: -0.0081
                       reward/lin_vel_z: -0.0039
                      reward/ang_vel_xy: -0.2400
                     reward/base_height: -0.1208
                     reward/orientation: -0.0861
                            reward/pose: -0.0086
                     reward/action_rate: -0.0498
                      reward/action_acc: -0.1285
             Metrics/twist/error_vel_xy: 0.3531
            Metrics/twist/error_vel_yaw: 0.2451
        Episode_Reward/tracking_lin_vel: 0.2055
        Episode_Reward/tracking_ang_vel: 0.0247
              Episode_Reward/feet_phase: 0.0798
     Episode_Reward/feet_phase_contrast: 0.1328
     Episode_Reward/feet_contact_number: 0.0881
           Episode_Reward/feet_air_time: 0.0070
             Episode_Reward/under_speed: -0.0285
               Episode_Reward/feet_slip: -0.0005
          Episode_Reward/feet_clearance: -0.0020
               Episode_Reward/lin_vel_z: -0.0017
              Episode_Reward/ang_vel_xy: -0.0595
             Episode_Reward/base_height: -0.0724
             Episode_Reward/orientation: -0.0439
                    Episode_Reward/pose: -0.0019
             Episode_Reward/action_rate: -0.0094
              Episode_Reward/action_acc: -0.0249
           Episode_Termination/time_out: 0.0000
    Episode_Termination/bad_orientation: 1.7273
--------------------------------------------------------------------------------
                         Iteration time: 0.49s
                           Time elapsed: 00:01:28
                                    ETA: 00:00:28

################################################################################
[1m                           Learning iteration 189/250                           [0m 

                            Total steps: 2334720 
                       Steps per second: 25382 
                        Collection time: 0.417s 
                          Learning time: 0.067s 
                        Mean value loss: 0.0256
                    Mean surrogate loss: -0.0090
                      Mean entropy loss: 4.1764
                            Mean reward: 1.81
                    Mean episode length: 105.15
                        Mean action std: 0.37
                reward/tracking_lin_vel: 1.1215
                reward/tracking_ang_vel: 0.1328
                      reward/feet_phase: 0.4772
             reward/feet_phase_contrast: 0.6968
             reward/feet_contact_number: 0.4641
                   reward/feet_air_time: 0.0025
                     reward/under_speed: -0.1632
                       reward/feet_slip: -0.0021
                  reward/feet_clearance: -0.0079
                       reward/lin_vel_z: -0.0033
                      reward/ang_vel_xy: -0.2251
                     reward/base_height: -0.0989
                     reward/orientation: -0.0676
                            reward/pose: -0.0086
                     reward/action_rate: -0.0489
                      reward/action_acc: -0.1255
             Metrics/twist/error_vel_xy: 0.3087
            Metrics/twist/error_vel_yaw: 0.1848
        Episode_Reward/tracking_lin_vel: 0.0591
        Episode_Reward/tracking_ang_vel: 0.0083
              Episode_Reward/feet_phase: 0.0307
     Episode_Reward/feet_phase_contrast: 0.0477
     Episode_Reward/feet_contact_number: 0.0308
           Episode_Reward/feet_air_time: 0.0012
             Episode_Reward/under_speed: -0.0092
               Episode_Reward/feet_slip: -0.0002
          Episode_Reward/feet_clearance: -0.0007
               Episode_Reward/lin_vel_z: -0.0013
              Episode_Reward/ang_vel_xy: -0.0362
             Episode_Reward/base_height: -0.0764
             Episode_Reward/orientation: -0.0400
                    Episode_Reward/pose: -0.0007
             Episode_Reward/action_rate: -0.0034
              Episode_Reward/action_acc: -0.0086
           Episode_Termination/time_out: 0.0000
    Episode_Termination/bad_orientation: 1.5455
--------------------------------------------------------------------------------
                         Iteration time: 0.48s
                           Time elapsed: 00:01:29
                                    ETA: 00:00:28

################################################################################
[1m                           Learning iteration 190/250                           [0m 

                            Total steps: 2347008 
                       Steps per second: 25951 
                        Collection time: 0.411s 
                          Learning time: 0.063s 
                        Mean value loss: 0.0215
                    Mean surrogate loss: -0.0093
                      Mean entropy loss: 4.1593
                            Mean reward: 1.49
                    Mean episode length: 96.71
                        Mean action std: 0.37
                reward/tracking_lin_vel: 1.1202
                reward/tracking_ang_vel: 0.1323
                      reward/feet_phase: 0.3559
             reward/feet_phase_contrast: 0.6776
             reward/feet_contact_number: 0.4628
                   reward/feet_air_time: 0.0016
                     reward/under_speed: -0.1651
                       reward/feet_slip: -0.0020
                  reward/feet_clearance: -0.0080
                       reward/lin_vel_z: -0.0028
                      reward/ang_vel_xy: -0.2213
                     reward/base_height: -0.0382
                     reward/orientation: -0.0488
                            reward/pose: -0.0086
                     reward/action_rate: -0.0502
                      reward/action_acc: -0.1275
             Metrics/twist/error_vel_xy: 0.2106
            Metrics/twist/error_vel_yaw: 0.1674
        Episode_Reward/tracking_lin_vel: 0.0684
        Episode_Reward/tracking_ang_vel: 0.0079
              Episode_Reward/feet_phase: 0.0359
     Episode_Reward/feet_phase_contrast: 0.0606
     Episode_Reward/feet_contact_number: 0.0313
           Episode_Reward/feet_air_time: 0.0061
             Episode_Reward/under_speed: -0.0079
               Episode_Reward/feet_slip: -0.0003
          Episode_Reward/feet_clearance: -0.0010
               Episode_Reward/lin_vel_z: -0.0019
              Episode_Reward/ang_vel_xy: -0.0356
             Episode_Reward/base_height: -0.0761
             Episode_Reward/orientation: -0.0448
                    Episode_Reward/pose: -0.0010
             Episode_Reward/action_rate: -0.0034
              Episode_Reward/action_acc: -0.0087
           Episode_Termination/time_out: 0.0000
    Episode_Termination/bad_orientation: 1.0000
--------------------------------------------------------------------------------
                         Iteration time: 0.47s
                           Time elapsed: 00:01:29
                                    ETA: 00:00:27

################################################################################
[1m                           Learning iteration 191/250                           [0m 

                            Total steps: 2359296 
                       Steps per second: 25515 
                        Collection time: 0.416s 
                          Learning time: 0.066s 
                        Mean value loss: 0.0180
                    Mean surrogate loss: -0.0111
                      Mean entropy loss: 4.1428
                            Mean reward: 1.64
                    Mean episode length: 98.54
                        Mean action std: 0.37
                reward/tracking_lin_vel: 1.1409
                reward/tracking_ang_vel: 0.1318
                      reward/feet_phase: 0.3628
             reward/feet_phase_contrast: 0.7203
             reward/feet_contact_number: 0.4623
                   reward/feet_air_time: 0.0009
                     reward/under_speed: -0.1613
                       reward/feet_slip: -0.0021
                  reward/feet_clearance: -0.0082
                       reward/lin_vel_z: -0.0031
                      reward/ang_vel_xy: -0.2343
                     reward/base_height: -0.0394
                     reward/orientation: -0.0501
                            reward/pose: -0.0085
                     reward/action_rate: -0.0506
                      reward/action_acc: -0.1276
--------------------------------------------------------------------------------
                         Iteration time: 0.48s
                           Time elapsed: 00:01:30
                                    ETA: 00:00:27

################################################################################
[1m                           Learning iteration 192/250                           [0m 

                            Total steps: 2371584 
                       Steps per second: 25660 
                        Collection time: 0.414s 
                          Learning time: 0.065s 
                        Mean value loss: 0.0182
                    Mean surrogate loss: -0.0062
                      Mean entropy loss: 4.1249
                            Mean reward: 4.75
                    Mean episode length: 162.33
                        Mean action std: 0.37
                reward/tracking_lin_vel: 1.1335
                reward/tracking_ang_vel: 0.1320
                      reward/feet_phase: 0.4691
             reward/feet_phase_contrast: 0.7200
             reward/feet_contact_number: 0.4618
                   reward/feet_air_time: 0.0005
                     reward/under_speed: -0.1620
                       reward/feet_slip: -0.0023
                  reward/feet_clearance: -0.0084
                       reward/lin_vel_z: -0.0031
                      reward/ang_vel_xy: -0.2471
                     reward/base_height: -0.0314
                     reward/orientation: -0.0455
                            reward/pose: -0.0084
                     reward/action_rate: -0.0511
                      reward/action_acc: -0.1276
--------------------------------------------------------------------------------
                         Iteration time: 0.48s
                           Time elapsed: 00:01:30
                                    ETA: 00:00:26

################################################################################
[1m                           Learning iteration 193/250                           [0m 

                            Total steps: 2383872 
                       Steps per second: 25741 
                        Collection time: 0.413s 
                          Learning time: 0.064s 
                        Mean value loss: 0.0267
                    Mean surrogate loss: -0.0092
                      Mean entropy loss: 4.1038
                            Mean reward: 6.39
                    Mean episode length: 196.10
                        Mean action std: 0.36
                reward/tracking_lin_vel: 1.1520
                reward/tracking_ang_vel: 0.1309
                      reward/feet_phase: 0.4621
             reward/feet_phase_contrast: 0.7382
             reward/feet_contact_number: 0.4690
                   reward/feet_air_time: 0.0003
                     reward/under_speed: -0.1609
                       reward/feet_slip: -0.0023
                  reward/feet_clearance: -0.0085
                       reward/lin_vel_z: -0.0027
                      reward/ang_vel_xy: -0.2412
                     reward/base_height: -0.0110
                     reward/orientation: -0.0336
                            reward/pose: -0.0082
                     reward/action_rate: -0.0512
                      reward/action_acc: -0.1274
--------------------------------------------------------------------------------
                         Iteration time: 0.48s
                           Time elapsed: 00:01:31
                                    ETA: 00:00:26

################################################################################
[1m                           Learning iteration 194/250                           [0m 

                            Total steps: 2396160 
                       Steps per second: 25330 
                        Collection time: 0.421s 
                          Learning time: 0.065s 
                        Mean value loss: 0.0224
                    Mean surrogate loss: -0.0099
                      Mean entropy loss: 4.0772
                            Mean reward: 8.22
                    Mean episode length: 236.17
                        Mean action std: 0.36
                reward/tracking_lin_vel: 1.1452
                reward/tracking_ang_vel: 0.1312
                      reward/feet_phase: 0.3639
             reward/feet_phase_contrast: 0.7341
             reward/feet_contact_number: 0.4611
                   reward/feet_air_time: 0.0003
                     reward/under_speed: -0.1605
                       reward/feet_slip: -0.0023
                  reward/feet_clearance: -0.0086
                       reward/lin_vel_z: -0.0029
                      reward/ang_vel_xy: -0.2565
                     reward/base_height: -0.0280
                     reward/orientation: -0.0452
                            reward/pose: -0.0081
                     reward/action_rate: -0.0520
                      reward/action_acc: -0.1297
--------------------------------------------------------------------------------
                         Iteration time: 0.49s
                           Time elapsed: 00:01:31
                                    ETA: 00:00:25

################################################################################
[1m                           Learning iteration 195/250                           [0m 

                            Total steps: 2408448 
                       Steps per second: 25408 
                        Collection time: 0.417s 
                          Learning time: 0.066s 
                        Mean value loss: 0.0296
                    Mean surrogate loss: -0.0089
                      Mean entropy loss: 4.0601
                            Mean reward: 8.77
                    Mean episode length: 248.32
                        Mean action std: 0.36
                reward/tracking_lin_vel: 1.1382
                reward/tracking_ang_vel: 0.1300
                      reward/feet_phase: 0.4065
             reward/feet_phase_contrast: 0.7441
             reward/feet_contact_number: 0.4634
                   reward/feet_air_time: 0.0005
                     reward/under_speed: -0.1607
                       reward/feet_slip: -0.0026
                  reward/feet_clearance: -0.0088
                       reward/lin_vel_z: -0.0030
                      reward/ang_vel_xy: -0.2495
                     reward/base_height: -0.0271
                     reward/orientation: -0.0397
                            reward/pose: -0.0079
                     reward/action_rate: -0.0521
                      reward/action_acc: -0.1293
             Metrics/twist/error_vel_xy: 0.2440
            Metrics/twist/error_vel_yaw: 0.1977
        Episode_Reward/tracking_lin_vel: 0.2265
        Episode_Reward/tracking_ang_vel: 0.0268
              Episode_Reward/feet_phase: 0.1097
     Episode_Reward/feet_phase_contrast: 0.1866
     Episode_Reward/feet_contact_number: 0.0999
           Episode_Reward/feet_air_time: 0.0053
             Episode_Reward/under_speed: -0.0313
               Episode_Reward/feet_slip: -0.0007
          Episode_Reward/feet_clearance: -0.0024
               Episode_Reward/lin_vel_z: -0.0021
              Episode_Reward/ang_vel_xy: -0.0766
             Episode_Reward/base_height: -0.0558
             Episode_Reward/orientation: -0.0418
                    Episode_Reward/pose: -0.0023
             Episode_Reward/action_rate: -0.0116
              Episode_Reward/action_acc: -0.0288
           Episode_Termination/time_out: 0.2500
    Episode_Termination/bad_orientation: 1.2500
--------------------------------------------------------------------------------
                         Iteration time: 0.48s
                           Time elapsed: 00:01:32
                                    ETA: 00:00:25

################################################################################
[1m                           Learning iteration 196/250                           [0m 

                            Total steps: 2420736 
                       Steps per second: 22250 
                        Collection time: 0.464s 
                          Learning time: 0.088s 
                        Mean value loss: 0.0153
                    Mean surrogate loss: -0.0100
                      Mean entropy loss: 4.0422
                            Mean reward: 9.65
                    Mean episode length: 267.03
                        Mean action std: 0.36
                reward/tracking_lin_vel: 1.1417
                reward/tracking_ang_vel: 0.1291
                      reward/feet_phase: 0.5093
             reward/feet_phase_contrast: 0.7432
             reward/feet_contact_number: 0.4590
                   reward/feet_air_time: 0.0006
                     reward/under_speed: -0.1601
                       reward/feet_slip: -0.0025
                  reward/feet_clearance: -0.0088
                       reward/lin_vel_z: -0.0028
                      reward/ang_vel_xy: -0.2587
                     reward/base_height: -0.0249
                     reward/orientation: -0.0401
                            reward/pose: -0.0080
                     reward/action_rate: -0.0526
                      reward/action_acc: -0.1302
             Metrics/twist/error_vel_xy: 0.3820
            Metrics/twist/error_vel_yaw: 0.2750
        Episode_Reward/tracking_lin_vel: 0.5901
        Episode_Reward/tracking_ang_vel: 0.0694
              Episode_Reward/feet_phase: 0.2079
     Episode_Reward/feet_phase_contrast: 0.3607
     Episode_Reward/feet_contact_number: 0.2299
           Episode_Reward/feet_air_time: 0.0059
             Episode_Reward/under_speed: -0.0830
               Episode_Reward/feet_slip: -0.0014
          Episode_Reward/feet_clearance: -0.0056
               Episode_Reward/lin_vel_z: -0.0020
              Episode_Reward/ang_vel_xy: -0.1387
             Episode_Reward/base_height: -0.0466
             Episode_Reward/orientation: -0.0380
                    Episode_Reward/pose: -0.0038
             Episode_Reward/action_rate: -0.0272
              Episode_Reward/action_acc: -0.0703
           Episode_Termination/time_out: 0.6667
    Episode_Termination/bad_orientation: 0.6667
--------------------------------------------------------------------------------
                         Iteration time: 0.55s
                           Time elapsed: 00:01:32
                                    ETA: 00:00:24

################################################################################
[1m                           Learning iteration 197/250                           [0m 

                            Total steps: 2433024 
                       Steps per second: 20091 
                        Collection time: 0.532s 
                          Learning time: 0.080s 
                        Mean value loss: 0.0163
                    Mean surrogate loss: -0.0089
                      Mean entropy loss: 4.0130
                            Mean reward: 9.91
                    Mean episode length: 271.87
                        Mean action std: 0.36
                reward/tracking_lin_vel: 1.1526
                reward/tracking_ang_vel: 0.1281
                      reward/feet_phase: 0.4095
             reward/feet_phase_contrast: 0.7497
             reward/feet_contact_number: 0.4661
                   reward/feet_air_time: 0.0000
                     reward/under_speed: -0.1592
                       reward/feet_slip: -0.0028
                  reward/feet_clearance: -0.0090
                       reward/lin_vel_z: -0.0029
                      reward/ang_vel_xy: -0.2663
                     reward/base_height: -0.0229
                     reward/orientation: -0.0368
                            reward/pose: -0.0077
                     reward/action_rate: -0.0535
                      reward/action_acc: -0.1313
             Metrics/twist/error_vel_xy: 0.1505
            Metrics/twist/error_vel_yaw: 0.0982
        Episode_Reward/tracking_lin_vel: 0.1978
        Episode_Reward/tracking_ang_vel: 0.0231
              Episode_Reward/feet_phase: 0.1061
     Episode_Reward/feet_phase_contrast: 0.1739
     Episode_Reward/feet_contact_number: 0.0809
           Episode_Reward/feet_air_time: 0.0004
             Episode_Reward/under_speed: -0.0247
               Episode_Reward/feet_slip: -0.0009
          Episode_Reward/feet_clearance: -0.0025
               Episode_Reward/lin_vel_z: -0.0016
              Episode_Reward/ang_vel_xy: -0.0682
             Episode_Reward/base_height: -0.0717
             Episode_Reward/orientation: -0.0461
                    Episode_Reward/pose: -0.0024
             Episode_Reward/action_rate: -0.0102
              Episode_Reward/action_acc: -0.0242
           Episode_Termination/time_out: 0.0000
    Episode_Termination/bad_orientation: 1.0000
--------------------------------------------------------------------------------
                         Iteration time: 0.61s
                           Time elapsed: 00:01:33
                                    ETA: 00:00:24

################################################################################
[1m                           Learning iteration 198/250                           [0m 

                            Total steps: 2445312 
                       Steps per second: 20463 
                        Collection time: 0.526s 
                          Learning time: 0.075s 
                        Mean value loss: 0.0122
                    Mean surrogate loss: -0.0088
                      Mean entropy loss: 3.9955
                            Mean reward: 9.98
                    Mean episode length: 274.47
                        Mean action std: 0.36
                reward/tracking_lin_vel: 1.1603
                reward/tracking_ang_vel: 0.1273
                      reward/feet_phase: 0.3790
             reward/feet_phase_contrast: 0.7691
             reward/feet_contact_number: 0.4588
                   reward/feet_air_time: 0.0000
                     reward/under_speed: -0.1589
                       reward/feet_slip: -0.0026
                  reward/feet_clearance: -0.0092
                       reward/lin_vel_z: -0.0027
                      reward/ang_vel_xy: -0.2602
                     reward/base_height: -0.0200
                     reward/orientation: -0.0359
                            reward/pose: -0.0079
                     reward/action_rate: -0.0533
                      reward/action_acc: -0.1312
--------------------------------------------------------------------------------
                         Iteration time: 0.60s
                           Time elapsed: 00:01:33
                                    ETA: 00:00:24

################################################################################
[1m                           Learning iteration 199/250                           [0m 

                            Total steps: 2457600 
                       Steps per second: 22653 
                        Collection time: 0.468s 
                          Learning time: 0.074s 
                        Mean value loss: 3.8575
                    Mean surrogate loss: -0.0082
                      Mean entropy loss: 3.9696
                            Mean reward: 9.98
                    Mean episode length: 274.47
                        Mean action std: 0.36
                reward/tracking_lin_vel: 1.1705
                reward/tracking_ang_vel: 0.1279
                      reward/feet_phase: 0.4833
             reward/feet_phase_contrast: 0.7708
             reward/feet_contact_number: 0.4658
                   reward/feet_air_time: 0.0001
                     reward/under_speed: -0.1585
                       reward/feet_slip: -0.0029
                  reward/feet_clearance: -0.0095
                       reward/lin_vel_z: -0.0026
                      reward/ang_vel_xy: -0.2591
                     reward/base_height: -0.0076
                     reward/orientation: -0.0315
                            reward/pose: -0.0078
                     reward/action_rate: -0.0531
                      reward/action_acc: -0.1306
--------------------------------------------------------------------------------
                         Iteration time: 0.54s
                           Time elapsed: 00:01:34
                                    ETA: 00:00:23

################################################################################
[1m                           Learning iteration 200/250                           [0m 

                            Total steps: 2469888 
                       Steps per second: 32043 
                        Collection time: 0.314s 
                          Learning time: 0.070s 
                        Mean value loss: 0.4076
                    Mean surrogate loss: -0.0112
                      Mean entropy loss: 3.9731
                            Mean reward: 18.72
                    Mean episode length: 467.79
                        Mean action std: 0.36
                reward/tracking_lin_vel: 0.4856
                reward/tracking_ang_vel: 0.1013
                      reward/feet_phase: 0.4168
             reward/feet_phase_contrast: 0.6968
             reward/feet_contact_number: 0.4441
                   reward/feet_air_time: 0.1893
                     reward/under_speed: -0.1224
                       reward/feet_slip: -0.0060
                  reward/feet_clearance: -0.0196
                       reward/lin_vel_z: -0.0321
                      reward/ang_vel_xy: -0.6313
                     reward/base_height: -0.4663
                     reward/orientation: -0.4240
                            reward/pose: -0.0122
                     reward/action_rate: -0.0505
                      reward/action_acc: -0.1278
--------------------------------------------------------------------------------
                         Iteration time: 0.38s
                           Time elapsed: 00:01:34
                                    ETA: 00:00:23

################################################################################
[1m                           Learning iteration 201/250                           [0m 

                            Total steps: 2482176 
                       Steps per second: 27660 
                        Collection time: 0.376s 
                          Learning time: 0.068s 
                        Mean value loss: 0.3242
                    Mean surrogate loss: -0.0113
                      Mean entropy loss: 3.9789
                            Mean reward: 17.29
                    Mean episode length: 466.30
                        Mean action std: 0.36
                reward/tracking_lin_vel: 0.8482
                reward/tracking_ang_vel: 0.1109
                      reward/feet_phase: 0.4406
             reward/feet_phase_contrast: 0.7398
             reward/feet_contact_number: 0.4450
                   reward/feet_air_time: 0.0675
                     reward/under_speed: -0.1319
                       reward/feet_slip: -0.0044
                  reward/feet_clearance: -0.0174
                       reward/lin_vel_z: -0.0270
                      reward/ang_vel_xy: -0.6399
                     reward/base_height: -1.5125
                     reward/orientation: -0.5699
                            reward/pose: -0.0095
                     reward/action_rate: -0.0495
                      reward/action_acc: -0.1253
             Metrics/twist/error_vel_xy: 0.4085
            Metrics/twist/error_vel_yaw: 0.2524
        Episode_Reward/tracking_lin_vel: 0.4867
        Episode_Reward/tracking_ang_vel: 0.0585
              Episode_Reward/feet_phase: 0.1876
     Episode_Reward/feet_phase_contrast: 0.3215
     Episode_Reward/feet_contact_number: 0.2100
           Episode_Reward/feet_air_time: 0.0096
             Episode_Reward/under_speed: -0.0723
               Episode_Reward/feet_slip: -0.0011
          Episode_Reward/feet_clearance: -0.0043
               Episode_Reward/lin_vel_z: -0.0026
              Episode_Reward/ang_vel_xy: -0.1255
             Episode_Reward/base_height: -0.0798
             Episode_Reward/orientation: -0.0489
                    Episode_Reward/pose: -0.0039
             Episode_Reward/action_rate: -0.0230
              Episode_Reward/action_acc: -0.0586
           Episode_Termination/time_out: 0.0000
    Episode_Termination/bad_orientation: 11.6667
--------------------------------------------------------------------------------
                         Iteration time: 0.44s
                           Time elapsed: 00:01:35
                                    ETA: 00:00:22

################################################################################
[1m                           Learning iteration 202/250                           [0m 

                            Total steps: 2494464 
                       Steps per second: 26371 
                        Collection time: 0.399s 
                          Learning time: 0.067s 
                        Mean value loss: 0.1729
                    Mean surrogate loss: -0.0081
                      Mean entropy loss: 3.9753
                            Mean reward: 11.98
                    Mean episode length: 348.71
                        Mean action std: 0.36
                reward/tracking_lin_vel: 1.0770
                reward/tracking_ang_vel: 0.1197
                      reward/feet_phase: 0.4325
             reward/feet_phase_contrast: 0.7961
             reward/feet_contact_number: 0.4504
                   reward/feet_air_time: 0.0240
                     reward/under_speed: -0.1461
                       reward/feet_slip: -0.0034
                  reward/feet_clearance: -0.0114
                       reward/lin_vel_z: -0.0074
                      reward/ang_vel_xy: -0.3473
                     reward/base_height: -0.3521
                     reward/orientation: -0.1849
                            reward/pose: -0.0084
                     reward/action_rate: -0.0519
                      reward/action_acc: -0.1289
             Metrics/twist/error_vel_xy: 0.4632
            Metrics/twist/error_vel_yaw: 0.2815
        Episode_Reward/tracking_lin_vel: 0.3102
        Episode_Reward/tracking_ang_vel: 0.0374
              Episode_Reward/feet_phase: 0.1235
     Episode_Reward/feet_phase_contrast: 0.2105
     Episode_Reward/feet_contact_number: 0.1411
           Episode_Reward/feet_air_time: 0.0061
             Episode_Reward/under_speed: -0.0477
               Episode_Reward/feet_slip: -0.0008
          Episode_Reward/feet_clearance: -0.0030
               Episode_Reward/lin_vel_z: -0.0020
              Episode_Reward/ang_vel_xy: -0.1015
             Episode_Reward/base_height: -0.0830
             Episode_Reward/orientation: -0.0469
                    Episode_Reward/pose: -0.0028
             Episode_Reward/action_rate: -0.0156
              Episode_Reward/action_acc: -0.0393
           Episode_Termination/time_out: 0.0000
    Episode_Termination/bad_orientation: 2.5000
--------------------------------------------------------------------------------
                         Iteration time: 0.47s
                           Time elapsed: 00:01:35
                                    ETA: 00:00:22

################################################################################
[1m                           Learning iteration 203/250                           [0m 

                            Total steps: 2506752 
                       Steps per second: 24832 
                        Collection time: 0.426s 
                          Learning time: 0.069s 
                        Mean value loss: 0.1018
                    Mean surrogate loss: -0.0097
                      Mean entropy loss: 3.9657
                            Mean reward: 5.99
                    Mean episode length: 217.88
                        Mean action std: 0.36
                reward/tracking_lin_vel: 1.1113
                reward/tracking_ang_vel: 0.1231
                      reward/feet_phase: 0.5342
             reward/feet_phase_contrast: 0.7750
             reward/feet_contact_number: 0.4614
                   reward/feet_air_time: 0.0120
                     reward/under_speed: -0.1515
                       reward/feet_slip: -0.0032
                  reward/feet_clearance: -0.0110
                       reward/lin_vel_z: -0.0059
                      reward/ang_vel_xy: -0.3126
                     reward/base_height: -0.2569
                     reward/orientation: -0.1300
                            reward/pose: -0.0088
                     reward/action_rate: -0.0528
                      reward/action_acc: -0.1290
             Metrics/twist/error_vel_xy: 0.3683
            Metrics/twist/error_vel_yaw: 0.2199
        Episode_Reward/tracking_lin_vel: 0.0980
        Episode_Reward/tracking_ang_vel: 0.0127
              Episode_Reward/feet_phase: 0.0424
     Episode_Reward/feet_phase_contrast: 0.0708
     Episode_Reward/feet_contact_number: 0.0504
           Episode_Reward/feet_air_time: 0.0042
             Episode_Reward/under_speed: -0.0167
               Episode_Reward/feet_slip: -0.0005
          Episode_Reward/feet_clearance: -0.0014
               Episode_Reward/lin_vel_z: -0.0016
              Episode_Reward/ang_vel_xy: -0.0509
             Episode_Reward/base_height: -0.0868
             Episode_Reward/orientation: -0.0412
                    Episode_Reward/pose: -0.0011
             Episode_Reward/action_rate: -0.0059
              Episode_Reward/action_acc: -0.0146
           Episode_Termination/time_out: 0.0000
    Episode_Termination/bad_orientation: 2.0556
--------------------------------------------------------------------------------
                         Iteration time: 0.49s
                           Time elapsed: 00:01:36
                                    ETA: 00:00:21

################################################################################
[1m                           Learning iteration 204/250                           [0m 

                            Total steps: 2519040 
                       Steps per second: 24912 
                        Collection time: 0.427s 
                          Learning time: 0.067s 
                        Mean value loss: 0.0582
                    Mean surrogate loss: -0.0098
                      Mean entropy loss: 3.9543
                            Mean reward: 3.84
                    Mean episode length: 170.63
                        Mean action std: 0.36
                reward/tracking_lin_vel: 1.1216
                reward/tracking_ang_vel: 0.1245
                      reward/feet_phase: 0.4336
             reward/feet_phase_contrast: 0.7657
             reward/feet_contact_number: 0.4641
                   reward/feet_air_time: 0.0050
                     reward/under_speed: -0.1541
                       reward/feet_slip: -0.0030
                  reward/feet_clearance: -0.0102
                       reward/lin_vel_z: -0.0049
                      reward/ang_vel_xy: -0.3037
                     reward/base_height: -0.1200
                     reward/orientation: -0.0912
                            reward/pose: -0.0083
                     reward/action_rate: -0.0540
                      reward/action_acc: -0.1313
             Metrics/twist/error_vel_xy: 0.3284
            Metrics/twist/error_vel_yaw: 0.2190
        Episode_Reward/tracking_lin_vel: 0.0944
        Episode_Reward/tracking_ang_vel: 0.0114
              Episode_Reward/feet_phase: 0.0473
     Episode_Reward/feet_phase_contrast: 0.0765
     Episode_Reward/feet_contact_number: 0.0459
           Episode_Reward/feet_air_time: 0.0034
             Episode_Reward/under_speed: -0.0135
               Episode_Reward/feet_slip: -0.0005
          Episode_Reward/feet_clearance: -0.0015
               Episode_Reward/lin_vel_z: -0.0015
              Episode_Reward/ang_vel_xy: -0.0510
             Episode_Reward/base_height: -0.0772
             Episode_Reward/orientation: -0.0412
                    Episode_Reward/pose: -0.0011
             Episode_Reward/action_rate: -0.0055
              Episode_Reward/action_acc: -0.0133
           Episode_Termination/time_out: 0.0000
    Episode_Termination/bad_orientation: 1.2143
--------------------------------------------------------------------------------
                         Iteration time: 0.49s
                           Time elapsed: 00:01:36
                                    ETA: 00:00:21

################################################################################
[1m                           Learning iteration 205/250                           [0m 

                            Total steps: 2531328 
                       Steps per second: 24005 
                        Collection time: 0.442s 
                          Learning time: 0.070s 
                        Mean value loss: 0.0582
                    Mean surrogate loss: -0.0099
                      Mean entropy loss: 3.9404
                            Mean reward: 1.98
                    Mean episode length: 124.59
                        Mean action std: 0.36
                reward/tracking_lin_vel: 1.1605
                reward/tracking_ang_vel: 0.1251
                      reward/feet_phase: 0.3939
             reward/feet_phase_contrast: 0.7897
             reward/feet_contact_number: 0.4637
                   reward/feet_air_time: 0.0046
                     reward/under_speed: -0.1552
                       reward/feet_slip: -0.0033
                  reward/feet_clearance: -0.0100
                       reward/lin_vel_z: -0.0042
                      reward/ang_vel_xy: -0.2749
                     reward/base_height: -0.1027
                     reward/orientation: -0.0663
                            reward/pose: -0.0080
                     reward/action_rate: -0.0536
                      reward/action_acc: -0.1311
             Metrics/twist/error_vel_xy: 0.2976
            Metrics/twist/error_vel_yaw: 0.2187
        Episode_Reward/tracking_lin_vel: 0.0592
        Episode_Reward/tracking_ang_vel: 0.0069
              Episode_Reward/feet_phase: 0.0325
     Episode_Reward/feet_phase_contrast: 0.0533
     Episode_Reward/feet_contact_number: 0.0306
           Episode_Reward/feet_air_time: 0.0010
             Episode_Reward/under_speed: -0.0077
               Episode_Reward/feet_slip: -0.0003
          Episode_Reward/feet_clearance: -0.0008
               Episode_Reward/lin_vel_z: -0.0018
              Episode_Reward/ang_vel_xy: -0.0415
             Episode_Reward/base_height: -0.0751
             Episode_Reward/orientation: -0.0401
                    Episode_Reward/pose: -0.0007
             Episode_Reward/action_rate: -0.0038
              Episode_Reward/action_acc: -0.0090
           Episode_Termination/time_out: 0.0000
    Episode_Termination/bad_orientation: 1.6364
--------------------------------------------------------------------------------
                         Iteration time: 0.51s
                           Time elapsed: 00:01:37
                                    ETA: 00:00:20

################################################################################
[1m                           Learning iteration 206/250                           [0m 

                            Total steps: 2543616 
                       Steps per second: 24050 
                        Collection time: 0.440s 
                          Learning time: 0.071s 
                        Mean value loss: 0.0326
                    Mean surrogate loss: -0.0100
                      Mean entropy loss: 3.9258
                            Mean reward: 0.98
                    Mean episode length: 99.85
                        Mean action std: 0.36
                reward/tracking_lin_vel: 1.1553
                reward/tracking_ang_vel: 0.1287
                      reward/feet_phase: 0.4629
             reward/feet_phase_contrast: 0.7652
             reward/feet_contact_number: 0.4605
                   reward/feet_air_time: 0.0011
                     reward/under_speed: -0.1562
                       reward/feet_slip: -0.0031
                  reward/feet_clearance: -0.0097
                       reward/lin_vel_z: -0.0039
                      reward/ang_vel_xy: -0.2764
                     reward/base_height: -0.0591
                     reward/orientation: -0.0619
                            reward/pose: -0.0084
                     reward/action_rate: -0.0543
                      reward/action_acc: -0.1331
--------------------------------------------------------------------------------
                         Iteration time: 0.51s
                           Time elapsed: 00:01:37
                                    ETA: 00:00:20

################################################################################
[1m                           Learning iteration 207/250                           [0m 

                            Total steps: 2555904 
                       Steps per second: 24118 
                        Collection time: 0.442s 
                          Learning time: 0.068s 
                        Mean value loss: 0.0299
                    Mean surrogate loss: -0.0107
                      Mean entropy loss: 3.8913
                            Mean reward: 0.87
                    Mean episode length: 92.46
                        Mean action std: 0.36
                reward/tracking_lin_vel: 1.1558
                reward/tracking_ang_vel: 0.1290
                      reward/feet_phase: 0.5168
             reward/feet_phase_contrast: 0.7718
             reward/feet_contact_number: 0.4656
                   reward/feet_air_time: 0.0008
                     reward/under_speed: -0.1573
                       reward/feet_slip: -0.0030
                  reward/feet_clearance: -0.0096
                       reward/lin_vel_z: -0.0037
                      reward/ang_vel_xy: -0.2657
                     reward/base_height: -0.0483
                     reward/orientation: -0.0522
                            reward/pose: -0.0080
                     reward/action_rate: -0.0532
                      reward/action_acc: -0.1303
--------------------------------------------------------------------------------
                         Iteration time: 0.51s
                           Time elapsed: 00:01:38
                                    ETA: 00:00:19

################################################################################
[1m                           Learning iteration 208/250                           [0m 

                            Total steps: 2568192 
                       Steps per second: 24630 
                        Collection time: 0.430s 
                          Learning time: 0.069s 
                        Mean value loss: 0.0268
                    Mean surrogate loss: -0.0096
                      Mean entropy loss: 3.8689
                            Mean reward: 1.03
                    Mean episode length: 95.38
                        Mean action std: 0.36
                reward/tracking_lin_vel: 1.1705
                reward/tracking_ang_vel: 0.1296
                      reward/feet_phase: 0.4055
             reward/feet_phase_contrast: 0.7865
             reward/feet_contact_number: 0.4601
                   reward/feet_air_time: 0.0016
                     reward/under_speed: -0.1562
                       reward/feet_slip: -0.0031
                  reward/feet_clearance: -0.0095
                       reward/lin_vel_z: -0.0032
                      reward/ang_vel_xy: -0.2697
                     reward/base_height: -0.0470
                     reward/orientation: -0.0476
                            reward/pose: -0.0079
                     reward/action_rate: -0.0536
                      reward/action_acc: -0.1311
--------------------------------------------------------------------------------
                         Iteration time: 0.50s
                           Time elapsed: 00:01:38
                                    ETA: 00:00:19

################################################################################
[1m                           Learning iteration 209/250                           [0m 

                            Total steps: 2580480 
                       Steps per second: 23579 
                        Collection time: 0.454s 
                          Learning time: 0.067s 
                        Mean value loss: 0.0191
                    Mean surrogate loss: -0.0106
                      Mean entropy loss: 3.8534
                            Mean reward: 6.02
                    Mean episode length: 197.26
                        Mean action std: 0.36
                reward/tracking_lin_vel: 1.1789
                reward/tracking_ang_vel: 0.1282
                      reward/feet_phase: 0.4038
             reward/feet_phase_contrast: 0.7903
             reward/feet_contact_number: 0.4615
                   reward/feet_air_time: 0.0001
                     reward/under_speed: -0.1559
                       reward/feet_slip: -0.0031
                  reward/feet_clearance: -0.0099
                       reward/lin_vel_z: -0.0032
                      reward/ang_vel_xy: -0.2606
                     reward/base_height: -0.0282
                     reward/orientation: -0.0409
                            reward/pose: -0.0082
                     reward/action_rate: -0.0535
                      reward/action_acc: -0.1296
--------------------------------------------------------------------------------
                         Iteration time: 0.52s
                           Time elapsed: 00:01:39
                                    ETA: 00:00:18

################################################################################
[1m                           Learning iteration 210/250                           [0m 

                            Total steps: 2592768 
                       Steps per second: 21998 
                        Collection time: 0.491s 
                          Learning time: 0.068s 
                        Mean value loss: 0.0324
                    Mean surrogate loss: -0.0105
                      Mean entropy loss: 3.8280
                            Mean reward: 8.47
                    Mean episode length: 248.10
                        Mean action std: 0.35
                reward/tracking_lin_vel: 1.1829
                reward/tracking_ang_vel: 0.1275
                      reward/feet_phase: 0.5350
             reward/feet_phase_contrast: 0.7920
             reward/feet_contact_number: 0.4618
                   reward/feet_air_time: 0.0020
                     reward/under_speed: -0.1561
                       reward/feet_slip: -0.0032
                  reward/feet_clearance: -0.0103
                       reward/lin_vel_z: -0.0031
                      reward/ang_vel_xy: -0.2565
                     reward/base_height: -0.0127
                     reward/orientation: -0.0355
                            reward/pose: -0.0084
                     reward/action_rate: -0.0549
                      reward/action_acc: -0.1320
--------------------------------------------------------------------------------
                         Iteration time: 0.56s
                           Time elapsed: 00:01:39
                                    ETA: 00:00:18

################################################################################
[1m                           Learning iteration 211/250                           [0m 

                            Total steps: 2605056 
                       Steps per second: 24774 
                        Collection time: 0.425s 
                          Learning time: 0.071s 
                        Mean value loss: 0.0404
                    Mean surrogate loss: -0.0069
                      Mean entropy loss: 3.7967
                            Mean reward: 8.55
                    Mean episode length: 249.80
                        Mean action std: 0.35
                reward/tracking_lin_vel: 1.1875
                reward/tracking_ang_vel: 0.1282
                      reward/feet_phase: 0.4805
             reward/feet_phase_contrast: 0.8049
             reward/feet_contact_number: 0.4642
                   reward/feet_air_time: 0.0013
                     reward/under_speed: -0.1549
                       reward/feet_slip: -0.0034
                  reward/feet_clearance: -0.0104
                       reward/lin_vel_z: -0.0032
                      reward/ang_vel_xy: -0.2650
                     reward/base_height: -0.0196
                     reward/orientation: -0.0388
                            reward/pose: -0.0081
                     reward/action_rate: -0.0554
                      reward/action_acc: -0.1324
--------------------------------------------------------------------------------
                         Iteration time: 0.50s
                           Time elapsed: 00:01:40
                                    ETA: 00:00:17

################################################################################
[1m                           Learning iteration 212/250                           [0m 

                            Total steps: 2617344 
                       Steps per second: 24049 
                        Collection time: 0.443s 
                          Learning time: 0.068s 
                        Mean value loss: 0.0188
                    Mean surrogate loss: -0.0057
                      Mean entropy loss: 3.7913
                            Mean reward: 9.46
                    Mean episode length: 266.97
                        Mean action std: 0.35
                reward/tracking_lin_vel: 1.1917
                reward/tracking_ang_vel: 0.1280
                      reward/feet_phase: 0.4012
             reward/feet_phase_contrast: 0.8080
             reward/feet_contact_number: 0.4631
                   reward/feet_air_time: 0.0008
                     reward/under_speed: -0.1549
                       reward/feet_slip: -0.0032
                  reward/feet_clearance: -0.0099
                       reward/lin_vel_z: -0.0034
                      reward/ang_vel_xy: -0.2589
                     reward/base_height: -0.0392
                     reward/orientation: -0.0442
                            reward/pose: -0.0083
                     reward/action_rate: -0.0538
                      reward/action_acc: -0.1293
--------------------------------------------------------------------------------
                         Iteration time: 0.51s
                           Time elapsed: 00:01:40
                                    ETA: 00:00:17

################################################################################
[1m                           Learning iteration 213/250                           [0m 

                            Total steps: 2629632 
                       Steps per second: 24451 
                        Collection time: 0.433s 
                          Learning time: 0.070s 
                        Mean value loss: 0.0195
                    Mean surrogate loss: -0.0103
                      Mean entropy loss: 3.7787
                            Mean reward: 10.43
                    Mean episode length: 285.85
                        Mean action std: 0.35
                reward/tracking_lin_vel: 1.1966
                reward/tracking_ang_vel: 0.1296
                      reward/feet_phase: 0.4582
             reward/feet_phase_contrast: 0.7993
             reward/feet_contact_number: 0.4616
                   reward/feet_air_time: 0.0014
                     reward/under_speed: -0.1560
                       reward/feet_slip: -0.0032
                  reward/feet_clearance: -0.0101
                       reward/lin_vel_z: -0.0030
                      reward/ang_vel_xy: -0.2453
                     reward/base_height: -0.0120
                     reward/orientation: -0.0346
                            reward/pose: -0.0089
                     reward/action_rate: -0.0543
                      reward/action_acc: -0.1299
             Metrics/twist/error_vel_xy: 0.3550
            Metrics/twist/error_vel_yaw: 0.3085
        Episode_Reward/tracking_lin_vel: 0.7636
        Episode_Reward/tracking_ang_vel: 0.0894
              Episode_Reward/feet_phase: 0.3035
     Episode_Reward/feet_phase_contrast: 0.5247
     Episode_Reward/feet_contact_number: 0.3147
           Episode_Reward/feet_air_time: 0.0005
             Episode_Reward/under_speed: -0.1067
               Episode_Reward/feet_slip: -0.0016
          Episode_Reward/feet_clearance: -0.0066
               Episode_Reward/lin_vel_z: -0.0027
              Episode_Reward/ang_vel_xy: -0.1698
             Episode_Reward/base_height: -0.0215
             Episode_Reward/orientation: -0.0281
                    Episode_Reward/pose: -0.0050
             Episode_Reward/action_rate: -0.0336
              Episode_Reward/action_acc: -0.0867
           Episode_Termination/time_out: 0.6667
    Episode_Termination/bad_orientation: 0.3333
--------------------------------------------------------------------------------
                         Iteration time: 0.50s
                           Time elapsed: 00:01:41
                                    ETA: 00:00:17

################################################################################
[1m                           Learning iteration 214/250                           [0m 

                            Total steps: 2641920 
                       Steps per second: 24159 
                        Collection time: 0.440s 
                          Learning time: 0.069s 
                        Mean value loss: 0.0146
                    Mean surrogate loss: -0.0100
                      Mean entropy loss: 3.7575
                            Mean reward: 10.46
                    Mean episode length: 285.60
                        Mean action std: 0.35
                reward/tracking_lin_vel: 1.2029
                reward/tracking_ang_vel: 0.1287
                      reward/feet_phase: 0.5529
             reward/feet_phase_contrast: 0.8121
             reward/feet_contact_number: 0.4621
                   reward/feet_air_time: 0.0000
                     reward/under_speed: -0.1553
                       reward/feet_slip: -0.0034
                  reward/feet_clearance: -0.0103
                       reward/lin_vel_z: -0.0031
                      reward/ang_vel_xy: -0.2495
                     reward/base_height: -0.0129
                     reward/orientation: -0.0367
                            reward/pose: -0.0090
                     reward/action_rate: -0.0549
                      reward/action_acc: -0.1314
--------------------------------------------------------------------------------
                         Iteration time: 0.51s
                           Time elapsed: 00:01:41
                                    ETA: 00:00:16

################################################################################
[1m                           Learning iteration 215/250                           [0m 

                            Total steps: 2654208 
                       Steps per second: 24406 
                        Collection time: 0.436s 
                          Learning time: 0.067s 
                        Mean value loss: 0.0159
                    Mean surrogate loss: -0.0094
                      Mean entropy loss: 3.7250
                            Mean reward: 10.98
                    Mean episode length: 295.06
                        Mean action std: 0.35
                reward/tracking_lin_vel: 1.1962
                reward/tracking_ang_vel: 0.1289
                      reward/feet_phase: 0.4161
             reward/feet_phase_contrast: 0.7969
             reward/feet_contact_number: 0.4627
                   reward/feet_air_time: 0.0005
                     reward/under_speed: -0.1567
                       reward/feet_slip: -0.0032
                  reward/feet_clearance: -0.0103
                       reward/lin_vel_z: -0.0030
                      reward/ang_vel_xy: -0.2414
                     reward/base_height: -0.0125
                     reward/orientation: -0.0336
                            reward/pose: -0.0092
                     reward/action_rate: -0.0550
                      reward/action_acc: -0.1309
--------------------------------------------------------------------------------
                         Iteration time: 0.50s
                           Time elapsed: 00:01:42
                                    ETA: 00:00:16

################################################################################
[1m                           Learning iteration 216/250                           [0m 

                            Total steps: 2666496 
                       Steps per second: 26307 
                        Collection time: 0.399s 
                          Learning time: 0.068s 
                        Mean value loss: 5.5152
                    Mean surrogate loss: -0.0080
                      Mean entropy loss: 3.7081
                            Mean reward: 10.98
                    Mean episode length: 295.06
                        Mean action std: 0.35
                reward/tracking_lin_vel: 0.9438
                reward/tracking_ang_vel: 0.1201
                      reward/feet_phase: 0.4076
             reward/feet_phase_contrast: 0.7802
             reward/feet_contact_number: 0.4478
                   reward/feet_air_time: 0.0081
                     reward/under_speed: -0.1443
                       reward/feet_slip: -0.0057
                  reward/feet_clearance: -0.0169
                       reward/lin_vel_z: -0.0097
                      reward/ang_vel_xy: -0.3040
                     reward/base_height: -0.0081
                     reward/orientation: -0.0442
                            reward/pose: -0.0098
                     reward/action_rate: -0.0561
                      reward/action_acc: -0.1331
--------------------------------------------------------------------------------
                         Iteration time: 0.47s
                           Time elapsed: 00:01:42
                                    ETA: 00:00:15

################################################################################
[1m                           Learning iteration 217/250                           [0m 

                            Total steps: 2678784 
                       Steps per second: 31794 
                        Collection time: 0.320s 
                          Learning time: 0.067s 
                        Mean value loss: 0.2857
                    Mean surrogate loss: -0.0123
                      Mean entropy loss: 3.7095
                            Mean reward: 17.37
                    Mean episode length: 446.25
                        Mean action std: 0.35
                reward/tracking_lin_vel: 0.5985
                reward/tracking_ang_vel: 0.0991
                      reward/feet_phase: 0.4715
             reward/feet_phase_contrast: 0.7219
             reward/feet_contact_number: 0.4482
                   reward/feet_air_time: 0.2248
                     reward/under_speed: -0.1207
                       reward/feet_slip: -0.0047
                  reward/feet_clearance: -0.0173
                       reward/lin_vel_z: -0.0373
                      reward/ang_vel_xy: -0.7954
                     reward/base_height: -1.2462
                     reward/orientation: -0.7071
                            reward/pose: -0.0141
                     reward/action_rate: -0.0509
                      reward/action_acc: -0.1231
--------------------------------------------------------------------------------
                         Iteration time: 0.39s
                           Time elapsed: 00:01:43
                                    ETA: 00:00:15

################################################################################
[1m                           Learning iteration 218/250                           [0m 

                            Total steps: 2691072 
                       Steps per second: 26412 
                        Collection time: 0.401s 
                          Learning time: 0.064s 
                        Mean value loss: 0.2873
                    Mean surrogate loss: -0.0119
                      Mean entropy loss: 3.7105
                            Mean reward: 18.56
                    Mean episode length: 466.98
                        Mean action std: 0.35
                reward/tracking_lin_vel: 0.9983
                reward/tracking_ang_vel: 0.1152
                      reward/feet_phase: 0.5444
             reward/feet_phase_contrast: 0.8217
             reward/feet_contact_number: 0.4486
                   reward/feet_air_time: 0.0306
                     reward/under_speed: -0.1334
                       reward/feet_slip: -0.0041
                  reward/feet_clearance: -0.0157
                       reward/lin_vel_z: -0.0165
                      reward/ang_vel_xy: -0.4453
                     reward/base_height: -0.9532
                     reward/orientation: -0.3515
                            reward/pose: -0.0093
                     reward/action_rate: -0.0506
                      reward/action_acc: -0.1227
             Metrics/twist/error_vel_xy: 0.4165
            Metrics/twist/error_vel_yaw: 0.2916
        Episode_Reward/tracking_lin_vel: 0.5190
        Episode_Reward/tracking_ang_vel: 0.0586
              Episode_Reward/feet_phase: 0.2117
     Episode_Reward/feet_phase_contrast: 0.3616
     Episode_Reward/feet_contact_number: 0.2152
           Episode_Reward/feet_air_time: 0.0094
             Episode_Reward/under_speed: -0.0717
               Episode_Reward/feet_slip: -0.0014
          Episode_Reward/feet_clearance: -0.0049
               Episode_Reward/lin_vel_z: -0.0027
              Episode_Reward/ang_vel_xy: -0.1385
             Episode_Reward/base_height: -0.0838
             Episode_Reward/orientation: -0.0514
                    Episode_Reward/pose: -0.0041
             Episode_Reward/action_rate: -0.0249
              Episode_Reward/action_acc: -0.0607
           Episode_Termination/time_out: 0.0000
    Episode_Termination/bad_orientation: 7.4167
--------------------------------------------------------------------------------
                         Iteration time: 0.47s
                           Time elapsed: 00:01:43
                                    ETA: 00:00:14

################################################################################
[1m                           Learning iteration 219/250                           [0m 

                            Total steps: 2703360 
                       Steps per second: 22037 
                        Collection time: 0.487s 
                          Learning time: 0.071s 
                        Mean value loss: 0.1668
                    Mean surrogate loss: -0.0128
                      Mean entropy loss: 3.7165
                            Mean reward: 12.38
                    Mean episode length: 341.46
                        Mean action std: 0.35
                reward/tracking_lin_vel: 1.1373
                reward/tracking_ang_vel: 0.1214
                      reward/feet_phase: 0.4507
             reward/feet_phase_contrast: 0.8677
             reward/feet_contact_number: 0.4441
                   reward/feet_air_time: 0.0217
                     reward/under_speed: -0.1420
                       reward/feet_slip: -0.0038
                  reward/feet_clearance: -0.0126
                       reward/lin_vel_z: -0.0073
                      reward/ang_vel_xy: -0.3252
                     reward/base_height: -0.3234
                     reward/orientation: -0.1676
                            reward/pose: -0.0103
                     reward/action_rate: -0.0550
                      reward/action_acc: -0.1309
--------------------------------------------------------------------------------
                         Iteration time: 0.56s
                           Time elapsed: 00:01:44
                                    ETA: 00:00:14

################################################################################
[1m                           Learning iteration 220/250                           [0m 

                            Total steps: 2715648 
                       Steps per second: 20475 
                        Collection time: 0.520s 
                          Learning time: 0.080s 
                        Mean value loss: 0.0822
                    Mean surrogate loss: -0.0087
                      Mean entropy loss: 3.7137
                            Mean reward: 4.74
                    Mean episode length: 178.98
                        Mean action std: 0.35
                reward/tracking_lin_vel: 1.1513
                reward/tracking_ang_vel: 0.1232
                      reward/feet_phase: 0.4513
             reward/feet_phase_contrast: 0.8269
             reward/feet_contact_number: 0.4594
                   reward/feet_air_time: 0.0083
                     reward/under_speed: -0.1472
                       reward/feet_slip: -0.0041
                  reward/feet_clearance: -0.0127
                       reward/lin_vel_z: -0.0069
                      reward/ang_vel_xy: -0.3168
                     reward/base_height: -0.2520
                     reward/orientation: -0.1333
                            reward/pose: -0.0106
                     reward/action_rate: -0.0569
                      reward/action_acc: -0.1327
--------------------------------------------------------------------------------
                         Iteration time: 0.60s
                           Time elapsed: 00:01:44
                                    ETA: 00:00:13

################################################################################
[1m                           Learning iteration 221/250                           [0m 

                            Total steps: 2727936 
                       Steps per second: 21139 
                        Collection time: 0.514s 
                          Learning time: 0.068s 
                        Mean value loss: 0.0557
                    Mean surrogate loss: -0.0105
                      Mean entropy loss: 3.7038
                            Mean reward: 1.67
                    Mean episode length: 115.13
                        Mean action std: 0.35
                reward/tracking_lin_vel: 1.2013
                reward/tracking_ang_vel: 0.1243
                      reward/feet_phase: 0.5792
             reward/feet_phase_contrast: 0.8395
             reward/feet_contact_number: 0.4615
                   reward/feet_air_time: 0.0039
                     reward/under_speed: -0.1485
                       reward/feet_slip: -0.0038
                  reward/feet_clearance: -0.0121
                       reward/lin_vel_z: -0.0053
                      reward/ang_vel_xy: -0.2785
                     reward/base_height: -0.1155
                     reward/orientation: -0.0769
                            reward/pose: -0.0101
                     reward/action_rate: -0.0573
                      reward/action_acc: -0.1340
--------------------------------------------------------------------------------
                         Iteration time: 0.58s
                           Time elapsed: 00:01:45
                                    ETA: 00:00:13

################################################################################
[1m                           Learning iteration 222/250                           [0m 

                            Total steps: 2740224 
                       Steps per second: 23410 
                        Collection time: 0.455s 
                          Learning time: 0.070s 
                        Mean value loss: 0.0340
                    Mean surrogate loss: -0.0102
                      Mean entropy loss: 3.6925
                            Mean reward: 0.29
                    Mean episode length: 85.53
                        Mean action std: 0.35
                reward/tracking_lin_vel: 1.2149
                reward/tracking_ang_vel: 0.1259
                      reward/feet_phase: 0.4649
             reward/feet_phase_contrast: 0.8506
             reward/feet_contact_number: 0.4576
                   reward/feet_air_time: 0.0017
                     reward/under_speed: -0.1495
                       reward/feet_slip: -0.0040
                  reward/feet_clearance: -0.0120
                       reward/lin_vel_z: -0.0048
                      reward/ang_vel_xy: -0.2670
                     reward/base_height: -0.0777
                     reward/orientation: -0.0635
                            reward/pose: -0.0102
                     reward/action_rate: -0.0574
                      reward/action_acc: -0.1347
--------------------------------------------------------------------------------
                         Iteration time: 0.52s
                           Time elapsed: 00:01:45
                                    ETA: 00:00:12

################################################################################
[1m                           Learning iteration 223/250                           [0m 

                            Total steps: 2752512 
                       Steps per second: 24608 
                        Collection time: 0.430s 
                          Learning time: 0.070s 
                        Mean value loss: 0.0312
                    Mean surrogate loss: -0.0084
                      Mean entropy loss: 3.6839
                            Mean reward: 0.62
                    Mean episode length: 89.75
                        Mean action std: 0.35
                reward/tracking_lin_vel: 1.2224
                reward/tracking_ang_vel: 0.1246
                      reward/feet_phase: 0.4306
             reward/feet_phase_contrast: 0.8555
             reward/feet_contact_number: 0.4573
                   reward/feet_air_time: 0.0008
                     reward/under_speed: -0.1500
                       reward/feet_slip: -0.0040
                  reward/feet_clearance: -0.0122
                       reward/lin_vel_z: -0.0047
                      reward/ang_vel_xy: -0.2604
                     reward/base_height: -0.0270
                     reward/orientation: -0.0470
                            reward/pose: -0.0100
                     reward/action_rate: -0.0590
                      reward/action_acc: -0.1372
             Metrics/twist/error_vel_xy: 0.2978
            Metrics/twist/error_vel_yaw: 0.3267
        Episode_Reward/tracking_lin_vel: 0.1573
        Episode_Reward/tracking_ang_vel: 0.0136
              Episode_Reward/feet_phase: 0.0792
     Episode_Reward/feet_phase_contrast: 0.1290
     Episode_Reward/feet_contact_number: 0.0560
           Episode_Reward/feet_air_time: 0.0077
             Episode_Reward/under_speed: -0.0115
               Episode_Reward/feet_slip: -0.0008
          Episode_Reward/feet_clearance: -0.0024
               Episode_Reward/lin_vel_z: -0.0023
              Episode_Reward/ang_vel_xy: -0.0645
             Episode_Reward/base_height: -0.0598
             Episode_Reward/orientation: -0.0455
                    Episode_Reward/pose: -0.0018
             Episode_Reward/action_rate: -0.0082
              Episode_Reward/action_acc: -0.0177
           Episode_Termination/time_out: 0.0000
    Episode_Termination/bad_orientation: 1.2500
--------------------------------------------------------------------------------
                         Iteration time: 0.50s
                           Time elapsed: 00:01:46
                                    ETA: 00:00:12

################################################################################
[1m                           Learning iteration 224/250                           [0m 

                            Total steps: 2764800 
                       Steps per second: 23609 
                        Collection time: 0.451s 
                          Learning time: 0.069s 
                        Mean value loss: 0.0215
                    Mean surrogate loss: -0.0096
                      Mean entropy loss: 3.6684
                            Mean reward: 0.92
                    Mean episode length: 92.64
                        Mean action std: 0.35
                reward/tracking_lin_vel: 1.2179
                reward/tracking_ang_vel: 0.1248
                      reward/feet_phase: 0.5332
             reward/feet_phase_contrast: 0.8481
             reward/feet_contact_number: 0.4583
                   reward/feet_air_time: 0.0004
                     reward/under_speed: -0.1502
                       reward/feet_slip: -0.0038
                  reward/feet_clearance: -0.0120
                       reward/lin_vel_z: -0.0047
                      reward/ang_vel_xy: -0.2612
                     reward/base_height: -0.0356
                     reward/orientation: -0.0483
                            reward/pose: -0.0095
                     reward/action_rate: -0.0589
                      reward/action_acc: -0.1373
--------------------------------------------------------------------------------
                         Iteration time: 0.52s
                           Time elapsed: 00:01:46
                                    ETA: 00:00:11

################################################################################
[1m                           Learning iteration 225/250                           [0m 

                            Total steps: 2777088 
                       Steps per second: 23642 
                        Collection time: 0.453s 
                          Learning time: 0.066s 
                        Mean value loss: 0.0210
                    Mean surrogate loss: -0.0092
                      Mean entropy loss: 3.6457
                            Mean reward: 2.80
                    Mean episode length: 126.87
                        Mean action std: 0.35
                reward/tracking_lin_vel: 1.2356
                reward/tracking_ang_vel: 0.1261
                      reward/feet_phase: 0.5614
             reward/feet_phase_contrast: 0.8657
             reward/feet_contact_number: 0.4649
                   reward/feet_air_time: 0.0009
                     reward/under_speed: -0.1485
                       reward/feet_slip: -0.0041
                  reward/feet_clearance: -0.0123
                       reward/lin_vel_z: -0.0044
                      reward/ang_vel_xy: -0.2588
                     reward/base_height: -0.0189
                     reward/orientation: -0.0407
                            reward/pose: -0.0093
                     reward/action_rate: -0.0585
                      reward/action_acc: -0.1348
--------------------------------------------------------------------------------
                         Iteration time: 0.52s
                           Time elapsed: 00:01:47
                                    ETA: 00:00:11

################################################################################
[1m                           Learning iteration 226/250                           [0m 

                            Total steps: 2789376 
                       Steps per second: 23438 
                        Collection time: 0.456s 
                          Learning time: 0.068s 
                        Mean value loss: 0.0372
                    Mean surrogate loss: -0.0102
                      Mean entropy loss: 3.6303
                            Mean reward: 12.11
                    Mean episode length: 307.63
                        Mean action std: 0.35
                reward/tracking_lin_vel: 1.2279
                reward/tracking_ang_vel: 0.1251
                      reward/feet_phase: 0.4275
             reward/feet_phase_contrast: 0.8514
             reward/feet_contact_number: 0.4578
                   reward/feet_air_time: 0.0010
                     reward/under_speed: -0.1493
                       reward/feet_slip: -0.0043
                  reward/feet_clearance: -0.0127
                       reward/lin_vel_z: -0.0043
                      reward/ang_vel_xy: -0.2534
                     reward/base_height: -0.0124
                     reward/orientation: -0.0370
                            reward/pose: -0.0092
                     reward/action_rate: -0.0591
                      reward/action_acc: -0.1375
             Metrics/twist/error_vel_xy: 0.5117
            Metrics/twist/error_vel_yaw: 0.4952
        Episode_Reward/tracking_lin_vel: 1.1221
        Episode_Reward/tracking_ang_vel: 0.1244
              Episode_Reward/feet_phase: 0.4395
     Episode_Reward/feet_phase_contrast: 0.7585
     Episode_Reward/feet_contact_number: 0.4429
           Episode_Reward/feet_air_time: 0.0031
             Episode_Reward/under_speed: -0.1501
               Episode_Reward/feet_slip: -0.0033
          Episode_Reward/feet_clearance: -0.0107
               Episode_Reward/lin_vel_z: -0.0032
              Episode_Reward/ang_vel_xy: -0.2405
             Episode_Reward/base_height: -0.0084
             Episode_Reward/orientation: -0.0323
                    Episode_Reward/pose: -0.0078
             Episode_Reward/action_rate: -0.0516
              Episode_Reward/action_acc: -0.1261
           Episode_Termination/time_out: 1.6667
    Episode_Termination/bad_orientation: 0.0833
--------------------------------------------------------------------------------
                         Iteration time: 0.52s
                           Time elapsed: 00:01:47
                                    ETA: 00:00:10

################################################################################
[1m                           Learning iteration 227/250                           [0m 

                            Total steps: 2801664 
                       Steps per second: 22769 
                        Collection time: 0.468s 
                          Learning time: 0.071s 
                        Mean value loss: 0.0251
                    Mean surrogate loss: -0.0097
                      Mean entropy loss: 3.6239
                            Mean reward: 15.15
                    Mean episode length: 364.44
                        Mean action std: 0.35
                reward/tracking_lin_vel: 1.2361
                reward/tracking_ang_vel: 0.1231
                      reward/feet_phase: 0.4599
             reward/feet_phase_contrast: 0.8688
             reward/feet_contact_number: 0.4607
                   reward/feet_air_time: 0.0010
                     reward/under_speed: -0.1470
                       reward/feet_slip: -0.0045
                  reward/feet_clearance: -0.0133
                       reward/lin_vel_z: -0.0049
                      reward/ang_vel_xy: -0.2804
                     reward/base_height: -0.0363
                     reward/orientation: -0.0467
                            reward/pose: -0.0094
                     reward/action_rate: -0.0618
                      reward/action_acc: -0.1414
--------------------------------------------------------------------------------
                         Iteration time: 0.54s
                           Time elapsed: 00:01:48
                                    ETA: 00:00:10

################################################################################
[1m                           Learning iteration 228/250                           [0m 

                            Total steps: 2813952 
                       Steps per second: 23943 
                        Collection time: 0.444s 
                          Learning time: 0.069s 
                        Mean value loss: 0.0393
                    Mean surrogate loss: -0.0089
                      Mean entropy loss: 3.6119
                            Mean reward: 16.40
                    Mean episode length: 385.27
                        Mean action std: 0.35
                reward/tracking_lin_vel: 1.2577
                reward/tracking_ang_vel: 0.1232
                      reward/feet_phase: 0.6218
             reward/feet_phase_contrast: 0.9075
             reward/feet_contact_number: 0.4567
                   reward/feet_air_time: 0.0008
                     reward/under_speed: -0.1440
                       reward/feet_slip: -0.0046
                  reward/feet_clearance: -0.0131
                       reward/lin_vel_z: -0.0053
                      reward/ang_vel_xy: -0.2751
                     reward/base_height: -0.0302
                     reward/orientation: -0.0451
                            reward/pose: -0.0090
                     reward/action_rate: -0.0615
                      reward/action_acc: -0.1404
--------------------------------------------------------------------------------
                         Iteration time: 0.51s
                           Time elapsed: 00:01:49
                                    ETA: 00:00:09

################################################################################
[1m                           Learning iteration 229/250                           [0m 

                            Total steps: 2826240 
                       Steps per second: 23825 
                        Collection time: 0.447s 
                          Learning time: 0.069s 
                        Mean value loss: 0.0200
                    Mean surrogate loss: -0.0103
                      Mean entropy loss: 3.6057
                            Mean reward: 17.09
                    Mean episode length: 398.90
                        Mean action std: 0.35
                reward/tracking_lin_vel: 1.2569
                reward/tracking_ang_vel: 0.1245
                      reward/feet_phase: 0.5061
             reward/feet_phase_contrast: 0.8992
             reward/feet_contact_number: 0.4637
                   reward/feet_air_time: 0.0000
                     reward/under_speed: -0.1449
                       reward/feet_slip: -0.0046
                  reward/feet_clearance: -0.0133
                       reward/lin_vel_z: -0.0052
                      reward/ang_vel_xy: -0.2760
                     reward/base_height: -0.0226
                     reward/orientation: -0.0432
                            reward/pose: -0.0095
                     reward/action_rate: -0.0617
                      reward/action_acc: -0.1404
--------------------------------------------------------------------------------
                         Iteration time: 0.52s
                           Time elapsed: 00:01:49
                                    ETA: 00:00:09

################################################################################
[1m                           Learning iteration 230/250                           [0m 

                            Total steps: 2838528 
                       Steps per second: 24281 
                        Collection time: 0.437s 
                          Learning time: 0.069s 
                        Mean value loss: 0.0189
                    Mean surrogate loss: -0.0081
                      Mean entropy loss: 3.5901
                            Mean reward: 17.45
                    Mean episode length: 405.09
                        Mean action std: 0.35
                reward/tracking_lin_vel: 1.2639
                reward/tracking_ang_vel: 0.1229
                      reward/feet_phase: 0.4482
             reward/feet_phase_contrast: 0.9039
             reward/feet_contact_number: 0.4551
                   reward/feet_air_time: 0.0000
                     reward/under_speed: -0.1442
                       reward/feet_slip: -0.0051
                  reward/feet_clearance: -0.0141
                       reward/lin_vel_z: -0.0051
                      reward/ang_vel_xy: -0.2904
                     reward/base_height: -0.0130
                     reward/orientation: -0.0345
                            reward/pose: -0.0092
                     reward/action_rate: -0.0644
                      reward/action_acc: -0.1445
--------------------------------------------------------------------------------
                         Iteration time: 0.51s
                           Time elapsed: 00:01:50
                                    ETA: 00:00:09

################################################################################
[1m                           Learning iteration 231/250                           [0m 

                            Total steps: 2850816 
                       Steps per second: 24527 
                        Collection time: 0.434s 
                          Learning time: 0.067s 
                        Mean value loss: 0.0180
                    Mean surrogate loss: -0.0063
                      Mean entropy loss: 3.5666
                            Mean reward: 17.45
                    Mean episode length: 405.09
                        Mean action std: 0.35
                reward/tracking_lin_vel: 1.2811
                reward/tracking_ang_vel: 0.1231
                      reward/feet_phase: 0.5511
             reward/feet_phase_contrast: 0.9159
             reward/feet_contact_number: 0.4625
                   reward/feet_air_time: 0.0000
                     reward/under_speed: -0.1432
                       reward/feet_slip: -0.0050
                  reward/feet_clearance: -0.0139
                       reward/lin_vel_z: -0.0047
                      reward/ang_vel_xy: -0.2652
                     reward/base_height: -0.0079
                     reward/orientation: -0.0330
                            reward/pose: -0.0092
                     reward/action_rate: -0.0633
                      reward/action_acc: -0.1435
--------------------------------------------------------------------------------
                         Iteration time: 0.50s
                           Time elapsed: 00:01:50
                                    ETA: 00:00:08

################################################################################
[1m                           Learning iteration 232/250                           [0m 

                            Total steps: 2863104 
                       Steps per second: 23961 
                        Collection time: 0.444s 
                          Learning time: 0.069s 
                        Mean value loss: 0.0228
                    Mean surrogate loss: -0.0107
                      Mean entropy loss: 3.5532
                            Mean reward: 17.63
                    Mean episode length: 408.36
                        Mean action std: 0.35
                reward/tracking_lin_vel: 1.2733
                reward/tracking_ang_vel: 0.1232
                      reward/feet_phase: 0.6103
             reward/feet_phase_contrast: 0.9140
             reward/feet_contact_number: 0.4548
                   reward/feet_air_time: 0.0000
                     reward/under_speed: -0.1431
                       reward/feet_slip: -0.0051
                  reward/feet_clearance: -0.0144
                       reward/lin_vel_z: -0.0053
                      reward/ang_vel_xy: -0.2944
                     reward/base_height: -0.0129
                     reward/orientation: -0.0371
                            reward/pose: -0.0093
                     reward/action_rate: -0.0656
                      reward/action_acc: -0.1468
--------------------------------------------------------------------------------
                         Iteration time: 0.51s
                           Time elapsed: 00:01:51
                                    ETA: 00:00:08

################################################################################
[1m                           Learning iteration 233/250                           [0m 

                            Total steps: 2875392 
                       Steps per second: 29625 
                        Collection time: 0.345s 
                          Learning time: 0.070s 
                        Mean value loss: 4.2263
                    Mean surrogate loss: -0.0088
                      Mean entropy loss: 3.5354
                            Mean reward: 18.89
                    Mean episode length: 430.38
                        Mean action std: 0.34
                reward/tracking_lin_vel: 0.8171
                reward/tracking_ang_vel: 0.1084
                      reward/feet_phase: 0.4471
             reward/feet_phase_contrast: 0.8818
             reward/feet_contact_number: 0.4331
                   reward/feet_air_time: 0.0854
                     reward/under_speed: -0.1184
                       reward/feet_slip: -0.0075
                  reward/feet_clearance: -0.0213
                       reward/lin_vel_z: -0.0219
                      reward/ang_vel_xy: -0.4334
                     reward/base_height: -0.0416
                     reward/orientation: -0.1403
                            reward/pose: -0.0114
                     reward/action_rate: -0.0651
                      reward/action_acc: -0.1456
--------------------------------------------------------------------------------
                         Iteration time: 0.41s
                           Time elapsed: 00:01:51
                                    ETA: 00:00:07

################################################################################
[1m                           Learning iteration 234/250                           [0m 

                            Total steps: 2887680 
                       Steps per second: 27849 
                        Collection time: 0.374s 
                          Learning time: 0.067s 
                        Mean value loss: 0.3035
                    Mean surrogate loss: -0.0121
                      Mean entropy loss: 3.5325
                            Mean reward: 17.74
                    Mean episode length: 423.85
                        Mean action std: 0.34
                reward/tracking_lin_vel: 0.7960
                reward/tracking_ang_vel: 0.1039
                      reward/feet_phase: 0.4684
             reward/feet_phase_contrast: 0.8245
             reward/feet_contact_number: 0.4577
                   reward/feet_air_time: 0.1534
                     reward/under_speed: -0.1151
                       reward/feet_slip: -0.0062
                  reward/feet_clearance: -0.0194
                       reward/lin_vel_z: -0.0375
                      reward/ang_vel_xy: -0.7913
                     reward/base_height: -1.3790
                     reward/orientation: -0.6639
                            reward/pose: -0.0139
                     reward/action_rate: -0.0589
                      reward/action_acc: -0.1334
             Metrics/twist/error_vel_xy: 0.3747
            Metrics/twist/error_vel_yaw: 0.2487
        Episode_Reward/tracking_lin_vel: 0.5130
        Episode_Reward/tracking_ang_vel: 0.0541
              Episode_Reward/feet_phase: 0.2192
     Episode_Reward/feet_phase_contrast: 0.3786
     Episode_Reward/feet_contact_number: 0.2006
           Episode_Reward/feet_air_time: 0.0080
             Episode_Reward/under_speed: -0.0633
               Episode_Reward/feet_slip: -0.0019
          Episode_Reward/feet_clearance: -0.0058
               Episode_Reward/lin_vel_z: -0.0042
              Episode_Reward/ang_vel_xy: -0.1436
             Episode_Reward/base_height: -0.0667
             Episode_Reward/orientation: -0.0454
                    Episode_Reward/pose: -0.0043
             Episode_Reward/action_rate: -0.0258
              Episode_Reward/action_acc: -0.0598
           Episode_Termination/time_out: 0.0000
    Episode_Termination/bad_orientation: 10.0417
--------------------------------------------------------------------------------
                         Iteration time: 0.44s
                           Time elapsed: 00:01:51
                                    ETA: 00:00:07

################################################################################
[1m                           Learning iteration 235/250                           [0m 

                            Total steps: 2899968 
                       Steps per second: 26642 
                        Collection time: 0.391s 
                          Learning time: 0.071s 
                        Mean value loss: 0.1713
                    Mean surrogate loss: -0.0097
                      Mean entropy loss: 3.5300
                            Mean reward: 18.71
                    Mean episode length: 442.76
                        Mean action std: 0.34
                reward/tracking_lin_vel: 1.1175
                reward/tracking_ang_vel: 0.1185
                      reward/feet_phase: 0.5978
             reward/feet_phase_contrast: 0.8956
             reward/feet_contact_number: 0.4534
                   reward/feet_air_time: 0.0172
                     reward/under_speed: -0.1337
                       reward/feet_slip: -0.0049
                  reward/feet_clearance: -0.0154
                       reward/lin_vel_z: -0.0129
                      reward/ang_vel_xy: -0.4099
                     reward/base_height: -0.5278
                     reward/orientation: -0.2256
                            reward/pose: -0.0091
                     reward/action_rate: -0.0612
                      reward/action_acc: -0.1392
             Metrics/twist/error_vel_xy: 0.4285
            Metrics/twist/error_vel_yaw: 0.3176
        Episode_Reward/tracking_lin_vel: 0.4933
        Episode_Reward/tracking_ang_vel: 0.0515
              Episode_Reward/feet_phase: 0.2132
     Episode_Reward/feet_phase_contrast: 0.3646
     Episode_Reward/feet_contact_number: 0.1941
           Episode_Reward/feet_air_time: 0.0090
             Episode_Reward/under_speed: -0.0599
               Episode_Reward/feet_slip: -0.0019
          Episode_Reward/feet_clearance: -0.0059
               Episode_Reward/lin_vel_z: -0.0033
              Episode_Reward/ang_vel_xy: -0.1371
             Episode_Reward/base_height: -0.0814
             Episode_Reward/orientation: -0.0512
                    Episode_Reward/pose: -0.0042
             Episode_Reward/action_rate: -0.0254
              Episode_Reward/action_acc: -0.0585
           Episode_Termination/time_out: 0.0000
    Episode_Termination/bad_orientation: 3.7083
--------------------------------------------------------------------------------
                         Iteration time: 0.46s
                           Time elapsed: 00:01:52
                                    ETA: 00:00:06

################################################################################
[1m                           Learning iteration 236/250                           [0m 

                            Total steps: 2912256 
                       Steps per second: 24853 
                        Collection time: 0.427s 
                          Learning time: 0.067s 
                        Mean value loss: 0.0671
                    Mean surrogate loss: -0.0110
                      Mean entropy loss: 3.5215
                            Mean reward: 14.90
                    Mean episode length: 371.22
                        Mean action std: 0.34
                reward/tracking_lin_vel: 1.2187
                reward/tracking_ang_vel: 0.1207
                      reward/feet_phase: 0.5538
             reward/feet_phase_contrast: 0.9179
             reward/feet_contact_number: 0.4558
                   reward/feet_air_time: 0.0099
                     reward/under_speed: -0.1391
                       reward/feet_slip: -0.0052
                  reward/feet_clearance: -0.0145
                       reward/lin_vel_z: -0.0074
                      reward/ang_vel_xy: -0.3270
                     reward/base_height: -0.2006
                     reward/orientation: -0.1006
                            reward/pose: -0.0085
                     reward/action_rate: -0.0634
                      reward/action_acc: -0.1435
             Metrics/twist/error_vel_xy: 0.4100
            Metrics/twist/error_vel_yaw: 0.2763
        Episode_Reward/tracking_lin_vel: 0.2695
        Episode_Reward/tracking_ang_vel: 0.0285
              Episode_Reward/feet_phase: 0.1173
     Episode_Reward/feet_phase_contrast: 0.1986
     Episode_Reward/feet_contact_number: 0.1114
           Episode_Reward/feet_air_time: 0.0035
             Episode_Reward/under_speed: -0.0342
               Episode_Reward/feet_slip: -0.0012
          Episode_Reward/feet_clearance: -0.0034
               Episode_Reward/lin_vel_z: -0.0023
              Episode_Reward/ang_vel_xy: -0.0909
             Episode_Reward/base_height: -0.0856
             Episode_Reward/orientation: -0.0452
                    Episode_Reward/pose: -0.0026
             Episode_Reward/action_rate: -0.0148
              Episode_Reward/action_acc: -0.0340
           Episode_Termination/time_out: 0.0000
    Episode_Termination/bad_orientation: 1.7368
--------------------------------------------------------------------------------
                         Iteration time: 0.49s
                           Time elapsed: 00:01:52
                                    ETA: 00:00:06

################################################################################
[1m                           Learning iteration 237/250                           [0m 

                            Total steps: 2924544 
                       Steps per second: 24590 
                        Collection time: 0.431s 
                          Learning time: 0.069s 
                        Mean value loss: 0.0477
                    Mean surrogate loss: -0.0095
                      Mean entropy loss: 3.5114
                            Mean reward: 13.09
                    Mean episode length: 338.39
                        Mean action std: 0.34
                reward/tracking_lin_vel: 1.2610
                reward/tracking_ang_vel: 0.1224
                      reward/feet_phase: 0.4689
             reward/feet_phase_contrast: 0.9333
             reward/feet_contact_number: 0.4571
                   reward/feet_air_time: 0.0049
                     reward/under_speed: -0.1393
                       reward/feet_slip: -0.0054
                  reward/feet_clearance: -0.0148
                       reward/lin_vel_z: -0.0065
                      reward/ang_vel_xy: -0.3107
                     reward/base_height: -0.0759
                     reward/orientation: -0.0584
                            reward/pose: -0.0083
                     reward/action_rate: -0.0667
                      reward/action_acc: -0.1490
--------------------------------------------------------------------------------
                         Iteration time: 0.50s
                           Time elapsed: 00:01:53
                                    ETA: 00:00:05

################################################################################
[1m                           Learning iteration 238/250                           [0m 

                            Total steps: 2936832 
                       Steps per second: 23545 
                        Collection time: 0.455s 
                          Learning time: 0.067s 
                        Mean value loss: 0.0224
                    Mean surrogate loss: -0.0106
                      Mean entropy loss: 3.4941
                            Mean reward: 12.46
                    Mean episode length: 325.38
                        Mean action std: 0.34
                reward/tracking_lin_vel: 1.2733
                reward/tracking_ang_vel: 0.1219
                      reward/feet_phase: 0.5443
             reward/feet_phase_contrast: 0.9467
             reward/feet_contact_number: 0.4615
                   reward/feet_air_time: 0.0024
                     reward/under_speed: -0.1391
                       reward/feet_slip: -0.0054
                  reward/feet_clearance: -0.0148
                       reward/lin_vel_z: -0.0067
                      reward/ang_vel_xy: -0.3028
                     reward/base_height: -0.0559
                     reward/orientation: -0.0527
                            reward/pose: -0.0082
                     reward/action_rate: -0.0661
                      reward/action_acc: -0.1481
--------------------------------------------------------------------------------
                         Iteration time: 0.52s
                           Time elapsed: 00:01:53
                                    ETA: 00:00:05

################################################################################
[1m                           Learning iteration 239/250                           [0m 

                            Total steps: 2949120 
                       Steps per second: 24482 
                        Collection time: 0.433s 
                          Learning time: 0.069s 
                        Mean value loss: 0.0191
                    Mean surrogate loss: -0.0094
                      Mean entropy loss: 3.4725
                            Mean reward: 12.20
                    Mean episode length: 319.81
                        Mean action std: 0.34
                reward/tracking_lin_vel: 1.2945
                reward/tracking_ang_vel: 0.1214
                      reward/feet_phase: 0.6516
             reward/feet_phase_contrast: 0.9491
             reward/feet_contact_number: 0.4542
                   reward/feet_air_time: 0.0001
                     reward/under_speed: -0.1380
                       reward/feet_slip: -0.0056
                  reward/feet_clearance: -0.0153
                       reward/lin_vel_z: -0.0060
                      reward/ang_vel_xy: -0.2977
                     reward/base_height: -0.0204
                     reward/orientation: -0.0351
                            reward/pose: -0.0080
                     reward/action_rate: -0.0668
                      reward/action_acc: -0.1482
             Metrics/twist/error_vel_xy: 0.3355
            Metrics/twist/error_vel_yaw: 0.3211
        Episode_Reward/tracking_lin_vel: 0.4330
        Episode_Reward/tracking_ang_vel: 0.0394
              Episode_Reward/feet_phase: 0.1950
     Episode_Reward/feet_phase_contrast: 0.3257
     Episode_Reward/feet_contact_number: 0.1559
           Episode_Reward/feet_air_time: 0.0157
             Episode_Reward/under_speed: -0.0451
               Episode_Reward/feet_slip: -0.0013
          Episode_Reward/feet_clearance: -0.0053
               Episode_Reward/lin_vel_z: -0.0038
              Episode_Reward/ang_vel_xy: -0.1901
             Episode_Reward/base_height: -0.0772
             Episode_Reward/orientation: -0.0569
                    Episode_Reward/pose: -0.0030
             Episode_Reward/action_rate: -0.0262
              Episode_Reward/action_acc: -0.0562
           Episode_Termination/time_out: 0.0000
    Episode_Termination/bad_orientation: 1.0000
--------------------------------------------------------------------------------
                         Iteration time: 0.50s
                           Time elapsed: 00:01:54
                                    ETA: 00:00:04

################################################################################
[1m                           Learning iteration 240/250                           [0m 

                            Total steps: 2961408 
                       Steps per second: 25373 
                        Collection time: 0.416s 
                          Learning time: 0.069s 
                        Mean value loss: 0.0199
                    Mean surrogate loss: -0.0112
                      Mean entropy loss: 3.4497
                            Mean reward: 12.00
                    Mean episode length: 316.13
                        Mean action std: 0.34
                reward/tracking_lin_vel: 1.3026
                reward/tracking_ang_vel: 0.1235
                      reward/feet_phase: 0.5030
             reward/feet_phase_contrast: 0.9590
             reward/feet_contact_number: 0.4543
                   reward/feet_air_time: 0.0001
                     reward/under_speed: -0.1376
                       reward/feet_slip: -0.0060
                  reward/feet_clearance: -0.0157
                       reward/lin_vel_z: -0.0065
                      reward/ang_vel_xy: -0.3057
                     reward/base_height: -0.0154
                     reward/orientation: -0.0336
                            reward/pose: -0.0080
                     reward/action_rate: -0.0696
                      reward/action_acc: -0.1532
--------------------------------------------------------------------------------
                         Iteration time: 0.48s
                           Time elapsed: 00:01:54
                                    ETA: 00:00:04

################################################################################
[1m                           Learning iteration 241/250                           [0m 

                            Total steps: 2973696 
                       Steps per second: 23564 
                        Collection time: 0.448s 
                          Learning time: 0.074s 
                        Mean value loss: 0.0211
                    Mean surrogate loss: -0.0099
                      Mean entropy loss: 3.4330
                            Mean reward: 12.00
                    Mean episode length: 316.13
                        Mean action std: 0.34
                reward/tracking_lin_vel: 1.3107
                reward/tracking_ang_vel: 0.1224
                      reward/feet_phase: 0.4871
             reward/feet_phase_contrast: 0.9653
             reward/feet_contact_number: 0.4572
                   reward/feet_air_time: 0.0000
                     reward/under_speed: -0.1366
                       reward/feet_slip: -0.0053
                  reward/feet_clearance: -0.0153
                       reward/lin_vel_z: -0.0065
                      reward/ang_vel_xy: -0.2953
                     reward/base_height: -0.0086
                     reward/orientation: -0.0323
                            reward/pose: -0.0083
                     reward/action_rate: -0.0674
                      reward/action_acc: -0.1486
--------------------------------------------------------------------------------
                         Iteration time: 0.52s
                           Time elapsed: 00:01:55
                                    ETA: 00:00:03

################################################################################
[1m                           Learning iteration 242/250                           [0m 

                            Total steps: 2985984 
                       Steps per second: 20496 
                        Collection time: 0.524s 
                          Learning time: 0.075s 
                        Mean value loss: 0.0165
                    Mean surrogate loss: -0.0100
                      Mean entropy loss: 3.4193
                            Mean reward: 15.57
                    Mean episode length: 374.07
                        Mean action std: 0.34
                reward/tracking_lin_vel: 1.3247
                reward/tracking_ang_vel: 0.1219
                      reward/feet_phase: 0.6478
             reward/feet_phase_contrast: 0.9917
             reward/feet_contact_number: 0.4615
                   reward/feet_air_time: 0.0001
                     reward/under_speed: -0.1345
                       reward/feet_slip: -0.0059
                  reward/feet_clearance: -0.0155
                       reward/lin_vel_z: -0.0067
                      reward/ang_vel_xy: -0.2918
                     reward/base_height: -0.0189
                     reward/orientation: -0.0365
                            reward/pose: -0.0091
                     reward/action_rate: -0.0684
                      reward/action_acc: -0.1506
--------------------------------------------------------------------------------
                         Iteration time: 0.60s
                           Time elapsed: 00:01:56
                                    ETA: 00:00:03

################################################################################
[1m                           Learning iteration 243/250                           [0m 

                            Total steps: 2998272 
                       Steps per second: 20378 
                        Collection time: 0.507s 
                          Learning time: 0.096s 
                        Mean value loss: 0.0337
                    Mean surrogate loss: -0.0111
                      Mean entropy loss: 3.4006
                            Mean reward: 19.16
                    Mean episode length: 439.90
                        Mean action std: 0.34
                reward/tracking_lin_vel: 1.3192
                reward/tracking_ang_vel: 0.1205
                      reward/feet_phase: 0.6197
             reward/feet_phase_contrast: 0.9859
             reward/feet_contact_number: 0.4573
                   reward/feet_air_time: 0.0010
                     reward/under_speed: -0.1342
                       reward/feet_slip: -0.0061
                  reward/feet_clearance: -0.0165
                       reward/lin_vel_z: -0.0071
                      reward/ang_vel_xy: -0.2939
                     reward/base_height: -0.0079
                     reward/orientation: -0.0327
                            reward/pose: -0.0092
                     reward/action_rate: -0.0703
                      reward/action_acc: -0.1535
             Metrics/twist/error_vel_xy: 0.4891
            Metrics/twist/error_vel_yaw: 0.5169
        Episode_Reward/tracking_lin_vel: 1.2110
        Episode_Reward/tracking_ang_vel: 0.1249
              Episode_Reward/feet_phase: 0.4809
     Episode_Reward/feet_phase_contrast: 0.8328
     Episode_Reward/feet_contact_number: 0.4576
           Episode_Reward/feet_air_time: 0.0040
             Episode_Reward/under_speed: -0.1505
               Episode_Reward/feet_slip: -0.0036
          Episode_Reward/feet_clearance: -0.0109
               Episode_Reward/lin_vel_z: -0.0035
              Episode_Reward/ang_vel_xy: -0.2580
             Episode_Reward/base_height: -0.0085
             Episode_Reward/orientation: -0.0326
                    Episode_Reward/pose: -0.0094
             Episode_Reward/action_rate: -0.0574
              Episode_Reward/action_acc: -0.1356
           Episode_Termination/time_out: 1.2727
    Episode_Termination/bad_orientation: 0.0000
--------------------------------------------------------------------------------
                         Iteration time: 0.60s
                           Time elapsed: 00:01:56
                                    ETA: 00:00:02

################################################################################
[1m                           Learning iteration 244/250                           [0m 

                            Total steps: 3010560 
                       Steps per second: 23414 
                        Collection time: 0.446s 
                          Learning time: 0.079s 
                        Mean value loss: 0.0220
                    Mean surrogate loss: -0.0099
                      Mean entropy loss: 3.3950
                            Mean reward: 19.01
                    Mean episode length: 436.19
                        Mean action std: 0.34
                reward/tracking_lin_vel: 1.3358
                reward/tracking_ang_vel: 0.1197
                      reward/feet_phase: 0.4976
             reward/feet_phase_contrast: 0.9972
             reward/feet_contact_number: 0.4585
                   reward/feet_air_time: 0.0004
                     reward/under_speed: -0.1326
                       reward/feet_slip: -0.0064
                  reward/feet_clearance: -0.0168
                       reward/lin_vel_z: -0.0074
                      reward/ang_vel_xy: -0.2951
                     reward/base_height: -0.0162
                     reward/orientation: -0.0362
                            reward/pose: -0.0098
                     reward/action_rate: -0.0709
                      reward/action_acc: -0.1545
--------------------------------------------------------------------------------
                         Iteration time: 0.52s
                           Time elapsed: 00:01:57
                                    ETA: 00:00:02

################################################################################
[1m                           Learning iteration 245/250                           [0m 

                            Total steps: 3022848 
                       Steps per second: 25051 
                        Collection time: 0.418s 
                          Learning time: 0.073s 
                        Mean value loss: 0.0319
                    Mean surrogate loss: -0.0095
                      Mean entropy loss: 3.3863
                            Mean reward: 19.39
                    Mean episode length: 442.41
                        Mean action std: 0.34
                reward/tracking_lin_vel: 1.3481
                reward/tracking_ang_vel: 0.1200
                      reward/feet_phase: 0.5560
             reward/feet_phase_contrast: 1.0110
             reward/feet_contact_number: 0.4529
                   reward/feet_air_time: 0.0007
                     reward/under_speed: -0.1308
                       reward/feet_slip: -0.0065
                  reward/feet_clearance: -0.0174
                       reward/lin_vel_z: -0.0079
                      reward/ang_vel_xy: -0.3031
                     reward/base_height: -0.0088
                     reward/orientation: -0.0346
                            reward/pose: -0.0104
                     reward/action_rate: -0.0722
                      reward/action_acc: -0.1558
--------------------------------------------------------------------------------
                         Iteration time: 0.49s
                           Time elapsed: 00:01:57
                                    ETA: 00:00:01

################################################################################
[1m                           Learning iteration 246/250                           [0m 

                            Total steps: 3035136 
                       Steps per second: 26003 
                        Collection time: 0.406s 
                          Learning time: 0.066s 
                        Mean value loss: 0.0210
                    Mean surrogate loss: -0.0094
                      Mean entropy loss: 3.3842
                            Mean reward: 19.28
                    Mean episode length: 440.59
                        Mean action std: 0.34
                reward/tracking_lin_vel: 1.3612
                reward/tracking_ang_vel: 0.1190
                      reward/feet_phase: 0.7066
             reward/feet_phase_contrast: 1.0235
             reward/feet_contact_number: 0.4597
                   reward/feet_air_time: 0.0015
                     reward/under_speed: -0.1285
                       reward/feet_slip: -0.0066
                  reward/feet_clearance: -0.0175
                       reward/lin_vel_z: -0.0081
                      reward/ang_vel_xy: -0.3062
                     reward/base_height: -0.0218
                     reward/orientation: -0.0379
                            reward/pose: -0.0103
                     reward/action_rate: -0.0729
                      reward/action_acc: -0.1578
--------------------------------------------------------------------------------
                         Iteration time: 0.47s
                           Time elapsed: 00:01:58
                                    ETA: 00:00:01

################################################################################
[1m                           Learning iteration 247/250                           [0m 

                            Total steps: 3047424 
                       Steps per second: 24838 
                        Collection time: 0.426s 
                          Learning time: 0.069s 
                        Mean value loss: 0.0287
                    Mean surrogate loss: -0.0079
                      Mean entropy loss: 3.3748
                            Mean reward: 19.89
                    Mean episode length: 452.70
                        Mean action std: 0.34
                reward/tracking_lin_vel: 1.3690
                reward/tracking_ang_vel: 0.1200
                      reward/feet_phase: 0.5622
             reward/feet_phase_contrast: 1.0313
             reward/feet_contact_number: 0.4571
                   reward/feet_air_time: 0.0001
                     reward/under_speed: -0.1276
                       reward/feet_slip: -0.0068
                  reward/feet_clearance: -0.0180
                       reward/lin_vel_z: -0.0082
                      reward/ang_vel_xy: -0.3014
                     reward/base_height: -0.0109
                     reward/orientation: -0.0347
                            reward/pose: -0.0112
                     reward/action_rate: -0.0737
                      reward/action_acc: -0.1589
             Metrics/twist/error_vel_xy: 0.3255
            Metrics/twist/error_vel_yaw: 0.3542
        Episode_Reward/tracking_lin_vel: 0.8710
        Episode_Reward/tracking_ang_vel: 0.0854
              Episode_Reward/feet_phase: 0.3407
     Episode_Reward/feet_phase_contrast: 0.5887
     Episode_Reward/feet_contact_number: 0.3248
           Episode_Reward/feet_air_time: 0.0107
             Episode_Reward/under_speed: -0.1024
               Episode_Reward/feet_slip: -0.0033
          Episode_Reward/feet_clearance: -0.0096
               Episode_Reward/lin_vel_z: -0.0036
              Episode_Reward/ang_vel_xy: -0.1815
             Episode_Reward/base_height: -0.0366
             Episode_Reward/orientation: -0.0349
                    Episode_Reward/pose: -0.0056
             Episode_Reward/action_rate: -0.0402
              Episode_Reward/action_acc: -0.0950
           Episode_Termination/time_out: 0.6667
    Episode_Termination/bad_orientation: 0.3333
--------------------------------------------------------------------------------
                         Iteration time: 0.49s
                           Time elapsed: 00:01:58
                                    ETA: 00:00:00

################################################################################
[1m                           Learning iteration 248/250                           [0m 

                            Total steps: 3059712 
                       Steps per second: 25956 
                        Collection time: 0.404s 
                          Learning time: 0.069s 
                        Mean value loss: 0.0164
                    Mean surrogate loss: -0.0092
                      Mean entropy loss: 3.3602
                            Mean reward: 19.77
                    Mean episode length: 452.32
                        Mean action std: 0.34
                reward/tracking_lin_vel: 1.3858
                reward/tracking_ang_vel: 0.1192
                      reward/feet_phase: 0.5243
             reward/feet_phase_contrast: 1.0474
             reward/feet_contact_number: 0.4540
                   reward/feet_air_time: 0.0005
                     reward/under_speed: -0.1251
                       reward/feet_slip: -0.0067
                  reward/feet_clearance: -0.0182
                       reward/lin_vel_z: -0.0088
                      reward/ang_vel_xy: -0.3025
                     reward/base_height: -0.0163
                     reward/orientation: -0.0383
                            reward/pose: -0.0123
                     reward/action_rate: -0.0743
                      reward/action_acc: -0.1603
--------------------------------------------------------------------------------
                         Iteration time: 0.47s
                           Time elapsed: 00:01:59
                                    ETA: 00:00:00

################################################################################
[1m                           Learning iteration 249/250                           [0m 

                            Total steps: 3072000 
                       Steps per second: 25176 
                        Collection time: 0.419s 
                          Learning time: 0.069s 
                        Mean value loss: 3.1547
                    Mean surrogate loss: -0.0096
                      Mean entropy loss: 3.3555
                            Mean reward: 19.77
                    Mean episode length: 452.32
                        Mean action std: 0.34
                reward/tracking_lin_vel: 1.4030
                reward/tracking_ang_vel: 0.1173
                      reward/feet_phase: 0.6768
             reward/feet_phase_contrast: 1.0705
             reward/feet_contact_number: 0.4543
                   reward/feet_air_time: 0.0001
                     reward/under_speed: -0.1222
                       reward/feet_slip: -0.0072
                  reward/feet_clearance: -0.0193
                       reward/lin_vel_z: -0.0097
                      reward/ang_vel_xy: -0.3110
                     reward/base_height: -0.0098
                     reward/orientation: -0.0392
                            reward/pose: -0.0132
                     reward/action_rate: -0.0771
                      reward/action_acc: -0.1638
--------------------------------------------------------------------------------
                         Iteration time: 0.49s
                           Time elapsed: 00:01:59
                                    ETA: 00:00:00

