✅ CUDA 可见；训练期间将禁止系统休眠（systemd-inhibit）
[rank 0/1] Using device: cuda
[2026-09-19 23:13:16,476][unisim.backend.mujoco.chunk_tuner][INFO] - chunk_size: cache hit -> chosen=2 | default(=2)=27.19ms, 1=26.05ms, 2=26.52ms, 3=26.82ms, 4=26.75ms, 6=27.84ms, 7=28.76ms, 13=31.78ms, 23=29.17ms, 24=29.21ms
--------------------------------------------------------------------------------
Resolved observation sets: 
	 default :  ['policy']
	 actor :  ['actor']
	 critic :  ['critic']
--------------------------------------------------------------------------------
Actor Model: MLPModel(
  (obs_normalizer): EmpiricalNormalization()
  (distribution): GaussianDistribution()
  (mlp): MLP(
    (0): Linear(in_features=39, out_features=512, bias=True)
    (1): ELU(alpha=1.0)
    (2): Linear(in_features=512, out_features=256, bias=True)
    (3): ELU(alpha=1.0)
    (4): Linear(in_features=256, out_features=128, bias=True)
    (5): ELU(alpha=1.0)
    (6): Linear(in_features=128, out_features=10, bias=True)
  )
)
Critic Model: MLPModel(
  (obs_normalizer): EmpiricalNormalization()
  (mlp): MLP(
    (0): Linear(in_features=42, out_features=512, bias=True)
    (1): ELU(alpha=1.0)
    (2): Linear(in_features=512, out_features=256, bias=True)
    (3): ELU(alpha=1.0)
    (4): Linear(in_features=256, out_features=128, bias=True)
    (5): ELU(alpha=1.0)
    (6): Linear(in_features=128, out_features=1, bias=True)
  )
)
Storing git diff for 'UniLab' in: $UNILAB_ROOT/logs/rsl_rl_ppo/DM10JoystickFlat/2026-09-19_23-13-16_mujoco/git/UniLab.diff
################################################################################
[1m                            Learning iteration 0/350                            [0m 

                            Total steps: 12288 
                       Steps per second: 16823 
                        Collection time: 0.554s 
                          Learning time: 0.176s 
                        Mean value loss: 0.1285
                    Mean surrogate loss: -0.0049
                      Mean entropy loss: 7.2510
                            Mean reward: 0.36
                    Mean episode length: 11.50
                        Mean action std: 0.50
                reward/tracking_lin_vel: 0.6646
                reward/tracking_ang_vel: 0.1168
                      reward/feet_phase: 0.3047
             reward/feet_phase_contrast: 0.4886
             reward/feet_contact_number: 0.4425
                   reward/feet_air_time: 0.0007
                     reward/under_speed: -0.1588
                       reward/feet_slip: -0.0026
                  reward/feet_clearance: -0.0112
                       reward/lin_vel_z: -0.0076
                      reward/ang_vel_xy: -0.2422
                     reward/base_height: -0.2714
                     reward/orientation: -0.2206
                            reward/pose: -0.0097
                     reward/action_rate: -0.0492
                      reward/action_acc: -0.1438
             Metrics/twist/error_vel_xy: 0.0413
            Metrics/twist/error_vel_yaw: 0.0256
        Episode_Reward/tracking_lin_vel: 0.0102
        Episode_Reward/tracking_ang_vel: 0.0016
              Episode_Reward/feet_phase: 0.0040
     Episode_Reward/feet_phase_contrast: 0.0074
     Episode_Reward/feet_contact_number: 0.0058
           Episode_Reward/feet_air_time: 0.0000
             Episode_Reward/under_speed: -0.0019
               Episode_Reward/feet_slip: -0.0000
          Episode_Reward/feet_clearance: -0.0002
               Episode_Reward/lin_vel_z: -0.0001
              Episode_Reward/ang_vel_xy: -0.0023
             Episode_Reward/base_height: -0.0009
             Episode_Reward/orientation: -0.0008
                    Episode_Reward/pose: -0.0001
             Episode_Reward/action_rate: -0.0006
              Episode_Reward/action_acc: -0.0017
           Episode_Termination/time_out: 1.3333
    Episode_Termination/bad_orientation: 0.0000
--------------------------------------------------------------------------------
                         Iteration time: 0.73s
                           Time elapsed: 00:00:00
                                    ETA: 00:04:14

################################################################################
[1m                            Learning iteration 1/350                            [0m 

                            Total steps: 24576 
                       Steps per second: 28969 
                        Collection time: 0.360s 
                          Learning time: 0.064s 
                        Mean value loss: 0.9884
                    Mean surrogate loss: -0.0093
                      Mean entropy loss: 7.2464
                            Mean reward: -2.81
                    Mean episode length: 44.66
                        Mean action std: 0.50
                reward/tracking_lin_vel: 0.5123
                reward/tracking_ang_vel: 0.1018
                      reward/feet_phase: 0.2477
             reward/feet_phase_contrast: 0.4295
             reward/feet_contact_number: 0.4576
                   reward/feet_air_time: 0.0383
                     reward/under_speed: -0.1572
                       reward/feet_slip: -0.0031
                  reward/feet_clearance: -0.0104
                       reward/lin_vel_z: -0.0319
                      reward/ang_vel_xy: -0.5671
                     reward/base_height: -2.9231
                     reward/orientation: -0.9756
                            reward/pose: -0.0190
                     reward/action_rate: -0.0495
                      reward/action_acc: -0.1461
--------------------------------------------------------------------------------
                         Iteration time: 0.42s
                           Time elapsed: 00:00:01
                                    ETA: 00:03:20

################################################################################
[1m                            Learning iteration 2/350                            [0m 

                            Total steps: 36864 
                       Steps per second: 27326 
                        Collection time: 0.389s 
                          Learning time: 0.061s 
                        Mean value loss: 0.4962
                    Mean surrogate loss: -0.0094
                      Mean entropy loss: 7.2416
                            Mean reward: -1.81
                    Mean episode length: 54.97
                        Mean action std: 0.50
                reward/tracking_lin_vel: 0.5867
                reward/tracking_ang_vel: 0.1072
                      reward/feet_phase: 0.2618
             reward/feet_phase_contrast: 0.4627
             reward/feet_contact_number: 0.4476
                   reward/feet_air_time: 0.0162
                     reward/under_speed: -0.1553
                       reward/feet_slip: -0.0029
                  reward/feet_clearance: -0.0095
                       reward/lin_vel_z: -0.0221
                      reward/ang_vel_xy: -0.4281
                     reward/base_height: -1.8692
                     reward/orientation: -0.6986
                            reward/pose: -0.0163
                     reward/action_rate: -0.0489
                      reward/action_acc: -0.1444
             Metrics/twist/error_vel_xy: 0.3261
            Metrics/twist/error_vel_yaw: 0.1896
        Episode_Reward/tracking_lin_vel: 0.0341
        Episode_Reward/tracking_ang_vel: 0.0057
              Episode_Reward/feet_phase: 0.0174
     Episode_Reward/feet_phase_contrast: 0.0296
     Episode_Reward/feet_contact_number: 0.0242
           Episode_Reward/feet_air_time: 0.0011
             Episode_Reward/under_speed: -0.0080
               Episode_Reward/feet_slip: -0.0002
          Episode_Reward/feet_clearance: -0.0005
               Episode_Reward/lin_vel_z: -0.0014
              Episode_Reward/ang_vel_xy: -0.0250
             Episode_Reward/base_height: -0.1197
             Episode_Reward/orientation: -0.0431
                    Episode_Reward/pose: -0.0010
             Episode_Reward/action_rate: -0.0027
              Episode_Reward/action_acc: -0.0079
           Episode_Termination/time_out: 0.3333
    Episode_Termination/bad_orientation: 7.5000
--------------------------------------------------------------------------------
                         Iteration time: 0.45s
                           Time elapsed: 00:00:01
                                    ETA: 00:03:05

################################################################################
[1m                            Learning iteration 3/350                            [0m 

                            Total steps: 49152 
                       Steps per second: 28529 
                        Collection time: 0.363s 
                          Learning time: 0.068s 
                        Mean value loss: 0.5902
                    Mean surrogate loss: -0.0095
                      Mean entropy loss: 7.2358
                            Mean reward: -2.26
                    Mean episode length: 53.69
                        Mean action std: 0.50
                reward/tracking_lin_vel: 0.5791
                reward/tracking_ang_vel: 0.1061
                      reward/feet_phase: 0.3287
             reward/feet_phase_contrast: 0.4861
             reward/feet_contact_number: 0.4480
                   reward/feet_air_time: 0.0282
                     reward/under_speed: -0.1534
                       reward/feet_slip: -0.0034
                  reward/feet_clearance: -0.0102
                       reward/lin_vel_z: -0.0271
                      reward/ang_vel_xy: -0.4834
                     reward/base_height: -2.4358
                     reward/orientation: -0.8301
                            reward/pose: -0.0166
                     reward/action_rate: -0.0494
                      reward/action_acc: -0.1463
             Metrics/twist/error_vel_xy: 0.3497
            Metrics/twist/error_vel_yaw: 0.1925
        Episode_Reward/tracking_lin_vel: 0.0269
        Episode_Reward/tracking_ang_vel: 0.0053
              Episode_Reward/feet_phase: 0.0139
     Episode_Reward/feet_phase_contrast: 0.0234
     Episode_Reward/feet_contact_number: 0.0226
           Episode_Reward/feet_air_time: 0.0015
             Episode_Reward/under_speed: -0.0077
               Episode_Reward/feet_slip: -0.0002
          Episode_Reward/feet_clearance: -0.0005
               Episode_Reward/lin_vel_z: -0.0014
              Episode_Reward/ang_vel_xy: -0.0266
             Episode_Reward/base_height: -0.1249
             Episode_Reward/orientation: -0.0433
                    Episode_Reward/pose: -0.0009
             Episode_Reward/action_rate: -0.0025
              Episode_Reward/action_acc: -0.0073
           Episode_Termination/time_out: 0.0833
    Episode_Termination/bad_orientation: 10.0833
--------------------------------------------------------------------------------
                         Iteration time: 0.43s
                           Time elapsed: 00:00:02
                                    ETA: 00:02:56

################################################################################
[1m                            Learning iteration 4/350                            [0m 

                            Total steps: 61440 
                       Steps per second: 28970 
                        Collection time: 0.361s 
                          Learning time: 0.063s 
                        Mean value loss: 0.5580
                    Mean surrogate loss: -0.0113
                      Mean entropy loss: 7.2217
                            Mean reward: -2.35
                    Mean episode length: 56.44
                        Mean action std: 0.50
                reward/tracking_lin_vel: 0.6327
                reward/tracking_ang_vel: 0.1047
                      reward/feet_phase: 0.2920
             reward/feet_phase_contrast: 0.5072
             reward/feet_contact_number: 0.4463
                   reward/feet_air_time: 0.0258
                     reward/under_speed: -0.1520
                       reward/feet_slip: -0.0031
                  reward/feet_clearance: -0.0098
                       reward/lin_vel_z: -0.0230
                      reward/ang_vel_xy: -0.4402
                     reward/base_height: -2.1131
                     reward/orientation: -0.7691
                            reward/pose: -0.0171
                     reward/action_rate: -0.0496
                      reward/action_acc: -0.1466
             Metrics/twist/error_vel_xy: 0.3730
            Metrics/twist/error_vel_yaw: 0.2223
        Episode_Reward/tracking_lin_vel: 0.0308
        Episode_Reward/tracking_ang_vel: 0.0058
              Episode_Reward/feet_phase: 0.0162
     Episode_Reward/feet_phase_contrast: 0.0262
     Episode_Reward/feet_contact_number: 0.0251
           Episode_Reward/feet_air_time: 0.0015
             Episode_Reward/under_speed: -0.0085
               Episode_Reward/feet_slip: -0.0002
          Episode_Reward/feet_clearance: -0.0006
               Episode_Reward/lin_vel_z: -0.0014
              Episode_Reward/ang_vel_xy: -0.0265
             Episode_Reward/base_height: -0.1298
             Episode_Reward/orientation: -0.0453
                    Episode_Reward/pose: -0.0010
             Episode_Reward/action_rate: -0.0027
              Episode_Reward/action_acc: -0.0081
           Episode_Termination/time_out: 0.0000
    Episode_Termination/bad_orientation: 7.8750
--------------------------------------------------------------------------------
                         Iteration time: 0.42s
                           Time elapsed: 00:00:02
                                    ETA: 00:02:49

################################################################################
[1m                            Learning iteration 5/350                            [0m 

                            Total steps: 73728 
                       Steps per second: 28807 
                        Collection time: 0.360s 
                          Learning time: 0.066s 
                        Mean value loss: 0.5244
                    Mean surrogate loss: -0.0103
                      Mean entropy loss: 7.2187
                            Mean reward: -2.01
                    Mean episode length: 54.48
                        Mean action std: 0.50
                reward/tracking_lin_vel: 0.6292
                reward/tracking_ang_vel: 0.1061
                      reward/feet_phase: 0.2980
             reward/feet_phase_contrast: 0.5322
             reward/feet_contact_number: 0.4533
                   reward/feet_air_time: 0.0229
                     reward/under_speed: -0.1471
                       reward/feet_slip: -0.0032
                  reward/feet_clearance: -0.0102
                       reward/lin_vel_z: -0.0238
                      reward/ang_vel_xy: -0.4643
                     reward/base_height: -2.1963
                     reward/orientation: -0.7733
                            reward/pose: -0.0171
                     reward/action_rate: -0.0499
                      reward/action_acc: -0.1480
             Metrics/twist/error_vel_xy: 0.3604
            Metrics/twist/error_vel_yaw: 0.2112
        Episode_Reward/tracking_lin_vel: 0.0326
        Episode_Reward/tracking_ang_vel: 0.0058
              Episode_Reward/feet_phase: 0.0180
     Episode_Reward/feet_phase_contrast: 0.0290
     Episode_Reward/feet_contact_number: 0.0250
           Episode_Reward/feet_air_time: 0.0015
             Episode_Reward/under_speed: -0.0081
               Episode_Reward/feet_slip: -0.0002
          Episode_Reward/feet_clearance: -0.0006
               Episode_Reward/lin_vel_z: -0.0014
              Episode_Reward/ang_vel_xy: -0.0268
             Episode_Reward/base_height: -0.1270
             Episode_Reward/orientation: -0.0448
                    Episode_Reward/pose: -0.0010
             Episode_Reward/action_rate: -0.0027
              Episode_Reward/action_acc: -0.0080
           Episode_Termination/time_out: 0.0417
    Episode_Termination/bad_orientation: 9.1250
--------------------------------------------------------------------------------
                         Iteration time: 0.43s
                           Time elapsed: 00:00:02
                                    ETA: 00:02:45

################################################################################
[1m                            Learning iteration 6/350                            [0m 

                            Total steps: 86016 
                       Steps per second: 29704 
                        Collection time: 0.351s 
                          Learning time: 0.062s 
                        Mean value loss: 0.4893
                    Mean surrogate loss: -0.0087
                      Mean entropy loss: 7.2117
                            Mean reward: -2.30
                    Mean episode length: 56.15
                        Mean action std: 0.50
                reward/tracking_lin_vel: 0.6762
                reward/tracking_ang_vel: 0.1048
                      reward/feet_phase: 0.3408
             reward/feet_phase_contrast: 0.5636
             reward/feet_contact_number: 0.4467
                   reward/feet_air_time: 0.0296
                     reward/under_speed: -0.1465
                       reward/feet_slip: -0.0031
                  reward/feet_clearance: -0.0099
                       reward/lin_vel_z: -0.0229
                      reward/ang_vel_xy: -0.4769
                     reward/base_height: -2.2380
                     reward/orientation: -0.7563
                            reward/pose: -0.0174
                     reward/action_rate: -0.0500
                      reward/action_acc: -0.1482
             Metrics/twist/error_vel_xy: 0.3637
            Metrics/twist/error_vel_yaw: 0.2230
        Episode_Reward/tracking_lin_vel: 0.0354
        Episode_Reward/tracking_ang_vel: 0.0060
              Episode_Reward/feet_phase: 0.0178
     Episode_Reward/feet_phase_contrast: 0.0299
     Episode_Reward/feet_contact_number: 0.0256
           Episode_Reward/feet_air_time: 0.0016
             Episode_Reward/under_speed: -0.0085
               Episode_Reward/feet_slip: -0.0002
          Episode_Reward/feet_clearance: -0.0006
               Episode_Reward/lin_vel_z: -0.0013
              Episode_Reward/ang_vel_xy: -0.0271
             Episode_Reward/base_height: -0.1270
             Episode_Reward/orientation: -0.0443
                    Episode_Reward/pose: -0.0010
             Episode_Reward/action_rate: -0.0028
              Episode_Reward/action_acc: -0.0085
           Episode_Termination/time_out: 0.0000
    Episode_Termination/bad_orientation: 9.3333
--------------------------------------------------------------------------------
                         Iteration time: 0.41s
                           Time elapsed: 00:00:03
                                    ETA: 00:02:41

################################################################################
[1m                            Learning iteration 7/350                            [0m 

                            Total steps: 98304 
                       Steps per second: 27053 
                        Collection time: 0.390s 
                          Learning time: 0.064s 
                        Mean value loss: 0.5166
                    Mean surrogate loss: -0.0067
                      Mean entropy loss: 7.2082
                            Mean reward: -1.81
                    Mean episode length: 59.23
                        Mean action std: 0.50
                reward/tracking_lin_vel: 0.6845
                reward/tracking_ang_vel: 0.1056
                      reward/feet_phase: 0.3781
             reward/feet_phase_contrast: 0.5684
             reward/feet_contact_number: 0.4553
                   reward/feet_air_time: 0.0272
                     reward/under_speed: -0.1449
                       reward/feet_slip: -0.0030
                  reward/feet_clearance: -0.0095
                       reward/lin_vel_z: -0.0219
                      reward/ang_vel_xy: -0.4435
                     reward/base_height: -2.0228
                     reward/orientation: -0.7464
                            reward/pose: -0.0181
                     reward/action_rate: -0.0497
                      reward/action_acc: -0.1473
             Metrics/twist/error_vel_xy: 0.3534
            Metrics/twist/error_vel_yaw: 0.2333
        Episode_Reward/tracking_lin_vel: 0.0437
        Episode_Reward/tracking_ang_vel: 0.0063
              Episode_Reward/feet_phase: 0.0225
     Episode_Reward/feet_phase_contrast: 0.0376
     Episode_Reward/feet_contact_number: 0.0272
           Episode_Reward/feet_air_time: 0.0016
             Episode_Reward/under_speed: -0.0083
               Episode_Reward/feet_slip: -0.0002
          Episode_Reward/feet_clearance: -0.0006
               Episode_Reward/lin_vel_z: -0.0014
              Episode_Reward/ang_vel_xy: -0.0274
             Episode_Reward/base_height: -0.1242
             Episode_Reward/orientation: -0.0446
                    Episode_Reward/pose: -0.0011
             Episode_Reward/action_rate: -0.0030
              Episode_Reward/action_acc: -0.0089
           Episode_Termination/time_out: 0.0000
    Episode_Termination/bad_orientation: 7.5833
--------------------------------------------------------------------------------
                         Iteration time: 0.45s
                           Time elapsed: 00:00:03
                                    ETA: 00:02:40

################################################################################
[1m                            Learning iteration 8/350                            [0m 

                            Total steps: 110592 
                       Steps per second: 27502 
                        Collection time: 0.384s 
                          Learning time: 0.063s 
                        Mean value loss: 0.4721
                    Mean surrogate loss: -0.0078
                      Mean entropy loss: 7.2045
                            Mean reward: -1.69
                    Mean episode length: 63.13
                        Mean action std: 0.50
                reward/tracking_lin_vel: 0.6879
                reward/tracking_ang_vel: 0.1067
                      reward/feet_phase: 0.3276
             reward/feet_phase_contrast: 0.5890
             reward/feet_contact_number: 0.4444
                   reward/feet_air_time: 0.0266
                     reward/under_speed: -0.1421
                       reward/feet_slip: -0.0032
                  reward/feet_clearance: -0.0096
                       reward/lin_vel_z: -0.0248
                      reward/ang_vel_xy: -0.4731
                     reward/base_height: -2.2531
                     reward/orientation: -0.7833
                            reward/pose: -0.0182
                     reward/action_rate: -0.0496
                      reward/action_acc: -0.1466
             Metrics/twist/error_vel_xy: 0.3694
            Metrics/twist/error_vel_yaw: 0.2275
        Episode_Reward/tracking_lin_vel: 0.0404
        Episode_Reward/tracking_ang_vel: 0.0065
              Episode_Reward/feet_phase: 0.0202
     Episode_Reward/feet_phase_contrast: 0.0329
     Episode_Reward/feet_contact_number: 0.0274
           Episode_Reward/feet_air_time: 0.0016
             Episode_Reward/under_speed: -0.0090
               Episode_Reward/feet_slip: -0.0002
          Episode_Reward/feet_clearance: -0.0006
               Episode_Reward/lin_vel_z: -0.0013
              Episode_Reward/ang_vel_xy: -0.0271
             Episode_Reward/base_height: -0.1264
             Episode_Reward/orientation: -0.0448
                    Episode_Reward/pose: -0.0011
             Episode_Reward/action_rate: -0.0030
              Episode_Reward/action_acc: -0.0090
           Episode_Termination/time_out: 0.0000
    Episode_Termination/bad_orientation: 9.8333
--------------------------------------------------------------------------------
                         Iteration time: 0.45s
                           Time elapsed: 00:00:04
                                    ETA: 00:02:39

################################################################################
[1m                            Learning iteration 9/350                            [0m 

                            Total steps: 122880 
                       Steps per second: 28803 
                        Collection time: 0.362s 
                          Learning time: 0.065s 
                        Mean value loss: 0.4279
                    Mean surrogate loss: -0.0080
                      Mean entropy loss: 7.1971
                            Mean reward: -2.00
                    Mean episode length: 58.69
                        Mean action std: 0.50
                reward/tracking_lin_vel: 0.7598
                reward/tracking_ang_vel: 0.1080
                      reward/feet_phase: 0.3523
             reward/feet_phase_contrast: 0.6446
             reward/feet_contact_number: 0.4423
                   reward/feet_air_time: 0.0181
                     reward/under_speed: -0.1365
                       reward/feet_slip: -0.0028
                  reward/feet_clearance: -0.0091
                       reward/lin_vel_z: -0.0208
                      reward/ang_vel_xy: -0.4117
                     reward/base_height: -1.7877
                     reward/orientation: -0.6963
                            reward/pose: -0.0182
                     reward/action_rate: -0.0497
                      reward/action_acc: -0.1471
             Metrics/twist/error_vel_xy: 0.3605
            Metrics/twist/error_vel_yaw: 0.2248
        Episode_Reward/tracking_lin_vel: 0.0434
        Episode_Reward/tracking_ang_vel: 0.0066
              Episode_Reward/feet_phase: 0.0205
     Episode_Reward/feet_phase_contrast: 0.0348
     Episode_Reward/feet_contact_number: 0.0274
           Episode_Reward/feet_air_time: 0.0010
             Episode_Reward/under_speed: -0.0087
               Episode_Reward/feet_slip: -0.0002
          Episode_Reward/feet_clearance: -0.0006
               Episode_Reward/lin_vel_z: -0.0014
              Episode_Reward/ang_vel_xy: -0.0263
             Episode_Reward/base_height: -0.1222
             Episode_Reward/orientation: -0.0462
                    Episode_Reward/pose: -0.0011
             Episode_Reward/action_rate: -0.0030
              Episode_Reward/action_acc: -0.0090
           Episode_Termination/time_out: 0.0000
    Episode_Termination/bad_orientation: 7.2500
--------------------------------------------------------------------------------
                         Iteration time: 0.43s
                           Time elapsed: 00:00:04
                                    ETA: 00:02:37

################################################################################
[1m                           Learning iteration 10/350                            [0m 

                            Total steps: 135168 
                       Steps per second: 26192 
                        Collection time: 0.383s 
                          Learning time: 0.086s 
                        Mean value loss: 0.3789
                    Mean surrogate loss: -0.0087
                      Mean entropy loss: 7.1877
                            Mean reward: -1.26
                    Mean episode length: 60.29
                        Mean action std: 0.50
                reward/tracking_lin_vel: 0.7833
                reward/tracking_ang_vel: 0.1048
                      reward/feet_phase: 0.4844
             reward/feet_phase_contrast: 0.7249
             reward/feet_contact_number: 0.4562
                   reward/feet_air_time: 0.0249
                     reward/under_speed: -0.1253
                       reward/feet_slip: -0.0034
                  reward/feet_clearance: -0.0100
                       reward/lin_vel_z: -0.0249
                      reward/ang_vel_xy: -0.4675
                     reward/base_height: -2.1233
                     reward/orientation: -0.7791
                            reward/pose: -0.0199
                     reward/action_rate: -0.0501
                      reward/action_acc: -0.1482
             Metrics/twist/error_vel_xy: 0.3441
            Metrics/twist/error_vel_yaw: 0.2286
        Episode_Reward/tracking_lin_vel: 0.0465
        Episode_Reward/tracking_ang_vel: 0.0065
              Episode_Reward/feet_phase: 0.0245
     Episode_Reward/feet_phase_contrast: 0.0418
     Episode_Reward/feet_contact_number: 0.0273
           Episode_Reward/feet_air_time: 0.0014
             Episode_Reward/under_speed: -0.0079
               Episode_Reward/feet_slip: -0.0002
          Episode_Reward/feet_clearance: -0.0006
               Episode_Reward/lin_vel_z: -0.0014
              Episode_Reward/ang_vel_xy: -0.0271
             Episode_Reward/base_height: -0.1194
             Episode_Reward/orientation: -0.0451
                    Episode_Reward/pose: -0.0012
             Episode_Reward/action_rate: -0.0030
              Episode_Reward/action_acc: -0.0090
           Episode_Termination/time_out: 0.0000
    Episode_Termination/bad_orientation: 9.2500
--------------------------------------------------------------------------------
                         Iteration time: 0.47s
                           Time elapsed: 00:00:05
                                    ETA: 00:02:37

################################################################################
[1m                           Learning iteration 11/350                            [0m 

                            Total steps: 147456 
                       Steps per second: 28714 
                        Collection time: 0.365s 
                          Learning time: 0.062s 
                        Mean value loss: 0.3492
                    Mean surrogate loss: -0.0095
                      Mean entropy loss: 7.1725
                            Mean reward: -1.05
                    Mean episode length: 60.98
                        Mean action std: 0.50
                reward/tracking_lin_vel: 0.7851
                reward/tracking_ang_vel: 0.1043
                      reward/feet_phase: 0.4312
             reward/feet_phase_contrast: 0.7160
             reward/feet_contact_number: 0.4474
                   reward/feet_air_time: 0.0221
                     reward/under_speed: -0.1280
                       reward/feet_slip: -0.0034
                  reward/feet_clearance: -0.0093
                       reward/lin_vel_z: -0.0244
                      reward/ang_vel_xy: -0.4356
                     reward/base_height: -1.8710
                     reward/orientation: -0.7131
                            reward/pose: -0.0194
                     reward/action_rate: -0.0501
                      reward/action_acc: -0.1485
             Metrics/twist/error_vel_xy: 0.3368
            Metrics/twist/error_vel_yaw: 0.2350
        Episode_Reward/tracking_lin_vel: 0.0497
        Episode_Reward/tracking_ang_vel: 0.0065
              Episode_Reward/feet_phase: 0.0270
     Episode_Reward/feet_phase_contrast: 0.0444
     Episode_Reward/feet_contact_number: 0.0274
           Episode_Reward/feet_air_time: 0.0014
             Episode_Reward/under_speed: -0.0077
               Episode_Reward/feet_slip: -0.0002
          Episode_Reward/feet_clearance: -0.0006
               Episode_Reward/lin_vel_z: -0.0015
              Episode_Reward/ang_vel_xy: -0.0268
             Episode_Reward/base_height: -0.1186
             Episode_Reward/orientation: -0.0453
                    Episode_Reward/pose: -0.0012
             Episode_Reward/action_rate: -0.0031
              Episode_Reward/action_acc: -0.0091
           Episode_Termination/time_out: 0.0000
    Episode_Termination/bad_orientation: 8.1667
--------------------------------------------------------------------------------
                         Iteration time: 0.43s
                           Time elapsed: 00:00:05
                                    ETA: 00:02:35

################################################################################
[1m                           Learning iteration 12/350                            [0m 

                            Total steps: 159744 
                       Steps per second: 28602 
                        Collection time: 0.367s 
                          Learning time: 0.062s 
                        Mean value loss: 0.3322
                    Mean surrogate loss: -0.0068
                      Mean entropy loss: 7.1559
                            Mean reward: -1.35
                    Mean episode length: 56.26
                        Mean action std: 0.49
                reward/tracking_lin_vel: 0.8293
                reward/tracking_ang_vel: 0.1037
                      reward/feet_phase: 0.4082
             reward/feet_phase_contrast: 0.7450
             reward/feet_contact_number: 0.4550
                   reward/feet_air_time: 0.0172
                     reward/under_speed: -0.1255
                       reward/feet_slip: -0.0034
                  reward/feet_clearance: -0.0094
                       reward/lin_vel_z: -0.0234
                      reward/ang_vel_xy: -0.4097
                     reward/base_height: -1.7352
                     reward/orientation: -0.6931
                            reward/pose: -0.0186
                     reward/action_rate: -0.0498
                      reward/action_acc: -0.1479
             Metrics/twist/error_vel_xy: 0.3259
            Metrics/twist/error_vel_yaw: 0.2288
        Episode_Reward/tracking_lin_vel: 0.0435
        Episode_Reward/tracking_ang_vel: 0.0057
              Episode_Reward/feet_phase: 0.0258
     Episode_Reward/feet_phase_contrast: 0.0423
     Episode_Reward/feet_contact_number: 0.0250
           Episode_Reward/feet_air_time: 0.0012
             Episode_Reward/under_speed: -0.0068
               Episode_Reward/feet_slip: -0.0002
          Episode_Reward/feet_clearance: -0.0006
               Episode_Reward/lin_vel_z: -0.0015
              Episode_Reward/ang_vel_xy: -0.0268
             Episode_Reward/base_height: -0.1163
             Episode_Reward/orientation: -0.0445
                    Episode_Reward/pose: -0.0012
             Episode_Reward/action_rate: -0.0028
              Episode_Reward/action_acc: -0.0083
           Episode_Termination/time_out: 0.0000
    Episode_Termination/bad_orientation: 7.3333
--------------------------------------------------------------------------------
                         Iteration time: 0.43s
                           Time elapsed: 00:00:05
                                    ETA: 00:02:34

################################################################################
[1m                           Learning iteration 13/350                            [0m 

                            Total steps: 172032 
                       Steps per second: 29853 
                        Collection time: 0.349s 
                          Learning time: 0.063s 
                        Mean value loss: 0.3140
                    Mean surrogate loss: -0.0081
                      Mean entropy loss: 7.1449
                            Mean reward: -1.13
                    Mean episode length: 60.37
                        Mean action std: 0.49
                reward/tracking_lin_vel: 0.8299
                reward/tracking_ang_vel: 0.1029
                      reward/feet_phase: 0.4752
             reward/feet_phase_contrast: 0.8102
             reward/feet_contact_number: 0.4519
                   reward/feet_air_time: 0.0314
                     reward/under_speed: -0.1190
                       reward/feet_slip: -0.0034
                  reward/feet_clearance: -0.0096
                       reward/lin_vel_z: -0.0255
                      reward/ang_vel_xy: -0.4688
                     reward/base_height: -1.9825
                     reward/orientation: -0.7503
                            reward/pose: -0.0191
                     reward/action_rate: -0.0497
                      reward/action_acc: -0.1475
             Metrics/twist/error_vel_xy: 0.3422
            Metrics/twist/error_vel_yaw: 0.2401
        Episode_Reward/tracking_lin_vel: 0.0485
        Episode_Reward/tracking_ang_vel: 0.0065
              Episode_Reward/feet_phase: 0.0269
     Episode_Reward/feet_phase_contrast: 0.0448
     Episode_Reward/feet_contact_number: 0.0281
           Episode_Reward/feet_air_time: 0.0018
             Episode_Reward/under_speed: -0.0079
               Episode_Reward/feet_slip: -0.0002
          Episode_Reward/feet_clearance: -0.0006
               Episode_Reward/lin_vel_z: -0.0015
              Episode_Reward/ang_vel_xy: -0.0279
             Episode_Reward/base_height: -0.1168
             Episode_Reward/orientation: -0.0443
                    Episode_Reward/pose: -0.0011
             Episode_Reward/action_rate: -0.0031
              Episode_Reward/action_acc: -0.0091
           Episode_Termination/time_out: 0.0000
    Episode_Termination/bad_orientation: 8.8750
--------------------------------------------------------------------------------
                         Iteration time: 0.41s
                           Time elapsed: 00:00:06
                                    ETA: 00:02:32

################################################################################
[1m                           Learning iteration 14/350                            [0m 

                            Total steps: 184320 
                       Steps per second: 27840 
                        Collection time: 0.378s 
                          Learning time: 0.064s 
                        Mean value loss: 0.2946
                    Mean surrogate loss: -0.0080
                      Mean entropy loss: 7.1297
                            Mean reward: -0.68
                    Mean episode length: 63.31
                        Mean action std: 0.49
                reward/tracking_lin_vel: 0.9056
                reward/tracking_ang_vel: 0.1056
                      reward/feet_phase: 0.5728
             reward/feet_phase_contrast: 0.8459
             reward/feet_contact_number: 0.4414
                   reward/feet_air_time: 0.0286
                     reward/under_speed: -0.1158
                       reward/feet_slip: -0.0035
                  reward/feet_clearance: -0.0097
                       reward/lin_vel_z: -0.0233
                      reward/ang_vel_xy: -0.4162
                     reward/base_height: -1.7027
                     reward/orientation: -0.6715
                            reward/pose: -0.0191
                     reward/action_rate: -0.0493
                      reward/action_acc: -0.1458
             Metrics/twist/error_vel_xy: 0.3313
            Metrics/twist/error_vel_yaw: 0.2499
        Episode_Reward/tracking_lin_vel: 0.0516
        Episode_Reward/tracking_ang_vel: 0.0064
              Episode_Reward/feet_phase: 0.0283
     Episode_Reward/feet_phase_contrast: 0.0481
     Episode_Reward/feet_contact_number: 0.0278
           Episode_Reward/feet_air_time: 0.0017
             Episode_Reward/under_speed: -0.0074
               Episode_Reward/feet_slip: -0.0002
          Episode_Reward/feet_clearance: -0.0006
               Episode_Reward/lin_vel_z: -0.0015
              Episode_Reward/ang_vel_xy: -0.0274
             Episode_Reward/base_height: -0.1138
             Episode_Reward/orientation: -0.0450
                    Episode_Reward/pose: -0.0011
             Episode_Reward/action_rate: -0.0031
              Episode_Reward/action_acc: -0.0091
           Episode_Termination/time_out: 0.0000
    Episode_Termination/bad_orientation: 8.0417
--------------------------------------------------------------------------------
                         Iteration time: 0.44s
                           Time elapsed: 00:00:06
                                    ETA: 00:02:32

################################################################################
[1m                           Learning iteration 15/350                            [0m 

                            Total steps: 196608 
                       Steps per second: 28667 
                        Collection time: 0.365s 
                          Learning time: 0.064s 
                        Mean value loss: 0.2626
                    Mean surrogate loss: -0.0094
                      Mean entropy loss: 7.1124
                            Mean reward: -0.63
                    Mean episode length: 57.77
                        Mean action std: 0.49
                reward/tracking_lin_vel: 0.9372
                reward/tracking_ang_vel: 0.1049
                      reward/feet_phase: 0.4944
             reward/feet_phase_contrast: 0.8810
             reward/feet_contact_number: 0.4558
                   reward/feet_air_time: 0.0260
                     reward/under_speed: -0.1133
                       reward/feet_slip: -0.0035
                  reward/feet_clearance: -0.0096
                       reward/lin_vel_z: -0.0234
                      reward/ang_vel_xy: -0.4083
                     reward/base_height: -1.6794
                     reward/orientation: -0.6862
                            reward/pose: -0.0202
                     reward/action_rate: -0.0492
                      reward/action_acc: -0.1452
             Metrics/twist/error_vel_xy: 0.3082
            Metrics/twist/error_vel_yaw: 0.2412
        Episode_Reward/tracking_lin_vel: 0.0559
        Episode_Reward/tracking_ang_vel: 0.0064
              Episode_Reward/feet_phase: 0.0330
     Episode_Reward/feet_phase_contrast: 0.0538
     Episode_Reward/feet_contact_number: 0.0280
           Episode_Reward/feet_air_time: 0.0019
             Episode_Reward/under_speed: -0.0067
               Episode_Reward/feet_slip: -0.0002
          Episode_Reward/feet_clearance: -0.0006
               Episode_Reward/lin_vel_z: -0.0016
              Episode_Reward/ang_vel_xy: -0.0274
             Episode_Reward/base_height: -0.1115
             Episode_Reward/orientation: -0.0445
                    Episode_Reward/pose: -0.0012
             Episode_Reward/action_rate: -0.0030
              Episode_Reward/action_acc: -0.0090
           Episode_Termination/time_out: 0.0000
    Episode_Termination/bad_orientation: 7.5417
--------------------------------------------------------------------------------
                         Iteration time: 0.43s
                           Time elapsed: 00:00:07
                                    ETA: 00:02:31

################################################################################
[1m                           Learning iteration 16/350                            [0m 

                            Total steps: 208896 
                       Steps per second: 28283 
                        Collection time: 0.371s 
                          Learning time: 0.063s 
                        Mean value loss: 0.7145
                    Mean surrogate loss: -0.0083
                      Mean entropy loss: 7.0989
                            Mean reward: -0.40
                    Mean episode length: 62.34
                        Mean action std: 0.49
                reward/tracking_lin_vel: 0.7354
                reward/tracking_ang_vel: 0.1018
                      reward/feet_phase: 0.4836
             reward/feet_phase_contrast: 0.8625
             reward/feet_contact_number: 0.4456
                   reward/feet_air_time: 0.0329
                     reward/under_speed: -0.1100
                       reward/feet_slip: -0.0058
                  reward/feet_clearance: -0.0143
                       reward/lin_vel_z: -0.0337
                      reward/ang_vel_xy: -0.5263
                     reward/base_height: -1.7296
                     reward/orientation: -0.6709
                            reward/pose: -0.0202
                     reward/action_rate: -0.0494
                      reward/action_acc: -0.1459
             Metrics/twist/error_vel_xy: 0.3196
            Metrics/twist/error_vel_yaw: 0.2408
        Episode_Reward/tracking_lin_vel: 0.0579
        Episode_Reward/tracking_ang_vel: 0.0067
              Episode_Reward/feet_phase: 0.0340
     Episode_Reward/feet_phase_contrast: 0.0560
     Episode_Reward/feet_contact_number: 0.0281
           Episode_Reward/feet_air_time: 0.0015
             Episode_Reward/under_speed: -0.0070
               Episode_Reward/feet_slip: -0.0002
          Episode_Reward/feet_clearance: -0.0006
               Episode_Reward/lin_vel_z: -0.0017
              Episode_Reward/ang_vel_xy: -0.0275
             Episode_Reward/base_height: -0.1132
             Episode_Reward/orientation: -0.0453
                    Episode_Reward/pose: -0.0013
             Episode_Reward/action_rate: -0.0031
              Episode_Reward/action_acc: -0.0092
           Episode_Termination/time_out: 0.0000
    Episode_Termination/bad_orientation: 8.0417
--------------------------------------------------------------------------------
                         Iteration time: 0.43s
                           Time elapsed: 00:00:07
                                    ETA: 00:02:30

################################################################################
[1m                           Learning iteration 17/350                            [0m 

                            Total steps: 221184 
                       Steps per second: 28577 
                        Collection time: 0.367s 
                          Learning time: 0.063s 
                        Mean value loss: 0.2489
                    Mean surrogate loss: -0.0103
                      Mean entropy loss: 7.0770
                            Mean reward: -1.07
                    Mean episode length: 63.53
                        Mean action std: 0.49
                reward/tracking_lin_vel: 0.6258
                reward/tracking_ang_vel: 0.0978
                      reward/feet_phase: 0.5025
             reward/feet_phase_contrast: 0.7973
             reward/feet_contact_number: 0.4337
                   reward/feet_air_time: 0.0984
                     reward/under_speed: -0.1134
                       reward/feet_slip: -0.0046
                  reward/feet_clearance: -0.0136
                       reward/lin_vel_z: -0.0358
                      reward/ang_vel_xy: -0.7656
                     reward/base_height: -2.6677
                     reward/orientation: -0.8398
                            reward/pose: -0.0212
                     reward/action_rate: -0.0495
                      reward/action_acc: -0.1459
             Metrics/twist/error_vel_xy: 0.3771
            Metrics/twist/error_vel_yaw: 0.2589
        Episode_Reward/tracking_lin_vel: 0.0475
        Episode_Reward/tracking_ang_vel: 0.0062
              Episode_Reward/feet_phase: 0.0282
     Episode_Reward/feet_phase_contrast: 0.0487
     Episode_Reward/feet_contact_number: 0.0273
           Episode_Reward/feet_air_time: 0.0039
             Episode_Reward/under_speed: -0.0076
               Episode_Reward/feet_slip: -0.0003
          Episode_Reward/feet_clearance: -0.0008
               Episode_Reward/lin_vel_z: -0.0018
              Episode_Reward/ang_vel_xy: -0.0349
             Episode_Reward/base_height: -0.1088
             Episode_Reward/orientation: -0.0375
                    Episode_Reward/pose: -0.0011
             Episode_Reward/action_rate: -0.0030
              Episode_Reward/action_acc: -0.0089
           Episode_Termination/time_out: 0.0000
    Episode_Termination/bad_orientation: 12.5833
--------------------------------------------------------------------------------
                         Iteration time: 0.43s
                           Time elapsed: 00:00:08
                                    ETA: 00:02:29

################################################################################
[1m                           Learning iteration 18/350                            [0m 

                            Total steps: 233472 
                       Steps per second: 27688 
                        Collection time: 0.381s 
                          Learning time: 0.063s 
                        Mean value loss: 0.2436
                    Mean surrogate loss: -0.0080
                      Mean entropy loss: 7.0647
                            Mean reward: -1.16
                    Mean episode length: 63.39
                        Mean action std: 0.49
                reward/tracking_lin_vel: 0.9614
                reward/tracking_ang_vel: 0.1053
                      reward/feet_phase: 0.5626
             reward/feet_phase_contrast: 0.8874
             reward/feet_contact_number: 0.4536
                   reward/feet_air_time: 0.0395
                     reward/under_speed: -0.1090
                       reward/feet_slip: -0.0033
                  reward/feet_clearance: -0.0099
                       reward/lin_vel_z: -0.0176
                      reward/ang_vel_xy: -0.4124
                     reward/base_height: -1.5615
                     reward/orientation: -0.5983
                            reward/pose: -0.0203
                     reward/action_rate: -0.0491
                      reward/action_acc: -0.1454
             Metrics/twist/error_vel_xy: 0.3800
            Metrics/twist/error_vel_yaw: 0.2597
        Episode_Reward/tracking_lin_vel: 0.0434
        Episode_Reward/tracking_ang_vel: 0.0063
              Episode_Reward/feet_phase: 0.0280
     Episode_Reward/feet_phase_contrast: 0.0451
     Episode_Reward/feet_contact_number: 0.0273
           Episode_Reward/feet_air_time: 0.0033
             Episode_Reward/under_speed: -0.0080
               Episode_Reward/feet_slip: -0.0002
          Episode_Reward/feet_clearance: -0.0007
               Episode_Reward/lin_vel_z: -0.0012
              Episode_Reward/ang_vel_xy: -0.0316
             Episode_Reward/base_height: -0.1232
             Episode_Reward/orientation: -0.0406
                    Episode_Reward/pose: -0.0012
             Episode_Reward/action_rate: -0.0030
              Episode_Reward/action_acc: -0.0090
           Episode_Termination/time_out: 0.0000
    Episode_Termination/bad_orientation: 6.2917
--------------------------------------------------------------------------------
                         Iteration time: 0.44s
                           Time elapsed: 00:00:08
                                    ETA: 00:02:28

################################################################################
[1m                           Learning iteration 19/350                            [0m 

                            Total steps: 245760 
                       Steps per second: 26604 
                        Collection time: 0.393s 
                          Learning time: 0.069s 
                        Mean value loss: 0.2503
                    Mean surrogate loss: -0.0092
                      Mean entropy loss: 7.0499
                            Mean reward: -0.37
                    Mean episode length: 58.06
                        Mean action std: 0.49
                reward/tracking_lin_vel: 0.9197
                reward/tracking_ang_vel: 0.1047
                      reward/feet_phase: 0.5481
             reward/feet_phase_contrast: 0.9556
             reward/feet_contact_number: 0.4456
                   reward/feet_air_time: 0.0374
                     reward/under_speed: -0.1015
                       reward/feet_slip: -0.0044
                  reward/feet_clearance: -0.0102
                       reward/lin_vel_z: -0.0252
                      reward/ang_vel_xy: -0.4706
                     reward/base_height: -2.0167
                     reward/orientation: -0.7472
                            reward/pose: -0.0212
                     reward/action_rate: -0.0487
                      reward/action_acc: -0.1436
             Metrics/twist/error_vel_xy: 0.2856
            Metrics/twist/error_vel_yaw: 0.2163
        Episode_Reward/tracking_lin_vel: 0.0476
        Episode_Reward/tracking_ang_vel: 0.0056
              Episode_Reward/feet_phase: 0.0325
     Episode_Reward/feet_phase_contrast: 0.0525
     Episode_Reward/feet_contact_number: 0.0241
           Episode_Reward/feet_air_time: 0.0023
             Episode_Reward/under_speed: -0.0049
               Episode_Reward/feet_slip: -0.0002
          Episode_Reward/feet_clearance: -0.0006
               Episode_Reward/lin_vel_z: -0.0015
              Episode_Reward/ang_vel_xy: -0.0279
             Episode_Reward/base_height: -0.1147
             Episode_Reward/orientation: -0.0434
                    Episode_Reward/pose: -0.0012
             Episode_Reward/action_rate: -0.0026
              Episode_Reward/action_acc: -0.0078
           Episode_Termination/time_out: 0.0000
    Episode_Termination/bad_orientation: 8.9583
--------------------------------------------------------------------------------
                         Iteration time: 0.46s
                           Time elapsed: 00:00:09
                                    ETA: 00:02:28

################################################################################
[1m                           Learning iteration 20/350                            [0m 

                            Total steps: 258048 
                       Steps per second: 29507 
                        Collection time: 0.351s 
                          Learning time: 0.066s 
                        Mean value loss: 0.2318
                    Mean surrogate loss: -0.0099
                      Mean entropy loss: 7.0283
                            Mean reward: -0.71
                    Mean episode length: 57.99
                        Mean action std: 0.49
                reward/tracking_lin_vel: 0.9836
                reward/tracking_ang_vel: 0.1056
                      reward/feet_phase: 0.5328
             reward/feet_phase_contrast: 0.9259
             reward/feet_contact_number: 0.4476
                   reward/feet_air_time: 0.0297
                     reward/under_speed: -0.1072
                       reward/feet_slip: -0.0036
                  reward/feet_clearance: -0.0099
                       reward/lin_vel_z: -0.0201
                      reward/ang_vel_xy: -0.4142
                     reward/base_height: -1.5974
                     reward/orientation: -0.6118
                            reward/pose: -0.0199
                     reward/action_rate: -0.0488
                      reward/action_acc: -0.1445
             Metrics/twist/error_vel_xy: 0.2860
            Metrics/twist/error_vel_yaw: 0.2344
        Episode_Reward/tracking_lin_vel: 0.0538
        Episode_Reward/tracking_ang_vel: 0.0058
              Episode_Reward/feet_phase: 0.0348
     Episode_Reward/feet_phase_contrast: 0.0582
     Episode_Reward/feet_contact_number: 0.0257
           Episode_Reward/feet_air_time: 0.0023
             Episode_Reward/under_speed: -0.0052
               Episode_Reward/feet_slip: -0.0003
          Episode_Reward/feet_clearance: -0.0006
               Episode_Reward/lin_vel_z: -0.0015
              Episode_Reward/ang_vel_xy: -0.0284
             Episode_Reward/base_height: -0.1147
             Episode_Reward/orientation: -0.0432
                    Episode_Reward/pose: -0.0013
             Episode_Reward/action_rate: -0.0028
              Episode_Reward/action_acc: -0.0083
           Episode_Termination/time_out: 0.0000
    Episode_Termination/bad_orientation: 7.6522
--------------------------------------------------------------------------------
                         Iteration time: 0.42s
                           Time elapsed: 00:00:09
                                    ETA: 00:02:27

################################################################################
[1m                           Learning iteration 21/350                            [0m 

                            Total steps: 270336 
                       Steps per second: 29169 
                        Collection time: 0.360s 
                          Learning time: 0.061s 
                        Mean value loss: 0.2400
                    Mean surrogate loss: -0.0087
                      Mean entropy loss: 7.0134
                            Mean reward: -0.45
                    Mean episode length: 61.20
                        Mean action std: 0.49
                reward/tracking_lin_vel: 0.9657
                reward/tracking_ang_vel: 0.1075
                      reward/feet_phase: 0.6170
             reward/feet_phase_contrast: 0.9129
             reward/feet_contact_number: 0.4407
                   reward/feet_air_time: 0.0245
                     reward/under_speed: -0.1076
                       reward/feet_slip: -0.0038
                  reward/feet_clearance: -0.0098
                       reward/lin_vel_z: -0.0211
                      reward/ang_vel_xy: -0.4201
                     reward/base_height: -1.6165
                     reward/orientation: -0.6586
                            reward/pose: -0.0203
                     reward/action_rate: -0.0488
                      reward/action_acc: -0.1441
             Metrics/twist/error_vel_xy: 0.3065
            Metrics/twist/error_vel_yaw: 0.2309
        Episode_Reward/tracking_lin_vel: 0.0547
        Episode_Reward/tracking_ang_vel: 0.0063
              Episode_Reward/feet_phase: 0.0321
     Episode_Reward/feet_phase_contrast: 0.0541
     Episode_Reward/feet_contact_number: 0.0271
           Episode_Reward/feet_air_time: 0.0014
             Episode_Reward/under_speed: -0.0064
               Episode_Reward/feet_slip: -0.0002
          Episode_Reward/feet_clearance: -0.0006
               Episode_Reward/lin_vel_z: -0.0014
              Episode_Reward/ang_vel_xy: -0.0283
             Episode_Reward/base_height: -0.1092
             Episode_Reward/orientation: -0.0433
                    Episode_Reward/pose: -0.0012
             Episode_Reward/action_rate: -0.0030
              Episode_Reward/action_acc: -0.0088
           Episode_Termination/time_out: 0.0000
    Episode_Termination/bad_orientation: 7.6250
--------------------------------------------------------------------------------
                         Iteration time: 0.42s
                           Time elapsed: 00:00:09
                                    ETA: 00:02:26

################################################################################
[1m                           Learning iteration 22/350                            [0m 

                            Total steps: 282624 
                       Steps per second: 24879 
                        Collection time: 0.415s 
                          Learning time: 0.079s 
                        Mean value loss: 0.2447
                    Mean surrogate loss: -0.0082
                      Mean entropy loss: 7.0005
                            Mean reward: -0.06
                    Mean episode length: 63.79
                        Mean action std: 0.49
                reward/tracking_lin_vel: 1.0261
                reward/tracking_ang_vel: 0.1090
                      reward/feet_phase: 0.5518
             reward/feet_phase_contrast: 0.9602
             reward/feet_contact_number: 0.4597
                   reward/feet_air_time: 0.0252
                     reward/under_speed: -0.1053
                       reward/feet_slip: -0.0039
                  reward/feet_clearance: -0.0099
                       reward/lin_vel_z: -0.0198
                      reward/ang_vel_xy: -0.3959
                     reward/base_height: -1.5462
                     reward/orientation: -0.6086
                            reward/pose: -0.0200
                     reward/action_rate: -0.0492
                      reward/action_acc: -0.1454
             Metrics/twist/error_vel_xy: 0.2879
            Metrics/twist/error_vel_yaw: 0.2386
        Episode_Reward/tracking_lin_vel: 0.0635
        Episode_Reward/tracking_ang_vel: 0.0066
              Episode_Reward/feet_phase: 0.0397
     Episode_Reward/feet_phase_contrast: 0.0644
     Episode_Reward/feet_contact_number: 0.0287
           Episode_Reward/feet_air_time: 0.0017
             Episode_Reward/under_speed: -0.0058
               Episode_Reward/feet_slip: -0.0003
          Episode_Reward/feet_clearance: -0.0006
               Episode_Reward/lin_vel_z: -0.0014
              Episode_Reward/ang_vel_xy: -0.0279
             Episode_Reward/base_height: -0.1108
             Episode_Reward/orientation: -0.0446
                    Episode_Reward/pose: -0.0014
             Episode_Reward/action_rate: -0.0031
              Episode_Reward/action_acc: -0.0091
           Episode_Termination/time_out: 0.0000
    Episode_Termination/bad_orientation: 7.7391
--------------------------------------------------------------------------------
                         Iteration time: 0.49s
                           Time elapsed: 00:00:10
                                    ETA: 00:02:26

################################################################################
[1m                           Learning iteration 23/350                            [0m 

                            Total steps: 294912 
                       Steps per second: 24669 
                        Collection time: 0.426s 
                          Learning time: 0.072s 
                        Mean value loss: 0.2365
                    Mean surrogate loss: -0.0074
                      Mean entropy loss: 6.9891
                            Mean reward: -0.16
                    Mean episode length: 59.02
                        Mean action std: 0.49
                reward/tracking_lin_vel: 1.0135
                reward/tracking_ang_vel: 0.1090
                      reward/feet_phase: 0.5462
             reward/feet_phase_contrast: 0.9709
             reward/feet_contact_number: 0.4462
                   reward/feet_air_time: 0.0275
                     reward/under_speed: -0.1076
                       reward/feet_slip: -0.0038
                  reward/feet_clearance: -0.0099
                       reward/lin_vel_z: -0.0208
                      reward/ang_vel_xy: -0.3926
                     reward/base_height: -1.4779
                     reward/orientation: -0.6237
                            reward/pose: -0.0213
                     reward/action_rate: -0.0490
                      reward/action_acc: -0.1447
             Metrics/twist/error_vel_xy: 0.2837
            Metrics/twist/error_vel_yaw: 0.2391
        Episode_Reward/tracking_lin_vel: 0.0609
        Episode_Reward/tracking_ang_vel: 0.0064
              Episode_Reward/feet_phase: 0.0390
     Episode_Reward/feet_phase_contrast: 0.0636
     Episode_Reward/feet_contact_number: 0.0275
           Episode_Reward/feet_air_time: 0.0018
             Episode_Reward/under_speed: -0.0054
               Episode_Reward/feet_slip: -0.0003
          Episode_Reward/feet_clearance: -0.0007
               Episode_Reward/lin_vel_z: -0.0016
              Episode_Reward/ang_vel_xy: -0.0282
             Episode_Reward/base_height: -0.1064
             Episode_Reward/orientation: -0.0438
                    Episode_Reward/pose: -0.0012
             Episode_Reward/action_rate: -0.0030
              Episode_Reward/action_acc: -0.0089
           Episode_Termination/time_out: 0.0000
    Episode_Termination/bad_orientation: 6.6250
--------------------------------------------------------------------------------
                         Iteration time: 0.50s
                           Time elapsed: 00:00:10
                                    ETA: 00:02:27

################################################################################
[1m                           Learning iteration 24/350                            [0m 

                            Total steps: 307200 
                       Steps per second: 25617 
                        Collection time: 0.416s 
                          Learning time: 0.063s 
                        Mean value loss: 0.2251
                    Mean surrogate loss: -0.0091
                      Mean entropy loss: 6.9746
                            Mean reward: 0.31
                    Mean episode length: 70.08
                        Mean action std: 0.49
                reward/tracking_lin_vel: 1.0434
                reward/tracking_ang_vel: 0.1127
                      reward/feet_phase: 0.5933
             reward/feet_phase_contrast: 0.9410
             reward/feet_contact_number: 0.4550
                   reward/feet_air_time: 0.0260
                     reward/under_speed: -0.1097
                       reward/feet_slip: -0.0037
                  reward/feet_clearance: -0.0095
                       reward/lin_vel_z: -0.0181
                      reward/ang_vel_xy: -0.3751
                     reward/base_height: -1.4252
                     reward/orientation: -0.5768
                            reward/pose: -0.0207
                     reward/action_rate: -0.0497
                      reward/action_acc: -0.1468
             Metrics/twist/error_vel_xy: 0.3143
            Metrics/twist/error_vel_yaw: 0.2416
        Episode_Reward/tracking_lin_vel: 0.0644
        Episode_Reward/tracking_ang_vel: 0.0074
              Episode_Reward/feet_phase: 0.0383
     Episode_Reward/feet_phase_contrast: 0.0651
     Episode_Reward/feet_contact_number: 0.0301
           Episode_Reward/feet_air_time: 0.0027
             Episode_Reward/under_speed: -0.0069
               Episode_Reward/feet_slip: -0.0003
          Episode_Reward/feet_clearance: -0.0007
               Episode_Reward/lin_vel_z: -0.0014
              Episode_Reward/ang_vel_xy: -0.0289
             Episode_Reward/base_height: -0.1113
             Episode_Reward/orientation: -0.0442
                    Episode_Reward/pose: -0.0013
             Episode_Reward/action_rate: -0.0033
              Episode_Reward/action_acc: -0.0097
           Episode_Termination/time_out: 0.0000
    Episode_Termination/bad_orientation: 6.8750
--------------------------------------------------------------------------------
                         Iteration time: 0.48s
                           Time elapsed: 00:00:11
                                    ETA: 00:02:27

################################################################################
[1m                           Learning iteration 25/350                            [0m 

                            Total steps: 319488 
                       Steps per second: 28731 
                        Collection time: 0.364s 
                          Learning time: 0.064s 
                        Mean value loss: 0.2566
                    Mean surrogate loss: -0.0082
                      Mean entropy loss: 6.9619
                            Mean reward: 0.31
                    Mean episode length: 64.90
                        Mean action std: 0.49
                reward/tracking_lin_vel: 1.0573
                reward/tracking_ang_vel: 0.1092
                      reward/feet_phase: 0.6181
             reward/feet_phase_contrast: 0.9578
             reward/feet_contact_number: 0.4569
                   reward/feet_air_time: 0.0257
                     reward/under_speed: -0.1080
                       reward/feet_slip: -0.0038
                  reward/feet_clearance: -0.0095
                       reward/lin_vel_z: -0.0170
                      reward/ang_vel_xy: -0.3640
                     reward/base_height: -1.3348
                     reward/orientation: -0.5617
                            reward/pose: -0.0212
                     reward/action_rate: -0.0488
                      reward/action_acc: -0.1440
             Metrics/twist/error_vel_xy: 0.2792
            Metrics/twist/error_vel_yaw: 0.2382
        Episode_Reward/tracking_lin_vel: 0.0682
        Episode_Reward/tracking_ang_vel: 0.0069
              Episode_Reward/feet_phase: 0.0424
     Episode_Reward/feet_phase_contrast: 0.0700
     Episode_Reward/feet_contact_number: 0.0289
           Episode_Reward/feet_air_time: 0.0017
             Episode_Reward/under_speed: -0.0055
               Episode_Reward/feet_slip: -0.0003
          Episode_Reward/feet_clearance: -0.0007
               Episode_Reward/lin_vel_z: -0.0014
              Episode_Reward/ang_vel_xy: -0.0285
             Episode_Reward/base_height: -0.1071
             Episode_Reward/orientation: -0.0444
                    Episode_Reward/pose: -0.0014
             Episode_Reward/action_rate: -0.0031
              Episode_Reward/action_acc: -0.0093
           Episode_Termination/time_out: 0.0000
    Episode_Termination/bad_orientation: 6.2917
--------------------------------------------------------------------------------
                         Iteration time: 0.43s
                           Time elapsed: 00:00:11
                                    ETA: 00:02:26

################################################################################
[1m                           Learning iteration 26/350                            [0m 

                            Total steps: 331776 
                       Steps per second: 25893 
                        Collection time: 0.412s 
                          Learning time: 0.063s 
                        Mean value loss: 0.2298
                    Mean surrogate loss: -0.0080
                      Mean entropy loss: 6.9529
                            Mean reward: 0.24
                    Mean episode length: 64.89
                        Mean action std: 0.48
                reward/tracking_lin_vel: 1.0490
                reward/tracking_ang_vel: 0.1088
                      reward/feet_phase: 0.5328
             reward/feet_phase_contrast: 0.9515
             reward/feet_contact_number: 0.4568
                   reward/feet_air_time: 0.0240
                     reward/under_speed: -0.1089
                       reward/feet_slip: -0.0039
                  reward/feet_clearance: -0.0096
                       reward/lin_vel_z: -0.0185
                      reward/ang_vel_xy: -0.3702
                     reward/base_height: -1.3490
                     reward/orientation: -0.5760
                            reward/pose: -0.0216
                     reward/action_rate: -0.0496
                      reward/action_acc: -0.1468
             Metrics/twist/error_vel_xy: 0.2989
            Metrics/twist/error_vel_yaw: 0.2473
        Episode_Reward/tracking_lin_vel: 0.0644
        Episode_Reward/tracking_ang_vel: 0.0069
              Episode_Reward/feet_phase: 0.0402
     Episode_Reward/feet_phase_contrast: 0.0649
     Episode_Reward/feet_contact_number: 0.0290
           Episode_Reward/feet_air_time: 0.0020
             Episode_Reward/under_speed: -0.0062
               Episode_Reward/feet_slip: -0.0003
          Episode_Reward/feet_clearance: -0.0007
               Episode_Reward/lin_vel_z: -0.0014
              Episode_Reward/ang_vel_xy: -0.0284
             Episode_Reward/base_height: -0.1063
             Episode_Reward/orientation: -0.0439
                    Episode_Reward/pose: -0.0014
             Episode_Reward/action_rate: -0.0032
              Episode_Reward/action_acc: -0.0093
           Episode_Termination/time_out: 0.0000
    Episode_Termination/bad_orientation: 6.5000
--------------------------------------------------------------------------------
                         Iteration time: 0.47s
                           Time elapsed: 00:00:12
                                    ETA: 00:02:26

################################################################################
[1m                           Learning iteration 27/350                            [0m 

                            Total steps: 344064 
                       Steps per second: 26651 
                        Collection time: 0.397s 
                          Learning time: 0.064s 
                        Mean value loss: 0.2274
                    Mean surrogate loss: -0.0082
                      Mean entropy loss: 6.9417
                            Mean reward: 0.69
                    Mean episode length: 67.92
                        Mean action std: 0.48
                reward/tracking_lin_vel: 1.0783
                reward/tracking_ang_vel: 0.1118
                      reward/feet_phase: 0.5335
             reward/feet_phase_contrast: 0.9523
             reward/feet_contact_number: 0.4469
                   reward/feet_air_time: 0.0275
                     reward/under_speed: -0.1120
                       reward/feet_slip: -0.0035
                  reward/feet_clearance: -0.0095
                       reward/lin_vel_z: -0.0153
                      reward/ang_vel_xy: -0.3256
                     reward/base_height: -1.2077
                     reward/orientation: -0.5127
                            reward/pose: -0.0217
                     reward/action_rate: -0.0492
                      reward/action_acc: -0.1454
             Metrics/twist/error_vel_xy: 0.2836
            Metrics/twist/error_vel_yaw: 0.2522
        Episode_Reward/tracking_lin_vel: 0.0725
        Episode_Reward/tracking_ang_vel: 0.0071
              Episode_Reward/feet_phase: 0.0454
     Episode_Reward/feet_phase_contrast: 0.0756
     Episode_Reward/feet_contact_number: 0.0299
           Episode_Reward/feet_air_time: 0.0023
             Episode_Reward/under_speed: -0.0058
               Episode_Reward/feet_slip: -0.0003
          Episode_Reward/feet_clearance: -0.0007
               Episode_Reward/lin_vel_z: -0.0014
              Episode_Reward/ang_vel_xy: -0.0281
             Episode_Reward/base_height: -0.1099
             Episode_Reward/orientation: -0.0459
                    Episode_Reward/pose: -0.0016
             Episode_Reward/action_rate: -0.0032
              Episode_Reward/action_acc: -0.0095
           Episode_Termination/time_out: 0.0000
    Episode_Termination/bad_orientation: 5.7917
--------------------------------------------------------------------------------
                         Iteration time: 0.46s
                           Time elapsed: 00:00:12
                                    ETA: 00:02:25

################################################################################
[1m                           Learning iteration 28/350                            [0m 

                            Total steps: 356352 
                       Steps per second: 27243 
                        Collection time: 0.387s 
                          Learning time: 0.064s 
                        Mean value loss: 0.2207
                    Mean surrogate loss: -0.0105
                      Mean entropy loss: 6.9197
                            Mean reward: 0.57
                    Mean episode length: 70.37
                        Mean action std: 0.48
                reward/tracking_lin_vel: 1.0695
                reward/tracking_ang_vel: 0.1106
                      reward/feet_phase: 0.6478
             reward/feet_phase_contrast: 0.9560
             reward/feet_contact_number: 0.4523
                   reward/feet_air_time: 0.0242
                     reward/under_speed: -0.1123
                       reward/feet_slip: -0.0034
                  reward/feet_clearance: -0.0093
                       reward/lin_vel_z: -0.0163
                      reward/ang_vel_xy: -0.3486
                     reward/base_height: -1.2193
                     reward/orientation: -0.5410
                            reward/pose: -0.0226
                     reward/action_rate: -0.0490
                      reward/action_acc: -0.1449
             Metrics/twist/error_vel_xy: 0.2991
            Metrics/twist/error_vel_yaw: 0.2529
        Episode_Reward/tracking_lin_vel: 0.0692
        Episode_Reward/tracking_ang_vel: 0.0071
              Episode_Reward/feet_phase: 0.0407
     Episode_Reward/feet_phase_contrast: 0.0687
     Episode_Reward/feet_contact_number: 0.0303
           Episode_Reward/feet_air_time: 0.0023
             Episode_Reward/under_speed: -0.0065
               Episode_Reward/feet_slip: -0.0003
          Episode_Reward/feet_clearance: -0.0007
               Episode_Reward/lin_vel_z: -0.0013
              Episode_Reward/ang_vel_xy: -0.0290
             Episode_Reward/base_height: -0.1058
             Episode_Reward/orientation: -0.0433
                    Episode_Reward/pose: -0.0014
             Episode_Reward/action_rate: -0.0033
              Episode_Reward/action_acc: -0.0098
           Episode_Termination/time_out: 0.0000
    Episode_Termination/bad_orientation: 5.7500
--------------------------------------------------------------------------------
                         Iteration time: 0.45s
                           Time elapsed: 00:00:13
                                    ETA: 00:02:25

################################################################################
[1m                           Learning iteration 29/350                            [0m 

                            Total steps: 368640 
                       Steps per second: 27513 
                        Collection time: 0.377s 
                          Learning time: 0.069s 
                        Mean value loss: 0.2135
                    Mean surrogate loss: -0.0118
                      Mean entropy loss: 6.9060
                            Mean reward: 0.71
                    Mean episode length: 72.62
                        Mean action std: 0.48
                reward/tracking_lin_vel: 1.0632
                reward/tracking_ang_vel: 0.1131
                      reward/feet_phase: 0.5427
             reward/feet_phase_contrast: 0.9232
             reward/feet_contact_number: 0.4539
                   reward/feet_air_time: 0.0157
                     reward/under_speed: -0.1160
                       reward/feet_slip: -0.0035
                  reward/feet_clearance: -0.0092
                       reward/lin_vel_z: -0.0153
                      reward/ang_vel_xy: -0.3262
                     reward/base_height: -1.2077
                     reward/orientation: -0.5206
                            reward/pose: -0.0226
                     reward/action_rate: -0.0494
                      reward/action_acc: -0.1462
             Metrics/twist/error_vel_xy: 0.2871
            Metrics/twist/error_vel_yaw: 0.2424
        Episode_Reward/tracking_lin_vel: 0.0746
        Episode_Reward/tracking_ang_vel: 0.0075
              Episode_Reward/feet_phase: 0.0451
     Episode_Reward/feet_phase_contrast: 0.0732
     Episode_Reward/feet_contact_number: 0.0312
           Episode_Reward/feet_air_time: 0.0018
             Episode_Reward/under_speed: -0.0064
               Episode_Reward/feet_slip: -0.0003
          Episode_Reward/feet_clearance: -0.0007
               Episode_Reward/lin_vel_z: -0.0014
              Episode_Reward/ang_vel_xy: -0.0284
             Episode_Reward/base_height: -0.1064
             Episode_Reward/orientation: -0.0450
                    Episode_Reward/pose: -0.0016
             Episode_Reward/action_rate: -0.0034
              Episode_Reward/action_acc: -0.0100
           Episode_Termination/time_out: 0.0000
    Episode_Termination/bad_orientation: 5.9167
--------------------------------------------------------------------------------
                         Iteration time: 0.45s
                           Time elapsed: 00:00:13
                                    ETA: 00:02:24

################################################################################
[1m                           Learning iteration 30/350                            [0m 

                            Total steps: 380928 
                       Steps per second: 27010 
                        Collection time: 0.392s 
                          Learning time: 0.063s 
                        Mean value loss: 0.2227
                    Mean surrogate loss: -0.0119
                      Mean entropy loss: 6.8789
                            Mean reward: 0.74
                    Mean episode length: 69.13
                        Mean action std: 0.48
                reward/tracking_lin_vel: 1.0949
                reward/tracking_ang_vel: 0.1127
                      reward/feet_phase: 0.5271
             reward/feet_phase_contrast: 0.9541
             reward/feet_contact_number: 0.4609
                   reward/feet_air_time: 0.0163
                     reward/under_speed: -0.1123
                       reward/feet_slip: -0.0035
                  reward/feet_clearance: -0.0092
                       reward/lin_vel_z: -0.0145
                      reward/ang_vel_xy: -0.3092
                     reward/base_height: -1.0692
                     reward/orientation: -0.4861
                            reward/pose: -0.0231
                     reward/action_rate: -0.0495
                      reward/action_acc: -0.1469
             Metrics/twist/error_vel_xy: 0.2826
            Metrics/twist/error_vel_yaw: 0.2585
        Episode_Reward/tracking_lin_vel: 0.0762
        Episode_Reward/tracking_ang_vel: 0.0074
              Episode_Reward/feet_phase: 0.0458
     Episode_Reward/feet_phase_contrast: 0.0749
     Episode_Reward/feet_contact_number: 0.0308
           Episode_Reward/feet_air_time: 0.0012
             Episode_Reward/under_speed: -0.0064
               Episode_Reward/feet_slip: -0.0003
          Episode_Reward/feet_clearance: -0.0007
               Episode_Reward/lin_vel_z: -0.0014
              Episode_Reward/ang_vel_xy: -0.0282
             Episode_Reward/base_height: -0.1050
             Episode_Reward/orientation: -0.0453
                    Episode_Reward/pose: -0.0017
             Episode_Reward/action_rate: -0.0035
              Episode_Reward/action_acc: -0.0102
           Episode_Termination/time_out: 0.0000
    Episode_Termination/bad_orientation: 5.2917
--------------------------------------------------------------------------------
                         Iteration time: 0.45s
                           Time elapsed: 00:00:14
                                    ETA: 00:02:24

################################################################################
[1m                           Learning iteration 31/350                            [0m 

                            Total steps: 393216 
                       Steps per second: 26663 
                        Collection time: 0.395s 
                          Learning time: 0.066s 
                        Mean value loss: 0.1964
                    Mean surrogate loss: -0.0103
                      Mean entropy loss: 6.8534
                            Mean reward: 0.47
                    Mean episode length: 68.32
                        Mean action std: 0.48
                reward/tracking_lin_vel: 1.0311
                reward/tracking_ang_vel: 0.1122
                      reward/feet_phase: 0.5613
             reward/feet_phase_contrast: 0.9168
             reward/feet_contact_number: 0.4594
                   reward/feet_air_time: 0.0258
                     reward/under_speed: -0.1143
                       reward/feet_slip: -0.0039
                  reward/feet_clearance: -0.0094
                       reward/lin_vel_z: -0.0179
                      reward/ang_vel_xy: -0.3594
                     reward/base_height: -1.2831
                     reward/orientation: -0.5569
                            reward/pose: -0.0239
                     reward/action_rate: -0.0495
                      reward/action_acc: -0.1464
             Metrics/twist/error_vel_xy: 0.2877
            Metrics/twist/error_vel_yaw: 0.2474
        Episode_Reward/tracking_lin_vel: 0.0737
        Episode_Reward/tracking_ang_vel: 0.0075
              Episode_Reward/feet_phase: 0.0441
     Episode_Reward/feet_phase_contrast: 0.0747
     Episode_Reward/feet_contact_number: 0.0317
           Episode_Reward/feet_air_time: 0.0018
             Episode_Reward/under_speed: -0.0064
               Episode_Reward/feet_slip: -0.0003
          Episode_Reward/feet_clearance: -0.0007
               Episode_Reward/lin_vel_z: -0.0015
              Episode_Reward/ang_vel_xy: -0.0290
             Episode_Reward/base_height: -0.1036
             Episode_Reward/orientation: -0.0449
                    Episode_Reward/pose: -0.0016
             Episode_Reward/action_rate: -0.0034
              Episode_Reward/action_acc: -0.0101
           Episode_Termination/time_out: 0.0000
    Episode_Termination/bad_orientation: 6.0000
--------------------------------------------------------------------------------
                         Iteration time: 0.46s
                           Time elapsed: 00:00:14
                                    ETA: 00:02:24

################################################################################
[1m                           Learning iteration 32/350                            [0m 

                            Total steps: 405504 
                       Steps per second: 26587 
                        Collection time: 0.398s 
                          Learning time: 0.064s 
                        Mean value loss: 0.2170
                    Mean surrogate loss: -0.0102
                      Mean entropy loss: 6.8328
                            Mean reward: 0.71
                    Mean episode length: 68.37
                        Mean action std: 0.48
                reward/tracking_lin_vel: 1.0672
                reward/tracking_ang_vel: 0.1122
                      reward/feet_phase: 0.6054
             reward/feet_phase_contrast: 0.9103
             reward/feet_contact_number: 0.4576
                   reward/feet_air_time: 0.0182
                     reward/under_speed: -0.1177
                       reward/feet_slip: -0.0034
                  reward/feet_clearance: -0.0091
                       reward/lin_vel_z: -0.0147
                      reward/ang_vel_xy: -0.3127
                     reward/base_height: -1.0654
                     reward/orientation: -0.4735
                            reward/pose: -0.0233
                     reward/action_rate: -0.0498
                      reward/action_acc: -0.1480
             Metrics/twist/error_vel_xy: 0.2945
            Metrics/twist/error_vel_yaw: 0.2554
        Episode_Reward/tracking_lin_vel: 0.0739
        Episode_Reward/tracking_ang_vel: 0.0074
              Episode_Reward/feet_phase: 0.0452
     Episode_Reward/feet_phase_contrast: 0.0748
     Episode_Reward/feet_contact_number: 0.0311
           Episode_Reward/feet_air_time: 0.0023
             Episode_Reward/under_speed: -0.0064
               Episode_Reward/feet_slip: -0.0003
          Episode_Reward/feet_clearance: -0.0007
               Episode_Reward/lin_vel_z: -0.0014
              Episode_Reward/ang_vel_xy: -0.0293
             Episode_Reward/base_height: -0.1027
             Episode_Reward/orientation: -0.0444
                    Episode_Reward/pose: -0.0016
             Episode_Reward/action_rate: -0.0034
              Episode_Reward/action_acc: -0.0100
           Episode_Termination/time_out: 0.0000
    Episode_Termination/bad_orientation: 5.2917
--------------------------------------------------------------------------------
                         Iteration time: 0.46s
                           Time elapsed: 00:00:14
                                    ETA: 00:02:23

################################################################################
[1m                           Learning iteration 33/350                            [0m 

                            Total steps: 417792 
                       Steps per second: 27764 
                        Collection time: 0.376s 
                          Learning time: 0.067s 
                        Mean value loss: 1.1743
                    Mean surrogate loss: -0.0079
                      Mean entropy loss: 6.8210
                            Mean reward: 0.77
                    Mean episode length: 69.79
                        Mean action std: 0.48
                reward/tracking_lin_vel: 0.6308
                reward/tracking_ang_vel: 0.1034
                      reward/feet_phase: 0.4735
             reward/feet_phase_contrast: 0.8656
             reward/feet_contact_number: 0.4544
                   reward/feet_air_time: 0.0655
                     reward/under_speed: -0.1042
                       reward/feet_slip: -0.0063
                  reward/feet_clearance: -0.0157
                       reward/lin_vel_z: -0.0346
                      reward/ang_vel_xy: -0.5787
                     reward/base_height: -1.2979
                     reward/orientation: -0.5979
                            reward/pose: -0.0237
                     reward/action_rate: -0.0493
                      reward/action_acc: -0.1459
             Metrics/twist/error_vel_xy: 0.3039
            Metrics/twist/error_vel_yaw: 0.2528
        Episode_Reward/tracking_lin_vel: 0.0718
        Episode_Reward/tracking_ang_vel: 0.0074
              Episode_Reward/feet_phase: 0.0447
     Episode_Reward/feet_phase_contrast: 0.0723
     Episode_Reward/feet_contact_number: 0.0311
           Episode_Reward/feet_air_time: 0.0023
             Episode_Reward/under_speed: -0.0068
               Episode_Reward/feet_slip: -0.0003
          Episode_Reward/feet_clearance: -0.0008
               Episode_Reward/lin_vel_z: -0.0021
              Episode_Reward/ang_vel_xy: -0.0315
             Episode_Reward/base_height: -0.1003
             Episode_Reward/orientation: -0.0422
                    Episode_Reward/pose: -0.0016
             Episode_Reward/action_rate: -0.0034
              Episode_Reward/action_acc: -0.0100
           Episode_Termination/time_out: 0.0000
    Episode_Termination/bad_orientation: 5.9583
--------------------------------------------------------------------------------
                         Iteration time: 0.44s
                           Time elapsed: 00:00:15
                                    ETA: 00:02:23

################################################################################
[1m                           Learning iteration 34/350                            [0m 

                            Total steps: 430080 
                       Steps per second: 25825 
                        Collection time: 0.414s 
                          Learning time: 0.062s 
                        Mean value loss: 0.2623
                    Mean surrogate loss: -0.0106
                      Mean entropy loss: 6.8116
                            Mean reward: 2.76
                    Mean episode length: 152.31
                        Mean action std: 0.48
                reward/tracking_lin_vel: 0.8508
                reward/tracking_ang_vel: 0.1011
                      reward/feet_phase: 0.4719
             reward/feet_phase_contrast: 0.9052
             reward/feet_contact_number: 0.4416
                   reward/feet_air_time: 0.1056
                     reward/under_speed: -0.1094
                       reward/feet_slip: -0.0042
                  reward/feet_clearance: -0.0135
                       reward/lin_vel_z: -0.0279
                      reward/ang_vel_xy: -0.6472
                     reward/base_height: -2.2245
                     reward/orientation: -0.7196
                            reward/pose: -0.0174
                     reward/action_rate: -0.0493
                      reward/action_acc: -0.1448
             Metrics/twist/error_vel_xy: 0.4397
            Metrics/twist/error_vel_yaw: 0.3040
        Episode_Reward/tracking_lin_vel: 0.1251
        Episode_Reward/tracking_ang_vel: 0.0151
              Episode_Reward/feet_phase: 0.0536
     Episode_Reward/feet_phase_contrast: 0.0916
     Episode_Reward/feet_contact_number: 0.0604
           Episode_Reward/feet_air_time: 0.0059
             Episode_Reward/under_speed: -0.0196
               Episode_Reward/feet_slip: -0.0004
          Episode_Reward/feet_clearance: -0.0013
               Episode_Reward/lin_vel_z: -0.0017
              Episode_Reward/ang_vel_xy: -0.0395
             Episode_Reward/base_height: -0.1034
             Episode_Reward/orientation: -0.0436
                    Episode_Reward/pose: -0.0027
             Episode_Reward/action_rate: -0.0065
              Episode_Reward/action_acc: -0.0193
           Episode_Termination/time_out: 0.0000
    Episode_Termination/bad_orientation: 12.3750
--------------------------------------------------------------------------------
                         Iteration time: 0.48s
                           Time elapsed: 00:00:15
                                    ETA: 00:02:22

################################################################################
[1m                           Learning iteration 35/350                            [0m 

                            Total steps: 442368 
                       Steps per second: 27860 
                        Collection time: 0.377s 
                          Learning time: 0.064s 
                        Mean value loss: 0.2392
                    Mean surrogate loss: -0.0094
                      Mean entropy loss: 6.8122
                            Mean reward: 0.57
                    Mean episode length: 89.13
                        Mean action std: 0.48
                reward/tracking_lin_vel: 1.1648
                reward/tracking_ang_vel: 0.1093
                      reward/feet_phase: 0.7385
             reward/feet_phase_contrast: 1.0963
             reward/feet_contact_number: 0.4458
                   reward/feet_air_time: 0.0310
                     reward/under_speed: -0.0993
                       reward/feet_slip: -0.0034
                  reward/feet_clearance: -0.0096
                       reward/lin_vel_z: -0.0146
                      reward/ang_vel_xy: -0.3523
                     reward/base_height: -1.1337
                     reward/orientation: -0.4973
                            reward/pose: -0.0216
                     reward/action_rate: -0.0495
                      reward/action_acc: -0.1467
             Metrics/twist/error_vel_xy: 0.4026
            Metrics/twist/error_vel_yaw: 0.3148
        Episode_Reward/tracking_lin_vel: 0.0968
        Episode_Reward/tracking_ang_vel: 0.0113
              Episode_Reward/feet_phase: 0.0451
     Episode_Reward/feet_phase_contrast: 0.0761
     Episode_Reward/feet_contact_number: 0.0470
           Episode_Reward/feet_air_time: 0.0032
             Episode_Reward/under_speed: -0.0139
               Episode_Reward/feet_slip: -0.0003
          Episode_Reward/feet_clearance: -0.0010
               Episode_Reward/lin_vel_z: -0.0013
              Episode_Reward/ang_vel_xy: -0.0335
             Episode_Reward/base_height: -0.1101
             Episode_Reward/orientation: -0.0448
                    Episode_Reward/pose: -0.0021
             Episode_Reward/action_rate: -0.0051
              Episode_Reward/action_acc: -0.0151
           Episode_Termination/time_out: 0.0000
    Episode_Termination/bad_orientation: 5.2500
--------------------------------------------------------------------------------
                         Iteration time: 0.44s
                           Time elapsed: 00:00:16
                                    ETA: 00:02:22

################################################################################
[1m                           Learning iteration 36/350                            [0m 

                            Total steps: 454656 
                       Steps per second: 28777 
                        Collection time: 0.362s 
                          Learning time: 0.065s 
                        Mean value loss: 0.1872
                    Mean surrogate loss: -0.0084
                      Mean entropy loss: 6.8061
                            Mean reward: 0.60
                    Mean episode length: 63.61
                        Mean action std: 0.48
                reward/tracking_lin_vel: 1.1072
                reward/tracking_ang_vel: 0.1068
                      reward/feet_phase: 0.6504
             reward/feet_phase_contrast: 1.0890
             reward/feet_contact_number: 0.4587
                   reward/feet_air_time: 0.0324
                     reward/under_speed: -0.0920
                       reward/feet_slip: -0.0043
                  reward/feet_clearance: -0.0104
                       reward/lin_vel_z: -0.0212
                      reward/ang_vel_xy: -0.4145
                     reward/base_height: -1.4145
                     reward/orientation: -0.6285
                            reward/pose: -0.0247
                     reward/action_rate: -0.0496
                      reward/action_acc: -0.1467
             Metrics/twist/error_vel_xy: 0.2736
            Metrics/twist/error_vel_yaw: 0.2241
        Episode_Reward/tracking_lin_vel: 0.0607
        Episode_Reward/tracking_ang_vel: 0.0064
              Episode_Reward/feet_phase: 0.0370
     Episode_Reward/feet_phase_contrast: 0.0609
     Episode_Reward/feet_contact_number: 0.0275
           Episode_Reward/feet_air_time: 0.0024
             Episode_Reward/under_speed: -0.0058
               Episode_Reward/feet_slip: -0.0003
          Episode_Reward/feet_clearance: -0.0007
               Episode_Reward/lin_vel_z: -0.0014
              Episode_Reward/ang_vel_xy: -0.0298
             Episode_Reward/base_height: -0.0989
             Episode_Reward/orientation: -0.0413
                    Episode_Reward/pose: -0.0013
             Episode_Reward/action_rate: -0.0030
              Episode_Reward/action_acc: -0.0089
           Episode_Termination/time_out: 0.0000
    Episode_Termination/bad_orientation: 7.1250
--------------------------------------------------------------------------------
                         Iteration time: 0.43s
                           Time elapsed: 00:00:16
                                    ETA: 00:02:21

################################################################################
[1m                           Learning iteration 37/350                            [0m 

                            Total steps: 466944 
                       Steps per second: 27407 
                        Collection time: 0.385s 
                          Learning time: 0.063s 
                        Mean value loss: 0.2041
                    Mean surrogate loss: -0.0077
                      Mean entropy loss: 6.7949
                            Mean reward: 0.91
                    Mean episode length: 66.73
                        Mean action std: 0.48
                reward/tracking_lin_vel: 1.1044
                reward/tracking_ang_vel: 0.1077
                      reward/feet_phase: 0.5976
             reward/feet_phase_contrast: 1.0513
             reward/feet_contact_number: 0.4573
                   reward/feet_air_time: 0.0222
                     reward/under_speed: -0.0966
                       reward/feet_slip: -0.0041
                  reward/feet_clearance: -0.0099
                       reward/lin_vel_z: -0.0184
                      reward/ang_vel_xy: -0.3825
                     reward/base_height: -1.2376
                     reward/orientation: -0.5589
                            reward/pose: -0.0234
                     reward/action_rate: -0.0496
                      reward/action_acc: -0.1467
             Metrics/twist/error_vel_xy: 0.2617
            Metrics/twist/error_vel_yaw: 0.2527
        Episode_Reward/tracking_lin_vel: 0.0752
        Episode_Reward/tracking_ang_vel: 0.0069
              Episode_Reward/feet_phase: 0.0482
     Episode_Reward/feet_phase_contrast: 0.0787
     Episode_Reward/feet_contact_number: 0.0299
           Episode_Reward/feet_air_time: 0.0017
             Episode_Reward/under_speed: -0.0049
               Episode_Reward/feet_slip: -0.0003
          Episode_Reward/feet_clearance: -0.0007
               Episode_Reward/lin_vel_z: -0.0014
              Episode_Reward/ang_vel_xy: -0.0293
             Episode_Reward/base_height: -0.0977
             Episode_Reward/orientation: -0.0433
                    Episode_Reward/pose: -0.0015
             Episode_Reward/action_rate: -0.0033
              Episode_Reward/action_acc: -0.0098
           Episode_Termination/time_out: 0.0000
    Episode_Termination/bad_orientation: 6.6250
--------------------------------------------------------------------------------
                         Iteration time: 0.45s
                           Time elapsed: 00:00:17
                                    ETA: 00:02:21

################################################################################
[1m                           Learning iteration 38/350                            [0m 

                            Total steps: 479232 
                       Steps per second: 25578 
                        Collection time: 0.417s 
                          Learning time: 0.064s 
                        Mean value loss: 0.2057
                    Mean surrogate loss: -0.0081
                      Mean entropy loss: 6.7848
                            Mean reward: 0.92
                    Mean episode length: 68.10
                        Mean action std: 0.48
                reward/tracking_lin_vel: 1.0934
                reward/tracking_ang_vel: 0.1106
                      reward/feet_phase: 0.5872
             reward/feet_phase_contrast: 1.0055
             reward/feet_contact_number: 0.4479
                   reward/feet_air_time: 0.0270
                     reward/under_speed: -0.1039
                       reward/feet_slip: -0.0039
                  reward/feet_clearance: -0.0096
                       reward/lin_vel_z: -0.0195
                      reward/ang_vel_xy: -0.3700
                     reward/base_height: -1.2196
                     reward/orientation: -0.5336
                            reward/pose: -0.0229
                     reward/action_rate: -0.0504
                      reward/action_acc: -0.1492
             Metrics/twist/error_vel_xy: 0.2596
            Metrics/twist/error_vel_yaw: 0.2447
        Episode_Reward/tracking_lin_vel: 0.0755
        Episode_Reward/tracking_ang_vel: 0.0071
              Episode_Reward/feet_phase: 0.0471
     Episode_Reward/feet_phase_contrast: 0.0794
     Episode_Reward/feet_contact_number: 0.0305
           Episode_Reward/feet_air_time: 0.0019
             Episode_Reward/under_speed: -0.0051
               Episode_Reward/feet_slip: -0.0003
          Episode_Reward/feet_clearance: -0.0007
               Episode_Reward/lin_vel_z: -0.0016
              Episode_Reward/ang_vel_xy: -0.0294
             Episode_Reward/base_height: -0.0963
             Episode_Reward/orientation: -0.0439
                    Episode_Reward/pose: -0.0016
             Episode_Reward/action_rate: -0.0033
              Episode_Reward/action_acc: -0.0098
           Episode_Termination/time_out: 0.0000
    Episode_Termination/bad_orientation: 6.7083
--------------------------------------------------------------------------------
                         Iteration time: 0.48s
                           Time elapsed: 00:00:17
                                    ETA: 00:02:20

################################################################################
[1m                           Learning iteration 39/350                            [0m 

                            Total steps: 491520 
                       Steps per second: 25776 
                        Collection time: 0.411s 
                          Learning time: 0.066s 
                        Mean value loss: 0.1966
                    Mean surrogate loss: -0.0096
                      Mean entropy loss: 6.7729
                            Mean reward: 0.79
                    Mean episode length: 66.02
                        Mean action std: 0.48
                reward/tracking_lin_vel: 1.1244
                reward/tracking_ang_vel: 0.1129
                      reward/feet_phase: 0.6451
             reward/feet_phase_contrast: 0.9574
             reward/feet_contact_number: 0.4519
                   reward/feet_air_time: 0.0187
                     reward/under_speed: -0.1106
                       reward/feet_slip: -0.0035
                  reward/feet_clearance: -0.0090
                       reward/lin_vel_z: -0.0165
                      reward/ang_vel_xy: -0.3232
                     reward/base_height: -1.0088
                     reward/orientation: -0.4760
                            reward/pose: -0.0221
                     reward/action_rate: -0.0505
                      reward/action_acc: -0.1506
             Metrics/twist/error_vel_xy: 0.2728
            Metrics/twist/error_vel_yaw: 0.2521
        Episode_Reward/tracking_lin_vel: 0.0718
        Episode_Reward/tracking_ang_vel: 0.0070
              Episode_Reward/feet_phase: 0.0458
     Episode_Reward/feet_phase_contrast: 0.0758
     Episode_Reward/feet_contact_number: 0.0287
           Episode_Reward/feet_air_time: 0.0020
             Episode_Reward/under_speed: -0.0053
               Episode_Reward/feet_slip: -0.0003
          Episode_Reward/feet_clearance: -0.0007
               Episode_Reward/lin_vel_z: -0.0016
              Episode_Reward/ang_vel_xy: -0.0293
             Episode_Reward/base_height: -0.0966
             Episode_Reward/orientation: -0.0431
                    Episode_Reward/pose: -0.0015
             Episode_Reward/action_rate: -0.0033
              Episode_Reward/action_acc: -0.0097
           Episode_Termination/time_out: 0.0000
    Episode_Termination/bad_orientation: 5.1667
--------------------------------------------------------------------------------
                         Iteration time: 0.48s
                           Time elapsed: 00:00:18
                                    ETA: 00:02:20

################################################################################
[1m                           Learning iteration 40/350                            [0m 

                            Total steps: 503808 
                       Steps per second: 25425 
                        Collection time: 0.421s 
                          Learning time: 0.063s 
                        Mean value loss: 0.1780
                    Mean surrogate loss: -0.0113
                      Mean entropy loss: 6.7378
                            Mean reward: 1.39
                    Mean episode length: 67.78
                        Mean action std: 0.47
                reward/tracking_lin_vel: 1.0763
                reward/tracking_ang_vel: 0.1159
                      reward/feet_phase: 0.4954
             reward/feet_phase_contrast: 0.8818
             reward/feet_contact_number: 0.4547
                   reward/feet_air_time: 0.0183
                     reward/under_speed: -0.1222
                       reward/feet_slip: -0.0033
                  reward/feet_clearance: -0.0087
                       reward/lin_vel_z: -0.0155
                      reward/ang_vel_xy: -0.2940
                     reward/base_height: -0.8929
                     reward/orientation: -0.4289
                            reward/pose: -0.0222
                     reward/action_rate: -0.0510
                      reward/action_acc: -0.1522
             Metrics/twist/error_vel_xy: 0.2503
            Metrics/twist/error_vel_yaw: 0.2446
        Episode_Reward/tracking_lin_vel: 0.0769
        Episode_Reward/tracking_ang_vel: 0.0070
              Episode_Reward/feet_phase: 0.0492
     Episode_Reward/feet_phase_contrast: 0.0792
     Episode_Reward/feet_contact_number: 0.0296
           Episode_Reward/feet_air_time: 0.0020
             Episode_Reward/under_speed: -0.0049
               Episode_Reward/feet_slip: -0.0003
          Episode_Reward/feet_clearance: -0.0007
               Episode_Reward/lin_vel_z: -0.0016
              Episode_Reward/ang_vel_xy: -0.0288
             Episode_Reward/base_height: -0.0926
             Episode_Reward/orientation: -0.0436
                    Episode_Reward/pose: -0.0014
             Episode_Reward/action_rate: -0.0033
              Episode_Reward/action_acc: -0.0097
           Episode_Termination/time_out: 0.0000
    Episode_Termination/bad_orientation: 5.2500
--------------------------------------------------------------------------------
                         Iteration time: 0.48s
                           Time elapsed: 00:00:18
                                    ETA: 00:02:20

################################################################################
[1m                           Learning iteration 41/350                            [0m 

                            Total steps: 516096 
                       Steps per second: 27148 
                        Collection time: 0.387s 
                          Learning time: 0.066s 
                        Mean value loss: 0.1749
                    Mean surrogate loss: -0.0084
                      Mean entropy loss: 6.7235
                            Mean reward: 0.66
                    Mean episode length: 60.06
                        Mean action std: 0.47
                reward/tracking_lin_vel: 1.0617
                reward/tracking_ang_vel: 0.1186
                      reward/feet_phase: 0.4326
             reward/feet_phase_contrast: 0.7923
             reward/feet_contact_number: 0.4621
                   reward/feet_air_time: 0.0212
                     reward/under_speed: -0.1347
                       reward/feet_slip: -0.0028
                  reward/feet_clearance: -0.0084
                       reward/lin_vel_z: -0.0128
                      reward/ang_vel_xy: -0.2610
                     reward/base_height: -0.7754
                     reward/orientation: -0.3721
                            reward/pose: -0.0225
                     reward/action_rate: -0.0509
                      reward/action_acc: -0.1523
             Metrics/twist/error_vel_xy: 0.2659
            Metrics/twist/error_vel_yaw: 0.2293
        Episode_Reward/tracking_lin_vel: 0.0639
        Episode_Reward/tracking_ang_vel: 0.0062
              Episode_Reward/feet_phase: 0.0403
     Episode_Reward/feet_phase_contrast: 0.0673
     Episode_Reward/feet_contact_number: 0.0267
           Episode_Reward/feet_air_time: 0.0019
             Episode_Reward/under_speed: -0.0047
               Episode_Reward/feet_slip: -0.0003
          Episode_Reward/feet_clearance: -0.0006
               Episode_Reward/lin_vel_z: -0.0015
              Episode_Reward/ang_vel_xy: -0.0291
             Episode_Reward/base_height: -0.0949
             Episode_Reward/orientation: -0.0420
                    Episode_Reward/pose: -0.0013
             Episode_Reward/action_rate: -0.0030
              Episode_Reward/action_acc: -0.0088
           Episode_Termination/time_out: 0.0000
    Episode_Termination/bad_orientation: 4.3182
--------------------------------------------------------------------------------
                         Iteration time: 0.45s
                           Time elapsed: 00:00:19
                                    ETA: 00:02:19

################################################################################
[1m                           Learning iteration 42/350                            [0m 

                            Total steps: 528384 
                       Steps per second: 25551 
                        Collection time: 0.416s 
                          Learning time: 0.065s 
                        Mean value loss: 0.1564
                    Mean surrogate loss: -0.0113
                      Mean entropy loss: 6.6971
                            Mean reward: 0.47
                    Mean episode length: 65.89
                        Mean action std: 0.47
                reward/tracking_lin_vel: 1.0881
                reward/tracking_ang_vel: 0.1182
                      reward/feet_phase: 0.4979
             reward/feet_phase_contrast: 0.7589
             reward/feet_contact_number: 0.4546
                   reward/feet_air_time: 0.0174
                     reward/under_speed: -0.1384
                       reward/feet_slip: -0.0026
                  reward/feet_clearance: -0.0080
                       reward/lin_vel_z: -0.0108
                      reward/ang_vel_xy: -0.2385
                     reward/base_height: -0.7112
                     reward/orientation: -0.3442
                            reward/pose: -0.0237
                     reward/action_rate: -0.0509
                      reward/action_acc: -0.1523
             Metrics/twist/error_vel_xy: 0.2936
            Metrics/twist/error_vel_yaw: 0.2367
        Episode_Reward/tracking_lin_vel: 0.0736
        Episode_Reward/tracking_ang_vel: 0.0078
              Episode_Reward/feet_phase: 0.0454
     Episode_Reward/feet_phase_contrast: 0.0756
     Episode_Reward/feet_contact_number: 0.0319
           Episode_Reward/feet_air_time: 0.0031
             Episode_Reward/under_speed: -0.0069
               Episode_Reward/feet_slip: -0.0003
          Episode_Reward/feet_clearance: -0.0007
               Episode_Reward/lin_vel_z: -0.0015
              Episode_Reward/ang_vel_xy: -0.0301
             Episode_Reward/base_height: -0.0972
             Episode_Reward/orientation: -0.0444
                    Episode_Reward/pose: -0.0016
             Episode_Reward/action_rate: -0.0035
              Episode_Reward/action_acc: -0.0105
           Episode_Termination/time_out: 0.0000
    Episode_Termination/bad_orientation: 3.9130
--------------------------------------------------------------------------------
                         Iteration time: 0.48s
                           Time elapsed: 00:00:19
                                    ETA: 00:02:19

################################################################################
[1m                           Learning iteration 43/350                            [0m 

                            Total steps: 540672 
                       Steps per second: 25384 
                        Collection time: 0.419s 
                          Learning time: 0.065s 
                        Mean value loss: 0.1415
                    Mean surrogate loss: -0.0111
                      Mean entropy loss: 6.6739
                            Mean reward: 0.78
                    Mean episode length: 69.01
                        Mean action std: 0.47
                reward/tracking_lin_vel: 1.0726
                reward/tracking_ang_vel: 0.1187
                      reward/feet_phase: 0.4592
             reward/feet_phase_contrast: 0.7346
             reward/feet_contact_number: 0.4580
                   reward/feet_air_time: 0.0151
                     reward/under_speed: -0.1407
                       reward/feet_slip: -0.0025
                  reward/feet_clearance: -0.0078
                       reward/lin_vel_z: -0.0115
                      reward/ang_vel_xy: -0.2477
                     reward/base_height: -0.7328
                     reward/orientation: -0.3441
                            reward/pose: -0.0228
                     reward/action_rate: -0.0502
                      reward/action_acc: -0.1502
             Metrics/twist/error_vel_xy: 0.2942
            Metrics/twist/error_vel_yaw: 0.2441
        Episode_Reward/tracking_lin_vel: 0.0752
        Episode_Reward/tracking_ang_vel: 0.0078
              Episode_Reward/feet_phase: 0.0467
     Episode_Reward/feet_phase_contrast: 0.0763
     Episode_Reward/feet_contact_number: 0.0316
           Episode_Reward/feet_air_time: 0.0024
             Episode_Reward/under_speed: -0.0068
               Episode_Reward/feet_slip: -0.0003
          Episode_Reward/feet_clearance: -0.0007
               Episode_Reward/lin_vel_z: -0.0014
              Episode_Reward/ang_vel_xy: -0.0295
             Episode_Reward/base_height: -0.0965
             Episode_Reward/orientation: -0.0435
                    Episode_Reward/pose: -0.0016
             Episode_Reward/action_rate: -0.0036
              Episode_Reward/action_acc: -0.0107
           Episode_Termination/time_out: 0.0000
    Episode_Termination/bad_orientation: 3.9167
--------------------------------------------------------------------------------
                         Iteration time: 0.48s
                           Time elapsed: 00:00:20
                                    ETA: 00:02:19

################################################################################
[1m                           Learning iteration 44/350                            [0m 

                            Total steps: 552960 
                       Steps per second: 25772 
                        Collection time: 0.415s 
                          Learning time: 0.062s 
                        Mean value loss: 0.1357
                    Mean surrogate loss: -0.0072
                      Mean entropy loss: 6.6600
                            Mean reward: 1.10
                    Mean episode length: 69.37
                        Mean action std: 0.47
                reward/tracking_lin_vel: 1.1157
                reward/tracking_ang_vel: 0.1200
                      reward/feet_phase: 0.4081
             reward/feet_phase_contrast: 0.7558
             reward/feet_contact_number: 0.4635
                   reward/feet_air_time: 0.0092
                     reward/under_speed: -0.1414
                       reward/feet_slip: -0.0025
                  reward/feet_clearance: -0.0076
                       reward/lin_vel_z: -0.0096
                      reward/ang_vel_xy: -0.2051
                     reward/base_height: -0.5326
                     reward/orientation: -0.2821
                            reward/pose: -0.0229
                     reward/action_rate: -0.0501
                      reward/action_acc: -0.1501
             Metrics/twist/error_vel_xy: 0.2862
            Metrics/twist/error_vel_yaw: 0.2703
        Episode_Reward/tracking_lin_vel: 0.0850
        Episode_Reward/tracking_ang_vel: 0.0081
              Episode_Reward/feet_phase: 0.0517
     Episode_Reward/feet_phase_contrast: 0.0837
     Episode_Reward/feet_contact_number: 0.0334
           Episode_Reward/feet_air_time: 0.0014
             Episode_Reward/under_speed: -0.0069
               Episode_Reward/feet_slip: -0.0003
          Episode_Reward/feet_clearance: -0.0007
               Episode_Reward/lin_vel_z: -0.0016
              Episode_Reward/ang_vel_xy: -0.0299
             Episode_Reward/base_height: -0.0914
             Episode_Reward/orientation: -0.0441
                    Episode_Reward/pose: -0.0018
             Episode_Reward/action_rate: -0.0038
              Episode_Reward/action_acc: -0.0112
           Episode_Termination/time_out: 0.0000
    Episode_Termination/bad_orientation: 3.2174
--------------------------------------------------------------------------------
                         Iteration time: 0.48s
                           Time elapsed: 00:00:20
                                    ETA: 00:02:19

################################################################################
[1m                           Learning iteration 45/350                            [0m 

                            Total steps: 565248 
                       Steps per second: 24586 
                        Collection time: 0.433s 
                          Learning time: 0.066s 
                        Mean value loss: 0.1323
                    Mean surrogate loss: -0.0074
                      Mean entropy loss: 6.6409
                            Mean reward: 1.30
                    Mean episode length: 71.08
                        Mean action std: 0.47
                reward/tracking_lin_vel: 1.0877
                reward/tracking_ang_vel: 0.1216
                      reward/feet_phase: 0.3976
             reward/feet_phase_contrast: 0.6916
             reward/feet_contact_number: 0.4580
                   reward/feet_air_time: 0.0087
                     reward/under_speed: -0.1468
                       reward/feet_slip: -0.0023
                  reward/feet_clearance: -0.0074
                       reward/lin_vel_z: -0.0092
                      reward/ang_vel_xy: -0.2009
                     reward/base_height: -0.5210
                     reward/orientation: -0.2819
                            reward/pose: -0.0227
                     reward/action_rate: -0.0506
                      reward/action_acc: -0.1519
             Metrics/twist/error_vel_xy: 0.2597
            Metrics/twist/error_vel_yaw: 0.2414
        Episode_Reward/tracking_lin_vel: 0.0745
        Episode_Reward/tracking_ang_vel: 0.0071
              Episode_Reward/feet_phase: 0.0447
     Episode_Reward/feet_phase_contrast: 0.0749
     Episode_Reward/feet_contact_number: 0.0300
           Episode_Reward/feet_air_time: 0.0019
             Episode_Reward/under_speed: -0.0054
               Episode_Reward/feet_slip: -0.0003
          Episode_Reward/feet_clearance: -0.0007
               Episode_Reward/lin_vel_z: -0.0015
              Episode_Reward/ang_vel_xy: -0.0305
             Episode_Reward/base_height: -0.0883
             Episode_Reward/orientation: -0.0418
                    Episode_Reward/pose: -0.0014
             Episode_Reward/action_rate: -0.0033
              Episode_Reward/action_acc: -0.0099
           Episode_Termination/time_out: 0.0000
    Episode_Termination/bad_orientation: 2.9167
--------------------------------------------------------------------------------
                         Iteration time: 0.50s
                           Time elapsed: 00:00:21
                                    ETA: 00:02:18

################################################################################
[1m                           Learning iteration 46/350                            [0m 

                            Total steps: 577536 
                       Steps per second: 20309 
                        Collection time: 0.521s 
                          Learning time: 0.084s 
                        Mean value loss: 0.1118
                    Mean surrogate loss: -0.0074
                      Mean entropy loss: 6.6282
                            Mean reward: 1.24
                    Mean episode length: 68.82
                        Mean action std: 0.47
                reward/tracking_lin_vel: 1.0718
                reward/tracking_ang_vel: 0.1215
                      reward/feet_phase: 0.4389
             reward/feet_phase_contrast: 0.6461
             reward/feet_contact_number: 0.4584
                   reward/feet_air_time: 0.0079
                     reward/under_speed: -0.1514
                       reward/feet_slip: -0.0023
                  reward/feet_clearance: -0.0073
                       reward/lin_vel_z: -0.0093
                      reward/ang_vel_xy: -0.1831
                     reward/base_height: -0.4611
                     reward/orientation: -0.2602
                            reward/pose: -0.0221
                     reward/action_rate: -0.0507
                      reward/action_acc: -0.1523
             Metrics/twist/error_vel_xy: 0.2542
            Metrics/twist/error_vel_yaw: 0.2394
        Episode_Reward/tracking_lin_vel: 0.0787
        Episode_Reward/tracking_ang_vel: 0.0073
              Episode_Reward/feet_phase: 0.0488
     Episode_Reward/feet_phase_contrast: 0.0808
     Episode_Reward/feet_contact_number: 0.0292
           Episode_Reward/feet_air_time: 0.0022
             Episode_Reward/under_speed: -0.0053
               Episode_Reward/feet_slip: -0.0003
          Episode_Reward/feet_clearance: -0.0008
               Episode_Reward/lin_vel_z: -0.0017
              Episode_Reward/ang_vel_xy: -0.0287
             Episode_Reward/base_height: -0.0833
             Episode_Reward/orientation: -0.0431
                    Episode_Reward/pose: -0.0013
             Episode_Reward/action_rate: -0.0034
              Episode_Reward/action_acc: -0.0100
           Episode_Termination/time_out: 0.0000
    Episode_Termination/bad_orientation: 2.7727
--------------------------------------------------------------------------------
                         Iteration time: 0.61s
                           Time elapsed: 00:00:21
                                    ETA: 00:02:19

################################################################################
[1m                           Learning iteration 47/350                            [0m 

                            Total steps: 589824 
                       Steps per second: 21177 
                        Collection time: 0.497s 
                          Learning time: 0.083s 
                        Mean value loss: 0.1083
                    Mean surrogate loss: -0.0098
                      Mean entropy loss: 6.5994
                            Mean reward: 1.21
                    Mean episode length: 68.08
                        Mean action std: 0.47
                reward/tracking_lin_vel: 1.0697
                reward/tracking_ang_vel: 0.1231
                      reward/feet_phase: 0.3536
             reward/feet_phase_contrast: 0.6364
             reward/feet_contact_number: 0.4570
                   reward/feet_air_time: 0.0075
                     reward/under_speed: -0.1524
                       reward/feet_slip: -0.0021
                  reward/feet_clearance: -0.0069
                       reward/lin_vel_z: -0.0082
                      reward/ang_vel_xy: -0.1749
                     reward/base_height: -0.4084
                     reward/orientation: -0.2415
                            reward/pose: -0.0221
                     reward/action_rate: -0.0507
                      reward/action_acc: -0.1518
             Metrics/twist/error_vel_xy: 0.2685
            Metrics/twist/error_vel_yaw: 0.2632
        Episode_Reward/tracking_lin_vel: 0.0808
        Episode_Reward/tracking_ang_vel: 0.0075
              Episode_Reward/feet_phase: 0.0504
     Episode_Reward/feet_phase_contrast: 0.0816
     Episode_Reward/feet_contact_number: 0.0328
           Episode_Reward/feet_air_time: 0.0007
             Episode_Reward/under_speed: -0.0066
               Episode_Reward/feet_slip: -0.0003
          Episode_Reward/feet_clearance: -0.0007
               Episode_Reward/lin_vel_z: -0.0016
              Episode_Reward/ang_vel_xy: -0.0295
             Episode_Reward/base_height: -0.0865
             Episode_Reward/orientation: -0.0452
                    Episode_Reward/pose: -0.0015
             Episode_Reward/action_rate: -0.0036
              Episode_Reward/action_acc: -0.0108
           Episode_Termination/time_out: 0.0000
    Episode_Termination/bad_orientation: 2.6667
--------------------------------------------------------------------------------
                         Iteration time: 0.58s
                           Time elapsed: 00:00:22
                                    ETA: 00:02:19

################################################################################
[1m                           Learning iteration 48/350                            [0m 

                            Total steps: 602112 
                       Steps per second: 24507 
                        Collection time: 0.435s 
                          Learning time: 0.066s 
                        Mean value loss: 0.0975
                    Mean surrogate loss: -0.0083
                      Mean entropy loss: 6.5791
                            Mean reward: 0.88
                    Mean episode length: 62.98
                        Mean action std: 0.47
                reward/tracking_lin_vel: 1.0573
                reward/tracking_ang_vel: 0.1239
                      reward/feet_phase: 0.3141
             reward/feet_phase_contrast: 0.5811
             reward/feet_contact_number: 0.4661
                   reward/feet_air_time: 0.0098
                     reward/under_speed: -0.1580
                       reward/feet_slip: -0.0021
                  reward/feet_clearance: -0.0072
                       reward/lin_vel_z: -0.0081
                      reward/ang_vel_xy: -0.1578
                     reward/base_height: -0.3911
                     reward/orientation: -0.2211
                            reward/pose: -0.0222
                     reward/action_rate: -0.0510
                      reward/action_acc: -0.1531
             Metrics/twist/error_vel_xy: 0.2725
            Metrics/twist/error_vel_yaw: 0.2488
        Episode_Reward/tracking_lin_vel: 0.0700
        Episode_Reward/tracking_ang_vel: 0.0067
              Episode_Reward/feet_phase: 0.0428
     Episode_Reward/feet_phase_contrast: 0.0696
     Episode_Reward/feet_contact_number: 0.0292
           Episode_Reward/feet_air_time: 0.0029
             Episode_Reward/under_speed: -0.0059
               Episode_Reward/feet_slip: -0.0003
          Episode_Reward/feet_clearance: -0.0007
               Episode_Reward/lin_vel_z: -0.0017
              Episode_Reward/ang_vel_xy: -0.0291
             Episode_Reward/base_height: -0.0864
             Episode_Reward/orientation: -0.0429
                    Episode_Reward/pose: -0.0013
             Episode_Reward/action_rate: -0.0034
              Episode_Reward/action_acc: -0.0100
           Episode_Termination/time_out: 0.0000
    Episode_Termination/bad_orientation: 2.5000
--------------------------------------------------------------------------------
                         Iteration time: 0.50s
                           Time elapsed: 00:00:22
                                    ETA: 00:02:19

################################################################################
[1m                           Learning iteration 49/350                            [0m 

                            Total steps: 614400 
                       Steps per second: 24174 
                        Collection time: 0.444s 
                          Learning time: 0.065s 
                        Mean value loss: 0.8246
                    Mean surrogate loss: -0.0099
                      Mean entropy loss: 6.5554
                            Mean reward: 0.79
                    Mean episode length: 63.47
                        Mean action std: 0.47
                reward/tracking_lin_vel: 1.0598
                reward/tracking_ang_vel: 0.1254
                      reward/feet_phase: 0.3651
             reward/feet_phase_contrast: 0.5845
             reward/feet_contact_number: 0.4621
                   reward/feet_air_time: 0.0044
                     reward/under_speed: -0.1593
                       reward/feet_slip: -0.0019
                  reward/feet_clearance: -0.0068
                       reward/lin_vel_z: -0.0066
                      reward/ang_vel_xy: -0.1558
                     reward/base_height: -0.3730
                     reward/orientation: -0.2111
                            reward/pose: -0.0218
                     reward/action_rate: -0.0515
                      reward/action_acc: -0.1551
--------------------------------------------------------------------------------
                         Iteration time: 0.51s
                           Time elapsed: 00:00:23
                                    ETA: 00:02:19

################################################################################
[1m                           Learning iteration 50/350                            [0m 

                            Total steps: 626688 
                       Steps per second: 31822 
                        Collection time: 0.323s 
                          Learning time: 0.063s 
                        Mean value loss: 0.3720
                    Mean surrogate loss: -0.0109
                      Mean entropy loss: 6.5440
                            Mean reward: 3.88
                    Mean episode length: 162.56
                        Mean action std: 0.47
                reward/tracking_lin_vel: 0.5026
                reward/tracking_ang_vel: 0.1021
                      reward/feet_phase: 0.4663
             reward/feet_phase_contrast: 0.7660
             reward/feet_contact_number: 0.4510
                   reward/feet_air_time: 0.1063
                     reward/under_speed: -0.1161
                       reward/feet_slip: -0.0059
                  reward/feet_clearance: -0.0169
                       reward/lin_vel_z: -0.0302
                      reward/ang_vel_xy: -0.5865
                     reward/base_height: -0.9695
                     reward/orientation: -0.5408
                            reward/pose: -0.0213
                     reward/action_rate: -0.0511
                      reward/action_acc: -0.1531
             Metrics/twist/error_vel_xy: 0.3249
            Metrics/twist/error_vel_yaw: 0.2414
        Episode_Reward/tracking_lin_vel: 0.1049
        Episode_Reward/tracking_ang_vel: 0.0123
              Episode_Reward/feet_phase: 0.0485
     Episode_Reward/feet_phase_contrast: 0.0824
     Episode_Reward/feet_contact_number: 0.0489
           Episode_Reward/feet_air_time: 0.0031
             Episode_Reward/under_speed: -0.0142
               Episode_Reward/feet_slip: -0.0004
          Episode_Reward/feet_clearance: -0.0011
               Episode_Reward/lin_vel_z: -0.0025
              Episode_Reward/ang_vel_xy: -0.0380
             Episode_Reward/base_height: -0.0793
             Episode_Reward/orientation: -0.0400
                    Episode_Reward/pose: -0.0022
             Episode_Reward/action_rate: -0.0054
              Episode_Reward/action_acc: -0.0160
           Episode_Termination/time_out: 0.0000
    Episode_Termination/bad_orientation: 4.8182
--------------------------------------------------------------------------------
                         Iteration time: 0.39s
                           Time elapsed: 00:00:23
                                    ETA: 00:02:18

################################################################################
[1m                           Learning iteration 51/350                            [0m 

                            Total steps: 638976 
                       Steps per second: 29581 
                        Collection time: 0.352s 
                          Learning time: 0.063s 
                        Mean value loss: 0.2538
                    Mean surrogate loss: -0.0102
                      Mean entropy loss: 6.5376
                            Mean reward: 6.14
                    Mean episode length: 254.21
                        Mean action std: 0.47
                reward/tracking_lin_vel: 0.9171
                reward/tracking_ang_vel: 0.1066
                      reward/feet_phase: 0.5199
             reward/feet_phase_contrast: 0.8797
             reward/feet_contact_number: 0.4469
                   reward/feet_air_time: 0.0965
                     reward/under_speed: -0.1158
                       reward/feet_slip: -0.0035
                  reward/feet_clearance: -0.0120
                       reward/lin_vel_z: -0.0236
                      reward/ang_vel_xy: -0.5497
                     reward/base_height: -1.9878
                     reward/orientation: -0.6322
                            reward/pose: -0.0164
                     reward/action_rate: -0.0514
                      reward/action_acc: -0.1523
             Metrics/twist/error_vel_xy: 0.4974
            Metrics/twist/error_vel_yaw: 0.3492
        Episode_Reward/tracking_lin_vel: 0.2523
        Episode_Reward/tracking_ang_vel: 0.0312
              Episode_Reward/feet_phase: 0.0841
     Episode_Reward/feet_phase_contrast: 0.1415
     Episode_Reward/feet_contact_number: 0.1174
           Episode_Reward/feet_air_time: 0.0064
             Episode_Reward/under_speed: -0.0420
               Episode_Reward/feet_slip: -0.0005
          Episode_Reward/feet_clearance: -0.0020
               Episode_Reward/lin_vel_z: -0.0017
              Episode_Reward/ang_vel_xy: -0.0448
             Episode_Reward/base_height: -0.1078
             Episode_Reward/orientation: -0.0521
                    Episode_Reward/pose: -0.0059
             Episode_Reward/action_rate: -0.0129
              Episode_Reward/action_acc: -0.0388
           Episode_Termination/time_out: 0.0000
    Episode_Termination/bad_orientation: 11.3333
--------------------------------------------------------------------------------
                         Iteration time: 0.42s
                           Time elapsed: 00:00:24
                                    ETA: 00:02:17

################################################################################
[1m                           Learning iteration 52/350                            [0m 

                            Total steps: 651264 
                       Steps per second: 28589 
                        Collection time: 0.368s 
                          Learning time: 0.062s 
                        Mean value loss: 0.2196
                    Mean surrogate loss: -0.0074
                      Mean entropy loss: 6.5318
                            Mean reward: 2.68
                    Mean episode length: 139.79
                        Mean action std: 0.46
                reward/tracking_lin_vel: 1.1196
                reward/tracking_ang_vel: 0.1131
                      reward/feet_phase: 0.5413
             reward/feet_phase_contrast: 0.9385
             reward/feet_contact_number: 0.4529
                   reward/feet_air_time: 0.0298
                     reward/under_speed: -0.1195
                       reward/feet_slip: -0.0028
                  reward/feet_clearance: -0.0089
                       reward/lin_vel_z: -0.0139
                      reward/ang_vel_xy: -0.2893
                     reward/base_height: -0.7655
                     reward/orientation: -0.4032
                            reward/pose: -0.0189
                     reward/action_rate: -0.0515
                      reward/action_acc: -0.1544
             Metrics/twist/error_vel_xy: 0.3936
            Metrics/twist/error_vel_yaw: 0.2978
        Episode_Reward/tracking_lin_vel: 0.1213
        Episode_Reward/tracking_ang_vel: 0.0148
              Episode_Reward/feet_phase: 0.0508
     Episode_Reward/feet_phase_contrast: 0.0854
     Episode_Reward/feet_contact_number: 0.0569
           Episode_Reward/feet_air_time: 0.0050
             Episode_Reward/under_speed: -0.0175
               Episode_Reward/feet_slip: -0.0003
          Episode_Reward/feet_clearance: -0.0011
               Episode_Reward/lin_vel_z: -0.0016
              Episode_Reward/ang_vel_xy: -0.0350
             Episode_Reward/base_height: -0.0966
             Episode_Reward/orientation: -0.0449
                    Episode_Reward/pose: -0.0027
             Episode_Reward/action_rate: -0.0063
              Episode_Reward/action_acc: -0.0188
           Episode_Termination/time_out: 0.0000
    Episode_Termination/bad_orientation: 3.9167
--------------------------------------------------------------------------------
                         Iteration time: 0.43s
                           Time elapsed: 00:00:24
                                    ETA: 00:02:17

################################################################################
[1m                           Learning iteration 53/350                            [0m 

                            Total steps: 663552 
                       Steps per second: 28274 
                        Collection time: 0.370s 
                          Learning time: 0.065s 
                        Mean value loss: 0.1694
                    Mean surrogate loss: -0.0082
                      Mean entropy loss: 6.5242
                            Mean reward: 0.80
                    Mean episode length: 72.87
                        Mean action std: 0.46
                reward/tracking_lin_vel: 1.0993
                reward/tracking_ang_vel: 0.1152
                      reward/feet_phase: 0.5797
             reward/feet_phase_contrast: 0.8552
             reward/feet_contact_number: 0.4598
                   reward/feet_air_time: 0.0195
                     reward/under_speed: -0.1240
                       reward/feet_slip: -0.0034
                  reward/feet_clearance: -0.0089
                       reward/lin_vel_z: -0.0165
                      reward/ang_vel_xy: -0.3044
                     reward/base_height: -0.8827
                     reward/orientation: -0.4348
                            reward/pose: -0.0195
                     reward/action_rate: -0.0512
                      reward/action_acc: -0.1530
             Metrics/twist/error_vel_xy: 0.2812
            Metrics/twist/error_vel_yaw: 0.2387
        Episode_Reward/tracking_lin_vel: 0.0667
        Episode_Reward/tracking_ang_vel: 0.0071
              Episode_Reward/feet_phase: 0.0382
     Episode_Reward/feet_phase_contrast: 0.0642
     Episode_Reward/feet_contact_number: 0.0301
           Episode_Reward/feet_air_time: 0.0031
             Episode_Reward/under_speed: -0.0067
               Episode_Reward/feet_slip: -0.0003
          Episode_Reward/feet_clearance: -0.0007
               Episode_Reward/lin_vel_z: -0.0016
              Episode_Reward/ang_vel_xy: -0.0300
             Episode_Reward/base_height: -0.0880
             Episode_Reward/orientation: -0.0421
                    Episode_Reward/pose: -0.0012
             Episode_Reward/action_rate: -0.0035
              Episode_Reward/action_acc: -0.0105
           Episode_Termination/time_out: 0.0000
    Episode_Termination/bad_orientation: 5.2500
--------------------------------------------------------------------------------
                         Iteration time: 0.43s
                           Time elapsed: 00:00:24
                                    ETA: 00:02:16

################################################################################
[1m                           Learning iteration 54/350                            [0m 

                            Total steps: 675840 
                       Steps per second: 24921 
                        Collection time: 0.431s 
                          Learning time: 0.062s 
                        Mean value loss: 0.1661
                    Mean surrogate loss: -0.0086
                      Mean entropy loss: 6.5146
                            Mean reward: 1.42
                    Mean episode length: 67.93
                        Mean action std: 0.46
                reward/tracking_lin_vel: 1.0893
                reward/tracking_ang_vel: 0.1179
                      reward/feet_phase: 0.4683
             reward/feet_phase_contrast: 0.7939
             reward/feet_contact_number: 0.4566
                   reward/feet_air_time: 0.0138
                     reward/under_speed: -0.1347
                       reward/feet_slip: -0.0029
                  reward/feet_clearance: -0.0082
                       reward/lin_vel_z: -0.0136
                      reward/ang_vel_xy: -0.2499
                     reward/base_height: -0.6515
                     reward/orientation: -0.3437
                            reward/pose: -0.0194
                     reward/action_rate: -0.0507
                      reward/action_acc: -0.1513
             Metrics/twist/error_vel_xy: 0.2642
            Metrics/twist/error_vel_yaw: 0.2532
        Episode_Reward/tracking_lin_vel: 0.0766
        Episode_Reward/tracking_ang_vel: 0.0072
              Episode_Reward/feet_phase: 0.0489
     Episode_Reward/feet_phase_contrast: 0.0780
     Episode_Reward/feet_contact_number: 0.0304
           Episode_Reward/feet_air_time: 0.0016
             Episode_Reward/under_speed: -0.0056
               Episode_Reward/feet_slip: -0.0003
          Episode_Reward/feet_clearance: -0.0007
               Episode_Reward/lin_vel_z: -0.0017
              Episode_Reward/ang_vel_xy: -0.0295
             Episode_Reward/base_height: -0.0809
             Episode_Reward/orientation: -0.0432
                    Episode_Reward/pose: -0.0012
             Episode_Reward/action_rate: -0.0035
              Episode_Reward/action_acc: -0.0103
           Episode_Termination/time_out: 0.0000
    Episode_Termination/bad_orientation: 4.1667
--------------------------------------------------------------------------------
                         Iteration time: 0.49s
                           Time elapsed: 00:00:25
                                    ETA: 00:02:16

################################################################################
[1m                           Learning iteration 55/350                            [0m 

                            Total steps: 688128 
                       Steps per second: 24925 
                        Collection time: 0.428s 
                          Learning time: 0.065s 
                        Mean value loss: 0.1342
                    Mean surrogate loss: -0.0083
                      Mean entropy loss: 6.5024
                            Mean reward: 1.15
                    Mean episode length: 68.96
                        Mean action std: 0.46
                reward/tracking_lin_vel: 1.0877
                reward/tracking_ang_vel: 0.1206
                      reward/feet_phase: 0.3967
             reward/feet_phase_contrast: 0.7137
             reward/feet_contact_number: 0.4642
                   reward/feet_air_time: 0.0122
                     reward/under_speed: -0.1429
                       reward/feet_slip: -0.0025
                  reward/feet_clearance: -0.0077
                       reward/lin_vel_z: -0.0105
                      reward/ang_vel_xy: -0.2107
                     reward/base_height: -0.5172
                     reward/orientation: -0.2985
                            reward/pose: -0.0189
                     reward/action_rate: -0.0512
                      reward/action_acc: -0.1537
             Metrics/twist/error_vel_xy: 0.2640
            Metrics/twist/error_vel_yaw: 0.2672
        Episode_Reward/tracking_lin_vel: 0.0823
        Episode_Reward/tracking_ang_vel: 0.0076
              Episode_Reward/feet_phase: 0.0511
     Episode_Reward/feet_phase_contrast: 0.0830
     Episode_Reward/feet_contact_number: 0.0326
           Episode_Reward/feet_air_time: 0.0016
             Episode_Reward/under_speed: -0.0060
               Episode_Reward/feet_slip: -0.0003
          Episode_Reward/feet_clearance: -0.0007
               Episode_Reward/lin_vel_z: -0.0017
              Episode_Reward/ang_vel_xy: -0.0301
             Episode_Reward/base_height: -0.0837
             Episode_Reward/orientation: -0.0438
                    Episode_Reward/pose: -0.0013
             Episode_Reward/action_rate: -0.0036
              Episode_Reward/action_acc: -0.0108
           Episode_Termination/time_out: 0.0000
    Episode_Termination/bad_orientation: 3.0833
--------------------------------------------------------------------------------
                         Iteration time: 0.49s
                           Time elapsed: 00:00:25
                                    ETA: 00:02:15

################################################################################
[1m                           Learning iteration 56/350                            [0m 

                            Total steps: 700416 
                       Steps per second: 26393 
                        Collection time: 0.403s 
                          Learning time: 0.062s 
                        Mean value loss: 0.1391
                    Mean surrogate loss: -0.0079
                      Mean entropy loss: 6.4889
                            Mean reward: 1.14
                    Mean episode length: 67.06
                        Mean action std: 0.46
                reward/tracking_lin_vel: 1.0775
                reward/tracking_ang_vel: 0.1222
                      reward/feet_phase: 0.4067
             reward/feet_phase_contrast: 0.6728
             reward/feet_contact_number: 0.4601
                   reward/feet_air_time: 0.0120
                     reward/under_speed: -0.1501
                       reward/feet_slip: -0.0023
                  reward/feet_clearance: -0.0075
                       reward/lin_vel_z: -0.0100
                      reward/ang_vel_xy: -0.1865
                     reward/base_height: -0.4412
                     reward/orientation: -0.2520
                            reward/pose: -0.0185
                     reward/action_rate: -0.0508
                      reward/action_acc: -0.1521
             Metrics/twist/error_vel_xy: 0.2765
            Metrics/twist/error_vel_yaw: 0.2475
        Episode_Reward/tracking_lin_vel: 0.0817
        Episode_Reward/tracking_ang_vel: 0.0080
              Episode_Reward/feet_phase: 0.0495
     Episode_Reward/feet_phase_contrast: 0.0827
     Episode_Reward/feet_contact_number: 0.0326
           Episode_Reward/feet_air_time: 0.0027
             Episode_Reward/under_speed: -0.0067
               Episode_Reward/feet_slip: -0.0003
          Episode_Reward/feet_clearance: -0.0007
               Episode_Reward/lin_vel_z: -0.0016
              Episode_Reward/ang_vel_xy: -0.0296
             Episode_Reward/base_height: -0.0809
             Episode_Reward/orientation: -0.0442
                    Episode_Reward/pose: -0.0013
             Episode_Reward/action_rate: -0.0037
              Episode_Reward/action_acc: -0.0109
           Episode_Termination/time_out: 0.0000
    Episode_Termination/bad_orientation: 3.0000
--------------------------------------------------------------------------------
                         Iteration time: 0.47s
                           Time elapsed: 00:00:26
                                    ETA: 00:02:15

################################################################################
[1m                           Learning iteration 57/350                            [0m 

                            Total steps: 712704 
                       Steps per second: 25600 
                        Collection time: 0.414s 
                          Learning time: 0.066s 
                        Mean value loss: 0.1088
                    Mean surrogate loss: -0.0075
                      Mean entropy loss: 6.4778
                            Mean reward: 1.31
                    Mean episode length: 71.99
                        Mean action std: 0.46
                reward/tracking_lin_vel: 1.0726
                reward/tracking_ang_vel: 0.1214
                      reward/feet_phase: 0.4168
             reward/feet_phase_contrast: 0.6252
             reward/feet_contact_number: 0.4620
                   reward/feet_air_time: 0.0090
                     reward/under_speed: -0.1544
                       reward/feet_slip: -0.0023
                  reward/feet_clearance: -0.0071
                       reward/lin_vel_z: -0.0090
                      reward/ang_vel_xy: -0.1828
                     reward/base_height: -0.4356
                     reward/orientation: -0.2398
                            reward/pose: -0.0176
                     reward/action_rate: -0.0507
                      reward/action_acc: -0.1524
--------------------------------------------------------------------------------
                         Iteration time: 0.48s
                           Time elapsed: 00:00:26
                                    ETA: 00:02:15

################################################################################
[1m                           Learning iteration 58/350                            [0m 

                            Total steps: 724992 
                       Steps per second: 25386 
                        Collection time: 0.420s 
                          Learning time: 0.064s 
                        Mean value loss: 0.1011
                    Mean surrogate loss: -0.0072
                      Mean entropy loss: 6.4678
                            Mean reward: 1.46
                    Mean episode length: 70.83
                        Mean action std: 0.46
                reward/tracking_lin_vel: 1.0617
                reward/tracking_ang_vel: 0.1233
                      reward/feet_phase: 0.3025
             reward/feet_phase_contrast: 0.5588
             reward/feet_contact_number: 0.4607
                   reward/feet_air_time: 0.0066
                     reward/under_speed: -0.1623
                       reward/feet_slip: -0.0020
                  reward/feet_clearance: -0.0069
                       reward/lin_vel_z: -0.0067
                      reward/ang_vel_xy: -0.1408
                     reward/base_height: -0.3079
                     reward/orientation: -0.1879
                            reward/pose: -0.0169
                     reward/action_rate: -0.0513
                      reward/action_acc: -0.1543
             Metrics/twist/error_vel_xy: 0.2784
            Metrics/twist/error_vel_yaw: 0.2774
        Episode_Reward/tracking_lin_vel: 0.0848
        Episode_Reward/tracking_ang_vel: 0.0080
              Episode_Reward/feet_phase: 0.0552
     Episode_Reward/feet_phase_contrast: 0.0888
     Episode_Reward/feet_contact_number: 0.0335
           Episode_Reward/feet_air_time: 0.0025
             Episode_Reward/under_speed: -0.0071
               Episode_Reward/feet_slip: -0.0004
          Episode_Reward/feet_clearance: -0.0008
               Episode_Reward/lin_vel_z: -0.0017
              Episode_Reward/ang_vel_xy: -0.0286
             Episode_Reward/base_height: -0.0807
             Episode_Reward/orientation: -0.0447
                    Episode_Reward/pose: -0.0014
             Episode_Reward/action_rate: -0.0039
              Episode_Reward/action_acc: -0.0116
           Episode_Termination/time_out: 0.0000
    Episode_Termination/bad_orientation: 2.1818
--------------------------------------------------------------------------------
                         Iteration time: 0.48s
                           Time elapsed: 00:00:27
                                    ETA: 00:02:14

################################################################################
[1m                           Learning iteration 59/350                            [0m 

                            Total steps: 737280 
                       Steps per second: 25132 
                        Collection time: 0.424s 
                          Learning time: 0.065s 
                        Mean value loss: 0.0857
                    Mean surrogate loss: -0.0071
                      Mean entropy loss: 6.4560
                            Mean reward: 1.19
                    Mean episode length: 70.58
                        Mean action std: 0.46
                reward/tracking_lin_vel: 1.0636
                reward/tracking_ang_vel: 0.1263
                      reward/feet_phase: 0.2790
             reward/feet_phase_contrast: 0.5211
             reward/feet_contact_number: 0.4602
                   reward/feet_air_time: 0.0066
                     reward/under_speed: -0.1671
                       reward/feet_slip: -0.0016
                  reward/feet_clearance: -0.0065
                       reward/lin_vel_z: -0.0051
                      reward/ang_vel_xy: -0.1236
                     reward/base_height: -0.2432
                     reward/orientation: -0.1525
                            reward/pose: -0.0162
                     reward/action_rate: -0.0519
                      reward/action_acc: -0.1566
--------------------------------------------------------------------------------
                         Iteration time: 0.49s
                           Time elapsed: 00:00:27
                                    ETA: 00:02:14

################################################################################
[1m                           Learning iteration 60/350                            [0m 

                            Total steps: 749568 
                       Steps per second: 25305 
                        Collection time: 0.420s 
                          Learning time: 0.065s 
                        Mean value loss: 0.0843
                    Mean surrogate loss: -0.0076
                      Mean entropy loss: 6.4424
                            Mean reward: 1.24
                    Mean episode length: 69.31
                        Mean action std: 0.46
                reward/tracking_lin_vel: 1.0473
                reward/tracking_ang_vel: 0.1255
                      reward/feet_phase: 0.3156
             reward/feet_phase_contrast: 0.4747
             reward/feet_contact_number: 0.4640
                   reward/feet_air_time: 0.0054
                     reward/under_speed: -0.1711
                       reward/feet_slip: -0.0015
                  reward/feet_clearance: -0.0063
                       reward/lin_vel_z: -0.0046
                      reward/ang_vel_xy: -0.1133
                     reward/base_height: -0.2184
                     reward/orientation: -0.1358
                            reward/pose: -0.0156
                     reward/action_rate: -0.0521
                      reward/action_acc: -0.1571
             Metrics/twist/error_vel_xy: 0.2368
            Metrics/twist/error_vel_yaw: 0.2005
        Episode_Reward/tracking_lin_vel: 0.0639
        Episode_Reward/tracking_ang_vel: 0.0067
              Episode_Reward/feet_phase: 0.0443
     Episode_Reward/feet_phase_contrast: 0.0720
     Episode_Reward/feet_contact_number: 0.0273
           Episode_Reward/feet_air_time: 0.0030
             Episode_Reward/under_speed: -0.0050
               Episode_Reward/feet_slip: -0.0003
          Episode_Reward/feet_clearance: -0.0007
               Episode_Reward/lin_vel_z: -0.0014
              Episode_Reward/ang_vel_xy: -0.0298
             Episode_Reward/base_height: -0.0790
             Episode_Reward/orientation: -0.0415
                    Episode_Reward/pose: -0.0011
             Episode_Reward/action_rate: -0.0032
              Episode_Reward/action_acc: -0.0095
           Episode_Termination/time_out: 0.0000
    Episode_Termination/bad_orientation: 2.0000
--------------------------------------------------------------------------------
                         Iteration time: 0.49s
                           Time elapsed: 00:00:28
                                    ETA: 00:02:13

################################################################################
[1m                           Learning iteration 61/350                            [0m 

                            Total steps: 761856 
                       Steps per second: 24383 
                        Collection time: 0.433s 
                          Learning time: 0.071s 
                        Mean value loss: 0.0648
                    Mean surrogate loss: -0.0091
                      Mean entropy loss: 6.4251
                            Mean reward: 1.26
                    Mean episode length: 68.52
                        Mean action std: 0.46
                reward/tracking_lin_vel: 1.0648
                reward/tracking_ang_vel: 0.1280
                      reward/feet_phase: 0.2918
             reward/feet_phase_contrast: 0.4829
             reward/feet_contact_number: 0.4642
                   reward/feet_air_time: 0.0035
                     reward/under_speed: -0.1729
                       reward/feet_slip: -0.0014
                  reward/feet_clearance: -0.0060
                       reward/lin_vel_z: -0.0041
                      reward/ang_vel_xy: -0.0987
                     reward/base_height: -0.1638
                     reward/orientation: -0.1129
                            reward/pose: -0.0146
                     reward/action_rate: -0.0518
                      reward/action_acc: -0.1561
             Metrics/twist/error_vel_xy: 0.2524
            Metrics/twist/error_vel_yaw: 0.2379
        Episode_Reward/tracking_lin_vel: 0.0812
        Episode_Reward/tracking_ang_vel: 0.0077
              Episode_Reward/feet_phase: 0.0498
     Episode_Reward/feet_phase_contrast: 0.0802
     Episode_Reward/feet_contact_number: 0.0328
           Episode_Reward/feet_air_time: 0.0026
             Episode_Reward/under_speed: -0.0071
               Episode_Reward/feet_slip: -0.0003
          Episode_Reward/feet_clearance: -0.0008
               Episode_Reward/lin_vel_z: -0.0016
              Episode_Reward/ang_vel_xy: -0.0297
             Episode_Reward/base_height: -0.0798
             Episode_Reward/orientation: -0.0441
                    Episode_Reward/pose: -0.0011
             Episode_Reward/action_rate: -0.0038
              Episode_Reward/action_acc: -0.0113
           Episode_Termination/time_out: 0.0000
    Episode_Termination/bad_orientation: 1.5333
--------------------------------------------------------------------------------
                         Iteration time: 0.50s
                           Time elapsed: 00:00:28
                                    ETA: 00:02:13

################################################################################
[1m                           Learning iteration 62/350                            [0m 

                            Total steps: 774144 
                       Steps per second: 24548 
                        Collection time: 0.436s 
                          Learning time: 0.065s 
                        Mean value loss: 0.0481
                    Mean surrogate loss: -0.0109
                      Mean entropy loss: 6.3928
                            Mean reward: 1.06
                    Mean episode length: 68.60
                        Mean action std: 0.46
                reward/tracking_lin_vel: 1.0778
                reward/tracking_ang_vel: 0.1271
                      reward/feet_phase: 0.2505
             reward/feet_phase_contrast: 0.4830
             reward/feet_contact_number: 0.4635
                   reward/feet_air_time: 0.0023
                     reward/under_speed: -0.1736
                       reward/feet_slip: -0.0013
                  reward/feet_clearance: -0.0060
                       reward/lin_vel_z: -0.0035
                      reward/ang_vel_xy: -0.0837
                     reward/base_height: -0.1248
                     reward/orientation: -0.0989
                            reward/pose: -0.0147
                     reward/action_rate: -0.0518
                      reward/action_acc: -0.1564
             Metrics/twist/error_vel_xy: 0.2635
            Metrics/twist/error_vel_yaw: 0.2430
        Episode_Reward/tracking_lin_vel: 0.0860
        Episode_Reward/tracking_ang_vel: 0.0084
              Episode_Reward/feet_phase: 0.0473
     Episode_Reward/feet_phase_contrast: 0.0759
     Episode_Reward/feet_contact_number: 0.0348
           Episode_Reward/feet_air_time: 0.0007
             Episode_Reward/under_speed: -0.0084
               Episode_Reward/feet_slip: -0.0003
          Episode_Reward/feet_clearance: -0.0008
               Episode_Reward/lin_vel_z: -0.0018
              Episode_Reward/ang_vel_xy: -0.0294
             Episode_Reward/base_height: -0.0831
             Episode_Reward/orientation: -0.0450
                    Episode_Reward/pose: -0.0014
             Episode_Reward/action_rate: -0.0042
              Episode_Reward/action_acc: -0.0125
           Episode_Termination/time_out: 0.0000
    Episode_Termination/bad_orientation: 1.1429
--------------------------------------------------------------------------------
                         Iteration time: 0.50s
                           Time elapsed: 00:00:29
                                    ETA: 00:02:13

################################################################################
[1m                           Learning iteration 63/350                            [0m 

                            Total steps: 786432 
                       Steps per second: 24381 
                        Collection time: 0.439s 
                          Learning time: 0.065s 
                        Mean value loss: 0.0516
                    Mean surrogate loss: -0.0099
                      Mean entropy loss: 6.3562
                            Mean reward: 1.76
                    Mean episode length: 79.23
                        Mean action std: 0.46
                reward/tracking_lin_vel: 1.0410
                reward/tracking_ang_vel: 0.1276
                      reward/feet_phase: 0.2445
             reward/feet_phase_contrast: 0.4271
             reward/feet_contact_number: 0.4634
                   reward/feet_air_time: 0.0035
                     reward/under_speed: -0.1783
                       reward/feet_slip: -0.0013
                  reward/feet_clearance: -0.0060
                       reward/lin_vel_z: -0.0032
                      reward/ang_vel_xy: -0.0805
                     reward/base_height: -0.1101
                     reward/orientation: -0.0836
                            reward/pose: -0.0142
                     reward/action_rate: -0.0518
                      reward/action_acc: -0.1561
--------------------------------------------------------------------------------
                         Iteration time: 0.50s
                           Time elapsed: 00:00:29
                                    ETA: 00:02:13

################################################################################
[1m                           Learning iteration 64/350                            [0m 

                            Total steps: 798720 
                       Steps per second: 25401 
                        Collection time: 0.419s 
                          Learning time: 0.065s 
                        Mean value loss: 0.0468
                    Mean surrogate loss: -0.0108
                      Mean entropy loss: 6.3334
                            Mean reward: 2.05
                    Mean episode length: 88.41
                        Mean action std: 0.46
                reward/tracking_lin_vel: 1.0427
                reward/tracking_ang_vel: 0.1298
                      reward/feet_phase: 0.2730
             reward/feet_phase_contrast: 0.4023
             reward/feet_contact_number: 0.4652
                   reward/feet_air_time: 0.0005
                     reward/under_speed: -0.1807
                       reward/feet_slip: -0.0012
                  reward/feet_clearance: -0.0057
                       reward/lin_vel_z: -0.0023
                      reward/ang_vel_xy: -0.0710
                     reward/base_height: -0.0712
                     reward/orientation: -0.0729
                            reward/pose: -0.0135
                     reward/action_rate: -0.0518
                      reward/action_acc: -0.1565
             Metrics/twist/error_vel_xy: 0.2604
            Metrics/twist/error_vel_yaw: 0.2117
        Episode_Reward/tracking_lin_vel: 0.1911
        Episode_Reward/tracking_ang_vel: 0.0235
              Episode_Reward/feet_phase: 0.0714
     Episode_Reward/feet_phase_contrast: 0.1203
     Episode_Reward/feet_contact_number: 0.0849
           Episode_Reward/feet_air_time: 0.0012
             Episode_Reward/under_speed: -0.0288
               Episode_Reward/feet_slip: -0.0004
          Episode_Reward/feet_clearance: -0.0012
               Episode_Reward/lin_vel_z: -0.0018
              Episode_Reward/ang_vel_xy: -0.0321
             Episode_Reward/base_height: -0.0703
             Episode_Reward/orientation: -0.0440
                    Episode_Reward/pose: -0.0032
             Episode_Reward/action_rate: -0.0093
              Episode_Reward/action_acc: -0.0278
           Episode_Termination/time_out: 0.1250
    Episode_Termination/bad_orientation: 1.0000
--------------------------------------------------------------------------------
                         Iteration time: 0.48s
                           Time elapsed: 00:00:30
                                    ETA: 00:02:12

################################################################################
[1m                           Learning iteration 65/350                            [0m 

                            Total steps: 811008 
                       Steps per second: 24737 
                        Collection time: 0.430s 
                          Learning time: 0.067s 
                        Mean value loss: 0.0349
                    Mean surrogate loss: -0.0099
                      Mean entropy loss: 6.3079
                            Mean reward: 1.79
                    Mean episode length: 86.87
                        Mean action std: 0.45
                reward/tracking_lin_vel: 1.0679
                reward/tracking_ang_vel: 0.1299
                      reward/feet_phase: 0.2380
             reward/feet_phase_contrast: 0.4523
             reward/feet_contact_number: 0.4639
                   reward/feet_air_time: 0.0012
                     reward/under_speed: -0.1788
                       reward/feet_slip: -0.0011
                  reward/feet_clearance: -0.0056
                       reward/lin_vel_z: -0.0019
                      reward/ang_vel_xy: -0.0724
                     reward/base_height: -0.0803
                     reward/orientation: -0.0679
                            reward/pose: -0.0133
                     reward/action_rate: -0.0515
                      reward/action_acc: -0.1555
--------------------------------------------------------------------------------
                         Iteration time: 0.50s
                           Time elapsed: 00:00:30
                                    ETA: 00:02:12

################################################################################
[1m                           Learning iteration 66/350                            [0m 

                            Total steps: 823296 
                       Steps per second: 26350 
                        Collection time: 0.402s 
                          Learning time: 0.065s 
                        Mean value loss: 3.6861
                    Mean surrogate loss: -0.0088
                      Mean entropy loss: 6.2762
                            Mean reward: 2.26
                    Mean episode length: 97.79
                        Mean action std: 0.45
                reward/tracking_lin_vel: 0.8333
                reward/tracking_ang_vel: 0.1258
                      reward/feet_phase: 0.2740
             reward/feet_phase_contrast: 0.5318
             reward/feet_contact_number: 0.4601
                   reward/feet_air_time: 0.0065
                     reward/under_speed: -0.1591
                       reward/feet_slip: -0.0038
                  reward/feet_clearance: -0.0129
                       reward/lin_vel_z: -0.0074
                      reward/ang_vel_xy: -0.1619
                     reward/base_height: -0.0523
                     reward/orientation: -0.0785
                            reward/pose: -0.0134
                     reward/action_rate: -0.0524
                      reward/action_acc: -0.1576
--------------------------------------------------------------------------------
                         Iteration time: 0.47s
                           Time elapsed: 00:00:31
                                    ETA: 00:02:11

################################################################################
[1m                           Learning iteration 67/350                            [0m 

                            Total steps: 835584 
                       Steps per second: 31086 
                        Collection time: 0.332s 
                          Learning time: 0.063s 
                        Mean value loss: 0.2075
                    Mean surrogate loss: -0.0120
                      Mean entropy loss: 6.2541
                            Mean reward: 10.06
                    Mean episode length: 355.36
                        Mean action std: 0.45
                reward/tracking_lin_vel: 0.6057
                reward/tracking_ang_vel: 0.0976
                      reward/feet_phase: 0.5022
             reward/feet_phase_contrast: 0.7812
             reward/feet_contact_number: 0.4397
                   reward/feet_air_time: 0.1712
                     reward/under_speed: -0.1186
                       reward/feet_slip: -0.0041
                  reward/feet_clearance: -0.0136
                       reward/lin_vel_z: -0.0371
                      reward/ang_vel_xy: -0.7027
                     reward/base_height: -1.5557
                     reward/orientation: -0.7590
                            reward/pose: -0.0162
                     reward/action_rate: -0.0526
                      reward/action_acc: -0.1571
             Metrics/twist/error_vel_xy: 0.3920
            Metrics/twist/error_vel_yaw: 0.2740
        Episode_Reward/tracking_lin_vel: 0.2752
        Episode_Reward/tracking_ang_vel: 0.0339
              Episode_Reward/feet_phase: 0.0878
     Episode_Reward/feet_phase_contrast: 0.1513
     Episode_Reward/feet_contact_number: 0.1256
           Episode_Reward/feet_air_time: 0.0043
             Episode_Reward/under_speed: -0.0448
               Episode_Reward/feet_slip: -0.0006
          Episode_Reward/feet_clearance: -0.0021
               Episode_Reward/lin_vel_z: -0.0027
              Episode_Reward/ang_vel_xy: -0.0484
             Episode_Reward/base_height: -0.0777
             Episode_Reward/orientation: -0.0464
                    Episode_Reward/pose: -0.0046
             Episode_Reward/action_rate: -0.0140
              Episode_Reward/action_acc: -0.0421
           Episode_Termination/time_out: 0.0000
    Episode_Termination/bad_orientation: 10.6000
--------------------------------------------------------------------------------
                         Iteration time: 0.40s
                           Time elapsed: 00:00:31
                                    ETA: 00:02:11

################################################################################
[1m                           Learning iteration 68/350                            [0m 

                            Total steps: 847872 
                       Steps per second: 27699 
                        Collection time: 0.379s 
                          Learning time: 0.065s 
                        Mean value loss: 0.2223
                    Mean surrogate loss: -0.0103
                      Mean entropy loss: 6.2431
                            Mean reward: 10.30
                    Mean episode length: 360.72
                        Mean action std: 0.45
                reward/tracking_lin_vel: 1.0640
                reward/tracking_ang_vel: 0.1129
                      reward/feet_phase: 0.5691
             reward/feet_phase_contrast: 0.8745
             reward/feet_contact_number: 0.4534
                   reward/feet_air_time: 0.0508
                     reward/under_speed: -0.1278
                       reward/feet_slip: -0.0029
                  reward/feet_clearance: -0.0106
                       reward/lin_vel_z: -0.0144
                      reward/ang_vel_xy: -0.3210
                     reward/base_height: -1.0042
                     reward/orientation: -0.3844
                            reward/pose: -0.0124
                     reward/action_rate: -0.0520
                      reward/action_acc: -0.1557
             Metrics/twist/error_vel_xy: 0.4624
            Metrics/twist/error_vel_yaw: 0.3446
        Episode_Reward/tracking_lin_vel: 0.3521
        Episode_Reward/tracking_ang_vel: 0.0441
              Episode_Reward/feet_phase: 0.1067
     Episode_Reward/feet_phase_contrast: 0.1808
     Episode_Reward/feet_contact_number: 0.1626
           Episode_Reward/feet_air_time: 0.0094
             Episode_Reward/under_speed: -0.0597
               Episode_Reward/feet_slip: -0.0006
          Episode_Reward/feet_clearance: -0.0027
               Episode_Reward/lin_vel_z: -0.0018
              Episode_Reward/ang_vel_xy: -0.0471
             Episode_Reward/base_height: -0.0993
             Episode_Reward/orientation: -0.0554
                    Episode_Reward/pose: -0.0060
             Episode_Reward/action_rate: -0.0182
              Episode_Reward/action_acc: -0.0547
           Episode_Termination/time_out: 0.0000
    Episode_Termination/bad_orientation: 6.5417
--------------------------------------------------------------------------------
                         Iteration time: 0.44s
                           Time elapsed: 00:00:32
                                    ETA: 00:02:10

################################################################################
[1m                           Learning iteration 69/350                            [0m 

                            Total steps: 860160 
                       Steps per second: 24046 
                        Collection time: 0.442s 
                          Learning time: 0.069s 
                        Mean value loss: 0.1506
                    Mean surrogate loss: -0.0081
                      Mean entropy loss: 6.2359
                            Mean reward: 7.11
                    Mean episode length: 260.74
                        Mean action std: 0.45
                reward/tracking_lin_vel: 1.0870
                reward/tracking_ang_vel: 0.1188
                      reward/feet_phase: 0.4056
             reward/feet_phase_contrast: 0.7437
             reward/feet_contact_number: 0.4714
                   reward/feet_air_time: 0.0236
                     reward/under_speed: -0.1441
                       reward/feet_slip: -0.0025
                  reward/feet_clearance: -0.0081
                       reward/lin_vel_z: -0.0096
                      reward/ang_vel_xy: -0.1995
                     reward/base_height: -0.4558
                     reward/orientation: -0.2790
                            reward/pose: -0.0146
                     reward/action_rate: -0.0530
                      reward/action_acc: -0.1592
--------------------------------------------------------------------------------
                         Iteration time: 0.51s
                           Time elapsed: 00:00:32
                                    ETA: 00:02:10

################################################################################
[1m                           Learning iteration 70/350                            [0m 

                            Total steps: 872448 
                       Steps per second: 23456 
                        Collection time: 0.460s 
                          Learning time: 0.064s 
                        Mean value loss: 0.1094
                    Mean surrogate loss: -0.0113
                      Mean entropy loss: 6.2187
                            Mean reward: 1.87
                    Mean episode length: 107.71
                        Mean action std: 0.45
                reward/tracking_lin_vel: 1.0510
                reward/tracking_ang_vel: 0.1209
                      reward/feet_phase: 0.3749
             reward/feet_phase_contrast: 0.6410
             reward/feet_contact_number: 0.4586
                   reward/feet_air_time: 0.0161
                     reward/under_speed: -0.1487
                       reward/feet_slip: -0.0025
                  reward/feet_clearance: -0.0081
                       reward/lin_vel_z: -0.0113
                      reward/ang_vel_xy: -0.2208
                     reward/base_height: -0.5398
                     reward/orientation: -0.2980
                            reward/pose: -0.0140
                     reward/action_rate: -0.0523
                      reward/action_acc: -0.1568
             Metrics/twist/error_vel_xy: 0.3008
            Metrics/twist/error_vel_yaw: 0.2431
        Episode_Reward/tracking_lin_vel: 0.0959
        Episode_Reward/tracking_ang_vel: 0.0109
              Episode_Reward/feet_phase: 0.0469
     Episode_Reward/feet_phase_contrast: 0.0769
     Episode_Reward/feet_contact_number: 0.0441
           Episode_Reward/feet_air_time: 0.0042
             Episode_Reward/under_speed: -0.0123
               Episode_Reward/feet_slip: -0.0003
          Episode_Reward/feet_clearance: -0.0009
               Episode_Reward/lin_vel_z: -0.0017
              Episode_Reward/ang_vel_xy: -0.0311
             Episode_Reward/base_height: -0.0813
             Episode_Reward/orientation: -0.0443
                    Episode_Reward/pose: -0.0014
             Episode_Reward/action_rate: -0.0050
              Episode_Reward/action_acc: -0.0150
           Episode_Termination/time_out: 0.0000
    Episode_Termination/bad_orientation: 3.5833
--------------------------------------------------------------------------------
                         Iteration time: 0.52s
                           Time elapsed: 00:00:33
                                    ETA: 00:02:10

################################################################################
[1m                           Learning iteration 71/350                            [0m 

                            Total steps: 884736 
                       Steps per second: 22856 
                        Collection time: 0.474s 
                          Learning time: 0.064s 
                        Mean value loss: 0.1084
                    Mean surrogate loss: -0.0079
                      Mean entropy loss: 6.2098
                            Mean reward: 1.99
                    Mean episode length: 81.14
                        Mean action std: 0.45
                reward/tracking_lin_vel: 1.0167
                reward/tracking_ang_vel: 0.1245
                      reward/feet_phase: 0.3726
             reward/feet_phase_contrast: 0.5519
             reward/feet_contact_number: 0.4637
                   reward/feet_air_time: 0.0081
                     reward/under_speed: -0.1618
                       reward/feet_slip: -0.0021
                  reward/feet_clearance: -0.0074
                       reward/lin_vel_z: -0.0092
                      reward/ang_vel_xy: -0.1720
                     reward/base_height: -0.3685
                     reward/orientation: -0.2152
                            reward/pose: -0.0125
                     reward/action_rate: -0.0524
                      reward/action_acc: -0.1579
             Metrics/twist/error_vel_xy: 0.2711
            Metrics/twist/error_vel_yaw: 0.2661
        Episode_Reward/tracking_lin_vel: 0.1121
        Episode_Reward/tracking_ang_vel: 0.0106
              Episode_Reward/feet_phase: 0.0598
     Episode_Reward/feet_phase_contrast: 0.0985
     Episode_Reward/feet_contact_number: 0.0441
           Episode_Reward/feet_air_time: 0.0016
             Episode_Reward/under_speed: -0.0100
               Episode_Reward/feet_slip: -0.0004
          Episode_Reward/feet_clearance: -0.0009
               Episode_Reward/lin_vel_z: -0.0019
              Episode_Reward/ang_vel_xy: -0.0309
             Episode_Reward/base_height: -0.0709
             Episode_Reward/orientation: -0.0458
                    Episode_Reward/pose: -0.0016
             Episode_Reward/action_rate: -0.0050
              Episode_Reward/action_acc: -0.0151
           Episode_Termination/time_out: 0.0000
    Episode_Termination/bad_orientation: 2.6250
--------------------------------------------------------------------------------
                         Iteration time: 0.54s
                           Time elapsed: 00:00:33
                                    ETA: 00:02:09

################################################################################
[1m                           Learning iteration 72/350                            [0m 

                            Total steps: 897024 
                       Steps per second: 25614 
                        Collection time: 0.417s 
                          Learning time: 0.063s 
                        Mean value loss: 0.0870
                    Mean surrogate loss: -0.0102
                      Mean entropy loss: 6.1987
                            Mean reward: 1.48
                    Mean episode length: 75.69
                        Mean action std: 0.45
                reward/tracking_lin_vel: 1.0548
                reward/tracking_ang_vel: 0.1255
                      reward/feet_phase: 0.2841
             reward/feet_phase_contrast: 0.5165
             reward/feet_contact_number: 0.4608
                   reward/feet_air_time: 0.0076
                     reward/under_speed: -0.1695
                       reward/feet_slip: -0.0016
                  reward/feet_clearance: -0.0066
                       reward/lin_vel_z: -0.0048
                      reward/ang_vel_xy: -0.1204
                     reward/base_height: -0.2129
                     reward/orientation: -0.1346
                            reward/pose: -0.0123
                     reward/action_rate: -0.0517
                      reward/action_acc: -0.1555
             Metrics/twist/error_vel_xy: 0.2922
            Metrics/twist/error_vel_yaw: 0.2131
        Episode_Reward/tracking_lin_vel: 0.0487
        Episode_Reward/tracking_ang_vel: 0.0061
              Episode_Reward/feet_phase: 0.0318
     Episode_Reward/feet_phase_contrast: 0.0500
     Episode_Reward/feet_contact_number: 0.0245
           Episode_Reward/feet_air_time: 0.0035
             Episode_Reward/under_speed: -0.0063
               Episode_Reward/feet_slip: -0.0002
          Episode_Reward/feet_clearance: -0.0006
               Episode_Reward/lin_vel_z: -0.0015
              Episode_Reward/ang_vel_xy: -0.0307
             Episode_Reward/base_height: -0.0794
             Episode_Reward/orientation: -0.0406
                    Episode_Reward/pose: -0.0007
             Episode_Reward/action_rate: -0.0030
              Episode_Reward/action_acc: -0.0089
           Episode_Termination/time_out: 0.0000
    Episode_Termination/bad_orientation: 1.8824
--------------------------------------------------------------------------------
                         Iteration time: 0.48s
                           Time elapsed: 00:00:34
                                    ETA: 00:02:09

################################################################################
[1m                           Learning iteration 73/350                            [0m 

                            Total steps: 909312 
                       Steps per second: 25501 
                        Collection time: 0.418s 
                          Learning time: 0.064s 
                        Mean value loss: 0.0595
                    Mean surrogate loss: -0.0089
                      Mean entropy loss: 6.1869
                            Mean reward: 0.96
                    Mean episode length: 70.75
                        Mean action std: 0.45
                reward/tracking_lin_vel: 1.0372
                reward/tracking_ang_vel: 0.1278
                      reward/feet_phase: 0.2445
             reward/feet_phase_contrast: 0.4632
             reward/feet_contact_number: 0.4651
                   reward/feet_air_time: 0.0079
                     reward/under_speed: -0.1741
                       reward/feet_slip: -0.0015
                  reward/feet_clearance: -0.0063
                       reward/lin_vel_z: -0.0043
                      reward/ang_vel_xy: -0.1039
                     reward/base_height: -0.1878
                     reward/orientation: -0.1255
                            reward/pose: -0.0122
                     reward/action_rate: -0.0513
                      reward/action_acc: -0.1547
             Metrics/twist/error_vel_xy: 0.2896
            Metrics/twist/error_vel_yaw: 0.2533
        Episode_Reward/tracking_lin_vel: 0.0573
        Episode_Reward/tracking_ang_vel: 0.0063
              Episode_Reward/feet_phase: 0.0346
     Episode_Reward/feet_phase_contrast: 0.0545
     Episode_Reward/feet_contact_number: 0.0300
           Episode_Reward/feet_air_time: 0.0019
             Episode_Reward/under_speed: -0.0074
               Episode_Reward/feet_slip: -0.0003
          Episode_Reward/feet_clearance: -0.0007
               Episode_Reward/lin_vel_z: -0.0016
              Episode_Reward/ang_vel_xy: -0.0285
             Episode_Reward/base_height: -0.0817
             Episode_Reward/orientation: -0.0433
                    Episode_Reward/pose: -0.0008
             Episode_Reward/action_rate: -0.0034
              Episode_Reward/action_acc: -0.0101
           Episode_Termination/time_out: 0.0000
    Episode_Termination/bad_orientation: 1.6471
--------------------------------------------------------------------------------
                         Iteration time: 0.48s
                           Time elapsed: 00:00:34
                                    ETA: 00:02:09

################################################################################
[1m                           Learning iteration 74/350                            [0m 

                            Total steps: 921600 
                       Steps per second: 25529 
                        Collection time: 0.417s 
                          Learning time: 0.064s 
                        Mean value loss: 0.0573
                    Mean surrogate loss: -0.0077
                      Mean entropy loss: 6.1796
                            Mean reward: 1.15
                    Mean episode length: 79.96
                        Mean action std: 0.45
                reward/tracking_lin_vel: 1.0484
                reward/tracking_ang_vel: 0.1283
                      reward/feet_phase: 0.2814
             reward/feet_phase_contrast: 0.4456
             reward/feet_contact_number: 0.4633
                   reward/feet_air_time: 0.0043
                     reward/under_speed: -0.1768
                       reward/feet_slip: -0.0013
                  reward/feet_clearance: -0.0060
                       reward/lin_vel_z: -0.0029
                      reward/ang_vel_xy: -0.0843
                     reward/base_height: -0.1102
                     reward/orientation: -0.0890
                            reward/pose: -0.0114
                     reward/action_rate: -0.0511
                      reward/action_acc: -0.1537
             Metrics/twist/error_vel_xy: 0.3224
            Metrics/twist/error_vel_yaw: 0.2488
        Episode_Reward/tracking_lin_vel: 0.1539
        Episode_Reward/tracking_ang_vel: 0.0180
              Episode_Reward/feet_phase: 0.0630
     Episode_Reward/feet_phase_contrast: 0.1043
     Episode_Reward/feet_contact_number: 0.0690
           Episode_Reward/feet_air_time: 0.0039
             Episode_Reward/under_speed: -0.0220
               Episode_Reward/feet_slip: -0.0004
          Episode_Reward/feet_clearance: -0.0012
               Episode_Reward/lin_vel_z: -0.0017
              Episode_Reward/ang_vel_xy: -0.0333
             Episode_Reward/base_height: -0.0790
             Episode_Reward/orientation: -0.0464
                    Episode_Reward/pose: -0.0027
             Episode_Reward/action_rate: -0.0077
              Episode_Reward/action_acc: -0.0231
           Episode_Termination/time_out: 0.0833
    Episode_Termination/bad_orientation: 1.3333
--------------------------------------------------------------------------------
                         Iteration time: 0.48s
                           Time elapsed: 00:00:35
                                    ETA: 00:02:08

################################################################################
[1m                           Learning iteration 75/350                            [0m 

                            Total steps: 933888 
                       Steps per second: 26444 
                        Collection time: 0.399s 
                          Learning time: 0.065s 
                        Mean value loss: 0.0375
                    Mean surrogate loss: -0.0079
                      Mean entropy loss: 6.1638
                            Mean reward: 1.12
                    Mean episode length: 79.28
                        Mean action std: 0.45
                reward/tracking_lin_vel: 1.0489
                reward/tracking_ang_vel: 0.1303
                      reward/feet_phase: 0.2853
             reward/feet_phase_contrast: 0.4441
             reward/feet_contact_number: 0.4625
                   reward/feet_air_time: 0.0026
                     reward/under_speed: -0.1772
                       reward/feet_slip: -0.0013
                  reward/feet_clearance: -0.0061
                       reward/lin_vel_z: -0.0030
                      reward/ang_vel_xy: -0.0793
                     reward/base_height: -0.0934
                     reward/orientation: -0.0857
                            reward/pose: -0.0108
                     reward/action_rate: -0.0506
                      reward/action_acc: -0.1520
             Metrics/twist/error_vel_xy: 0.2323
            Metrics/twist/error_vel_yaw: 0.2201
        Episode_Reward/tracking_lin_vel: 0.0751
        Episode_Reward/tracking_ang_vel: 0.0072
              Episode_Reward/feet_phase: 0.0509
     Episode_Reward/feet_phase_contrast: 0.0794
     Episode_Reward/feet_contact_number: 0.0305
           Episode_Reward/feet_air_time: 0.0072
             Episode_Reward/under_speed: -0.0058
               Episode_Reward/feet_slip: -0.0003
          Episode_Reward/feet_clearance: -0.0009
               Episode_Reward/lin_vel_z: -0.0021
              Episode_Reward/ang_vel_xy: -0.0291
             Episode_Reward/base_height: -0.0775
             Episode_Reward/orientation: -0.0440
                    Episode_Reward/pose: -0.0010
             Episode_Reward/action_rate: -0.0036
              Episode_Reward/action_acc: -0.0108
           Episode_Termination/time_out: 0.0000
    Episode_Termination/bad_orientation: 1.0909
--------------------------------------------------------------------------------
                         Iteration time: 0.46s
                           Time elapsed: 00:00:35
                                    ETA: 00:02:08

################################################################################
[1m                           Learning iteration 76/350                            [0m 

                            Total steps: 946176 
                       Steps per second: 25701 
                        Collection time: 0.413s 
                          Learning time: 0.065s 
                        Mean value loss: 0.0403
                    Mean surrogate loss: -0.0067
                      Mean entropy loss: 6.1457
                            Mean reward: 2.83
                    Mean episode length: 124.80
                        Mean action std: 0.45
                reward/tracking_lin_vel: 1.0519
                reward/tracking_ang_vel: 0.1284
                      reward/feet_phase: 0.2302
             reward/feet_phase_contrast: 0.4484
             reward/feet_contact_number: 0.4655
                   reward/feet_air_time: 0.0035
                     reward/under_speed: -0.1787
                       reward/feet_slip: -0.0013
                  reward/feet_clearance: -0.0061
                       reward/lin_vel_z: -0.0026
                      reward/ang_vel_xy: -0.0768
                     reward/base_height: -0.0849
                     reward/orientation: -0.0748
                            reward/pose: -0.0104
                     reward/action_rate: -0.0511
                      reward/action_acc: -0.1536
             Metrics/twist/error_vel_xy: 0.4351
            Metrics/twist/error_vel_yaw: 0.3432
        Episode_Reward/tracking_lin_vel: 0.3558
        Episode_Reward/tracking_ang_vel: 0.0442
              Episode_Reward/feet_phase: 0.1104
     Episode_Reward/feet_phase_contrast: 0.1870
     Episode_Reward/feet_contact_number: 0.1618
           Episode_Reward/feet_air_time: 0.0023
             Episode_Reward/under_speed: -0.0593
               Episode_Reward/feet_slip: -0.0005
          Episode_Reward/feet_clearance: -0.0020
               Episode_Reward/lin_vel_z: -0.0016
              Episode_Reward/ang_vel_xy: -0.0396
             Episode_Reward/base_height: -0.0645
             Episode_Reward/orientation: -0.0449
                    Episode_Reward/pose: -0.0063
             Episode_Reward/action_rate: -0.0179
              Episode_Reward/action_acc: -0.0536
           Episode_Termination/time_out: 0.3571
    Episode_Termination/bad_orientation: 0.9286
--------------------------------------------------------------------------------
                         Iteration time: 0.48s
                           Time elapsed: 00:00:36
                                    ETA: 00:02:07

################################################################################
[1m                           Learning iteration 77/350                            [0m 

                            Total steps: 958464 
                       Steps per second: 26087 
                        Collection time: 0.407s 
                          Learning time: 0.064s 
                        Mean value loss: 0.0343
                    Mean surrogate loss: -0.0079
                      Mean entropy loss: 6.1304
                            Mean reward: 3.23
                    Mean episode length: 133.66
                        Mean action std: 0.45
                reward/tracking_lin_vel: 1.0560
                reward/tracking_ang_vel: 0.1301
                      reward/feet_phase: 0.2285
             reward/feet_phase_contrast: 0.4300
             reward/feet_contact_number: 0.4641
                   reward/feet_air_time: 0.0028
                     reward/under_speed: -0.1788
                       reward/feet_slip: -0.0012
                  reward/feet_clearance: -0.0059
                       reward/lin_vel_z: -0.0021
                      reward/ang_vel_xy: -0.0708
                     reward/base_height: -0.0580
                     reward/orientation: -0.0661
                            reward/pose: -0.0103
                     reward/action_rate: -0.0511
                      reward/action_acc: -0.1540
--------------------------------------------------------------------------------
                         Iteration time: 0.47s
                           Time elapsed: 00:00:36
                                    ETA: 00:02:07

################################################################################
[1m                           Learning iteration 78/350                            [0m 

                            Total steps: 970752 
                       Steps per second: 25615 
                        Collection time: 0.415s 
                          Learning time: 0.065s 
                        Mean value loss: 0.0368
                    Mean surrogate loss: -0.0099
                      Mean entropy loss: 6.0955
                            Mean reward: 3.33
                    Mean episode length: 136.93
                        Mean action std: 0.44
                reward/tracking_lin_vel: 1.0606
                reward/tracking_ang_vel: 0.1299
                      reward/feet_phase: 0.3030
             reward/feet_phase_contrast: 0.4407
             reward/feet_contact_number: 0.4660
                   reward/feet_air_time: 0.0014
                     reward/under_speed: -0.1792
                       reward/feet_slip: -0.0012
                  reward/feet_clearance: -0.0060
                       reward/lin_vel_z: -0.0023
                      reward/ang_vel_xy: -0.0707
                     reward/base_height: -0.0788
                     reward/orientation: -0.0698
                            reward/pose: -0.0105
                     reward/action_rate: -0.0513
                      reward/action_acc: -0.1544
--------------------------------------------------------------------------------
                         Iteration time: 0.48s
                           Time elapsed: 00:00:36
                                    ETA: 00:02:06

################################################################################
[1m                           Learning iteration 79/350                            [0m 

                            Total steps: 983040 
                       Steps per second: 26477 
                        Collection time: 0.401s 
                          Learning time: 0.063s 
                        Mean value loss: 0.0272
                    Mean surrogate loss: -0.0096
                      Mean entropy loss: 6.0674
                            Mean reward: 3.38
                    Mean episode length: 138.14
                        Mean action std: 0.44
                reward/tracking_lin_vel: 1.0524
                reward/tracking_ang_vel: 0.1318
                      reward/feet_phase: 0.2297
             reward/feet_phase_contrast: 0.4078
             reward/feet_contact_number: 0.4661
                   reward/feet_air_time: 0.0021
                     reward/under_speed: -0.1815
                       reward/feet_slip: -0.0012
                  reward/feet_clearance: -0.0058
                       reward/lin_vel_z: -0.0016
                      reward/ang_vel_xy: -0.0630
                     reward/base_height: -0.0500
                     reward/orientation: -0.0591
                            reward/pose: -0.0102
                     reward/action_rate: -0.0503
                      reward/action_acc: -0.1515
             Metrics/twist/error_vel_xy: 0.2047
            Metrics/twist/error_vel_yaw: 0.1557
        Episode_Reward/tracking_lin_vel: 0.0545
        Episode_Reward/tracking_ang_vel: 0.0058
              Episode_Reward/feet_phase: 0.0311
     Episode_Reward/feet_phase_contrast: 0.0490
     Episode_Reward/feet_contact_number: 0.0284
           Episode_Reward/feet_air_time: 0.0010
             Episode_Reward/under_speed: -0.0064
               Episode_Reward/feet_slip: -0.0002
          Episode_Reward/feet_clearance: -0.0005
               Episode_Reward/lin_vel_z: -0.0011
              Episode_Reward/ang_vel_xy: -0.0301
             Episode_Reward/base_height: -0.0805
             Episode_Reward/orientation: -0.0417
                    Episode_Reward/pose: -0.0007
             Episode_Reward/action_rate: -0.0032
              Episode_Reward/action_acc: -0.0095
           Episode_Termination/time_out: 0.0000
    Episode_Termination/bad_orientation: 1.0000
--------------------------------------------------------------------------------
                         Iteration time: 0.46s
                           Time elapsed: 00:00:37
                                    ETA: 00:02:06

################################################################################
[1m                           Learning iteration 80/350                            [0m 

                            Total steps: 995328 
                       Steps per second: 25937 
                        Collection time: 0.410s 
                          Learning time: 0.064s 
                        Mean value loss: 0.0249
                    Mean surrogate loss: -0.0103
                      Mean entropy loss: 6.0415
                            Mean reward: 4.19
                    Mean episode length: 156.86
                        Mean action std: 0.44
                reward/tracking_lin_vel: 1.0589
                reward/tracking_ang_vel: 0.1315
                      reward/feet_phase: 0.2060
             reward/feet_phase_contrast: 0.4173
             reward/feet_contact_number: 0.4620
                   reward/feet_air_time: 0.0033
                     reward/under_speed: -0.1812
                       reward/feet_slip: -0.0012
                  reward/feet_clearance: -0.0058
                       reward/lin_vel_z: -0.0018
                      reward/ang_vel_xy: -0.0635
                     reward/base_height: -0.0503
                     reward/orientation: -0.0574
                            reward/pose: -0.0102
                     reward/action_rate: -0.0500
                      reward/action_acc: -0.1503
--------------------------------------------------------------------------------
                         Iteration time: 0.47s
                           Time elapsed: 00:00:37
                                    ETA: 00:02:05

################################################################################
[1m                           Learning iteration 81/350                            [0m 

                            Total steps: 1007616 
                       Steps per second: 26375 
                        Collection time: 0.403s 
                          Learning time: 0.063s 
                        Mean value loss: 0.0244
                    Mean surrogate loss: -0.0098
                      Mean entropy loss: 6.0168
                            Mean reward: 4.20
                    Mean episode length: 157.00
                        Mean action std: 0.44
                reward/tracking_lin_vel: 1.0660
                reward/tracking_ang_vel: 0.1321
                      reward/feet_phase: 0.2595
             reward/feet_phase_contrast: 0.4326
             reward/feet_contact_number: 0.4666
                   reward/feet_air_time: 0.0001
                     reward/under_speed: -0.1808
                       reward/feet_slip: -0.0011
                  reward/feet_clearance: -0.0056
                       reward/lin_vel_z: -0.0015
                      reward/ang_vel_xy: -0.0586
                     reward/base_height: -0.0284
                     reward/orientation: -0.0491
                            reward/pose: -0.0103
                     reward/action_rate: -0.0499
                      reward/action_acc: -0.1500
--------------------------------------------------------------------------------
                         Iteration time: 0.47s
                           Time elapsed: 00:00:38
                                    ETA: 00:02:05

################################################################################
[1m                           Learning iteration 82/350                            [0m 

                            Total steps: 1019904 
                       Steps per second: 25220 
                        Collection time: 0.425s 
                          Learning time: 0.063s 
                        Mean value loss: 0.0358
                    Mean surrogate loss: -0.0084
                      Mean entropy loss: 5.9926
                            Mean reward: 4.56
                    Mean episode length: 165.72
                        Mean action std: 0.44
                reward/tracking_lin_vel: 1.0604
                reward/tracking_ang_vel: 0.1307
                      reward/feet_phase: 0.2738
             reward/feet_phase_contrast: 0.4105
             reward/feet_contact_number: 0.4641
                   reward/feet_air_time: 0.0003
                     reward/under_speed: -0.1820
                       reward/feet_slip: -0.0011
                  reward/feet_clearance: -0.0057
                       reward/lin_vel_z: -0.0015
                      reward/ang_vel_xy: -0.0581
                     reward/base_height: -0.0290
                     reward/orientation: -0.0497
                            reward/pose: -0.0100
                     reward/action_rate: -0.0505
                      reward/action_acc: -0.1520
--------------------------------------------------------------------------------
                         Iteration time: 0.49s
                           Time elapsed: 00:00:38
                                    ETA: 00:02:05

################################################################################
[1m                           Learning iteration 83/350                            [0m 

                            Total steps: 1032192 
                       Steps per second: 29459 
                        Collection time: 0.351s 
                          Learning time: 0.066s 
                        Mean value loss: 3.1532
                    Mean surrogate loss: -0.0101
                      Mean entropy loss: 5.9741
                            Mean reward: 5.48
                    Mean episode length: 193.98
                        Mean action std: 0.44
                reward/tracking_lin_vel: 0.6874
                reward/tracking_ang_vel: 0.1181
                      reward/feet_phase: 0.3201
             reward/feet_phase_contrast: 0.5996
             reward/feet_contact_number: 0.4505
                   reward/feet_air_time: 0.0548
                     reward/under_speed: -0.1449
                       reward/feet_slip: -0.0042
                  reward/feet_clearance: -0.0146
                       reward/lin_vel_z: -0.0129
                      reward/ang_vel_xy: -0.2595
                     reward/base_height: -0.0631
                     reward/orientation: -0.1612
                            reward/pose: -0.0115
                     reward/action_rate: -0.0516
                      reward/action_acc: -0.1541
--------------------------------------------------------------------------------
                         Iteration time: 0.42s
                           Time elapsed: 00:00:39
                                    ETA: 00:02:04

################################################################################
[1m                           Learning iteration 84/350                            [0m 

                            Total steps: 1044480 
                       Steps per second: 28821 
                        Collection time: 0.361s 
                          Learning time: 0.066s 
                        Mean value loss: 0.2072
                    Mean surrogate loss: -0.0101
                      Mean entropy loss: 5.9676
                            Mean reward: 11.05
                    Mean episode length: 382.12
                        Mean action std: 0.44
                reward/tracking_lin_vel: 0.7464
                reward/tracking_ang_vel: 0.1042
                      reward/feet_phase: 0.4431
             reward/feet_phase_contrast: 0.7856
             reward/feet_contact_number: 0.4480
                   reward/feet_air_time: 0.1368
                     reward/under_speed: -0.1173
                       reward/feet_slip: -0.0039
                  reward/feet_clearance: -0.0132
                       reward/lin_vel_z: -0.0350
                      reward/ang_vel_xy: -0.6777
                     reward/base_height: -1.8667
                     reward/orientation: -0.7850
                            reward/pose: -0.0139
                     reward/action_rate: -0.0512
                      reward/action_acc: -0.1511
             Metrics/twist/error_vel_xy: 0.3840
            Metrics/twist/error_vel_yaw: 0.2395
        Episode_Reward/tracking_lin_vel: 0.3873
        Episode_Reward/tracking_ang_vel: 0.0489
              Episode_Reward/feet_phase: 0.1060
     Episode_Reward/feet_phase_contrast: 0.1828
     Episode_Reward/feet_contact_number: 0.1776
           Episode_Reward/feet_air_time: 0.0064
             Episode_Reward/under_speed: -0.0663
               Episode_Reward/feet_slip: -0.0007
          Episode_Reward/feet_clearance: -0.0028
               Episode_Reward/lin_vel_z: -0.0025
              Episode_Reward/ang_vel_xy: -0.0538
             Episode_Reward/base_height: -0.0797
             Episode_Reward/orientation: -0.0487
                    Episode_Reward/pose: -0.0045
             Episode_Reward/action_rate: -0.0197
              Episode_Reward/action_acc: -0.0592
           Episode_Termination/time_out: 0.0000
    Episode_Termination/bad_orientation: 11.7826
--------------------------------------------------------------------------------
                         Iteration time: 0.43s
                           Time elapsed: 00:00:39
                                    ETA: 00:02:03

################################################################################
[1m                           Learning iteration 85/350                            [0m 

                            Total steps: 1056768 
                       Steps per second: 28363 
                        Collection time: 0.369s 
                          Learning time: 0.064s 
                        Mean value loss: 0.1887
                    Mean surrogate loss: -0.0081
                      Mean entropy loss: 5.9663
                            Mean reward: 12.05
                    Mean episode length: 401.79
                        Mean action std: 0.44
                reward/tracking_lin_vel: 1.1098
                reward/tracking_ang_vel: 0.1202
                      reward/feet_phase: 0.5749
             reward/feet_phase_contrast: 0.8376
             reward/feet_contact_number: 0.4602
                   reward/feet_air_time: 0.0243
                     reward/under_speed: -0.1304
                       reward/feet_slip: -0.0025
                  reward/feet_clearance: -0.0092
                       reward/lin_vel_z: -0.0109
                      reward/ang_vel_xy: -0.2460
                     reward/base_height: -0.6210
                     reward/orientation: -0.3055
                            reward/pose: -0.0113
                     reward/action_rate: -0.0512
                      reward/action_acc: -0.1525
             Metrics/twist/error_vel_xy: 0.4395
            Metrics/twist/error_vel_yaw: 0.3021
        Episode_Reward/tracking_lin_vel: 0.4052
        Episode_Reward/tracking_ang_vel: 0.0502
              Episode_Reward/feet_phase: 0.1116
     Episode_Reward/feet_phase_contrast: 0.1917
     Episode_Reward/feet_contact_number: 0.1828
           Episode_Reward/feet_air_time: 0.0064
             Episode_Reward/under_speed: -0.0679
               Episode_Reward/feet_slip: -0.0007
          Episode_Reward/feet_clearance: -0.0030
               Episode_Reward/lin_vel_z: -0.0018
              Episode_Reward/ang_vel_xy: -0.0492
             Episode_Reward/base_height: -0.0925
             Episode_Reward/orientation: -0.0561
                    Episode_Reward/pose: -0.0051
             Episode_Reward/action_rate: -0.0203
              Episode_Reward/action_acc: -0.0613
           Episode_Termination/time_out: 0.0000
    Episode_Termination/bad_orientation: 4.5652
--------------------------------------------------------------------------------
                         Iteration time: 0.43s
                           Time elapsed: 00:00:40
                                    ETA: 00:02:03

################################################################################
[1m                           Learning iteration 86/350                            [0m 

                            Total steps: 1069056 
                       Steps per second: 27093 
                        Collection time: 0.388s 
                          Learning time: 0.066s 
                        Mean value loss: 0.1233
                    Mean surrogate loss: -0.0088
                      Mean entropy loss: 5.9658
                            Mean reward: 3.66
                    Mean episode length: 152.15
                        Mean action std: 0.44
                reward/tracking_lin_vel: 1.0228
                reward/tracking_ang_vel: 0.1226
                      reward/feet_phase: 0.4003
             reward/feet_phase_contrast: 0.6674
             reward/feet_contact_number: 0.4543
                   reward/feet_air_time: 0.0190
                     reward/under_speed: -0.1461
                       reward/feet_slip: -0.0026
                  reward/feet_clearance: -0.0082
                       reward/lin_vel_z: -0.0118
                      reward/ang_vel_xy: -0.2321
                     reward/base_height: -0.5270
                     reward/orientation: -0.3098
                            reward/pose: -0.0121
                     reward/action_rate: -0.0512
                      reward/action_acc: -0.1525
             Metrics/twist/error_vel_xy: 0.2847
            Metrics/twist/error_vel_yaw: 0.1977
        Episode_Reward/tracking_lin_vel: 0.0949
        Episode_Reward/tracking_ang_vel: 0.0113
              Episode_Reward/feet_phase: 0.0430
     Episode_Reward/feet_phase_contrast: 0.0707
     Episode_Reward/feet_contact_number: 0.0442
           Episode_Reward/feet_air_time: 0.0022
             Episode_Reward/under_speed: -0.0125
               Episode_Reward/feet_slip: -0.0003
          Episode_Reward/feet_clearance: -0.0008
               Episode_Reward/lin_vel_z: -0.0016
              Episode_Reward/ang_vel_xy: -0.0327
             Episode_Reward/base_height: -0.0784
             Episode_Reward/orientation: -0.0415
                    Episode_Reward/pose: -0.0012
             Episode_Reward/action_rate: -0.0050
              Episode_Reward/action_acc: -0.0148
           Episode_Termination/time_out: 0.0435
    Episode_Termination/bad_orientation: 3.3913
--------------------------------------------------------------------------------
                         Iteration time: 0.45s
                           Time elapsed: 00:00:40
                                    ETA: 00:02:02

################################################################################
[1m                           Learning iteration 87/350                            [0m 

                            Total steps: 1081344 
                       Steps per second: 25797 
                        Collection time: 0.411s 
                          Learning time: 0.066s 
                        Mean value loss: 0.1179
                    Mean surrogate loss: -0.0108
                      Mean entropy loss: 5.9586
                            Mean reward: 1.10
                    Mean episode length: 68.52
                        Mean action std: 0.44
                reward/tracking_lin_vel: 1.0373
                reward/tracking_ang_vel: 0.1277
                      reward/feet_phase: 0.3348
             reward/feet_phase_contrast: 0.6057
             reward/feet_contact_number: 0.4663
                   reward/feet_air_time: 0.0118
                     reward/under_speed: -0.1550
                       reward/feet_slip: -0.0021
                  reward/feet_clearance: -0.0075
                       reward/lin_vel_z: -0.0096
                      reward/ang_vel_xy: -0.1927
                     reward/base_height: -0.4093
                     reward/orientation: -0.2352
                            reward/pose: -0.0104
                     reward/action_rate: -0.0514
                      reward/action_acc: -0.1538
             Metrics/twist/error_vel_xy: 0.2641
            Metrics/twist/error_vel_yaw: 0.2101
        Episode_Reward/tracking_lin_vel: 0.0701
        Episode_Reward/tracking_ang_vel: 0.0074
              Episode_Reward/feet_phase: 0.0437
     Episode_Reward/feet_phase_contrast: 0.0685
     Episode_Reward/feet_contact_number: 0.0305
           Episode_Reward/feet_air_time: 0.0028
             Episode_Reward/under_speed: -0.0060
               Episode_Reward/feet_slip: -0.0003
          Episode_Reward/feet_clearance: -0.0007
               Episode_Reward/lin_vel_z: -0.0017
              Episode_Reward/ang_vel_xy: -0.0298
             Episode_Reward/base_height: -0.0724
             Episode_Reward/orientation: -0.0418
                    Episode_Reward/pose: -0.0008
             Episode_Reward/action_rate: -0.0035
              Episode_Reward/action_acc: -0.0102
           Episode_Termination/time_out: 0.0000
    Episode_Termination/bad_orientation: 3.3810
--------------------------------------------------------------------------------
                         Iteration time: 0.48s
                           Time elapsed: 00:00:41
                                    ETA: 00:02:02

################################################################################
[1m                           Learning iteration 88/350                            [0m 

                            Total steps: 1093632 
                       Steps per second: 26087 
                        Collection time: 0.407s 
                          Learning time: 0.064s 
                        Mean value loss: 0.0770
                    Mean surrogate loss: -0.0100
                      Mean entropy loss: 5.9457
                            Mean reward: 0.84
                    Mean episode length: 61.09
                        Mean action std: 0.44
                reward/tracking_lin_vel: 1.0595
                reward/tracking_ang_vel: 0.1279
                      reward/feet_phase: 0.3299
             reward/feet_phase_contrast: 0.5567
             reward/feet_contact_number: 0.4628
                   reward/feet_air_time: 0.0070
                     reward/under_speed: -0.1618
                       reward/feet_slip: -0.0019
                  reward/feet_clearance: -0.0070
                       reward/lin_vel_z: -0.0067
                      reward/ang_vel_xy: -0.1455
                     reward/base_height: -0.2797
                     reward/orientation: -0.1714
                            reward/pose: -0.0103
                     reward/action_rate: -0.0510
                      reward/action_acc: -0.1527
             Metrics/twist/error_vel_xy: 0.2923
            Metrics/twist/error_vel_yaw: 0.1959
        Episode_Reward/tracking_lin_vel: 0.0600
        Episode_Reward/tracking_ang_vel: 0.0072
              Episode_Reward/feet_phase: 0.0368
     Episode_Reward/feet_phase_contrast: 0.0598
     Episode_Reward/feet_contact_number: 0.0288
           Episode_Reward/feet_air_time: 0.0016
             Episode_Reward/under_speed: -0.0064
               Episode_Reward/feet_slip: -0.0003
          Episode_Reward/feet_clearance: -0.0006
               Episode_Reward/lin_vel_z: -0.0015
              Episode_Reward/ang_vel_xy: -0.0297
             Episode_Reward/base_height: -0.0761
             Episode_Reward/orientation: -0.0416
                    Episode_Reward/pose: -0.0006
             Episode_Reward/action_rate: -0.0032
              Episode_Reward/action_acc: -0.0095
           Episode_Termination/time_out: 0.0000
    Episode_Termination/bad_orientation: 2.4000
--------------------------------------------------------------------------------
                         Iteration time: 0.47s
                           Time elapsed: 00:00:41
                                    ETA: 00:02:01

################################################################################
[1m                           Learning iteration 89/350                            [0m 

                            Total steps: 1105920 
                       Steps per second: 25271 
                        Collection time: 0.421s 
                          Learning time: 0.065s 
                        Mean value loss: 0.0579
                    Mean surrogate loss: -0.0109
                      Mean entropy loss: 5.9177
                            Mean reward: 1.42
                    Mean episode length: 71.21
                        Mean action std: 0.44
                reward/tracking_lin_vel: 1.0438
                reward/tracking_ang_vel: 0.1299
                      reward/feet_phase: 0.3432
             reward/feet_phase_contrast: 0.5053
             reward/feet_contact_number: 0.4631
                   reward/feet_air_time: 0.0014
                     reward/under_speed: -0.1699
                       reward/feet_slip: -0.0016
                  reward/feet_clearance: -0.0065
                       reward/lin_vel_z: -0.0055
                      reward/ang_vel_xy: -0.1168
                     reward/base_height: -0.1880
                     reward/orientation: -0.1298
                            reward/pose: -0.0100
                     reward/action_rate: -0.0509
                      reward/action_acc: -0.1526
--------------------------------------------------------------------------------
                         Iteration time: 0.49s
                           Time elapsed: 00:00:42
                                    ETA: 00:02:01

################################################################################
[1m                           Learning iteration 90/350                            [0m 

                            Total steps: 1118208 
                       Steps per second: 25940 
                        Collection time: 0.410s 
                          Learning time: 0.064s 
                        Mean value loss: 0.0469
                    Mean surrogate loss: -0.0098
                      Mean entropy loss: 5.9048
                            Mean reward: 1.33
                    Mean episode length: 71.88
                        Mean action std: 0.44
                reward/tracking_lin_vel: 1.0611
                reward/tracking_ang_vel: 0.1301
                      reward/feet_phase: 0.2632
             reward/feet_phase_contrast: 0.4932
             reward/feet_contact_number: 0.4595
                   reward/feet_air_time: 0.0020
                     reward/under_speed: -0.1746
                       reward/feet_slip: -0.0014
                  reward/feet_clearance: -0.0063
                       reward/lin_vel_z: -0.0032
                      reward/ang_vel_xy: -0.0866
                     reward/base_height: -0.1010
                     reward/orientation: -0.0877
                            reward/pose: -0.0098
                     reward/action_rate: -0.0507
                      reward/action_acc: -0.1520
             Metrics/twist/error_vel_xy: 0.2756
            Metrics/twist/error_vel_yaw: 0.1818
        Episode_Reward/tracking_lin_vel: 0.0580
        Episode_Reward/tracking_ang_vel: 0.0074
              Episode_Reward/feet_phase: 0.0365
     Episode_Reward/feet_phase_contrast: 0.0579
     Episode_Reward/feet_contact_number: 0.0296
           Episode_Reward/feet_air_time: 0.0010
             Episode_Reward/under_speed: -0.0073
               Episode_Reward/feet_slip: -0.0003
          Episode_Reward/feet_clearance: -0.0006
               Episode_Reward/lin_vel_z: -0.0015
              Episode_Reward/ang_vel_xy: -0.0297
             Episode_Reward/base_height: -0.0733
             Episode_Reward/orientation: -0.0404
                    Episode_Reward/pose: -0.0005
             Episode_Reward/action_rate: -0.0034
              Episode_Reward/action_acc: -0.0101
           Episode_Termination/time_out: 0.0000
    Episode_Termination/bad_orientation: 1.5455
--------------------------------------------------------------------------------
                         Iteration time: 0.47s
                           Time elapsed: 00:00:42
                                    ETA: 00:02:00

################################################################################
[1m                           Learning iteration 91/350                            [0m 

                            Total steps: 1130496 
                       Steps per second: 26829 
                        Collection time: 0.392s 
                          Learning time: 0.066s 
                        Mean value loss: 0.0365
                    Mean surrogate loss: -0.0070
                      Mean entropy loss: 5.8885
                            Mean reward: 1.71
                    Mean episode length: 81.03
                        Mean action std: 0.44
                reward/tracking_lin_vel: 1.0506
                reward/tracking_ang_vel: 0.1326
                      reward/feet_phase: 0.2371
             reward/feet_phase_contrast: 0.4517
             reward/feet_contact_number: 0.4648
                   reward/feet_air_time: 0.0018
                     reward/under_speed: -0.1773
                       reward/feet_slip: -0.0013
                  reward/feet_clearance: -0.0061
                       reward/lin_vel_z: -0.0028
                      reward/ang_vel_xy: -0.0845
                     reward/base_height: -0.0893
                     reward/orientation: -0.0809
                            reward/pose: -0.0096
                     reward/action_rate: -0.0508
                      reward/action_acc: -0.1525
--------------------------------------------------------------------------------
                         Iteration time: 0.46s
                           Time elapsed: 00:00:42
                                    ETA: 00:02:00

################################################################################
[1m                           Learning iteration 92/350                            [0m 

                            Total steps: 1142784 
                       Steps per second: 25060 
                        Collection time: 0.422s 
                          Learning time: 0.069s 
                        Mean value loss: 0.0344
                    Mean surrogate loss: -0.0075
                      Mean entropy loss: 5.8771
                            Mean reward: 3.01
                    Mean episode length: 111.97
                        Mean action std: 0.44
                reward/tracking_lin_vel: 1.0427
                reward/tracking_ang_vel: 0.1326
                      reward/feet_phase: 0.2771
             reward/feet_phase_contrast: 0.4259
             reward/feet_contact_number: 0.4665
                   reward/feet_air_time: 0.0005
                     reward/under_speed: -0.1798
                       reward/feet_slip: -0.0012
                  reward/feet_clearance: -0.0060
                       reward/lin_vel_z: -0.0024
                      reward/ang_vel_xy: -0.0748
                     reward/base_height: -0.0653
                     reward/orientation: -0.0657
                            reward/pose: -0.0090
                     reward/action_rate: -0.0507
                      reward/action_acc: -0.1516
--------------------------------------------------------------------------------
                         Iteration time: 0.49s
                           Time elapsed: 00:00:43
                                    ETA: 00:02:00

################################################################################
[1m                           Learning iteration 93/350                            [0m 

                            Total steps: 1155072 
                       Steps per second: 22066 
                        Collection time: 0.490s 
                          Learning time: 0.067s 
                        Mean value loss: 0.0291
                    Mean surrogate loss: -0.0087
                      Mean entropy loss: 5.8470
                            Mean reward: 5.16
                    Mean episode length: 167.33
                        Mean action std: 0.43
                reward/tracking_lin_vel: 1.0629
                reward/tracking_ang_vel: 0.1315
                      reward/feet_phase: 0.2855
             reward/feet_phase_contrast: 0.4600
             reward/feet_contact_number: 0.4652
                   reward/feet_air_time: 0.0011
                     reward/under_speed: -0.1779
                       reward/feet_slip: -0.0013
                  reward/feet_clearance: -0.0060
                       reward/lin_vel_z: -0.0023
                      reward/ang_vel_xy: -0.0738
                     reward/base_height: -0.0573
                     reward/orientation: -0.0578
                            reward/pose: -0.0088
                     reward/action_rate: -0.0501
                      reward/action_acc: -0.1492
             Metrics/twist/error_vel_xy: 0.4193
            Metrics/twist/error_vel_yaw: 0.2990
        Episode_Reward/tracking_lin_vel: 0.4744
        Episode_Reward/tracking_ang_vel: 0.0580
              Episode_Reward/feet_phase: 0.1331
     Episode_Reward/feet_phase_contrast: 0.2310
     Episode_Reward/feet_contact_number: 0.2077
           Episode_Reward/feet_air_time: 0.0012
             Episode_Reward/under_speed: -0.0771
               Episode_Reward/feet_slip: -0.0007
          Episode_Reward/feet_clearance: -0.0032
               Episode_Reward/lin_vel_z: -0.0016
              Episode_Reward/ang_vel_xy: -0.0450
             Episode_Reward/base_height: -0.0496
             Episode_Reward/orientation: -0.0424
                    Episode_Reward/pose: -0.0051
             Episode_Reward/action_rate: -0.0228
              Episode_Reward/action_acc: -0.0684
           Episode_Termination/time_out: 0.5000
    Episode_Termination/bad_orientation: 0.8333
--------------------------------------------------------------------------------
                         Iteration time: 0.56s
                           Time elapsed: 00:00:44
                                    ETA: 00:01:59

################################################################################
[1m                           Learning iteration 94/350                            [0m 

                            Total steps: 1167360 
                       Steps per second: 22760 
                        Collection time: 0.465s 
                          Learning time: 0.074s 
                        Mean value loss: 0.0351
                    Mean surrogate loss: -0.0063
                      Mean entropy loss: 5.8279
                            Mean reward: 5.81
                    Mean episode length: 184.97
                        Mean action std: 0.43
                reward/tracking_lin_vel: 1.0595
                reward/tracking_ang_vel: 0.1315
                      reward/feet_phase: 0.2196
             reward/feet_phase_contrast: 0.4378
             reward/feet_contact_number: 0.4689
                   reward/feet_air_time: 0.0000
                     reward/under_speed: -0.1797
                       reward/feet_slip: -0.0012
                  reward/feet_clearance: -0.0060
                       reward/lin_vel_z: -0.0016
                      reward/ang_vel_xy: -0.0638
                     reward/base_height: -0.0255
                     reward/orientation: -0.0505
                            reward/pose: -0.0088
                     reward/action_rate: -0.0500
                      reward/action_acc: -0.1493
             Metrics/twist/error_vel_xy: 0.4771
            Metrics/twist/error_vel_yaw: 0.3300
        Episode_Reward/tracking_lin_vel: 0.5434
        Episode_Reward/tracking_ang_vel: 0.0674
              Episode_Reward/feet_phase: 0.1463
     Episode_Reward/feet_phase_contrast: 0.2476
     Episode_Reward/feet_contact_number: 0.2378
           Episode_Reward/feet_air_time: 0.0000
             Episode_Reward/under_speed: -0.0914
               Episode_Reward/feet_slip: -0.0006
          Episode_Reward/feet_clearance: -0.0031
               Episode_Reward/lin_vel_z: -0.0014
              Episode_Reward/ang_vel_xy: -0.0480
             Episode_Reward/base_height: -0.0478
             Episode_Reward/orientation: -0.0415
                    Episode_Reward/pose: -0.0072
             Episode_Reward/action_rate: -0.0270
              Episode_Reward/action_acc: -0.0814
           Episode_Termination/time_out: 0.6667
    Episode_Termination/bad_orientation: 0.6667
--------------------------------------------------------------------------------
                         Iteration time: 0.54s
                           Time elapsed: 00:00:44
                                    ETA: 00:01:59

################################################################################
[1m                           Learning iteration 95/350                            [0m 

                            Total steps: 1179648 
                       Steps per second: 25400 
                        Collection time: 0.421s 
                          Learning time: 0.063s 
                        Mean value loss: 0.0320
                    Mean surrogate loss: -0.0075
                      Mean entropy loss: 5.8181
                            Mean reward: 6.67
                    Mean episode length: 205.12
                        Mean action std: 0.43
                reward/tracking_lin_vel: 1.0543
                reward/tracking_ang_vel: 0.1326
                      reward/feet_phase: 0.2441
             reward/feet_phase_contrast: 0.4418
             reward/feet_contact_number: 0.4678
                   reward/feet_air_time: 0.0001
                     reward/under_speed: -0.1796
                       reward/feet_slip: -0.0013
                  reward/feet_clearance: -0.0059
                       reward/lin_vel_z: -0.0021
                      reward/ang_vel_xy: -0.0705
                     reward/base_height: -0.0467
                     reward/orientation: -0.0571
                            reward/pose: -0.0088
                     reward/action_rate: -0.0500
                      reward/action_acc: -0.1491
             Metrics/twist/error_vel_xy: 0.2063
            Metrics/twist/error_vel_yaw: 0.1742
        Episode_Reward/tracking_lin_vel: 0.1857
        Episode_Reward/tracking_ang_vel: 0.0201
              Episode_Reward/feet_phase: 0.0721
     Episode_Reward/feet_phase_contrast: 0.1216
     Episode_Reward/feet_contact_number: 0.0758
           Episode_Reward/feet_air_time: 0.0000
             Episode_Reward/under_speed: -0.0234
               Episode_Reward/feet_slip: -0.0004
          Episode_Reward/feet_clearance: -0.0013
               Episode_Reward/lin_vel_z: -0.0017
              Episode_Reward/ang_vel_xy: -0.0333
             Episode_Reward/base_height: -0.0572
             Episode_Reward/orientation: -0.0433
                    Episode_Reward/pose: -0.0016
             Episode_Reward/action_rate: -0.0086
              Episode_Reward/action_acc: -0.0255
           Episode_Termination/time_out: 0.2222
    Episode_Termination/bad_orientation: 1.0000
--------------------------------------------------------------------------------
                         Iteration time: 0.48s
                           Time elapsed: 00:00:45
                                    ETA: 00:01:59

################################################################################
[1m                           Learning iteration 96/350                            [0m 

                            Total steps: 1191936 
                       Steps per second: 25888 
                        Collection time: 0.410s 
                          Learning time: 0.065s 
                        Mean value loss: 0.0227
                    Mean surrogate loss: -0.0091
                      Mean entropy loss: 5.8024
                            Mean reward: 7.44
                    Mean episode length: 224.08
                        Mean action std: 0.43
                reward/tracking_lin_vel: 1.0626
                reward/tracking_ang_vel: 0.1326
                      reward/feet_phase: 0.3141
             reward/feet_phase_contrast: 0.4547
             reward/feet_contact_number: 0.4627
                   reward/feet_air_time: 0.0008
                     reward/under_speed: -0.1795
                       reward/feet_slip: -0.0012
                  reward/feet_clearance: -0.0059
                       reward/lin_vel_z: -0.0017
                      reward/ang_vel_xy: -0.0674
                     reward/base_height: -0.0343
                     reward/orientation: -0.0509
                            reward/pose: -0.0088
                     reward/action_rate: -0.0501
                      reward/action_acc: -0.1498
--------------------------------------------------------------------------------
                         Iteration time: 0.47s
                           Time elapsed: 00:00:45
                                    ETA: 00:01:58

################################################################################
[1m                           Learning iteration 97/350                            [0m 

                            Total steps: 1204224 
                       Steps per second: 25078 
                        Collection time: 0.426s 
                          Learning time: 0.064s 
                        Mean value loss: 0.0257
                    Mean surrogate loss: -0.0075
                      Mean entropy loss: 5.7897
                            Mean reward: 7.68
                    Mean episode length: 232.61
                        Mean action std: 0.43
                reward/tracking_lin_vel: 1.0559
                reward/tracking_ang_vel: 0.1334
                      reward/feet_phase: 0.2343
             reward/feet_phase_contrast: 0.4385
             reward/feet_contact_number: 0.4670
                   reward/feet_air_time: 0.0006
                     reward/under_speed: -0.1810
                       reward/feet_slip: -0.0013
                  reward/feet_clearance: -0.0060
                       reward/lin_vel_z: -0.0017
                      reward/ang_vel_xy: -0.0648
                     reward/base_height: -0.0328
                     reward/orientation: -0.0479
                            reward/pose: -0.0090
                     reward/action_rate: -0.0501
                      reward/action_acc: -0.1485
--------------------------------------------------------------------------------
                         Iteration time: 0.49s
                           Time elapsed: 00:00:45
                                    ETA: 00:01:58

################################################################################
[1m                           Learning iteration 98/350                            [0m 

                            Total steps: 1216512 
                       Steps per second: 26482 
                        Collection time: 0.400s 
                          Learning time: 0.064s 
                        Mean value loss: 0.0187
                    Mean surrogate loss: -0.0069
                      Mean entropy loss: 5.7753
                            Mean reward: 8.02
                    Mean episode length: 241.40
                        Mean action std: 0.43
                reward/tracking_lin_vel: 1.0628
                reward/tracking_ang_vel: 0.1333
                      reward/feet_phase: 0.2161
             reward/feet_phase_contrast: 0.4365
             reward/feet_contact_number: 0.4632
                   reward/feet_air_time: 0.0010
                     reward/under_speed: -0.1810
                       reward/feet_slip: -0.0012
                  reward/feet_clearance: -0.0059
                       reward/lin_vel_z: -0.0015
                      reward/ang_vel_xy: -0.0642
                     reward/base_height: -0.0312
                     reward/orientation: -0.0448
                            reward/pose: -0.0092
                     reward/action_rate: -0.0495
                      reward/action_acc: -0.1471
--------------------------------------------------------------------------------
                         Iteration time: 0.46s
                           Time elapsed: 00:00:46
                                    ETA: 00:01:57

################################################################################
[1m                           Learning iteration 99/350                            [0m 

                            Total steps: 1228800 
                       Steps per second: 26174 
                        Collection time: 0.403s 
                          Learning time: 0.067s 
                        Mean value loss: 2.5086
                    Mean surrogate loss: -0.0100
                      Mean entropy loss: 5.7449
                            Mean reward: 7.98
                    Mean episode length: 241.30
                        Mean action std: 0.43
                reward/tracking_lin_vel: 1.0577
                reward/tracking_ang_vel: 0.1337
                      reward/feet_phase: 0.2761
             reward/feet_phase_contrast: 0.4307
             reward/feet_contact_number: 0.4668
                   reward/feet_air_time: 0.0000
                     reward/under_speed: -0.1819
                       reward/feet_slip: -0.0012
                  reward/feet_clearance: -0.0059
                       reward/lin_vel_z: -0.0012
                      reward/ang_vel_xy: -0.0592
                     reward/base_height: -0.0162
                     reward/orientation: -0.0411
                            reward/pose: -0.0094
                     reward/action_rate: -0.0491
                      reward/action_acc: -0.1458
--------------------------------------------------------------------------------
                         Iteration time: 0.47s
                           Time elapsed: 00:00:46
                                    ETA: 00:01:57

################################################################################
[1m                           Learning iteration 100/350                           [0m 

                            Total steps: 1241088 
                       Steps per second: 34332 
                        Collection time: 0.294s 
                          Learning time: 0.064s 
                        Mean value loss: 0.4117
                    Mean surrogate loss: -0.0096
                      Mean entropy loss: 5.7484
                            Mean reward: 13.66
                    Mean episode length: 406.94
                        Mean action std: 0.43
                reward/tracking_lin_vel: 0.5104
                reward/tracking_ang_vel: 0.1055
                      reward/feet_phase: 0.4431
             reward/feet_phase_contrast: 0.7278
             reward/feet_contact_number: 0.4449
                   reward/feet_air_time: 0.1632
                     reward/under_speed: -0.1207
                       reward/feet_slip: -0.0050
                  reward/feet_clearance: -0.0179
                       reward/lin_vel_z: -0.0272
                      reward/ang_vel_xy: -0.5049
                     reward/base_height: -0.5002
                     reward/orientation: -0.4314
                            reward/pose: -0.0129
                     reward/action_rate: -0.0508
                      reward/action_acc: -0.1489
--------------------------------------------------------------------------------
                         Iteration time: 0.36s
                           Time elapsed: 00:00:47
                                    ETA: 00:01:56

################################################################################
[1m                           Learning iteration 101/350                           [0m 

                            Total steps: 1253376 
                       Steps per second: 30252 
                        Collection time: 0.343s 
                          Learning time: 0.064s 
                        Mean value loss: 0.2304
                    Mean surrogate loss: -0.0086
                      Mean entropy loss: 5.7480
                            Mean reward: 13.19
                    Mean episode length: 428.10
                        Mean action std: 0.43
                reward/tracking_lin_vel: 0.8842
                reward/tracking_ang_vel: 0.1104
                      reward/feet_phase: 0.4896
             reward/feet_phase_contrast: 0.8096
             reward/feet_contact_number: 0.4284
                   reward/feet_air_time: 0.0861
                     reward/under_speed: -0.1216
                       reward/feet_slip: -0.0035
                  reward/feet_clearance: -0.0142
                       reward/lin_vel_z: -0.0241
                      reward/ang_vel_xy: -0.5437
                     reward/base_height: -1.6037
                     reward/orientation: -0.6027
                            reward/pose: -0.0109
                     reward/action_rate: -0.0504
                      reward/action_acc: -0.1465
             Metrics/twist/error_vel_xy: 0.4080
            Metrics/twist/error_vel_yaw: 0.2604
        Episode_Reward/tracking_lin_vel: 0.4341
        Episode_Reward/tracking_ang_vel: 0.0545
              Episode_Reward/feet_phase: 0.1199
     Episode_Reward/feet_phase_contrast: 0.2030
     Episode_Reward/feet_contact_number: 0.1970
           Episode_Reward/feet_air_time: 0.0075
             Episode_Reward/under_speed: -0.0736
               Episode_Reward/feet_slip: -0.0007
          Episode_Reward/feet_clearance: -0.0031
               Episode_Reward/lin_vel_z: -0.0019
              Episode_Reward/ang_vel_xy: -0.0548
             Episode_Reward/base_height: -0.0874
             Episode_Reward/orientation: -0.0511
                    Episode_Reward/pose: -0.0044
             Episode_Reward/action_rate: -0.0215
              Episode_Reward/action_acc: -0.0642
           Episode_Termination/time_out: 0.0417
    Episode_Termination/bad_orientation: 11.2083
--------------------------------------------------------------------------------
                         Iteration time: 0.41s
                           Time elapsed: 00:00:47
                                    ETA: 00:01:55

################################################################################
[1m                           Learning iteration 102/350                           [0m 

                            Total steps: 1265664 
                       Steps per second: 27509 
                        Collection time: 0.383s 
                          Learning time: 0.063s 
                        Mean value loss: 0.1770
                    Mean surrogate loss: -0.0073
                      Mean entropy loss: 5.7476
                            Mean reward: 9.71
                    Mean episode length: 322.67
                        Mean action std: 0.43
                reward/tracking_lin_vel: 1.0535
                reward/tracking_ang_vel: 0.1206
                      reward/feet_phase: 0.4562
             reward/feet_phase_contrast: 0.7838
             reward/feet_contact_number: 0.4589
                   reward/feet_air_time: 0.0258
                     reward/under_speed: -0.1364
                       reward/feet_slip: -0.0026
                  reward/feet_clearance: -0.0091
                       reward/lin_vel_z: -0.0112
                      reward/ang_vel_xy: -0.2622
                     reward/base_height: -0.5627
                     reward/orientation: -0.3218
                            reward/pose: -0.0112
                     reward/action_rate: -0.0503
                      reward/action_acc: -0.1477
             Metrics/twist/error_vel_xy: 0.3758
            Metrics/twist/error_vel_yaw: 0.2458
        Episode_Reward/tracking_lin_vel: 0.2851
        Episode_Reward/tracking_ang_vel: 0.0364
              Episode_Reward/feet_phase: 0.0908
     Episode_Reward/feet_phase_contrast: 0.1526
     Episode_Reward/feet_contact_number: 0.1307
           Episode_Reward/feet_air_time: 0.0059
             Episode_Reward/under_speed: -0.0473
               Episode_Reward/feet_slip: -0.0005
          Episode_Reward/feet_clearance: -0.0022
               Episode_Reward/lin_vel_z: -0.0016
              Episode_Reward/ang_vel_xy: -0.0453
             Episode_Reward/base_height: -0.0842
             Episode_Reward/orientation: -0.0491
                    Episode_Reward/pose: -0.0031
             Episode_Reward/action_rate: -0.0145
              Episode_Reward/action_acc: -0.0430
           Episode_Termination/time_out: 0.0000
    Episode_Termination/bad_orientation: 3.5000
--------------------------------------------------------------------------------
                         Iteration time: 0.45s
                           Time elapsed: 00:00:48
                                    ETA: 00:01:55

################################################################################
[1m                           Learning iteration 103/350                           [0m 

                            Total steps: 1277952 
                       Steps per second: 26880 
                        Collection time: 0.393s 
                          Learning time: 0.064s 
                        Mean value loss: 0.1244
                    Mean surrogate loss: -0.0075
                      Mean entropy loss: 5.7499
                            Mean reward: 1.33
                    Mean episode length: 92.50
                        Mean action std: 0.43
                reward/tracking_lin_vel: 1.0463
                reward/tracking_ang_vel: 0.1242
                      reward/feet_phase: 0.4569
             reward/feet_phase_contrast: 0.6681
             reward/feet_contact_number: 0.4550
                   reward/feet_air_time: 0.0146
                     reward/under_speed: -0.1498
                       reward/feet_slip: -0.0024
                  reward/feet_clearance: -0.0086
                       reward/lin_vel_z: -0.0101
                      reward/ang_vel_xy: -0.2251
                     reward/base_height: -0.5125
                     reward/orientation: -0.2747
                            reward/pose: -0.0107
                     reward/action_rate: -0.0500
                      reward/action_acc: -0.1471
             Metrics/twist/error_vel_xy: 0.2966
            Metrics/twist/error_vel_yaw: 0.1996
        Episode_Reward/tracking_lin_vel: 0.0698
        Episode_Reward/tracking_ang_vel: 0.0090
              Episode_Reward/feet_phase: 0.0376
     Episode_Reward/feet_phase_contrast: 0.0616
     Episode_Reward/feet_contact_number: 0.0356
           Episode_Reward/feet_air_time: 0.0038
             Episode_Reward/under_speed: -0.0095
               Episode_Reward/feet_slip: -0.0003
          Episode_Reward/feet_clearance: -0.0008
               Episode_Reward/lin_vel_z: -0.0015
              Episode_Reward/ang_vel_xy: -0.0319
             Episode_Reward/base_height: -0.0742
             Episode_Reward/orientation: -0.0405
                    Episode_Reward/pose: -0.0008
             Episode_Reward/action_rate: -0.0040
              Episode_Reward/action_acc: -0.0117
           Episode_Termination/time_out: 0.0000
    Episode_Termination/bad_orientation: 3.9130
--------------------------------------------------------------------------------
                         Iteration time: 0.46s
                           Time elapsed: 00:00:48
                                    ETA: 00:01:54

################################################################################
[1m                           Learning iteration 104/350                           [0m 

                            Total steps: 1290240 
                       Steps per second: 24914 
                        Collection time: 0.430s 
                          Learning time: 0.063s 
                        Mean value loss: 0.1062
                    Mean surrogate loss: -0.0076
                      Mean entropy loss: 5.7483
                            Mean reward: 1.81
                    Mean episode length: 92.91
                        Mean action std: 0.43
                reward/tracking_lin_vel: 1.0489
                reward/tracking_ang_vel: 0.1278
                      reward/feet_phase: 0.3374
             reward/feet_phase_contrast: 0.5811
             reward/feet_contact_number: 0.4646
                   reward/feet_air_time: 0.0090
                     reward/under_speed: -0.1588
                       reward/feet_slip: -0.0021
                  reward/feet_clearance: -0.0073
                       reward/lin_vel_z: -0.0080
                      reward/ang_vel_xy: -0.1629
                     reward/base_height: -0.2975
                     reward/orientation: -0.2022
                            reward/pose: -0.0101
                     reward/action_rate: -0.0504
                      reward/action_acc: -0.1490
             Metrics/twist/error_vel_xy: 0.2930
            Metrics/twist/error_vel_yaw: 0.2607
        Episode_Reward/tracking_lin_vel: 0.1418
        Episode_Reward/tracking_ang_vel: 0.0157
              Episode_Reward/feet_phase: 0.0660
     Episode_Reward/feet_phase_contrast: 0.1069
     Episode_Reward/feet_contact_number: 0.0606
           Episode_Reward/feet_air_time: 0.0036
             Episode_Reward/under_speed: -0.0172
               Episode_Reward/feet_slip: -0.0004
          Episode_Reward/feet_clearance: -0.0011
               Episode_Reward/lin_vel_z: -0.0018
              Episode_Reward/ang_vel_xy: -0.0327
             Episode_Reward/base_height: -0.0693
             Episode_Reward/orientation: -0.0465
                    Episode_Reward/pose: -0.0016
             Episode_Reward/action_rate: -0.0066
              Episode_Reward/action_acc: -0.0194
           Episode_Termination/time_out: 0.0000
    Episode_Termination/bad_orientation: 2.1739
--------------------------------------------------------------------------------
                         Iteration time: 0.49s
                           Time elapsed: 00:00:49
                                    ETA: 00:01:54

################################################################################
[1m                           Learning iteration 105/350                           [0m 

                            Total steps: 1302528 
                       Steps per second: 25263 
                        Collection time: 0.419s 
                          Learning time: 0.068s 
                        Mean value loss: 0.0927
                    Mean surrogate loss: -0.0063
                      Mean entropy loss: 5.7419
                            Mean reward: 2.41
                    Mean episode length: 100.16
                        Mean action std: 0.43
                reward/tracking_lin_vel: 1.0492
                reward/tracking_ang_vel: 0.1301
                      reward/feet_phase: 0.2853
             reward/feet_phase_contrast: 0.5342
             reward/feet_contact_number: 0.4600
                   reward/feet_air_time: 0.0039
                     reward/under_speed: -0.1670
                       reward/feet_slip: -0.0018
                  reward/feet_clearance: -0.0069
                       reward/lin_vel_z: -0.0061
                      reward/ang_vel_xy: -0.1387
                     reward/base_height: -0.2505
                     reward/orientation: -0.1511
                            reward/pose: -0.0094
                     reward/action_rate: -0.0504
                      reward/action_acc: -0.1497
             Metrics/twist/error_vel_xy: 0.2899
            Metrics/twist/error_vel_yaw: 0.2276
        Episode_Reward/tracking_lin_vel: 0.0790
        Episode_Reward/tracking_ang_vel: 0.0086
              Episode_Reward/feet_phase: 0.0470
     Episode_Reward/feet_phase_contrast: 0.0755
     Episode_Reward/feet_contact_number: 0.0330
           Episode_Reward/feet_air_time: 0.0015
             Episode_Reward/under_speed: -0.0077
               Episode_Reward/feet_slip: -0.0003
          Episode_Reward/feet_clearance: -0.0007
               Episode_Reward/lin_vel_z: -0.0016
              Episode_Reward/ang_vel_xy: -0.0308
             Episode_Reward/base_height: -0.0737
             Episode_Reward/orientation: -0.0428
                    Episode_Reward/pose: -0.0008
             Episode_Reward/action_rate: -0.0037
              Episode_Reward/action_acc: -0.0109
           Episode_Termination/time_out: 0.0000
    Episode_Termination/bad_orientation: 2.4737
--------------------------------------------------------------------------------
                         Iteration time: 0.49s
                           Time elapsed: 00:00:49
                                    ETA: 00:01:54

################################################################################
[1m                           Learning iteration 106/350                           [0m 

                            Total steps: 1314816 
                       Steps per second: 25928 
                        Collection time: 0.411s 
                          Learning time: 0.063s 
                        Mean value loss: 0.0509
                    Mean surrogate loss: -0.0078
                      Mean entropy loss: 5.7307
                            Mean reward: 2.12
                    Mean episode length: 93.07
                        Mean action std: 0.43
                reward/tracking_lin_vel: 1.0567
                reward/tracking_ang_vel: 0.1328
                      reward/feet_phase: 0.2859
             reward/feet_phase_contrast: 0.4729
             reward/feet_contact_number: 0.4592
                   reward/feet_air_time: 0.0038
                     reward/under_speed: -0.1734
                       reward/feet_slip: -0.0015
                  reward/feet_clearance: -0.0065
                       reward/lin_vel_z: -0.0037
                      reward/ang_vel_xy: -0.1000
                     reward/base_height: -0.1504
                     reward/orientation: -0.1038
                            reward/pose: -0.0092
                     reward/action_rate: -0.0500
                      reward/action_acc: -0.1482
--------------------------------------------------------------------------------
                         Iteration time: 0.47s
                           Time elapsed: 00:00:50
                                    ETA: 00:01:53

################################################################################
[1m                           Learning iteration 107/350                           [0m 

                            Total steps: 1327104 
                       Steps per second: 25640 
                        Collection time: 0.413s 
                          Learning time: 0.066s 
                        Mean value loss: 0.0374
                    Mean surrogate loss: -0.0107
                      Mean entropy loss: 5.6976
                            Mean reward: 1.63
                    Mean episode length: 79.40
                        Mean action std: 0.43
                reward/tracking_lin_vel: 1.0714
                reward/tracking_ang_vel: 0.1336
                      reward/feet_phase: 0.3197
             reward/feet_phase_contrast: 0.4790
             reward/feet_contact_number: 0.4633
                   reward/feet_air_time: 0.0021
                     reward/under_speed: -0.1743
                       reward/feet_slip: -0.0014
                  reward/feet_clearance: -0.0063
                       reward/lin_vel_z: -0.0035
                      reward/ang_vel_xy: -0.0898
                     reward/base_height: -0.1093
                     reward/orientation: -0.0906
                            reward/pose: -0.0088
                     reward/action_rate: -0.0498
                      reward/action_acc: -0.1485
--------------------------------------------------------------------------------
                         Iteration time: 0.48s
                           Time elapsed: 00:00:50
                                    ETA: 00:01:53

################################################################################
[1m                           Learning iteration 108/350                           [0m 

                            Total steps: 1339392 
                       Steps per second: 25814 
                        Collection time: 0.412s 
                          Learning time: 0.064s 
                        Mean value loss: 0.0408
                    Mean surrogate loss: -0.0065
                      Mean entropy loss: 5.6823
                            Mean reward: 1.52
                    Mean episode length: 80.28
                        Mean action std: 0.43
                reward/tracking_lin_vel: 1.0676
                reward/tracking_ang_vel: 0.1336
                      reward/feet_phase: 0.2282
             reward/feet_phase_contrast: 0.4363
             reward/feet_contact_number: 0.4674
                   reward/feet_air_time: 0.0002
                     reward/under_speed: -0.1785
                       reward/feet_slip: -0.0013
                  reward/feet_clearance: -0.0061
                       reward/lin_vel_z: -0.0023
                      reward/ang_vel_xy: -0.0736
                     reward/base_height: -0.0696
                     reward/orientation: -0.0655
                            reward/pose: -0.0086
                     reward/action_rate: -0.0495
                      reward/action_acc: -0.1476
             Metrics/twist/error_vel_xy: 0.2769
            Metrics/twist/error_vel_yaw: 0.2335
        Episode_Reward/tracking_lin_vel: 0.0805
        Episode_Reward/tracking_ang_vel: 0.0084
              Episode_Reward/feet_phase: 0.0458
     Episode_Reward/feet_phase_contrast: 0.0725
     Episode_Reward/feet_contact_number: 0.0346
           Episode_Reward/feet_air_time: 0.0009
             Episode_Reward/under_speed: -0.0089
               Episode_Reward/feet_slip: -0.0003
          Episode_Reward/feet_clearance: -0.0008
               Episode_Reward/lin_vel_z: -0.0015
              Episode_Reward/ang_vel_xy: -0.0305
             Episode_Reward/base_height: -0.0751
             Episode_Reward/orientation: -0.0452
                    Episode_Reward/pose: -0.0009
             Episode_Reward/action_rate: -0.0040
              Episode_Reward/action_acc: -0.0115
           Episode_Termination/time_out: 0.0000
    Episode_Termination/bad_orientation: 1.3333
--------------------------------------------------------------------------------
                         Iteration time: 0.48s
                           Time elapsed: 00:00:51
                                    ETA: 00:01:52

################################################################################
[1m                           Learning iteration 109/350                           [0m 

                            Total steps: 1351680 
                       Steps per second: 25095 
                        Collection time: 0.425s 
                          Learning time: 0.064s 
                        Mean value loss: 0.0304
                    Mean surrogate loss: -0.0081
                      Mean entropy loss: 5.6702
                            Mean reward: 4.90
                    Mean episode length: 168.07
                        Mean action std: 0.43
                reward/tracking_lin_vel: 1.0832
                reward/tracking_ang_vel: 0.1341
                      reward/feet_phase: 0.2450
             reward/feet_phase_contrast: 0.4771
             reward/feet_contact_number: 0.4653
                   reward/feet_air_time: 0.0023
                     reward/under_speed: -0.1760
                       reward/feet_slip: -0.0013
                  reward/feet_clearance: -0.0060
                       reward/lin_vel_z: -0.0028
                      reward/ang_vel_xy: -0.0810
                     reward/base_height: -0.0753
                     reward/orientation: -0.0716
                            reward/pose: -0.0086
                     reward/action_rate: -0.0495
                      reward/action_acc: -0.1475
--------------------------------------------------------------------------------
                         Iteration time: 0.49s
                           Time elapsed: 00:00:51
                                    ETA: 00:01:52

################################################################################
[1m                           Learning iteration 110/350                           [0m 

                            Total steps: 1363968 
                       Steps per second: 25337 
                        Collection time: 0.421s 
                          Learning time: 0.064s 
                        Mean value loss: 0.0308
                    Mean surrogate loss: -0.0081
                      Mean entropy loss: 5.6456
                            Mean reward: 5.63
                    Mean episode length: 185.34
                        Mean action std: 0.43
                reward/tracking_lin_vel: 1.0634
                reward/tracking_ang_vel: 0.1330
                      reward/feet_phase: 0.2929
             reward/feet_phase_contrast: 0.4361
             reward/feet_contact_number: 0.4661
                   reward/feet_air_time: 0.0005
                     reward/under_speed: -0.1787
                       reward/feet_slip: -0.0012
                  reward/feet_clearance: -0.0059
                       reward/lin_vel_z: -0.0022
                      reward/ang_vel_xy: -0.0724
                     reward/base_height: -0.0457
                     reward/orientation: -0.0596
                            reward/pose: -0.0088
                     reward/action_rate: -0.0488
                      reward/action_acc: -0.1448
--------------------------------------------------------------------------------
                         Iteration time: 0.48s
                           Time elapsed: 00:00:51
                                    ETA: 00:01:51

################################################################################
[1m                           Learning iteration 111/350                           [0m 

                            Total steps: 1376256 
                       Steps per second: 25133 
                        Collection time: 0.423s 
                          Learning time: 0.066s 
                        Mean value loss: 0.0371
                    Mean surrogate loss: -0.0086
                      Mean entropy loss: 5.6248
                            Mean reward: 7.15
                    Mean episode length: 230.28
                        Mean action std: 0.42
                reward/tracking_lin_vel: 1.0594
                reward/tracking_ang_vel: 0.1346
                      reward/feet_phase: 0.2540
             reward/feet_phase_contrast: 0.4253
             reward/feet_contact_number: 0.4676
                   reward/feet_air_time: 0.0001
                     reward/under_speed: -0.1805
                       reward/feet_slip: -0.0012
                  reward/feet_clearance: -0.0057
                       reward/lin_vel_z: -0.0019
                      reward/ang_vel_xy: -0.0700
                     reward/base_height: -0.0493
                     reward/orientation: -0.0555
                            reward/pose: -0.0086
                     reward/action_rate: -0.0489
                      reward/action_acc: -0.1451
             Metrics/twist/error_vel_xy: 0.4315
            Metrics/twist/error_vel_yaw: 0.3241
        Episode_Reward/tracking_lin_vel: 0.4721
        Episode_Reward/tracking_ang_vel: 0.0630
              Episode_Reward/feet_phase: 0.1282
     Episode_Reward/feet_phase_contrast: 0.2195
     Episode_Reward/feet_contact_number: 0.2239
           Episode_Reward/feet_air_time: 0.0008
             Episode_Reward/under_speed: -0.0849
               Episode_Reward/feet_slip: -0.0005
          Episode_Reward/feet_clearance: -0.0025
               Episode_Reward/lin_vel_z: -0.0013
              Episode_Reward/ang_vel_xy: -0.0397
             Episode_Reward/base_height: -0.0414
             Episode_Reward/orientation: -0.0364
                    Episode_Reward/pose: -0.0044
             Episode_Reward/action_rate: -0.0242
              Episode_Reward/action_acc: -0.0725
           Episode_Termination/time_out: 0.5000
    Episode_Termination/bad_orientation: 0.7000
--------------------------------------------------------------------------------
                         Iteration time: 0.49s
                           Time elapsed: 00:00:52
                                    ETA: 00:01:51

################################################################################
[1m                           Learning iteration 112/350                           [0m 

                            Total steps: 1388544 
                       Steps per second: 25218 
                        Collection time: 0.423s 
                          Learning time: 0.064s 
                        Mean value loss: 0.0440
                    Mean surrogate loss: -0.0070
                      Mean entropy loss: 5.6212
                            Mean reward: 7.79
                    Mean episode length: 248.17
                        Mean action std: 0.42
                reward/tracking_lin_vel: 1.0691
                reward/tracking_ang_vel: 0.1332
                      reward/feet_phase: 0.2153
             reward/feet_phase_contrast: 0.4350
             reward/feet_contact_number: 0.4649
                   reward/feet_air_time: 0.0003
                     reward/under_speed: -0.1803
                       reward/feet_slip: -0.0012
                  reward/feet_clearance: -0.0059
                       reward/lin_vel_z: -0.0020
                      reward/ang_vel_xy: -0.0673
                     reward/base_height: -0.0449
                     reward/orientation: -0.0518
                            reward/pose: -0.0088
                     reward/action_rate: -0.0484
                      reward/action_acc: -0.1429
--------------------------------------------------------------------------------
                         Iteration time: 0.49s
                           Time elapsed: 00:00:52
                                    ETA: 00:01:51

################################################################################
[1m                           Learning iteration 113/350                           [0m 

                            Total steps: 1400832 
                       Steps per second: 25887 
                        Collection time: 0.410s 
                          Learning time: 0.065s 
                        Mean value loss: 0.0294
                    Mean surrogate loss: -0.0087
                      Mean entropy loss: 5.6150
                            Mean reward: 7.78
                    Mean episode length: 248.52
                        Mean action std: 0.42
                reward/tracking_lin_vel: 1.0608
                reward/tracking_ang_vel: 0.1339
                      reward/feet_phase: 0.2496
             reward/feet_phase_contrast: 0.4339
             reward/feet_contact_number: 0.4658
                   reward/feet_air_time: 0.0001
                     reward/under_speed: -0.1806
                       reward/feet_slip: -0.0012
                  reward/feet_clearance: -0.0059
                       reward/lin_vel_z: -0.0018
                      reward/ang_vel_xy: -0.0690
                     reward/base_height: -0.0476
                     reward/orientation: -0.0509
                            reward/pose: -0.0089
                     reward/action_rate: -0.0493
                      reward/action_acc: -0.1461
--------------------------------------------------------------------------------
                         Iteration time: 0.47s
                           Time elapsed: 00:00:53
                                    ETA: 00:01:50

################################################################################
[1m                           Learning iteration 114/350                           [0m 

                            Total steps: 1413120 
                       Steps per second: 26384 
                        Collection time: 0.402s 
                          Learning time: 0.064s 
                        Mean value loss: 0.0299
                    Mean surrogate loss: -0.0073
                      Mean entropy loss: 5.5999
                            Mean reward: 8.12
                    Mean episode length: 257.51
                        Mean action std: 0.42
                reward/tracking_lin_vel: 1.0682
                reward/tracking_ang_vel: 0.1348
                      reward/feet_phase: 0.3068
             reward/feet_phase_contrast: 0.4462
             reward/feet_contact_number: 0.4657
                   reward/feet_air_time: 0.0018
                     reward/under_speed: -0.1808
                       reward/feet_slip: -0.0011
                  reward/feet_clearance: -0.0057
                       reward/lin_vel_z: -0.0012
                      reward/ang_vel_xy: -0.0563
                     reward/base_height: -0.0212
                     reward/orientation: -0.0413
                            reward/pose: -0.0089
                     reward/action_rate: -0.0486
                      reward/action_acc: -0.1444
--------------------------------------------------------------------------------
                         Iteration time: 0.47s
                           Time elapsed: 00:00:53
                                    ETA: 00:01:50

################################################################################
[1m                           Learning iteration 115/350                           [0m 

                            Total steps: 1425408 
                       Steps per second: 25143 
                        Collection time: 0.423s 
                          Learning time: 0.065s 
                        Mean value loss: 0.0212
                    Mean surrogate loss: -0.0076
                      Mean entropy loss: 5.5910
                            Mean reward: 8.62
                    Mean episode length: 267.57
                        Mean action std: 0.42
                reward/tracking_lin_vel: 1.0609
                reward/tracking_ang_vel: 0.1345
                      reward/feet_phase: 0.2217
             reward/feet_phase_contrast: 0.4206
             reward/feet_contact_number: 0.4686
                   reward/feet_air_time: 0.0010
                     reward/under_speed: -0.1811
                       reward/feet_slip: -0.0011
                  reward/feet_clearance: -0.0058
                       reward/lin_vel_z: -0.0016
                      reward/ang_vel_xy: -0.0663
                     reward/base_height: -0.0403
                     reward/orientation: -0.0466
                            reward/pose: -0.0092
                     reward/action_rate: -0.0483
                      reward/action_acc: -0.1424
--------------------------------------------------------------------------------
                         Iteration time: 0.49s
                           Time elapsed: 00:00:54
                                    ETA: 00:01:49

################################################################################
[1m                           Learning iteration 116/350                           [0m 

                            Total steps: 1437696 
                       Steps per second: 25323 
                        Collection time: 0.418s 
                          Learning time: 0.067s 
                        Mean value loss: 4.6252
                    Mean surrogate loss: -0.0090
                      Mean entropy loss: 5.5823
                            Mean reward: 8.54
                    Mean episode length: 263.68
                        Mean action std: 0.42
                reward/tracking_lin_vel: 0.8462
                reward/tracking_ang_vel: 0.1290
                      reward/feet_phase: 0.2672
             reward/feet_phase_contrast: 0.5253
             reward/feet_contact_number: 0.4638
                   reward/feet_air_time: 0.0075
                     reward/under_speed: -0.1612
                       reward/feet_slip: -0.0038
                  reward/feet_clearance: -0.0136
                       reward/lin_vel_z: -0.0075
                      reward/ang_vel_xy: -0.1476
                     reward/base_height: -0.0191
                     reward/orientation: -0.0519
                            reward/pose: -0.0094
                     reward/action_rate: -0.0486
                      reward/action_acc: -0.1428
--------------------------------------------------------------------------------
                         Iteration time: 0.49s
                           Time elapsed: 00:00:54
                                    ETA: 00:01:49

################################################################################
[1m                           Learning iteration 117/350                           [0m 

                            Total steps: 1449984 
                       Steps per second: 29103 
                        Collection time: 0.357s 
                          Learning time: 0.065s 
                        Mean value loss: 0.1689
                    Mean surrogate loss: -0.0099
                      Mean entropy loss: 5.5887
                            Mean reward: 12.80
                    Mean episode length: 414.21
                        Mean action std: 0.42
                reward/tracking_lin_vel: 0.5944
                reward/tracking_ang_vel: 0.1039
                      reward/feet_phase: 0.4591
             reward/feet_phase_contrast: 0.7110
             reward/feet_contact_number: 0.4405
                   reward/feet_air_time: 0.2034
                     reward/under_speed: -0.1211
                       reward/feet_slip: -0.0036
                  reward/feet_clearance: -0.0145
                       reward/lin_vel_z: -0.0372
                      reward/ang_vel_xy: -0.7021
                     reward/base_height: -1.3431
                     reward/orientation: -0.7369
                            reward/pose: -0.0135
                     reward/action_rate: -0.0489
                      reward/action_acc: -0.1418
--------------------------------------------------------------------------------
                         Iteration time: 0.42s
                           Time elapsed: 00:00:55
                                    ETA: 00:01:48

################################################################################
[1m                           Learning iteration 118/350                           [0m 

                            Total steps: 1462272 
                       Steps per second: 24652 
                        Collection time: 0.425s 
                          Learning time: 0.073s 
                        Mean value loss: 0.2201
                    Mean surrogate loss: -0.0088
                      Mean entropy loss: 5.5884
                            Mean reward: 13.23
                    Mean episode length: 426.18
                        Mean action std: 0.42
                reward/tracking_lin_vel: 1.0386
                reward/tracking_ang_vel: 0.1194
                      reward/feet_phase: 0.5467
             reward/feet_phase_contrast: 0.8454
             reward/feet_contact_number: 0.4552
                   reward/feet_air_time: 0.0473
                     reward/under_speed: -0.1299
                       reward/feet_slip: -0.0026
                  reward/feet_clearance: -0.0112
                       reward/lin_vel_z: -0.0143
                      reward/ang_vel_xy: -0.3313
                     reward/base_height: -0.8927
                     reward/orientation: -0.3745
                            reward/pose: -0.0099
                     reward/action_rate: -0.0496
                      reward/action_acc: -0.1438
             Metrics/twist/error_vel_xy: 0.4331
            Metrics/twist/error_vel_yaw: 0.2703
        Episode_Reward/tracking_lin_vel: 0.4177
        Episode_Reward/tracking_ang_vel: 0.0540
              Episode_Reward/feet_phase: 0.1203
     Episode_Reward/feet_phase_contrast: 0.2021
     Episode_Reward/feet_contact_number: 0.1933
           Episode_Reward/feet_air_time: 0.0087
             Episode_Reward/under_speed: -0.0718
               Episode_Reward/feet_slip: -0.0006
          Episode_Reward/feet_clearance: -0.0031
               Episode_Reward/lin_vel_z: -0.0018
              Episode_Reward/ang_vel_xy: -0.0525
             Episode_Reward/base_height: -0.0880
             Episode_Reward/orientation: -0.0519
                    Episode_Reward/pose: -0.0038
             Episode_Reward/action_rate: -0.0207
              Episode_Reward/action_acc: -0.0612
           Episode_Termination/time_out: 0.0000
    Episode_Termination/bad_orientation: 6.5833
--------------------------------------------------------------------------------
                         Iteration time: 0.50s
                           Time elapsed: 00:00:55
                                    ETA: 00:01:48

################################################################################
[1m                           Learning iteration 119/350                           [0m 

                            Total steps: 1474560 
                       Steps per second: 27597 
                        Collection time: 0.382s 
                          Learning time: 0.063s 
                        Mean value loss: 0.1250
                    Mean surrogate loss: -0.0096
                      Mean entropy loss: 5.5810
                            Mean reward: 5.76
                    Mean episode length: 215.42
                        Mean action std: 0.42
                reward/tracking_lin_vel: 1.0720
                reward/tracking_ang_vel: 0.1248
                      reward/feet_phase: 0.4044
             reward/feet_phase_contrast: 0.7303
             reward/feet_contact_number: 0.4561
                   reward/feet_air_time: 0.0180
                     reward/under_speed: -0.1453
                       reward/feet_slip: -0.0024
                  reward/feet_clearance: -0.0085
                       reward/lin_vel_z: -0.0109
                      reward/ang_vel_xy: -0.2261
                     reward/base_height: -0.4786
                     reward/orientation: -0.2737
                            reward/pose: -0.0103
                     reward/action_rate: -0.0496
                      reward/action_acc: -0.1457
             Metrics/twist/error_vel_xy: 0.3344
            Metrics/twist/error_vel_yaw: 0.2203
        Episode_Reward/tracking_lin_vel: 0.1708
        Episode_Reward/tracking_ang_vel: 0.0218
              Episode_Reward/feet_phase: 0.0618
     Episode_Reward/feet_phase_contrast: 0.1023
     Episode_Reward/feet_contact_number: 0.0798
           Episode_Reward/feet_air_time: 0.0041
             Episode_Reward/under_speed: -0.0268
               Episode_Reward/feet_slip: -0.0004
          Episode_Reward/feet_clearance: -0.0013
               Episode_Reward/lin_vel_z: -0.0018
              Episode_Reward/ang_vel_xy: -0.0377
             Episode_Reward/base_height: -0.0751
             Episode_Reward/orientation: -0.0447
                    Episode_Reward/pose: -0.0017
             Episode_Reward/action_rate: -0.0086
              Episode_Reward/action_acc: -0.0252
           Episode_Termination/time_out: 0.0000
    Episode_Termination/bad_orientation: 3.3333
--------------------------------------------------------------------------------
                         Iteration time: 0.45s
                           Time elapsed: 00:00:56
                                    ETA: 00:01:47

################################################################################
[1m                           Learning iteration 120/350                           [0m 

                            Total steps: 1486848 
                       Steps per second: 23983 
                        Collection time: 0.447s 
                          Learning time: 0.065s 
                        Mean value loss: 0.0808
                    Mean surrogate loss: -0.0096
                      Mean entropy loss: 5.5669
                            Mean reward: 3.03
                    Mean episode length: 120.02
                        Mean action std: 0.42
                reward/tracking_lin_vel: 1.0715
                reward/tracking_ang_vel: 0.1289
                      reward/feet_phase: 0.3643
             reward/feet_phase_contrast: 0.6335
             reward/feet_contact_number: 0.4567
                   reward/feet_air_time: 0.0122
                     reward/under_speed: -0.1569
                       reward/feet_slip: -0.0020
                  reward/feet_clearance: -0.0073
                       reward/lin_vel_z: -0.0079
                      reward/ang_vel_xy: -0.1642
                     reward/base_height: -0.2752
                     reward/orientation: -0.1942
                            reward/pose: -0.0101
                     reward/action_rate: -0.0495
                      reward/action_acc: -0.1462
             Metrics/twist/error_vel_xy: 0.2396
            Metrics/twist/error_vel_yaw: 0.1996
        Episode_Reward/tracking_lin_vel: 0.1320
        Episode_Reward/tracking_ang_vel: 0.0136
              Episode_Reward/feet_phase: 0.0608
     Episode_Reward/feet_phase_contrast: 0.0996
     Episode_Reward/feet_contact_number: 0.0494
           Episode_Reward/feet_air_time: 0.0035
             Episode_Reward/under_speed: -0.0126
               Episode_Reward/feet_slip: -0.0004
          Episode_Reward/feet_clearance: -0.0011
               Episode_Reward/lin_vel_z: -0.0019
              Episode_Reward/ang_vel_xy: -0.0341
             Episode_Reward/base_height: -0.0648
             Episode_Reward/orientation: -0.0453
                    Episode_Reward/pose: -0.0012
             Episode_Reward/action_rate: -0.0055
              Episode_Reward/action_acc: -0.0159
           Episode_Termination/time_out: 0.0000
    Episode_Termination/bad_orientation: 2.2174
--------------------------------------------------------------------------------
                         Iteration time: 0.51s
                           Time elapsed: 00:00:56
                                    ETA: 00:01:47

################################################################################
[1m                           Learning iteration 121/350                           [0m 

                            Total steps: 1499136 
                       Steps per second: 24993 
                        Collection time: 0.426s 
                          Learning time: 0.066s 
                        Mean value loss: 0.0790
                    Mean surrogate loss: -0.0078
                      Mean entropy loss: 5.5568
                            Mean reward: 2.67
                    Mean episode length: 99.31
                        Mean action std: 0.42
                reward/tracking_lin_vel: 1.0460
                reward/tracking_ang_vel: 0.1312
                      reward/feet_phase: 0.3615
             reward/feet_phase_contrast: 0.5266
             reward/feet_contact_number: 0.4599
                   reward/feet_air_time: 0.0069
                     reward/under_speed: -0.1686
                       reward/feet_slip: -0.0016
                  reward/feet_clearance: -0.0066
                       reward/lin_vel_z: -0.0053
                      reward/ang_vel_xy: -0.1157
                     reward/base_height: -0.1702
                     reward/orientation: -0.1256
                            reward/pose: -0.0096
                     reward/action_rate: -0.0487
                      reward/action_acc: -0.1441
             Metrics/twist/error_vel_xy: 0.2560
            Metrics/twist/error_vel_yaw: 0.2076
        Episode_Reward/tracking_lin_vel: 0.0846
        Episode_Reward/tracking_ang_vel: 0.0088
              Episode_Reward/feet_phase: 0.0517
     Episode_Reward/feet_phase_contrast: 0.0824
     Episode_Reward/feet_contact_number: 0.0334
           Episode_Reward/feet_air_time: 0.0038
             Episode_Reward/under_speed: -0.0069
               Episode_Reward/feet_slip: -0.0003
          Episode_Reward/feet_clearance: -0.0007
               Episode_Reward/lin_vel_z: -0.0019
              Episode_Reward/ang_vel_xy: -0.0299
             Episode_Reward/base_height: -0.0657
             Episode_Reward/orientation: -0.0443
                    Episode_Reward/pose: -0.0008
             Episode_Reward/action_rate: -0.0037
              Episode_Reward/action_acc: -0.0108
           Episode_Termination/time_out: 0.0000
    Episode_Termination/bad_orientation: 2.1250
--------------------------------------------------------------------------------
                         Iteration time: 0.49s
                           Time elapsed: 00:00:57
                                    ETA: 00:01:46

################################################################################
[1m                           Learning iteration 122/350                           [0m 

                            Total steps: 1511424 
                       Steps per second: 24432 
                        Collection time: 0.437s 
                          Learning time: 0.065s 
                        Mean value loss: 0.0358
                    Mean surrogate loss: -0.0086
                      Mean entropy loss: 5.5484
                            Mean reward: 1.90
                    Mean episode length: 78.30
                        Mean action std: 0.42
                reward/tracking_lin_vel: 1.0522
                reward/tracking_ang_vel: 0.1315
                      reward/feet_phase: 0.2796
             reward/feet_phase_contrast: 0.4977
             reward/feet_contact_number: 0.4623
                   reward/feet_air_time: 0.0021
                     reward/under_speed: -0.1734
                       reward/feet_slip: -0.0015
                  reward/feet_clearance: -0.0063
                       reward/lin_vel_z: -0.0045
                      reward/ang_vel_xy: -0.1125
                     reward/base_height: -0.1714
                     reward/orientation: -0.1123
                            reward/pose: -0.0092
                     reward/action_rate: -0.0492
                      reward/action_acc: -0.1459
             Metrics/twist/error_vel_xy: 0.2860
            Metrics/twist/error_vel_yaw: 0.2012
        Episode_Reward/tracking_lin_vel: 0.0704
        Episode_Reward/tracking_ang_vel: 0.0083
              Episode_Reward/feet_phase: 0.0430
     Episode_Reward/feet_phase_contrast: 0.0673
     Episode_Reward/feet_contact_number: 0.0305
           Episode_Reward/feet_air_time: 0.0011
             Episode_Reward/under_speed: -0.0076
               Episode_Reward/feet_slip: -0.0003
          Episode_Reward/feet_clearance: -0.0007
               Episode_Reward/lin_vel_z: -0.0016
              Episode_Reward/ang_vel_xy: -0.0316
             Episode_Reward/base_height: -0.0687
             Episode_Reward/orientation: -0.0423
                    Episode_Reward/pose: -0.0006
             Episode_Reward/action_rate: -0.0035
              Episode_Reward/action_acc: -0.0100
           Episode_Termination/time_out: 0.0000
    Episode_Termination/bad_orientation: 1.6316
--------------------------------------------------------------------------------
                         Iteration time: 0.50s
                           Time elapsed: 00:00:57
                                    ETA: 00:01:46

################################################################################
[1m                           Learning iteration 123/350                           [0m 

                            Total steps: 1523712 
                       Steps per second: 24363 
                        Collection time: 0.441s 
                          Learning time: 0.063s 
                        Mean value loss: 0.0355
                    Mean surrogate loss: -0.0073
                      Mean entropy loss: 5.5195
                            Mean reward: 1.75
                    Mean episode length: 77.00
                        Mean action std: 0.42
                reward/tracking_lin_vel: 1.0646
                reward/tracking_ang_vel: 0.1316
                      reward/feet_phase: 0.2381
             reward/feet_phase_contrast: 0.4643
             reward/feet_contact_number: 0.4658
                   reward/feet_air_time: 0.0044
                     reward/under_speed: -0.1769
                       reward/feet_slip: -0.0013
                  reward/feet_clearance: -0.0061
                       reward/lin_vel_z: -0.0025
                      reward/ang_vel_xy: -0.0770
                     reward/base_height: -0.0570
                     reward/orientation: -0.0694
                            reward/pose: -0.0091
                     reward/action_rate: -0.0495
                      reward/action_acc: -0.1466
             Metrics/twist/error_vel_xy: 0.2823
            Metrics/twist/error_vel_yaw: 0.2024
        Episode_Reward/tracking_lin_vel: 0.0596
        Episode_Reward/tracking_ang_vel: 0.0074
              Episode_Reward/feet_phase: 0.0435
     Episode_Reward/feet_phase_contrast: 0.0694
     Episode_Reward/feet_contact_number: 0.0285
           Episode_Reward/feet_air_time: 0.0082
             Episode_Reward/under_speed: -0.0071
               Episode_Reward/feet_slip: -0.0003
          Episode_Reward/feet_clearance: -0.0009
               Episode_Reward/lin_vel_z: -0.0016
              Episode_Reward/ang_vel_xy: -0.0298
             Episode_Reward/base_height: -0.0704
             Episode_Reward/orientation: -0.0426
                    Episode_Reward/pose: -0.0010
             Episode_Reward/action_rate: -0.0033
              Episode_Reward/action_acc: -0.0096
           Episode_Termination/time_out: 0.0000
    Episode_Termination/bad_orientation: 1.1250
--------------------------------------------------------------------------------
                         Iteration time: 0.50s
                           Time elapsed: 00:00:58
                                    ETA: 00:01:46

################################################################################
[1m                           Learning iteration 124/350                           [0m 

                            Total steps: 1536000 
                       Steps per second: 25075 
                        Collection time: 0.426s 
                          Learning time: 0.064s 
                        Mean value loss: 0.0318
                    Mean surrogate loss: -0.0066
                      Mean entropy loss: 5.5069
                            Mean reward: 2.27
                    Mean episode length: 88.96
                        Mean action std: 0.42
                reward/tracking_lin_vel: 1.0668
                reward/tracking_ang_vel: 0.1319
                      reward/feet_phase: 0.2880
             reward/feet_phase_contrast: 0.4575
             reward/feet_contact_number: 0.4644
                   reward/feet_air_time: 0.0011
                     reward/under_speed: -0.1783
                       reward/feet_slip: -0.0013
                  reward/feet_clearance: -0.0060
                       reward/lin_vel_z: -0.0027
                      reward/ang_vel_xy: -0.0758
                     reward/base_height: -0.0564
                     reward/orientation: -0.0619
                            reward/pose: -0.0088
                     reward/action_rate: -0.0492
                      reward/action_acc: -0.1461
--------------------------------------------------------------------------------
                         Iteration time: 0.49s
                           Time elapsed: 00:00:58
                                    ETA: 00:01:45

################################################################################
[1m                           Learning iteration 125/350                           [0m 

                            Total steps: 1548288 
                       Steps per second: 25432 
                        Collection time: 0.418s 
                          Learning time: 0.065s 
                        Mean value loss: 0.0190
                    Mean surrogate loss: -0.0094
                      Mean entropy loss: 5.4990
                            Mean reward: 2.55
                    Mean episode length: 97.39
                        Mean action std: 0.42
                reward/tracking_lin_vel: 1.0726
                reward/tracking_ang_vel: 0.1324
                      reward/feet_phase: 0.2972
             reward/feet_phase_contrast: 0.4589
             reward/feet_contact_number: 0.4675
                   reward/feet_air_time: 0.0005
                     reward/under_speed: -0.1792
                       reward/feet_slip: -0.0013
                  reward/feet_clearance: -0.0060
                       reward/lin_vel_z: -0.0021
                      reward/ang_vel_xy: -0.0702
                     reward/base_height: -0.0389
                     reward/orientation: -0.0535
                            reward/pose: -0.0088
                     reward/action_rate: -0.0496
                      reward/action_acc: -0.1473
--------------------------------------------------------------------------------
                         Iteration time: 0.48s
                           Time elapsed: 00:00:59
                                    ETA: 00:01:45

################################################################################
[1m                           Learning iteration 126/350                           [0m 

                            Total steps: 1560576 
                       Steps per second: 24768 
                        Collection time: 0.432s 
                          Learning time: 0.065s 
                        Mean value loss: 0.0183
                    Mean surrogate loss: -0.0106
                      Mean entropy loss: 5.4822
                            Mean reward: 5.44
                    Mean episode length: 172.38
                        Mean action std: 0.42
                reward/tracking_lin_vel: 1.0781
                reward/tracking_ang_vel: 0.1346
                      reward/feet_phase: 0.2298
             reward/feet_phase_contrast: 0.4559
             reward/feet_contact_number: 0.4653
                   reward/feet_air_time: 0.0032
                     reward/under_speed: -0.1790
                       reward/feet_slip: -0.0011
                  reward/feet_clearance: -0.0060
                       reward/lin_vel_z: -0.0017
                      reward/ang_vel_xy: -0.0659
                     reward/base_height: -0.0238
                     reward/orientation: -0.0448
                            reward/pose: -0.0091
                     reward/action_rate: -0.0495
                      reward/action_acc: -0.1465
--------------------------------------------------------------------------------
                         Iteration time: 0.50s
                           Time elapsed: 00:00:59
                                    ETA: 00:01:44

################################################################################
[1m                           Learning iteration 127/350                           [0m 

                            Total steps: 1572864 
                       Steps per second: 24972 
                        Collection time: 0.427s 
                          Learning time: 0.065s 
                        Mean value loss: 0.0169
                    Mean surrogate loss: -0.0092
                      Mean entropy loss: 5.4641
                            Mean reward: 5.53
                    Mean episode length: 173.41
                        Mean action std: 0.42
                reward/tracking_lin_vel: 1.0674
                reward/tracking_ang_vel: 0.1340
                      reward/feet_phase: 0.2409
             reward/feet_phase_contrast: 0.4491
             reward/feet_contact_number: 0.4648
                   reward/feet_air_time: 0.0033
                     reward/under_speed: -0.1795
                       reward/feet_slip: -0.0012
                  reward/feet_clearance: -0.0060
                       reward/lin_vel_z: -0.0021
                      reward/ang_vel_xy: -0.0679
                     reward/base_height: -0.0288
                     reward/orientation: -0.0490
                            reward/pose: -0.0091
                     reward/action_rate: -0.0490
                      reward/action_acc: -0.1450
--------------------------------------------------------------------------------
                         Iteration time: 0.49s
                           Time elapsed: 00:01:00
                                    ETA: 00:01:44

################################################################################
[1m                           Learning iteration 128/350                           [0m 

                            Total steps: 1585152 
                       Steps per second: 24296 
                        Collection time: 0.441s 
                          Learning time: 0.065s 
                        Mean value loss: 0.0269
                    Mean surrogate loss: -0.0091
                      Mean entropy loss: 5.4428
                            Mean reward: 5.93
                    Mean episode length: 182.58
                        Mean action std: 0.42
                reward/tracking_lin_vel: 1.0672
                reward/tracking_ang_vel: 0.1326
                      reward/feet_phase: 0.3152
             reward/feet_phase_contrast: 0.4584
             reward/feet_contact_number: 0.4611
                   reward/feet_air_time: 0.0003
                     reward/under_speed: -0.1796
                       reward/feet_slip: -0.0012
                  reward/feet_clearance: -0.0059
                       reward/lin_vel_z: -0.0017
                      reward/ang_vel_xy: -0.0673
                     reward/base_height: -0.0226
                     reward/orientation: -0.0447
                            reward/pose: -0.0091
                     reward/action_rate: -0.0491
                      reward/action_acc: -0.1451
--------------------------------------------------------------------------------
                         Iteration time: 0.51s
                           Time elapsed: 00:01:00
                                    ETA: 00:01:44

################################################################################
[1m                           Learning iteration 129/350                           [0m 

                            Total steps: 1597440 
                       Steps per second: 26039 
                        Collection time: 0.409s 
                          Learning time: 0.063s 
                        Mean value loss: 0.0194
                    Mean surrogate loss: -0.0100
                      Mean entropy loss: 5.4256
                            Mean reward: 7.70
                    Mean episode length: 229.35
                        Mean action std: 0.42
                reward/tracking_lin_vel: 1.0664
                reward/tracking_ang_vel: 0.1347
                      reward/feet_phase: 0.2533
             reward/feet_phase_contrast: 0.4414
             reward/feet_contact_number: 0.4670
                   reward/feet_air_time: 0.0003
                     reward/under_speed: -0.1804
                       reward/feet_slip: -0.0012
                  reward/feet_clearance: -0.0059
                       reward/lin_vel_z: -0.0017
                      reward/ang_vel_xy: -0.0684
                     reward/base_height: -0.0219
                     reward/orientation: -0.0419
                            reward/pose: -0.0087
                     reward/action_rate: -0.0491
                      reward/action_acc: -0.1450
--------------------------------------------------------------------------------
                         Iteration time: 0.47s
                           Time elapsed: 00:01:01
                                    ETA: 00:01:43

################################################################################
[1m                           Learning iteration 130/350                           [0m 

                            Total steps: 1609728 
                       Steps per second: 26279 
                        Collection time: 0.403s 
                          Learning time: 0.065s 
                        Mean value loss: 0.0172
                    Mean surrogate loss: -0.0106
                      Mean entropy loss: 5.4076
                            Mean reward: 8.08
                    Mean episode length: 238.80
                        Mean action std: 0.42
                reward/tracking_lin_vel: 1.0830
                reward/tracking_ang_vel: 0.1363
                      reward/feet_phase: 0.2300
             reward/feet_phase_contrast: 0.4689
             reward/feet_contact_number: 0.4627
                   reward/feet_air_time: 0.0003
                     reward/under_speed: -0.1793
                       reward/feet_slip: -0.0012
                  reward/feet_clearance: -0.0060
                       reward/lin_vel_z: -0.0015
                      reward/ang_vel_xy: -0.0680
                     reward/base_height: -0.0097
                     reward/orientation: -0.0381
                            reward/pose: -0.0088
                     reward/action_rate: -0.0490
                      reward/action_acc: -0.1438
--------------------------------------------------------------------------------
                         Iteration time: 0.47s
                           Time elapsed: 00:01:01
                                    ETA: 00:01:43

################################################################################
[1m                           Learning iteration 131/350                           [0m 

                            Total steps: 1622016 
                       Steps per second: 26087 
                        Collection time: 0.406s 
                          Learning time: 0.065s 
                        Mean value loss: 0.0155
                    Mean surrogate loss: -0.0105
                      Mean entropy loss: 5.3915
                            Mean reward: 7.97
                    Mean episode length: 234.60
                        Mean action std: 0.41
                reward/tracking_lin_vel: 1.0808
                reward/tracking_ang_vel: 0.1350
                      reward/feet_phase: 0.2714
             reward/feet_phase_contrast: 0.4531
             reward/feet_contact_number: 0.4696
                   reward/feet_air_time: 0.0001
                     reward/under_speed: -0.1798
                       reward/feet_slip: -0.0012
                  reward/feet_clearance: -0.0060
                       reward/lin_vel_z: -0.0016
                      reward/ang_vel_xy: -0.0697
                     reward/base_height: -0.0154
                     reward/orientation: -0.0405
                            reward/pose: -0.0089
                     reward/action_rate: -0.0484
                      reward/action_acc: -0.1420
--------------------------------------------------------------------------------
                         Iteration time: 0.47s
                           Time elapsed: 00:01:02
                                    ETA: 00:01:42

################################################################################
[1m                           Learning iteration 132/350                           [0m 

                            Total steps: 1634304 
                       Steps per second: 26177 
                        Collection time: 0.405s 
                          Learning time: 0.065s 
                        Mean value loss: 0.0158
                    Mean surrogate loss: -0.0111
                      Mean entropy loss: 5.3750
                            Mean reward: 8.29
                    Mean episode length: 243.63
                        Mean action std: 0.41
                reward/tracking_lin_vel: 1.0839
                reward/tracking_ang_vel: 0.1356
                      reward/feet_phase: 0.3080
             reward/feet_phase_contrast: 0.4608
             reward/feet_contact_number: 0.4641
                   reward/feet_air_time: 0.0002
                     reward/under_speed: -0.1799
                       reward/feet_slip: -0.0012
                  reward/feet_clearance: -0.0060
                       reward/lin_vel_z: -0.0015
                      reward/ang_vel_xy: -0.0687
                     reward/base_height: -0.0118
                     reward/orientation: -0.0379
                            reward/pose: -0.0089
                     reward/action_rate: -0.0486
                      reward/action_acc: -0.1423
--------------------------------------------------------------------------------
                         Iteration time: 0.47s
                           Time elapsed: 00:01:02
                                    ETA: 00:01:42

################################################################################
[1m                           Learning iteration 133/350                           [0m 

                            Total steps: 1646592 
                       Steps per second: 29919 
                        Collection time: 0.346s 
                          Learning time: 0.064s 
                        Mean value loss: 2.7617
                    Mean surrogate loss: -0.0098
                      Mean entropy loss: 5.3701
                            Mean reward: 8.27
                    Mean episode length: 243.12
                        Mean action std: 0.41
                reward/tracking_lin_vel: 0.7105
                reward/tracking_ang_vel: 0.1215
                      reward/feet_phase: 0.3207
             reward/feet_phase_contrast: 0.6130
             reward/feet_contact_number: 0.4462
                   reward/feet_air_time: 0.0691
                     reward/under_speed: -0.1454
                       reward/feet_slip: -0.0042
                  reward/feet_clearance: -0.0148
                       reward/lin_vel_z: -0.0151
                      reward/ang_vel_xy: -0.2710
                     reward/base_height: -0.0379
                     reward/orientation: -0.1525
                            reward/pose: -0.0103
                     reward/action_rate: -0.0498
                      reward/action_acc: -0.1438
--------------------------------------------------------------------------------
                         Iteration time: 0.41s
                           Time elapsed: 00:01:03
                                    ETA: 00:01:41

################################################################################
[1m                           Learning iteration 134/350                           [0m 

                            Total steps: 1658880 
                       Steps per second: 27167 
                        Collection time: 0.388s 
                          Learning time: 0.065s 
                        Mean value loss: 0.1739
                    Mean surrogate loss: -0.0114
                      Mean entropy loss: 5.3705
                            Mean reward: 14.04
                    Mean episode length: 444.38
                        Mean action std: 0.41
                reward/tracking_lin_vel: 0.7795
                reward/tracking_ang_vel: 0.1125
                      reward/feet_phase: 0.4262
             reward/feet_phase_contrast: 0.7707
             reward/feet_contact_number: 0.4446
                   reward/feet_air_time: 0.1442
                     reward/under_speed: -0.1230
                       reward/feet_slip: -0.0036
                  reward/feet_clearance: -0.0144
                       reward/lin_vel_z: -0.0354
                      reward/ang_vel_xy: -0.6553
                     reward/base_height: -1.4838
                     reward/orientation: -0.7058
                            reward/pose: -0.0115
                     reward/action_rate: -0.0496
                      reward/action_acc: -0.1420
             Metrics/twist/error_vel_xy: 0.3685
            Metrics/twist/error_vel_yaw: 0.2135
        Episode_Reward/tracking_lin_vel: 0.4520
        Episode_Reward/tracking_ang_vel: 0.0581
              Episode_Reward/feet_phase: 0.1280
     Episode_Reward/feet_phase_contrast: 0.2203
     Episode_Reward/feet_contact_number: 0.2065
           Episode_Reward/feet_air_time: 0.0069
             Episode_Reward/under_speed: -0.0770
               Episode_Reward/feet_slip: -0.0008
          Episode_Reward/feet_clearance: -0.0034
               Episode_Reward/lin_vel_z: -0.0031
              Episode_Reward/ang_vel_xy: -0.0615
             Episode_Reward/base_height: -0.0675
             Episode_Reward/orientation: -0.0491
                    Episode_Reward/pose: -0.0042
             Episode_Reward/action_rate: -0.0220
              Episode_Reward/action_acc: -0.0647
           Episode_Termination/time_out: 0.0000
    Episode_Termination/bad_orientation: 10.8333
--------------------------------------------------------------------------------
                         Iteration time: 0.45s
                           Time elapsed: 00:01:03
                                    ETA: 00:01:41

################################################################################
[1m                           Learning iteration 135/350                           [0m 

                            Total steps: 1671168 
                       Steps per second: 26391 
                        Collection time: 0.403s 
                          Learning time: 0.063s 
                        Mean value loss: 0.1664
                    Mean surrogate loss: -0.0099
                      Mean entropy loss: 5.3643
                            Mean reward: 13.40
                    Mean episode length: 424.75
                        Mean action std: 0.41
                reward/tracking_lin_vel: 1.0951
                reward/tracking_ang_vel: 0.1246
                      reward/feet_phase: 0.5394
             reward/feet_phase_contrast: 0.7852
             reward/feet_contact_number: 0.4569
                   reward/feet_air_time: 0.0189
                     reward/under_speed: -0.1417
                       reward/feet_slip: -0.0023
                  reward/feet_clearance: -0.0098
                       reward/lin_vel_z: -0.0095
                      reward/ang_vel_xy: -0.2318
                     reward/base_height: -0.4714
                     reward/orientation: -0.2463
                            reward/pose: -0.0096
                     reward/action_rate: -0.0500
                      reward/action_acc: -0.1435
             Metrics/twist/error_vel_xy: 0.4002
            Metrics/twist/error_vel_yaw: 0.2277
        Episode_Reward/tracking_lin_vel: 0.3828
        Episode_Reward/tracking_ang_vel: 0.0502
              Episode_Reward/feet_phase: 0.1116
     Episode_Reward/feet_phase_contrast: 0.1876
     Episode_Reward/feet_contact_number: 0.1754
           Episode_Reward/feet_air_time: 0.0085
             Episode_Reward/under_speed: -0.0654
               Episode_Reward/feet_slip: -0.0006
          Episode_Reward/feet_clearance: -0.0030
               Episode_Reward/lin_vel_z: -0.0018
              Episode_Reward/ang_vel_xy: -0.0527
             Episode_Reward/base_height: -0.0862
             Episode_Reward/orientation: -0.0522
                    Episode_Reward/pose: -0.0036
             Episode_Reward/action_rate: -0.0189
              Episode_Reward/action_acc: -0.0559
           Episode_Termination/time_out: 0.0000
    Episode_Termination/bad_orientation: 3.2917
--------------------------------------------------------------------------------
                         Iteration time: 0.47s
                           Time elapsed: 00:01:03
                                    ETA: 00:01:40

################################################################################
[1m                           Learning iteration 136/350                           [0m 

                            Total steps: 1683456 
                       Steps per second: 24451 
                        Collection time: 0.437s 
                          Learning time: 0.066s 
                        Mean value loss: 0.1191
                    Mean surrogate loss: -0.0083
                      Mean entropy loss: 5.3607
                            Mean reward: 6.21
                    Mean episode length: 222.70
                        Mean action std: 0.41
                reward/tracking_lin_vel: 1.0653
                reward/tracking_ang_vel: 0.1284
                      reward/feet_phase: 0.3910
             reward/feet_phase_contrast: 0.6593
             reward/feet_contact_number: 0.4602
                   reward/feet_air_time: 0.0115
                     reward/under_speed: -0.1546
                       reward/feet_slip: -0.0022
                  reward/feet_clearance: -0.0080
                       reward/lin_vel_z: -0.0089
                      reward/ang_vel_xy: -0.1955
                     reward/base_height: -0.3272
                     reward/orientation: -0.2148
                            reward/pose: -0.0098
                     reward/action_rate: -0.0495
                      reward/action_acc: -0.1419
             Metrics/twist/error_vel_xy: 0.2708
            Metrics/twist/error_vel_yaw: 0.1847
        Episode_Reward/tracking_lin_vel: 0.1188
        Episode_Reward/tracking_ang_vel: 0.0146
              Episode_Reward/feet_phase: 0.0517
     Episode_Reward/feet_phase_contrast: 0.0851
     Episode_Reward/feet_contact_number: 0.0535
           Episode_Reward/feet_air_time: 0.0026
             Episode_Reward/under_speed: -0.0160
               Episode_Reward/feet_slip: -0.0003
          Episode_Reward/feet_clearance: -0.0010
               Episode_Reward/lin_vel_z: -0.0018
              Episode_Reward/ang_vel_xy: -0.0348
             Episode_Reward/base_height: -0.0675
             Episode_Reward/orientation: -0.0424
                    Episode_Reward/pose: -0.0012
             Episode_Reward/action_rate: -0.0059
              Episode_Reward/action_acc: -0.0171
           Episode_Termination/time_out: 0.0000
    Episode_Termination/bad_orientation: 2.4783
--------------------------------------------------------------------------------
                         Iteration time: 0.50s
                           Time elapsed: 00:01:04
                                    ETA: 00:01:40

################################################################################
[1m                           Learning iteration 137/350                           [0m 

                            Total steps: 1695744 
                       Steps per second: 25428 
                        Collection time: 0.418s 
                          Learning time: 0.065s 
                        Mean value loss: 0.0709
                    Mean surrogate loss: -0.0096
                      Mean entropy loss: 5.3561
                            Mean reward: 2.02
                    Mean episode length: 100.48
                        Mean action std: 0.41
                reward/tracking_lin_vel: 1.0592
                reward/tracking_ang_vel: 0.1311
                      reward/feet_phase: 0.3103
             reward/feet_phase_contrast: 0.5878
             reward/feet_contact_number: 0.4646
                   reward/feet_air_time: 0.0066
                     reward/under_speed: -0.1620
                       reward/feet_slip: -0.0019
                  reward/feet_clearance: -0.0074
                       reward/lin_vel_z: -0.0073
                      reward/ang_vel_xy: -0.1722
                     reward/base_height: -0.2542
                     reward/orientation: -0.1693
                            reward/pose: -0.0096
                     reward/action_rate: -0.0495
                      reward/action_acc: -0.1426
             Metrics/twist/error_vel_xy: 0.2796
            Metrics/twist/error_vel_yaw: 0.2023
        Episode_Reward/tracking_lin_vel: 0.0853
        Episode_Reward/tracking_ang_vel: 0.0102
              Episode_Reward/feet_phase: 0.0466
     Episode_Reward/feet_phase_contrast: 0.0749
     Episode_Reward/feet_contact_number: 0.0384
           Episode_Reward/feet_air_time: 0.0038
             Episode_Reward/under_speed: -0.0099
               Episode_Reward/feet_slip: -0.0003
          Episode_Reward/feet_clearance: -0.0009
               Episode_Reward/lin_vel_z: -0.0019
              Episode_Reward/ang_vel_xy: -0.0331
             Episode_Reward/base_height: -0.0675
             Episode_Reward/orientation: -0.0438
                    Episode_Reward/pose: -0.0008
             Episode_Reward/action_rate: -0.0043
              Episode_Reward/action_acc: -0.0122
           Episode_Termination/time_out: 0.0000
    Episode_Termination/bad_orientation: 2.2857
--------------------------------------------------------------------------------
                         Iteration time: 0.48s
                           Time elapsed: 00:01:04
                                    ETA: 00:01:39

################################################################################
[1m                           Learning iteration 138/350                           [0m 

                            Total steps: 1708032 
                       Steps per second: 24719 
                        Collection time: 0.431s 
                          Learning time: 0.066s 
                        Mean value loss: 0.0772
                    Mean surrogate loss: -0.0083
                      Mean entropy loss: 5.3357
                            Mean reward: 1.89
                    Mean episode length: 89.97
                        Mean action std: 0.41
                reward/tracking_lin_vel: 1.0632
                reward/tracking_ang_vel: 0.1338
                      reward/feet_phase: 0.3178
             reward/feet_phase_contrast: 0.5447
             reward/feet_contact_number: 0.4608
                   reward/feet_air_time: 0.0052
                     reward/under_speed: -0.1681
                       reward/feet_slip: -0.0016
                  reward/feet_clearance: -0.0068
                       reward/lin_vel_z: -0.0050
                      reward/ang_vel_xy: -0.1263
                     reward/base_height: -0.1390
                     reward/orientation: -0.1139
                            reward/pose: -0.0091
                     reward/action_rate: -0.0499
                      reward/action_acc: -0.1450
             Metrics/twist/error_vel_xy: 0.2582
            Metrics/twist/error_vel_yaw: 0.1916
        Episode_Reward/tracking_lin_vel: 0.0968
        Episode_Reward/tracking_ang_vel: 0.0108
              Episode_Reward/feet_phase: 0.0474
     Episode_Reward/feet_phase_contrast: 0.0798
     Episode_Reward/feet_contact_number: 0.0406
           Episode_Reward/feet_air_time: 0.0015
             Episode_Reward/under_speed: -0.0105
               Episode_Reward/feet_slip: -0.0003
          Episode_Reward/feet_clearance: -0.0008
               Episode_Reward/lin_vel_z: -0.0017
              Episode_Reward/ang_vel_xy: -0.0340
             Episode_Reward/base_height: -0.0642
             Episode_Reward/orientation: -0.0418
                    Episode_Reward/pose: -0.0008
             Episode_Reward/action_rate: -0.0046
              Episode_Reward/action_acc: -0.0129
           Episode_Termination/time_out: 0.0000
    Episode_Termination/bad_orientation: 1.8000
--------------------------------------------------------------------------------
                         Iteration time: 0.50s
                           Time elapsed: 00:01:05
                                    ETA: 00:01:39

################################################################################
[1m                           Learning iteration 139/350                           [0m 

                            Total steps: 1720320 
                       Steps per second: 23807 
                        Collection time: 0.441s 
                          Learning time: 0.075s 
                        Mean value loss: 0.0453
                    Mean surrogate loss: -0.0084
                      Mean entropy loss: 5.3292
                            Mean reward: 2.12
                    Mean episode length: 94.52
                        Mean action std: 0.41
                reward/tracking_lin_vel: 1.0738
                reward/tracking_ang_vel: 0.1361
                      reward/feet_phase: 0.3589
             reward/feet_phase_contrast: 0.5268
             reward/feet_contact_number: 0.4641
                   reward/feet_air_time: 0.0029
                     reward/under_speed: -0.1726
                       reward/feet_slip: -0.0014
                  reward/feet_clearance: -0.0065
                       reward/lin_vel_z: -0.0038
                      reward/ang_vel_xy: -0.1102
                     reward/base_height: -0.1136
                     reward/orientation: -0.0867
                            reward/pose: -0.0091
                     reward/action_rate: -0.0495
                      reward/action_acc: -0.1441
             Metrics/twist/error_vel_xy: 0.3385
            Metrics/twist/error_vel_yaw: 0.2294
        Episode_Reward/tracking_lin_vel: 0.1081
        Episode_Reward/tracking_ang_vel: 0.0131
              Episode_Reward/feet_phase: 0.0537
     Episode_Reward/feet_phase_contrast: 0.0851
     Episode_Reward/feet_contact_number: 0.0473
           Episode_Reward/feet_air_time: 0.0042
             Episode_Reward/under_speed: -0.0142
               Episode_Reward/feet_slip: -0.0003
          Episode_Reward/feet_clearance: -0.0011
               Episode_Reward/lin_vel_z: -0.0017
              Episode_Reward/ang_vel_xy: -0.0353
             Episode_Reward/base_height: -0.0708
             Episode_Reward/orientation: -0.0435
                    Episode_Reward/pose: -0.0011
             Episode_Reward/action_rate: -0.0052
              Episode_Reward/action_acc: -0.0150
           Episode_Termination/time_out: 0.0000
    Episode_Termination/bad_orientation: 1.5385
--------------------------------------------------------------------------------
                         Iteration time: 0.52s
                           Time elapsed: 00:01:05
                                    ETA: 00:01:38

################################################################################
[1m                           Learning iteration 140/350                           [0m 

                            Total steps: 1732608 
                       Steps per second: 22212 
                        Collection time: 0.488s 
                          Learning time: 0.065s 
                        Mean value loss: 0.0259
                    Mean surrogate loss: -0.0105
                      Mean entropy loss: 5.3155
                            Mean reward: 1.86
                    Mean episode length: 88.95
                        Mean action std: 0.41
                reward/tracking_lin_vel: 1.0635
                reward/tracking_ang_vel: 0.1361
                      reward/feet_phase: 0.2580
             reward/feet_phase_contrast: 0.4965
             reward/feet_contact_number: 0.4645
                   reward/feet_air_time: 0.0016
                     reward/under_speed: -0.1750
                       reward/feet_slip: -0.0014
                  reward/feet_clearance: -0.0063
                       reward/lin_vel_z: -0.0032
                      reward/ang_vel_xy: -0.0951
                     reward/base_height: -0.0664
                     reward/orientation: -0.0681
                            reward/pose: -0.0090
                     reward/action_rate: -0.0502
                      reward/action_acc: -0.1462
--------------------------------------------------------------------------------
                         Iteration time: 0.55s
                           Time elapsed: 00:01:06
                                    ETA: 00:01:38

################################################################################
[1m                           Learning iteration 141/350                           [0m 

                            Total steps: 1744896 
                       Steps per second: 21755 
                        Collection time: 0.483s 
                          Learning time: 0.082s 
                        Mean value loss: 0.0198
                    Mean surrogate loss: -0.0114
                      Mean entropy loss: 5.2911
                            Mean reward: 1.93
                    Mean episode length: 86.56
                        Mean action std: 0.41
                reward/tracking_lin_vel: 1.0791
                reward/tracking_ang_vel: 0.1366
                      reward/feet_phase: 0.2546
             reward/feet_phase_contrast: 0.5032
             reward/feet_contact_number: 0.4648
                   reward/feet_air_time: 0.0000
                     reward/under_speed: -0.1762
                       reward/feet_slip: -0.0013
                  reward/feet_clearance: -0.0062
                       reward/lin_vel_z: -0.0022
                      reward/ang_vel_xy: -0.0839
                     reward/base_height: -0.0351
                     reward/orientation: -0.0501
                            reward/pose: -0.0088
                     reward/action_rate: -0.0497
                      reward/action_acc: -0.1444
             Metrics/twist/error_vel_xy: 0.2045
            Metrics/twist/error_vel_yaw: 0.1607
        Episode_Reward/tracking_lin_vel: 0.0859
        Episode_Reward/tracking_ang_vel: 0.0091
              Episode_Reward/feet_phase: 0.0512
     Episode_Reward/feet_phase_contrast: 0.0851
     Episode_Reward/feet_contact_number: 0.0344
           Episode_Reward/feet_air_time: 0.0000
             Episode_Reward/under_speed: -0.0060
               Episode_Reward/feet_slip: -0.0003
          Episode_Reward/feet_clearance: -0.0006
               Episode_Reward/lin_vel_z: -0.0019
              Episode_Reward/ang_vel_xy: -0.0324
             Episode_Reward/base_height: -0.0595
             Episode_Reward/orientation: -0.0435
                    Episode_Reward/pose: -0.0008
             Episode_Reward/action_rate: -0.0037
              Episode_Reward/action_acc: -0.0104
           Episode_Termination/time_out: 0.0000
    Episode_Termination/bad_orientation: 1.0000
--------------------------------------------------------------------------------
                         Iteration time: 0.56s
                           Time elapsed: 00:01:07
                                    ETA: 00:01:38

################################################################################
[1m                           Learning iteration 142/350                           [0m 

                            Total steps: 1757184 
                       Steps per second: 23402 
                        Collection time: 0.461s 
                          Learning time: 0.064s 
                        Mean value loss: 0.0206
                    Mean surrogate loss: -0.0093
                      Mean entropy loss: 5.2601
                            Mean reward: 6.43
                    Mean episode length: 197.94
                        Mean action std: 0.41
                reward/tracking_lin_vel: 1.0633
                reward/tracking_ang_vel: 0.1360
                      reward/feet_phase: 0.3176
             reward/feet_phase_contrast: 0.4836
             reward/feet_contact_number: 0.4638
                   reward/feet_air_time: 0.0002
                     reward/under_speed: -0.1779
                       reward/feet_slip: -0.0013
                  reward/feet_clearance: -0.0063
                       reward/lin_vel_z: -0.0021
                      reward/ang_vel_xy: -0.0832
                     reward/base_height: -0.0212
                     reward/orientation: -0.0457
                            reward/pose: -0.0088
                     reward/action_rate: -0.0495
                      reward/action_acc: -0.1435
--------------------------------------------------------------------------------
                         Iteration time: 0.53s
                           Time elapsed: 00:01:07
                                    ETA: 00:01:37

################################################################################
[1m                           Learning iteration 143/350                           [0m 

                            Total steps: 1769472 
                       Steps per second: 24883 
                        Collection time: 0.428s 
                          Learning time: 0.066s 
                        Mean value loss: 0.0246
                    Mean surrogate loss: -0.0062
                      Mean entropy loss: 5.2492
                            Mean reward: 9.25
                    Mean episode length: 268.75
                        Mean action std: 0.41
                reward/tracking_lin_vel: 1.0767
                reward/tracking_ang_vel: 0.1363
                      reward/feet_phase: 0.3143
             reward/feet_phase_contrast: 0.5057
             reward/feet_contact_number: 0.4683
                   reward/feet_air_time: 0.0002
                     reward/under_speed: -0.1763
                       reward/feet_slip: -0.0012
                  reward/feet_clearance: -0.0062
                       reward/lin_vel_z: -0.0023
                      reward/ang_vel_xy: -0.0862
                     reward/base_height: -0.0306
                     reward/orientation: -0.0470
                            reward/pose: -0.0086
                     reward/action_rate: -0.0498
                      reward/action_acc: -0.1439
--------------------------------------------------------------------------------
                         Iteration time: 0.49s
                           Time elapsed: 00:01:08
                                    ETA: 00:01:37

################################################################################
[1m                           Learning iteration 144/350                           [0m 

                            Total steps: 1781760 
                       Steps per second: 24182 
                        Collection time: 0.442s 
                          Learning time: 0.066s 
                        Mean value loss: 0.0348
                    Mean surrogate loss: -0.0067
                      Mean entropy loss: 5.2414
                            Mean reward: 10.01
                    Mean episode length: 286.91
                        Mean action std: 0.41
                reward/tracking_lin_vel: 1.0783
                reward/tracking_ang_vel: 0.1360
                      reward/feet_phase: 0.2563
             reward/feet_phase_contrast: 0.5117
             reward/feet_contact_number: 0.4649
                   reward/feet_air_time: 0.0005
                     reward/under_speed: -0.1765
                       reward/feet_slip: -0.0012
                  reward/feet_clearance: -0.0062
                       reward/lin_vel_z: -0.0021
                      reward/ang_vel_xy: -0.0861
                     reward/base_height: -0.0238
                     reward/orientation: -0.0467
                            reward/pose: -0.0087
                     reward/action_rate: -0.0494
                      reward/action_acc: -0.1426
--------------------------------------------------------------------------------
                         Iteration time: 0.51s
                           Time elapsed: 00:01:08
                                    ETA: 00:01:36

################################################################################
[1m                           Learning iteration 145/350                           [0m 

                            Total steps: 1794048 
                       Steps per second: 23180 
                        Collection time: 0.464s 
                          Learning time: 0.066s 
                        Mean value loss: 0.0217
                    Mean surrogate loss: -0.0092
                      Mean entropy loss: 5.2233
                            Mean reward: 12.46
                    Mean episode length: 345.59
                        Mean action std: 0.41
                reward/tracking_lin_vel: 1.0771
                reward/tracking_ang_vel: 0.1355
                      reward/feet_phase: 0.2760
             reward/feet_phase_contrast: 0.5035
             reward/feet_contact_number: 0.4638
                   reward/feet_air_time: 0.0011
                     reward/under_speed: -0.1763
                       reward/feet_slip: -0.0013
                  reward/feet_clearance: -0.0063
                       reward/lin_vel_z: -0.0024
                      reward/ang_vel_xy: -0.0927
                     reward/base_height: -0.0379
                     reward/orientation: -0.0515
                            reward/pose: -0.0086
                     reward/action_rate: -0.0497
                      reward/action_acc: -0.1434
--------------------------------------------------------------------------------
                         Iteration time: 0.53s
                           Time elapsed: 00:01:09
                                    ETA: 00:01:36

################################################################################
[1m                           Learning iteration 146/350                           [0m 

                            Total steps: 1806336 
                       Steps per second: 25436 
                        Collection time: 0.419s 
                          Learning time: 0.064s 
                        Mean value loss: 0.0183
                    Mean surrogate loss: -0.0089
                      Mean entropy loss: 5.2076
                            Mean reward: 12.45
                    Mean episode length: 345.34
                        Mean action std: 0.41
                reward/tracking_lin_vel: 1.0938
                reward/tracking_ang_vel: 0.1359
                      reward/feet_phase: 0.3627
             reward/feet_phase_contrast: 0.5260
             reward/feet_contact_number: 0.4662
                   reward/feet_air_time: 0.0000
                     reward/under_speed: -0.1763
                       reward/feet_slip: -0.0013
                  reward/feet_clearance: -0.0063
                       reward/lin_vel_z: -0.0018
                      reward/ang_vel_xy: -0.0822
                     reward/base_height: -0.0114
                     reward/orientation: -0.0385
                            reward/pose: -0.0087
                     reward/action_rate: -0.0500
                      reward/action_acc: -0.1439
--------------------------------------------------------------------------------
                         Iteration time: 0.48s
                           Time elapsed: 00:01:09
                                    ETA: 00:01:36

################################################################################
[1m                           Learning iteration 147/350                           [0m 

                            Total steps: 1818624 
                       Steps per second: 23886 
                        Collection time: 0.451s 
                          Learning time: 0.063s 
                        Mean value loss: 0.0166
                    Mean surrogate loss: -0.0085
                      Mean entropy loss: 5.2023
                            Mean reward: 14.07
                    Mean episode length: 385.87
                        Mean action std: 0.41
                reward/tracking_lin_vel: 1.0943
                reward/tracking_ang_vel: 0.1346
                      reward/feet_phase: 0.2876
             reward/feet_phase_contrast: 0.5245
             reward/feet_contact_number: 0.4689
                   reward/feet_air_time: 0.0000
                     reward/under_speed: -0.1756
                       reward/feet_slip: -0.0013
                  reward/feet_clearance: -0.0064
                       reward/lin_vel_z: -0.0020
                      reward/ang_vel_xy: -0.0888
                     reward/base_height: -0.0160
                     reward/orientation: -0.0429
                            reward/pose: -0.0086
                     reward/action_rate: -0.0500
                      reward/action_acc: -0.1436
--------------------------------------------------------------------------------
                         Iteration time: 0.51s
                           Time elapsed: 00:01:10
                                    ETA: 00:01:35

################################################################################
[1m                           Learning iteration 148/350                           [0m 

                            Total steps: 1830912 
                       Steps per second: 24399 
                        Collection time: 0.435s 
                          Learning time: 0.068s 
                        Mean value loss: 0.0151
                    Mean surrogate loss: -0.0099
                      Mean entropy loss: 5.1911
                            Mean reward: 14.16
                    Mean episode length: 389.39
                        Mean action std: 0.41
                reward/tracking_lin_vel: 1.0986
                reward/tracking_ang_vel: 0.1337
                      reward/feet_phase: 0.2619
             reward/feet_phase_contrast: 0.5294
             reward/feet_contact_number: 0.4636
                   reward/feet_air_time: 0.0002
                     reward/under_speed: -0.1750
                       reward/feet_slip: -0.0014
                  reward/feet_clearance: -0.0066
                       reward/lin_vel_z: -0.0020
                      reward/ang_vel_xy: -0.0909
                     reward/base_height: -0.0199
                     reward/orientation: -0.0419
                            reward/pose: -0.0089
                     reward/action_rate: -0.0497
                      reward/action_acc: -0.1413
--------------------------------------------------------------------------------
                         Iteration time: 0.50s
                           Time elapsed: 00:01:10
                                    ETA: 00:01:35

################################################################################
[1m                           Learning iteration 149/350                           [0m 

                            Total steps: 1843200 
                       Steps per second: 24225 
                        Collection time: 0.439s 
                          Learning time: 0.068s 
                        Mean value loss: 3.1123
                    Mean surrogate loss: -0.0102
                      Mean entropy loss: 5.1785
                            Mean reward: 14.16
                    Mean episode length: 389.39
                        Mean action std: 0.41
                reward/tracking_lin_vel: 1.0874
                reward/tracking_ang_vel: 0.1339
                      reward/feet_phase: 0.3201
             reward/feet_phase_contrast: 0.5111
             reward/feet_contact_number: 0.4644
                   reward/feet_air_time: 0.0000
                     reward/under_speed: -0.1763
                       reward/feet_slip: -0.0015
                  reward/feet_clearance: -0.0068
                       reward/lin_vel_z: -0.0019
                      reward/ang_vel_xy: -0.0909
                     reward/base_height: -0.0108
                     reward/orientation: -0.0381
                            reward/pose: -0.0090
                     reward/action_rate: -0.0500
                      reward/action_acc: -0.1422
--------------------------------------------------------------------------------
                         Iteration time: 0.51s
                           Time elapsed: 00:01:11
                                    ETA: 00:01:34

################################################################################
[1m                           Learning iteration 150/350                           [0m 

                            Total steps: 1855488 
                       Steps per second: 32766 
                        Collection time: 0.310s 
                          Learning time: 0.065s 
                        Mean value loss: 0.3383
                    Mean surrogate loss: -0.0095
                      Mean entropy loss: 5.1784
                            Mean reward: 16.38
                    Mean episode length: 460.40
                        Mean action std: 0.41
                reward/tracking_lin_vel: 0.4984
                reward/tracking_ang_vel: 0.1105
                      reward/feet_phase: 0.4520
             reward/feet_phase_contrast: 0.7522
             reward/feet_contact_number: 0.4206
                   reward/feet_air_time: 0.1789
                     reward/under_speed: -0.1190
                       reward/feet_slip: -0.0055
                  reward/feet_clearance: -0.0191
                       reward/lin_vel_z: -0.0337
                      reward/ang_vel_xy: -0.5611
                     reward/base_height: -0.4789
                     reward/orientation: -0.4447
                            reward/pose: -0.0113
                     reward/action_rate: -0.0515
                      reward/action_acc: -0.1449
             Metrics/twist/error_vel_xy: 0.3335
            Metrics/twist/error_vel_yaw: 0.2193
        Episode_Reward/tracking_lin_vel: 0.5085
        Episode_Reward/tracking_ang_vel: 0.0640
              Episode_Reward/feet_phase: 0.1473
     Episode_Reward/feet_phase_contrast: 0.2588
     Episode_Reward/feet_contact_number: 0.2248
           Episode_Reward/feet_air_time: 0.0032
             Episode_Reward/under_speed: -0.0832
               Episode_Reward/feet_slip: -0.0009
          Episode_Reward/feet_clearance: -0.0039
               Episode_Reward/lin_vel_z: -0.0033
              Episode_Reward/ang_vel_xy: -0.0653
             Episode_Reward/base_height: -0.0410
             Episode_Reward/orientation: -0.0414
                    Episode_Reward/pose: -0.0041
             Episode_Reward/action_rate: -0.0241
              Episode_Reward/action_acc: -0.0699
           Episode_Termination/time_out: 0.1818
    Episode_Termination/bad_orientation: 5.8182
--------------------------------------------------------------------------------
                         Iteration time: 0.38s
                           Time elapsed: 00:01:11
                                    ETA: 00:01:34

################################################################################
[1m                           Learning iteration 151/350                           [0m 

                            Total steps: 1867776 
                       Steps per second: 28880 
                        Collection time: 0.359s 
                          Learning time: 0.066s 
                        Mean value loss: 0.2358
                    Mean surrogate loss: -0.0110
                      Mean entropy loss: 5.1714
                            Mean reward: 14.41
                    Mean episode length: 429.47
                        Mean action std: 0.41
                reward/tracking_lin_vel: 0.8977
                reward/tracking_ang_vel: 0.1142
                      reward/feet_phase: 0.4809
             reward/feet_phase_contrast: 0.8091
             reward/feet_contact_number: 0.4393
                   reward/feet_air_time: 0.0805
                     reward/under_speed: -0.1273
                       reward/feet_slip: -0.0034
                  reward/feet_clearance: -0.0146
                       reward/lin_vel_z: -0.0266
                      reward/ang_vel_xy: -0.5641
                     reward/base_height: -1.4710
                     reward/orientation: -0.5633
                            reward/pose: -0.0087
                     reward/action_rate: -0.0509
                      reward/action_acc: -0.1414
             Metrics/twist/error_vel_xy: 0.4150
            Metrics/twist/error_vel_yaw: 0.2494
        Episode_Reward/tracking_lin_vel: 0.4673
        Episode_Reward/tracking_ang_vel: 0.0590
              Episode_Reward/feet_phase: 0.1404
     Episode_Reward/feet_phase_contrast: 0.2389
     Episode_Reward/feet_contact_number: 0.2058
           Episode_Reward/feet_air_time: 0.0093
             Episode_Reward/under_speed: -0.0761
               Episode_Reward/feet_slip: -0.0008
          Episode_Reward/feet_clearance: -0.0035
               Episode_Reward/lin_vel_z: -0.0023
              Episode_Reward/ang_vel_xy: -0.0644
             Episode_Reward/base_height: -0.0783
             Episode_Reward/orientation: -0.0499
                    Episode_Reward/pose: -0.0042
             Episode_Reward/action_rate: -0.0222
              Episode_Reward/action_acc: -0.0643
           Episode_Termination/time_out: 0.0000
    Episode_Termination/bad_orientation: 11.3750
--------------------------------------------------------------------------------
                         Iteration time: 0.43s
                           Time elapsed: 00:01:11
                                    ETA: 00:01:33

################################################################################
[1m                           Learning iteration 152/350                           [0m 

                            Total steps: 1880064 
                       Steps per second: 25932 
                        Collection time: 0.402s 
                          Learning time: 0.071s 
                        Mean value loss: 0.1396
                    Mean surrogate loss: -0.0108
                      Mean entropy loss: 5.1668
                            Mean reward: 10.58
                    Mean episode length: 336.80
                        Mean action std: 0.41
                reward/tracking_lin_vel: 1.0739
                reward/tracking_ang_vel: 0.1238
                      reward/feet_phase: 0.4197
             reward/feet_phase_contrast: 0.7461
             reward/feet_contact_number: 0.4505
                   reward/feet_air_time: 0.0211
                     reward/under_speed: -0.1481
                       reward/feet_slip: -0.0025
                  reward/feet_clearance: -0.0095
                       reward/lin_vel_z: -0.0093
                      reward/ang_vel_xy: -0.2440
                     reward/base_height: -0.4040
                     reward/orientation: -0.2277
                            reward/pose: -0.0088
                     reward/action_rate: -0.0514
                      reward/action_acc: -0.1436
             Metrics/twist/error_vel_xy: 0.3380
            Metrics/twist/error_vel_yaw: 0.2037
        Episode_Reward/tracking_lin_vel: 0.2638
        Episode_Reward/tracking_ang_vel: 0.0331
              Episode_Reward/feet_phase: 0.0847
     Episode_Reward/feet_phase_contrast: 0.1439
     Episode_Reward/feet_contact_number: 0.1172
           Episode_Reward/feet_air_time: 0.0050
             Episode_Reward/under_speed: -0.0418
               Episode_Reward/feet_slip: -0.0005
          Episode_Reward/feet_clearance: -0.0019
               Episode_Reward/lin_vel_z: -0.0018
              Episode_Reward/ang_vel_xy: -0.0481
             Episode_Reward/base_height: -0.0796
             Episode_Reward/orientation: -0.0456
                    Episode_Reward/pose: -0.0026
             Episode_Reward/action_rate: -0.0127
              Episode_Reward/action_acc: -0.0366
           Episode_Termination/time_out: 0.0000
    Episode_Termination/bad_orientation: 2.8261
--------------------------------------------------------------------------------
                         Iteration time: 0.47s
                           Time elapsed: 00:01:12
                                    ETA: 00:01:33

################################################################################
[1m                           Learning iteration 153/350                           [0m 

                            Total steps: 1892352 
                       Steps per second: 25249 
                        Collection time: 0.421s 
                          Learning time: 0.065s 
                        Mean value loss: 0.0955
                    Mean surrogate loss: -0.0087
                      Mean entropy loss: 5.1600
                            Mean reward: 4.36
                    Mean episode length: 174.10
                        Mean action std: 0.41
                reward/tracking_lin_vel: 1.0833
                reward/tracking_ang_vel: 0.1271
                      reward/feet_phase: 0.4572
             reward/feet_phase_contrast: 0.6707
             reward/feet_contact_number: 0.4705
                   reward/feet_air_time: 0.0115
                     reward/under_speed: -0.1576
                       reward/feet_slip: -0.0021
                  reward/feet_clearance: -0.0082
                       reward/lin_vel_z: -0.0074
                      reward/ang_vel_xy: -0.1898
                     reward/base_height: -0.2628
                     reward/orientation: -0.1623
                            reward/pose: -0.0088
                     reward/action_rate: -0.0509
                      reward/action_acc: -0.1433
             Metrics/twist/error_vel_xy: 0.3071
            Metrics/twist/error_vel_yaw: 0.1675
        Episode_Reward/tracking_lin_vel: 0.0930
        Episode_Reward/tracking_ang_vel: 0.0127
              Episode_Reward/feet_phase: 0.0407
     Episode_Reward/feet_phase_contrast: 0.0670
     Episode_Reward/feet_contact_number: 0.0469
           Episode_Reward/feet_air_time: 0.0042
             Episode_Reward/under_speed: -0.0141
               Episode_Reward/feet_slip: -0.0003
          Episode_Reward/feet_clearance: -0.0009
               Episode_Reward/lin_vel_z: -0.0016
              Episode_Reward/ang_vel_xy: -0.0356
             Episode_Reward/base_height: -0.0692
             Episode_Reward/orientation: -0.0411
                    Episode_Reward/pose: -0.0009
             Episode_Reward/action_rate: -0.0051
              Episode_Reward/action_acc: -0.0143
           Episode_Termination/time_out: 0.0000
    Episode_Termination/bad_orientation: 2.2857
--------------------------------------------------------------------------------
                         Iteration time: 0.49s
                           Time elapsed: 00:01:12
                                    ETA: 00:01:32

################################################################################
[1m                           Learning iteration 154/350                           [0m 

                            Total steps: 1904640 
                       Steps per second: 24727 
                        Collection time: 0.433s 
                          Learning time: 0.063s 
                        Mean value loss: 0.0497
                    Mean surrogate loss: -0.0117
                      Mean entropy loss: 5.1448
                            Mean reward: 2.31
                    Mean episode length: 116.31
                        Mean action std: 0.40
                reward/tracking_lin_vel: 1.0889
                reward/tracking_ang_vel: 0.1272
                      reward/feet_phase: 0.3610
             reward/feet_phase_contrast: 0.6278
             reward/feet_contact_number: 0.4585
                   reward/feet_air_time: 0.0053
                     reward/under_speed: -0.1625
                       reward/feet_slip: -0.0020
                  reward/feet_clearance: -0.0078
                       reward/lin_vel_z: -0.0059
                      reward/ang_vel_xy: -0.1601
                     reward/base_height: -0.1792
                     reward/orientation: -0.1257
                            reward/pose: -0.0087
                     reward/action_rate: -0.0502
                      reward/action_acc: -0.1415
             Metrics/twist/error_vel_xy: 0.3155
            Metrics/twist/error_vel_yaw: 0.2246
        Episode_Reward/tracking_lin_vel: 0.0688
        Episode_Reward/tracking_ang_vel: 0.0086
              Episode_Reward/feet_phase: 0.0381
     Episode_Reward/feet_phase_contrast: 0.0606
     Episode_Reward/feet_contact_number: 0.0339
           Episode_Reward/feet_air_time: 0.0054
             Episode_Reward/under_speed: -0.0094
               Episode_Reward/feet_slip: -0.0003
          Episode_Reward/feet_clearance: -0.0009
               Episode_Reward/lin_vel_z: -0.0017
              Episode_Reward/ang_vel_xy: -0.0344
             Episode_Reward/base_height: -0.0695
             Episode_Reward/orientation: -0.0417
                    Episode_Reward/pose: -0.0007
             Episode_Reward/action_rate: -0.0039
              Episode_Reward/action_acc: -0.0108
           Episode_Termination/time_out: 0.0000
    Episode_Termination/bad_orientation: 1.7778
--------------------------------------------------------------------------------
                         Iteration time: 0.50s
                           Time elapsed: 00:01:13
                                    ETA: 00:01:32

################################################################################
[1m                           Learning iteration 155/350                           [0m 

                            Total steps: 1916928 
                       Steps per second: 24837 
                        Collection time: 0.430s 
                          Learning time: 0.065s 
                        Mean value loss: 0.0435
                    Mean surrogate loss: -0.0098
                      Mean entropy loss: 5.1287
                            Mean reward: 1.54
                    Mean episode length: 90.01
                        Mean action std: 0.40
                reward/tracking_lin_vel: 1.1048
                reward/tracking_ang_vel: 0.1291
                      reward/feet_phase: 0.3118
             reward/feet_phase_contrast: 0.6097
             reward/feet_contact_number: 0.4617
                   reward/feet_air_time: 0.0042
                     reward/under_speed: -0.1669
                       reward/feet_slip: -0.0018
                  reward/feet_clearance: -0.0076
                       reward/lin_vel_z: -0.0042
                      reward/ang_vel_xy: -0.1303
                     reward/base_height: -0.0987
                     reward/orientation: -0.0839
                            reward/pose: -0.0088
                     reward/action_rate: -0.0503
                      reward/action_acc: -0.1412
             Metrics/twist/error_vel_xy: 0.2825
            Metrics/twist/error_vel_yaw: 0.1904
        Episode_Reward/tracking_lin_vel: 0.0599
        Episode_Reward/tracking_ang_vel: 0.0072
              Episode_Reward/feet_phase: 0.0376
     Episode_Reward/feet_phase_contrast: 0.0608
     Episode_Reward/feet_contact_number: 0.0272
           Episode_Reward/feet_air_time: 0.0026
             Episode_Reward/under_speed: -0.0065
               Episode_Reward/feet_slip: -0.0003
          Episode_Reward/feet_clearance: -0.0007
               Episode_Reward/lin_vel_z: -0.0018
              Episode_Reward/ang_vel_xy: -0.0335
             Episode_Reward/base_height: -0.0667
             Episode_Reward/orientation: -0.0400
                    Episode_Reward/pose: -0.0005
             Episode_Reward/action_rate: -0.0033
              Episode_Reward/action_acc: -0.0090
           Episode_Termination/time_out: 0.0000
    Episode_Termination/bad_orientation: 1.3571
--------------------------------------------------------------------------------
                         Iteration time: 0.49s
                           Time elapsed: 00:01:13
                                    ETA: 00:01:31

################################################################################
[1m                           Learning iteration 156/350                           [0m 

                            Total steps: 1929216 
                       Steps per second: 24633 
                        Collection time: 0.435s 
                          Learning time: 0.064s 
                        Mean value loss: 0.0367
                    Mean surrogate loss: -0.0110
                      Mean entropy loss: 5.1117
                            Mean reward: 1.47
                    Mean episode length: 83.93
                        Mean action std: 0.40
                reward/tracking_lin_vel: 1.0944
                reward/tracking_ang_vel: 0.1292
                      reward/feet_phase: 0.3496
             reward/feet_phase_contrast: 0.5785
             reward/feet_contact_number: 0.4616
                   reward/feet_air_time: 0.0007
                     reward/under_speed: -0.1696
                       reward/feet_slip: -0.0018
                  reward/feet_clearance: -0.0074
                       reward/lin_vel_z: -0.0040
                      reward/ang_vel_xy: -0.1222
                     reward/base_height: -0.0661
                     reward/orientation: -0.0735
                            reward/pose: -0.0088
                     reward/action_rate: -0.0505
                      reward/action_acc: -0.1417
--------------------------------------------------------------------------------
                         Iteration time: 0.50s
                           Time elapsed: 00:01:14
                                    ETA: 00:01:31

################################################################################
[1m                           Learning iteration 157/350                           [0m 

                            Total steps: 1941504 
                       Steps per second: 24051 
                        Collection time: 0.446s 
                          Learning time: 0.065s 
                        Mean value loss: 0.0301
                    Mean surrogate loss: -0.0102
                      Mean entropy loss: 5.0957
                            Mean reward: 1.78
                    Mean episode length: 83.78
                        Mean action std: 0.40
                reward/tracking_lin_vel: 1.0865
                reward/tracking_ang_vel: 0.1300
                      reward/feet_phase: 0.3629
             reward/feet_phase_contrast: 0.5443
             reward/feet_contact_number: 0.4648
                   reward/feet_air_time: 0.0023
                     reward/under_speed: -0.1729
                       reward/feet_slip: -0.0016
                  reward/feet_clearance: -0.0072
                       reward/lin_vel_z: -0.0033
                      reward/ang_vel_xy: -0.1098
                     reward/base_height: -0.0541
                     reward/orientation: -0.0606
                            reward/pose: -0.0086
                     reward/action_rate: -0.0504
                      reward/action_acc: -0.1425
             Metrics/twist/error_vel_xy: 0.2243
            Metrics/twist/error_vel_yaw: 0.2338
        Episode_Reward/tracking_lin_vel: 0.0973
        Episode_Reward/tracking_ang_vel: 0.0086
              Episode_Reward/feet_phase: 0.0579
     Episode_Reward/feet_phase_contrast: 0.0935
     Episode_Reward/feet_contact_number: 0.0374
           Episode_Reward/feet_air_time: 0.0046
             Episode_Reward/under_speed: -0.0073
               Episode_Reward/feet_slip: -0.0004
          Episode_Reward/feet_clearance: -0.0011
               Episode_Reward/lin_vel_z: -0.0021
              Episode_Reward/ang_vel_xy: -0.0388
             Episode_Reward/base_height: -0.0545
             Episode_Reward/orientation: -0.0427
                    Episode_Reward/pose: -0.0009
             Episode_Reward/action_rate: -0.0045
              Episode_Reward/action_acc: -0.0117
           Episode_Termination/time_out: 0.0000
    Episode_Termination/bad_orientation: 1.1000
--------------------------------------------------------------------------------
                         Iteration time: 0.51s
                           Time elapsed: 00:01:14
                                    ETA: 00:01:30

################################################################################
[1m                           Learning iteration 158/350                           [0m 

                            Total steps: 1953792 
                       Steps per second: 24815 
                        Collection time: 0.431s 
                          Learning time: 0.065s 
                        Mean value loss: 0.0197
                    Mean surrogate loss: -0.0116
                      Mean entropy loss: 5.0775
                            Mean reward: 1.84
                    Mean episode length: 84.36
                        Mean action std: 0.40
                reward/tracking_lin_vel: 1.0941
                reward/tracking_ang_vel: 0.1296
                      reward/feet_phase: 0.2827
             reward/feet_phase_contrast: 0.5565
             reward/feet_contact_number: 0.4612
                   reward/feet_air_time: 0.0029
                     reward/under_speed: -0.1738
                       reward/feet_slip: -0.0016
                  reward/feet_clearance: -0.0072
                       reward/lin_vel_z: -0.0026
                      reward/ang_vel_xy: -0.1011
                     reward/base_height: -0.0215
                     reward/orientation: -0.0456
                            reward/pose: -0.0084
                     reward/action_rate: -0.0502
                      reward/action_acc: -0.1416
             Metrics/twist/error_vel_xy: 0.2001
            Metrics/twist/error_vel_yaw: 0.1623
        Episode_Reward/tracking_lin_vel: 0.0743
        Episode_Reward/tracking_ang_vel: 0.0074
              Episode_Reward/feet_phase: 0.0488
     Episode_Reward/feet_phase_contrast: 0.0778
     Episode_Reward/feet_contact_number: 0.0319
           Episode_Reward/feet_air_time: 0.0000
             Episode_Reward/under_speed: -0.0065
               Episode_Reward/feet_slip: -0.0004
          Episode_Reward/feet_clearance: -0.0007
               Episode_Reward/lin_vel_z: -0.0023
              Episode_Reward/ang_vel_xy: -0.0356
             Episode_Reward/base_height: -0.0654
             Episode_Reward/orientation: -0.0414
                    Episode_Reward/pose: -0.0007
             Episode_Reward/action_rate: -0.0036
              Episode_Reward/action_acc: -0.0093
           Episode_Termination/time_out: 0.0000
    Episode_Termination/bad_orientation: 1.0000
--------------------------------------------------------------------------------
                         Iteration time: 0.50s
                           Time elapsed: 00:01:15
                                    ETA: 00:01:30

################################################################################
[1m                           Learning iteration 159/350                           [0m 

                            Total steps: 1966080 
                       Steps per second: 23692 
                        Collection time: 0.455s 
                          Learning time: 0.064s 
                        Mean value loss: 0.0186
                    Mean surrogate loss: -0.0121
                      Mean entropy loss: 5.0401
                            Mean reward: 5.92
                    Mean episode length: 186.03
                        Mean action std: 0.40
                reward/tracking_lin_vel: 1.0956
                reward/tracking_ang_vel: 0.1295
                      reward/feet_phase: 0.2801
             reward/feet_phase_contrast: 0.5497
             reward/feet_contact_number: 0.4642
                   reward/feet_air_time: 0.0009
                     reward/under_speed: -0.1734
                       reward/feet_slip: -0.0017
                  reward/feet_clearance: -0.0075
                       reward/lin_vel_z: -0.0028
                      reward/ang_vel_xy: -0.1034
                     reward/base_height: -0.0249
                     reward/orientation: -0.0450
                            reward/pose: -0.0083
                     reward/action_rate: -0.0511
                      reward/action_acc: -0.1442
--------------------------------------------------------------------------------
                         Iteration time: 0.52s
                           Time elapsed: 00:01:15
                                    ETA: 00:01:30

################################################################################
[1m                           Learning iteration 160/350                           [0m 

                            Total steps: 1978368 
                       Steps per second: 24192 
                        Collection time: 0.443s 
                          Learning time: 0.065s 
                        Mean value loss: 0.0253
                    Mean surrogate loss: -0.0110
                      Mean entropy loss: 5.0175
                            Mean reward: 7.93
                    Mean episode length: 232.35
                        Mean action std: 0.40
                reward/tracking_lin_vel: 1.1053
                reward/tracking_ang_vel: 0.1302
                      reward/feet_phase: 0.3866
             reward/feet_phase_contrast: 0.5772
             reward/feet_contact_number: 0.4653
                   reward/feet_air_time: 0.0003
                     reward/under_speed: -0.1726
                       reward/feet_slip: -0.0017
                  reward/feet_clearance: -0.0073
                       reward/lin_vel_z: -0.0026
                      reward/ang_vel_xy: -0.1059
                     reward/base_height: -0.0209
                     reward/orientation: -0.0418
                            reward/pose: -0.0081
                     reward/action_rate: -0.0505
                      reward/action_acc: -0.1412
--------------------------------------------------------------------------------
                         Iteration time: 0.51s
                           Time elapsed: 00:01:16
                                    ETA: 00:01:29

################################################################################
[1m                           Learning iteration 161/350                           [0m 

                            Total steps: 1990656 
                       Steps per second: 24366 
                        Collection time: 0.441s 
                          Learning time: 0.063s 
                        Mean value loss: 0.0385
                    Mean surrogate loss: -0.0110
                      Mean entropy loss: 5.0015
                            Mean reward: 9.23
                    Mean episode length: 257.73
                        Mean action std: 0.40
                reward/tracking_lin_vel: 1.1042
                reward/tracking_ang_vel: 0.1282
                      reward/feet_phase: 0.3425
             reward/feet_phase_contrast: 0.5782
             reward/feet_contact_number: 0.4624
                   reward/feet_air_time: 0.0002
                     reward/under_speed: -0.1722
                       reward/feet_slip: -0.0019
                  reward/feet_clearance: -0.0077
                       reward/lin_vel_z: -0.0027
                      reward/ang_vel_xy: -0.1124
                     reward/base_height: -0.0242
                     reward/orientation: -0.0445
                            reward/pose: -0.0081
                     reward/action_rate: -0.0510
                      reward/action_acc: -0.1424
--------------------------------------------------------------------------------
                         Iteration time: 0.50s
                           Time elapsed: 00:01:16
                                    ETA: 00:01:29

################################################################################
[1m                           Learning iteration 162/350                           [0m 

                            Total steps: 2002944 
                       Steps per second: 20890 
                        Collection time: 0.520s 
                          Learning time: 0.068s 
                        Mean value loss: 0.0261
                    Mean surrogate loss: -0.0098
                      Mean entropy loss: 4.9921
                            Mean reward: 10.42
                    Mean episode length: 287.61
                        Mean action std: 0.40
                reward/tracking_lin_vel: 1.1152
                reward/tracking_ang_vel: 0.1257
                      reward/feet_phase: 0.3032
             reward/feet_phase_contrast: 0.6121
             reward/feet_contact_number: 0.4646
                   reward/feet_air_time: 0.0008
                     reward/under_speed: -0.1701
                       reward/feet_slip: -0.0020
                  reward/feet_clearance: -0.0080
                       reward/lin_vel_z: -0.0031
                      reward/ang_vel_xy: -0.1191
                     reward/base_height: -0.0336
                     reward/orientation: -0.0472
                            reward/pose: -0.0082
                     reward/action_rate: -0.0509
                      reward/action_acc: -0.1410
--------------------------------------------------------------------------------
                         Iteration time: 0.59s
                           Time elapsed: 00:01:17
                                    ETA: 00:01:28

################################################################################
[1m                           Learning iteration 163/350                           [0m 

                            Total steps: 2015232 
                       Steps per second: 20047 
                        Collection time: 0.536s 
                          Learning time: 0.077s 
                        Mean value loss: 0.0189
                    Mean surrogate loss: -0.0125
                      Mean entropy loss: 4.9714
                            Mean reward: 10.33
                    Mean episode length: 287.43
                        Mean action std: 0.40
                reward/tracking_lin_vel: 1.1224
                reward/tracking_ang_vel: 0.1275
                      reward/feet_phase: 0.3471
             reward/feet_phase_contrast: 0.6065
             reward/feet_contact_number: 0.4614
                   reward/feet_air_time: 0.0004
                     reward/under_speed: -0.1706
                       reward/feet_slip: -0.0020
                  reward/feet_clearance: -0.0082
                       reward/lin_vel_z: -0.0026
                      reward/ang_vel_xy: -0.1100
                     reward/base_height: -0.0207
                     reward/orientation: -0.0419
                            reward/pose: -0.0083
                     reward/action_rate: -0.0517
                      reward/action_acc: -0.1435
--------------------------------------------------------------------------------
                         Iteration time: 0.61s
                           Time elapsed: 00:01:18
                                    ETA: 00:01:28

################################################################################
[1m                           Learning iteration 164/350                           [0m 

                            Total steps: 2027520 
                       Steps per second: 19639 
                        Collection time: 0.553s 
                          Learning time: 0.072s 
                        Mean value loss: 0.0178
                    Mean surrogate loss: -0.0110
                      Mean entropy loss: 4.9556
                            Mean reward: 10.39
                    Mean episode length: 287.82
                        Mean action std: 0.40
                reward/tracking_lin_vel: 1.1217
                reward/tracking_ang_vel: 0.1268
                      reward/feet_phase: 0.4073
             reward/feet_phase_contrast: 0.5994
             reward/feet_contact_number: 0.4628
                   reward/feet_air_time: 0.0000
                     reward/under_speed: -0.1709
                       reward/feet_slip: -0.0021
                  reward/feet_clearance: -0.0084
                       reward/lin_vel_z: -0.0027
                      reward/ang_vel_xy: -0.1105
                     reward/base_height: -0.0099
                     reward/orientation: -0.0393
                            reward/pose: -0.0083
                     reward/action_rate: -0.0514
                      reward/action_acc: -0.1416
--------------------------------------------------------------------------------
                         Iteration time: 0.63s
                           Time elapsed: 00:01:18
                                    ETA: 00:01:28

################################################################################
[1m                           Learning iteration 165/350                           [0m 

                            Total steps: 2039808 
                       Steps per second: 23018 
                        Collection time: 0.464s 
                          Learning time: 0.070s 
                        Mean value loss: 0.0230
                    Mean surrogate loss: -0.0084
                      Mean entropy loss: 4.9369
                            Mean reward: 10.91
                    Mean episode length: 298.27
                        Mean action std: 0.40
                reward/tracking_lin_vel: 1.1407
                reward/tracking_ang_vel: 0.1241
                      reward/feet_phase: 0.3381
             reward/feet_phase_contrast: 0.6480
             reward/feet_contact_number: 0.4611
                   reward/feet_air_time: 0.0000
                     reward/under_speed: -0.1677
                       reward/feet_slip: -0.0023
                  reward/feet_clearance: -0.0087
                       reward/lin_vel_z: -0.0032
                      reward/ang_vel_xy: -0.1229
                     reward/base_height: -0.0134
                     reward/orientation: -0.0437
                            reward/pose: -0.0083
                     reward/action_rate: -0.0524
                      reward/action_acc: -0.1436
--------------------------------------------------------------------------------
                         Iteration time: 0.53s
                           Time elapsed: 00:01:19
                                    ETA: 00:01:27

################################################################################
[1m                           Learning iteration 166/350                           [0m 

                            Total steps: 2052096 
                       Steps per second: 24320 
                        Collection time: 0.433s 
                          Learning time: 0.072s 
                        Mean value loss: 3.9550
                    Mean surrogate loss: -0.0072
                      Mean entropy loss: 4.9348
                            Mean reward: 11.66
                    Mean episode length: 313.49
                        Mean action std: 0.40
                reward/tracking_lin_vel: 0.8975
                reward/tracking_ang_vel: 0.1186
                      reward/feet_phase: 0.3562
             reward/feet_phase_contrast: 0.6875
             reward/feet_contact_number: 0.4544
                   reward/feet_air_time: 0.0070
                     reward/under_speed: -0.1505
                       reward/feet_slip: -0.0047
                  reward/feet_clearance: -0.0156
                       reward/lin_vel_z: -0.0106
                      reward/ang_vel_xy: -0.2001
                     reward/base_height: -0.0167
                     reward/orientation: -0.0565
                            reward/pose: -0.0087
                     reward/action_rate: -0.0532
                      reward/action_acc: -0.1435
             Metrics/twist/error_vel_xy: 0.2620
            Metrics/twist/error_vel_yaw: 0.2719
        Episode_Reward/tracking_lin_vel: 0.5453
        Episode_Reward/tracking_ang_vel: 0.0573
              Episode_Reward/feet_phase: 0.1754
     Episode_Reward/feet_phase_contrast: 0.3007
     Episode_Reward/feet_contact_number: 0.2057
           Episode_Reward/feet_air_time: 0.0000
             Episode_Reward/under_speed: -0.0719
               Episode_Reward/feet_slip: -0.0009
          Episode_Reward/feet_clearance: -0.0036
               Episode_Reward/lin_vel_z: -0.0031
              Episode_Reward/ang_vel_xy: -0.0608
             Episode_Reward/base_height: -0.0375
             Episode_Reward/orientation: -0.0473
                    Episode_Reward/pose: -0.0038
             Episode_Reward/action_rate: -0.0227
              Episode_Reward/action_acc: -0.0626
           Episode_Termination/time_out: 0.2500
    Episode_Termination/bad_orientation: 0.7500
--------------------------------------------------------------------------------
                         Iteration time: 0.51s
                           Time elapsed: 00:01:19
                                    ETA: 00:01:27

################################################################################
[1m                           Learning iteration 167/350                           [0m 

                            Total steps: 2064384 
                       Steps per second: 31977 
                        Collection time: 0.319s 
                          Learning time: 0.065s 
                        Mean value loss: 0.2183
                    Mean surrogate loss: -0.0102
                      Mean entropy loss: 4.9470
                            Mean reward: 15.48
                    Mean episode length: 442.23
                        Mean action std: 0.40
                reward/tracking_lin_vel: 0.6431
                reward/tracking_ang_vel: 0.1038
                      reward/feet_phase: 0.4914
             reward/feet_phase_contrast: 0.7748
             reward/feet_contact_number: 0.4299
                   reward/feet_air_time: 0.2183
                     reward/under_speed: -0.1179
                       reward/feet_slip: -0.0045
                  reward/feet_clearance: -0.0162
                       reward/lin_vel_z: -0.0415
                      reward/ang_vel_xy: -0.7091
                     reward/base_height: -1.0689
                     reward/orientation: -0.6744
                            reward/pose: -0.0097
                     reward/action_rate: -0.0540
                      reward/action_acc: -0.1439
--------------------------------------------------------------------------------
                         Iteration time: 0.38s
                           Time elapsed: 00:01:20
                                    ETA: 00:01:26

################################################################################
[1m                           Learning iteration 168/350                           [0m 

                            Total steps: 2076672 
                       Steps per second: 26629 
                        Collection time: 0.393s 
                          Learning time: 0.068s 
                        Mean value loss: 0.2148
                    Mean surrogate loss: -0.0115
                      Mean entropy loss: 4.9494
                            Mean reward: 15.26
                    Mean episode length: 433.53
                        Mean action std: 0.40
                reward/tracking_lin_vel: 1.0406
                reward/tracking_ang_vel: 0.1132
                      reward/feet_phase: 0.5502
             reward/feet_phase_contrast: 0.8413
             reward/feet_contact_number: 0.4515
                   reward/feet_air_time: 0.0324
                     reward/under_speed: -0.1340
                       reward/feet_slip: -0.0037
                  reward/feet_clearance: -0.0146
                       reward/lin_vel_z: -0.0171
                      reward/ang_vel_xy: -0.3863
                     reward/base_height: -0.8198
                     reward/orientation: -0.3503
                            reward/pose: -0.0072
                     reward/action_rate: -0.0546
                      reward/action_acc: -0.1451
             Metrics/twist/error_vel_xy: 0.4325
            Metrics/twist/error_vel_yaw: 0.2900
        Episode_Reward/tracking_lin_vel: 0.4699
        Episode_Reward/tracking_ang_vel: 0.0567
              Episode_Reward/feet_phase: 0.1536
     Episode_Reward/feet_phase_contrast: 0.2620
     Episode_Reward/feet_contact_number: 0.2040
           Episode_Reward/feet_air_time: 0.0090
             Episode_Reward/under_speed: -0.0739
               Episode_Reward/feet_slip: -0.0009
          Episode_Reward/feet_clearance: -0.0039
               Episode_Reward/lin_vel_z: -0.0026
              Episode_Reward/ang_vel_xy: -0.0702
             Episode_Reward/base_height: -0.0779
             Episode_Reward/orientation: -0.0522
                    Episode_Reward/pose: -0.0039
             Episode_Reward/action_rate: -0.0226
              Episode_Reward/action_acc: -0.0635
           Episode_Termination/time_out: 0.0000
    Episode_Termination/bad_orientation: 7.1364
--------------------------------------------------------------------------------
                         Iteration time: 0.46s
                           Time elapsed: 00:01:20
                                    ETA: 00:01:26

################################################################################
[1m                           Learning iteration 169/350                           [0m 

                            Total steps: 2088960 
                       Steps per second: 23691 
                        Collection time: 0.451s 
                          Learning time: 0.067s 
                        Mean value loss: 0.1124
                    Mean surrogate loss: -0.0114
                      Mean entropy loss: 4.9454
                            Mean reward: 10.47
                    Mean episode length: 323.77
                        Mean action std: 0.40
                reward/tracking_lin_vel: 1.1217
                reward/tracking_ang_vel: 0.1168
                      reward/feet_phase: 0.4098
             reward/feet_phase_contrast: 0.7790
             reward/feet_contact_number: 0.4442
                   reward/feet_air_time: 0.0134
                     reward/under_speed: -0.1483
                       reward/feet_slip: -0.0035
                  reward/feet_clearance: -0.0116
                       reward/lin_vel_z: -0.0091
                      reward/ang_vel_xy: -0.2416
                     reward/base_height: -0.3194
                     reward/orientation: -0.1822
                            reward/pose: -0.0081
                     reward/action_rate: -0.0549
                      reward/action_acc: -0.1455
             Metrics/twist/error_vel_xy: 0.3905
            Metrics/twist/error_vel_yaw: 0.2476
        Episode_Reward/tracking_lin_vel: 0.2335
        Episode_Reward/tracking_ang_vel: 0.0284
              Episode_Reward/feet_phase: 0.0838
     Episode_Reward/feet_phase_contrast: 0.1392
     Episode_Reward/feet_contact_number: 0.1080
           Episode_Reward/feet_air_time: 0.0060
             Episode_Reward/under_speed: -0.0377
               Episode_Reward/feet_slip: -0.0006
          Episode_Reward/feet_clearance: -0.0023
               Episode_Reward/lin_vel_z: -0.0020
              Episode_Reward/ang_vel_xy: -0.0549
             Episode_Reward/base_height: -0.0765
             Episode_Reward/orientation: -0.0468
                    Episode_Reward/pose: -0.0020
             Episode_Reward/action_rate: -0.0122
              Episode_Reward/action_acc: -0.0335
           Episode_Termination/time_out: 0.0000
    Episode_Termination/bad_orientation: 2.4545
--------------------------------------------------------------------------------
                         Iteration time: 0.52s
                           Time elapsed: 00:01:21
                                    ETA: 00:01:25

################################################################################
[1m                           Learning iteration 170/350                           [0m 

                            Total steps: 2101248 
                       Steps per second: 23330 
                        Collection time: 0.455s 
                          Learning time: 0.072s 
                        Mean value loss: 0.0812
                    Mean surrogate loss: -0.0102
                      Mean entropy loss: 4.9384
                            Mean reward: 5.53
                    Mean episode length: 207.00
                        Mean action std: 0.40
                reward/tracking_lin_vel: 1.1171
                reward/tracking_ang_vel: 0.1195
                      reward/feet_phase: 0.3895
             reward/feet_phase_contrast: 0.7080
             reward/feet_contact_number: 0.4560
                   reward/feet_air_time: 0.0070
                     reward/under_speed: -0.1582
                       reward/feet_slip: -0.0032
                  reward/feet_clearance: -0.0107
                       reward/lin_vel_z: -0.0072
                      reward/ang_vel_xy: -0.1931
                     reward/base_height: -0.1976
                     reward/orientation: -0.1204
                            reward/pose: -0.0082
                     reward/action_rate: -0.0550
                      reward/action_acc: -0.1470
             Metrics/twist/error_vel_xy: 0.3224
            Metrics/twist/error_vel_yaw: 0.2320
        Episode_Reward/tracking_lin_vel: 0.0661
        Episode_Reward/tracking_ang_vel: 0.0081
              Episode_Reward/feet_phase: 0.0316
     Episode_Reward/feet_phase_contrast: 0.0537
     Episode_Reward/feet_contact_number: 0.0331
           Episode_Reward/feet_air_time: 0.0033
             Episode_Reward/under_speed: -0.0101
               Episode_Reward/feet_slip: -0.0004
          Episode_Reward/feet_clearance: -0.0011
               Episode_Reward/lin_vel_z: -0.0020
              Episode_Reward/ang_vel_xy: -0.0404
             Episode_Reward/base_height: -0.0772
             Episode_Reward/orientation: -0.0407
                    Episode_Reward/pose: -0.0006
             Episode_Reward/action_rate: -0.0046
              Episode_Reward/action_acc: -0.0116
           Episode_Termination/time_out: 0.0000
    Episode_Termination/bad_orientation: 2.0000
--------------------------------------------------------------------------------
                         Iteration time: 0.53s
                           Time elapsed: 00:01:21
                                    ETA: 00:01:25

################################################################################
[1m                           Learning iteration 171/350                           [0m 

                            Total steps: 2113536 
                       Steps per second: 23364 
                        Collection time: 0.458s 
                          Learning time: 0.068s 
                        Mean value loss: 0.0599
                    Mean surrogate loss: -0.0106
                      Mean entropy loss: 4.9170
                            Mean reward: 3.44
                    Mean episode length: 154.45
                        Mean action std: 0.40
                reward/tracking_lin_vel: 1.1307
                reward/tracking_ang_vel: 0.1219
                      reward/feet_phase: 0.4718
             reward/feet_phase_contrast: 0.6873
             reward/feet_contact_number: 0.4651
                   reward/feet_air_time: 0.0035
                     reward/under_speed: -0.1621
                       reward/feet_slip: -0.0028
                  reward/feet_clearance: -0.0097
                       reward/lin_vel_z: -0.0058
                      reward/ang_vel_xy: -0.1587
                     reward/base_height: -0.1103
                     reward/orientation: -0.0923
                            reward/pose: -0.0081
                     reward/action_rate: -0.0548
                      reward/action_acc: -0.1470
             Metrics/twist/error_vel_xy: 0.3349
            Metrics/twist/error_vel_yaw: 0.2814
        Episode_Reward/tracking_lin_vel: 0.1240
        Episode_Reward/tracking_ang_vel: 0.0143
              Episode_Reward/feet_phase: 0.0562
     Episode_Reward/feet_phase_contrast: 0.0926
     Episode_Reward/feet_contact_number: 0.0581
           Episode_Reward/feet_air_time: 0.0031
             Episode_Reward/under_speed: -0.0178
               Episode_Reward/feet_slip: -0.0005
          Episode_Reward/feet_clearance: -0.0015
               Episode_Reward/lin_vel_z: -0.0022
              Episode_Reward/ang_vel_xy: -0.0467
             Episode_Reward/base_height: -0.0659
             Episode_Reward/orientation: -0.0415
                    Episode_Reward/pose: -0.0011
             Episode_Reward/action_rate: -0.0076
              Episode_Reward/action_acc: -0.0196
           Episode_Termination/time_out: 0.0000
    Episode_Termination/bad_orientation: 1.5833
--------------------------------------------------------------------------------
                         Iteration time: 0.53s
                           Time elapsed: 00:01:22
                                    ETA: 00:01:25

################################################################################
[1m                           Learning iteration 172/350                           [0m 

                            Total steps: 2125824 
                       Steps per second: 22011 
                        Collection time: 0.489s 
                          Learning time: 0.069s 
                        Mean value loss: 0.0352
                    Mean surrogate loss: -0.0101
                      Mean entropy loss: 4.9088
                            Mean reward: 2.57
                    Mean episode length: 122.81
                        Mean action std: 0.40
                reward/tracking_lin_vel: 1.1416
                reward/tracking_ang_vel: 0.1210
                      reward/feet_phase: 0.3724
             reward/feet_phase_contrast: 0.6855
             reward/feet_contact_number: 0.4548
                   reward/feet_air_time: 0.0014
                     reward/under_speed: -0.1638
                       reward/feet_slip: -0.0028
                  reward/feet_clearance: -0.0099
                       reward/lin_vel_z: -0.0050
                      reward/ang_vel_xy: -0.1469
                     reward/base_height: -0.0842
                     reward/orientation: -0.0695
                            reward/pose: -0.0080
                     reward/action_rate: -0.0539
                      reward/action_acc: -0.1445
--------------------------------------------------------------------------------
                         Iteration time: 0.56s
                           Time elapsed: 00:01:22
                                    ETA: 00:01:24

################################################################################
[1m                           Learning iteration 173/350                           [0m 

                            Total steps: 2138112 
                       Steps per second: 22707 
                        Collection time: 0.471s 
                          Learning time: 0.070s 
                        Mean value loss: 0.0264
                    Mean surrogate loss: -0.0111
                      Mean entropy loss: 4.8841
                            Mean reward: 2.11
                    Mean episode length: 108.29
                        Mean action std: 0.39
                reward/tracking_lin_vel: 1.1569
                reward/tracking_ang_vel: 0.1178
                      reward/feet_phase: 0.3446
             reward/feet_phase_contrast: 0.6899
             reward/feet_contact_number: 0.4592
                   reward/feet_air_time: 0.0015
                     reward/under_speed: -0.1640
                       reward/feet_slip: -0.0030
                  reward/feet_clearance: -0.0101
                       reward/lin_vel_z: -0.0043
                      reward/ang_vel_xy: -0.1394
                     reward/base_height: -0.0401
                     reward/orientation: -0.0552
                            reward/pose: -0.0080
                     reward/action_rate: -0.0553
                      reward/action_acc: -0.1477
             Metrics/twist/error_vel_xy: 0.2548
            Metrics/twist/error_vel_yaw: 0.2966
        Episode_Reward/tracking_lin_vel: 0.0987
        Episode_Reward/tracking_ang_vel: 0.0082
              Episode_Reward/feet_phase: 0.0623
     Episode_Reward/feet_phase_contrast: 0.0987
     Episode_Reward/feet_contact_number: 0.0366
           Episode_Reward/feet_air_time: 0.0023
             Episode_Reward/under_speed: -0.0082
               Episode_Reward/feet_slip: -0.0007
          Episode_Reward/feet_clearance: -0.0016
               Episode_Reward/lin_vel_z: -0.0027
              Episode_Reward/ang_vel_xy: -0.0426
             Episode_Reward/base_height: -0.0529
             Episode_Reward/orientation: -0.0414
                    Episode_Reward/pose: -0.0007
             Episode_Reward/action_rate: -0.0058
              Episode_Reward/action_acc: -0.0135
           Episode_Termination/time_out: 0.0000
    Episode_Termination/bad_orientation: 1.0000
--------------------------------------------------------------------------------
                         Iteration time: 0.54s
                           Time elapsed: 00:01:23
                                    ETA: 00:01:24

################################################################################
[1m                           Learning iteration 174/350                           [0m 

                            Total steps: 2150400 
                       Steps per second: 23282 
                        Collection time: 0.461s 
                          Learning time: 0.066s 
                        Mean value loss: 0.0255
                    Mean surrogate loss: -0.0120
                      Mean entropy loss: 4.8596
                            Mean reward: 2.06
                    Mean episode length: 106.37
                        Mean action std: 0.39
                reward/tracking_lin_vel: 1.1735
                reward/tracking_ang_vel: 0.1168
                      reward/feet_phase: 0.4429
             reward/feet_phase_contrast: 0.7054
             reward/feet_contact_number: 0.4648
                   reward/feet_air_time: 0.0012
                     reward/under_speed: -0.1637
                       reward/feet_slip: -0.0032
                  reward/feet_clearance: -0.0107
                       reward/lin_vel_z: -0.0041
                      reward/ang_vel_xy: -0.1336
                     reward/base_height: -0.0319
                     reward/orientation: -0.0467
                            reward/pose: -0.0080
                     reward/action_rate: -0.0560
                      reward/action_acc: -0.1486
--------------------------------------------------------------------------------
                         Iteration time: 0.53s
                           Time elapsed: 00:01:23
                                    ETA: 00:01:23

################################################################################
[1m                           Learning iteration 175/350                           [0m 

                            Total steps: 2162688 
                       Steps per second: 22894 
                        Collection time: 0.466s 
                          Learning time: 0.071s 
                        Mean value loss: 0.0247
                    Mean surrogate loss: -0.0094
                      Mean entropy loss: 4.8353
                            Mean reward: 3.03
                    Mean episode length: 126.87
                        Mean action std: 0.39
                reward/tracking_lin_vel: 1.1717
                reward/tracking_ang_vel: 0.1136
                      reward/feet_phase: 0.4619
             reward/feet_phase_contrast: 0.7098
             reward/feet_contact_number: 0.4587
                   reward/feet_air_time: 0.0001
                     reward/under_speed: -0.1632
                       reward/feet_slip: -0.0034
                  reward/feet_clearance: -0.0113
                       reward/lin_vel_z: -0.0043
                      reward/ang_vel_xy: -0.1401
                     reward/base_height: -0.0203
                     reward/orientation: -0.0433
                            reward/pose: -0.0078
                     reward/action_rate: -0.0565
                      reward/action_acc: -0.1487
--------------------------------------------------------------------------------
                         Iteration time: 0.54s
                           Time elapsed: 00:01:24
                                    ETA: 00:01:23

################################################################################
[1m                           Learning iteration 176/350                           [0m 

                            Total steps: 2174976 
                       Steps per second: 21622 
                        Collection time: 0.500s 
                          Learning time: 0.068s 
                        Mean value loss: 0.0389
                    Mean surrogate loss: -0.0105
                      Mean entropy loss: 4.8159
                            Mean reward: 9.10
                    Mean episode length: 258.54
                        Mean action std: 0.39
                reward/tracking_lin_vel: 1.1944
                reward/tracking_ang_vel: 0.1119
                      reward/feet_phase: 0.3795
             reward/feet_phase_contrast: 0.7547
             reward/feet_contact_number: 0.4585
                   reward/feet_air_time: 0.0003
                     reward/under_speed: -0.1603
                       reward/feet_slip: -0.0035
                  reward/feet_clearance: -0.0115
                       reward/lin_vel_z: -0.0044
                      reward/ang_vel_xy: -0.1388
                     reward/base_height: -0.0208
                     reward/orientation: -0.0416
                            reward/pose: -0.0077
                     reward/action_rate: -0.0566
                      reward/action_acc: -0.1487
             Metrics/twist/error_vel_xy: 0.5498
            Metrics/twist/error_vel_yaw: 0.5826
        Episode_Reward/tracking_lin_vel: 0.9394
        Episode_Reward/tracking_ang_vel: 0.1056
              Episode_Reward/feet_phase: 0.2929
     Episode_Reward/feet_phase_contrast: 0.5071
     Episode_Reward/feet_contact_number: 0.3868
           Episode_Reward/feet_air_time: 0.0021
             Episode_Reward/under_speed: -0.1409
               Episode_Reward/feet_slip: -0.0017
          Episode_Reward/feet_clearance: -0.0071
               Episode_Reward/lin_vel_z: -0.0025
              Episode_Reward/ang_vel_xy: -0.0968
             Episode_Reward/base_height: -0.0200
             Episode_Reward/orientation: -0.0384
                    Episode_Reward/pose: -0.0078
             Episode_Reward/action_rate: -0.0432
              Episode_Reward/action_acc: -0.1198
           Episode_Termination/time_out: 1.1538
    Episode_Termination/bad_orientation: 0.2308
--------------------------------------------------------------------------------
                         Iteration time: 0.57s
                           Time elapsed: 00:01:24
                                    ETA: 00:01:22

################################################################################
[1m                           Learning iteration 177/350                           [0m 

                            Total steps: 2187264 
                       Steps per second: 22975 
                        Collection time: 0.466s 
                          Learning time: 0.069s 
                        Mean value loss: 0.0351
                    Mean surrogate loss: -0.0112
                      Mean entropy loss: 4.7976
                            Mean reward: 10.20
                    Mean episode length: 282.99
                        Mean action std: 0.39
                reward/tracking_lin_vel: 1.1855
                reward/tracking_ang_vel: 0.1107
                      reward/feet_phase: 0.3938
             reward/feet_phase_contrast: 0.7511
             reward/feet_contact_number: 0.4578
                   reward/feet_air_time: 0.0008
                     reward/under_speed: -0.1604
                       reward/feet_slip: -0.0038
                  reward/feet_clearance: -0.0119
                       reward/lin_vel_z: -0.0048
                      reward/ang_vel_xy: -0.1486
                     reward/base_height: -0.0300
                     reward/orientation: -0.0485
                            reward/pose: -0.0079
                     reward/action_rate: -0.0568
                      reward/action_acc: -0.1479
--------------------------------------------------------------------------------
                         Iteration time: 0.53s
                           Time elapsed: 00:01:25
                                    ETA: 00:01:22

################################################################################
[1m                           Learning iteration 178/350                           [0m 

                            Total steps: 2199552 
                       Steps per second: 22987 
                        Collection time: 0.465s 
                          Learning time: 0.070s 
                        Mean value loss: 0.0417
                    Mean surrogate loss: -0.0124
                      Mean entropy loss: 4.7860
                            Mean reward: 12.06
                    Mean episode length: 322.48
                        Mean action std: 0.39
                reward/tracking_lin_vel: 1.1953
                reward/tracking_ang_vel: 0.1096
                      reward/feet_phase: 0.5314
             reward/feet_phase_contrast: 0.7763
             reward/feet_contact_number: 0.4608
                   reward/feet_air_time: 0.0022
                     reward/under_speed: -0.1583
                       reward/feet_slip: -0.0040
                  reward/feet_clearance: -0.0124
                       reward/lin_vel_z: -0.0048
                      reward/ang_vel_xy: -0.1560
                     reward/base_height: -0.0297
                     reward/orientation: -0.0453
                            reward/pose: -0.0080
                     reward/action_rate: -0.0580
                      reward/action_acc: -0.1495
--------------------------------------------------------------------------------
                         Iteration time: 0.53s
                           Time elapsed: 00:01:25
                                    ETA: 00:01:22

################################################################################
[1m                           Learning iteration 179/350                           [0m 

                            Total steps: 2211840 
                       Steps per second: 23100 
                        Collection time: 0.463s 
                          Learning time: 0.069s 
                        Mean value loss: 0.0361
                    Mean surrogate loss: -0.0108
                      Mean entropy loss: 4.7720
                            Mean reward: 13.06
                    Mean episode length: 343.52
                        Mean action std: 0.39
                reward/tracking_lin_vel: 1.1892
                reward/tracking_ang_vel: 0.1078
                      reward/feet_phase: 0.4330
             reward/feet_phase_contrast: 0.7664
             reward/feet_contact_number: 0.4564
                   reward/feet_air_time: 0.0005
                     reward/under_speed: -0.1587
                       reward/feet_slip: -0.0042
                  reward/feet_clearance: -0.0129
                       reward/lin_vel_z: -0.0051
                      reward/ang_vel_xy: -0.1594
                     reward/base_height: -0.0150
                     reward/orientation: -0.0408
                            reward/pose: -0.0080
                     reward/action_rate: -0.0580
                      reward/action_acc: -0.1476
--------------------------------------------------------------------------------
                         Iteration time: 0.53s
                           Time elapsed: 00:01:26
                                    ETA: 00:01:21

################################################################################
[1m                           Learning iteration 180/350                           [0m 

                            Total steps: 2224128 
                       Steps per second: 22312 
                        Collection time: 0.481s 
                          Learning time: 0.070s 
                        Mean value loss: 0.0277
                    Mean surrogate loss: -0.0108
                      Mean entropy loss: 4.7606
                            Mean reward: 14.32
                    Mean episode length: 371.85
                        Mean action std: 0.39
                reward/tracking_lin_vel: 1.2211
                reward/tracking_ang_vel: 0.1063
                      reward/feet_phase: 0.4091
             reward/feet_phase_contrast: 0.8191
             reward/feet_contact_number: 0.4602
                   reward/feet_air_time: 0.0006
                     reward/under_speed: -0.1544
                       reward/feet_slip: -0.0047
                  reward/feet_clearance: -0.0136
                       reward/lin_vel_z: -0.0051
                      reward/ang_vel_xy: -0.1714
                     reward/base_height: -0.0260
                     reward/orientation: -0.0413
                            reward/pose: -0.0077
                     reward/action_rate: -0.0594
                      reward/action_acc: -0.1491
--------------------------------------------------------------------------------
                         Iteration time: 0.55s
                           Time elapsed: 00:01:27
                                    ETA: 00:01:21

################################################################################
[1m                           Learning iteration 181/350                           [0m 

                            Total steps: 2236416 
                       Steps per second: 22655 
                        Collection time: 0.471s 
                          Learning time: 0.071s 
                        Mean value loss: 0.0286
                    Mean surrogate loss: -0.0112
                      Mean entropy loss: 4.7480
                            Mean reward: 15.28
                    Mean episode length: 390.68
                        Mean action std: 0.39
                reward/tracking_lin_vel: 1.2354
                reward/tracking_ang_vel: 0.1027
                      reward/feet_phase: 0.5072
             reward/feet_phase_contrast: 0.8485
             reward/feet_contact_number: 0.4582
                   reward/feet_air_time: 0.0010
                     reward/under_speed: -0.1525
                       reward/feet_slip: -0.0051
                  reward/feet_clearance: -0.0142
                       reward/lin_vel_z: -0.0057
                      reward/ang_vel_xy: -0.1740
                     reward/base_height: -0.0084
                     reward/orientation: -0.0376
                            reward/pose: -0.0078
                     reward/action_rate: -0.0604
                      reward/action_acc: -0.1497
             Metrics/twist/error_vel_xy: 0.4132
            Metrics/twist/error_vel_yaw: 0.4907
        Episode_Reward/tracking_lin_vel: 0.8332
        Episode_Reward/tracking_ang_vel: 0.0777
              Episode_Reward/feet_phase: 0.2789
     Episode_Reward/feet_phase_contrast: 0.4877
     Episode_Reward/feet_contact_number: 0.3186
           Episode_Reward/feet_air_time: 0.0008
             Episode_Reward/under_speed: -0.1095
               Episode_Reward/feet_slip: -0.0033
          Episode_Reward/feet_clearance: -0.0105
               Episode_Reward/lin_vel_z: -0.0030
              Episode_Reward/ang_vel_xy: -0.1045
             Episode_Reward/base_height: -0.0344
             Episode_Reward/orientation: -0.0426
                    Episode_Reward/pose: -0.0054
             Episode_Reward/action_rate: -0.0387
              Episode_Reward/action_acc: -0.1031
           Episode_Termination/time_out: 0.6667
    Episode_Termination/bad_orientation: 0.3333
--------------------------------------------------------------------------------
                         Iteration time: 0.54s
                           Time elapsed: 00:01:27
                                    ETA: 00:01:20

################################################################################
[1m                           Learning iteration 182/350                           [0m 

                            Total steps: 2248704 
                       Steps per second: 23438 
                        Collection time: 0.454s 
                          Learning time: 0.071s 
                        Mean value loss: 0.0310
                    Mean surrogate loss: -0.0067
                      Mean entropy loss: 4.7346
                            Mean reward: 15.33
                    Mean episode length: 390.42
                        Mean action std: 0.39
                reward/tracking_lin_vel: 1.2231
                reward/tracking_ang_vel: 0.1020
                      reward/feet_phase: 0.5582
             reward/feet_phase_contrast: 0.8325
             reward/feet_contact_number: 0.4599
                   reward/feet_air_time: 0.0018
                     reward/under_speed: -0.1527
                       reward/feet_slip: -0.0052
                  reward/feet_clearance: -0.0147
                       reward/lin_vel_z: -0.0061
                      reward/ang_vel_xy: -0.1818
                     reward/base_height: -0.0116
                     reward/orientation: -0.0401
                            reward/pose: -0.0078
                     reward/action_rate: -0.0608
                      reward/action_acc: -0.1495
--------------------------------------------------------------------------------
                         Iteration time: 0.52s
                           Time elapsed: 00:01:28
                                    ETA: 00:01:20

################################################################################
[1m                           Learning iteration 183/350                           [0m 

                            Total steps: 2260992 
                       Steps per second: 28405 
                        Collection time: 0.360s 
                          Learning time: 0.073s 
                        Mean value loss: 4.0948
                    Mean surrogate loss: -0.0098
                      Mean entropy loss: 4.7213
                            Mean reward: 15.82
                    Mean episode length: 396.95
                        Mean action std: 0.39
                reward/tracking_lin_vel: 0.7472
                reward/tracking_ang_vel: 0.0913
                      reward/feet_phase: 0.4140
             reward/feet_phase_contrast: 0.8114
             reward/feet_contact_number: 0.4585
                   reward/feet_air_time: 0.0866
                     reward/under_speed: -0.1263
                       reward/feet_slip: -0.0079
                  reward/feet_clearance: -0.0218
                       reward/lin_vel_z: -0.0251
                      reward/ang_vel_xy: -0.3879
                     reward/base_height: -0.0408
                     reward/orientation: -0.1619
                            reward/pose: -0.0088
                     reward/action_rate: -0.0633
                      reward/action_acc: -0.1521
--------------------------------------------------------------------------------
                         Iteration time: 0.43s
                           Time elapsed: 00:01:28
                                    ETA: 00:01:19

################################################################################
[1m                           Learning iteration 184/350                           [0m 

                            Total steps: 2273280 
                       Steps per second: 24149 
                        Collection time: 0.431s 
                          Learning time: 0.077s 
                        Mean value loss: 0.2232
                    Mean surrogate loss: -0.0108
                      Mean entropy loss: 4.7029
                            Mean reward: 17.65
                    Mean episode length: 445.82
                        Mean action std: 0.39
                reward/tracking_lin_vel: 0.7893
                reward/tracking_ang_vel: 0.0964
                      reward/feet_phase: 0.4556
             reward/feet_phase_contrast: 0.8302
             reward/feet_contact_number: 0.4197
                   reward/feet_air_time: 0.1652
                     reward/under_speed: -0.1157
                       reward/feet_slip: -0.0062
                  reward/feet_clearance: -0.0210
                       reward/lin_vel_z: -0.0453
                      reward/ang_vel_xy: -0.7929
                     reward/base_height: -1.3906
                     reward/orientation: -0.7068
                            reward/pose: -0.0099
                     reward/action_rate: -0.0602
                      reward/action_acc: -0.1449
             Metrics/twist/error_vel_xy: 0.3938
            Metrics/twist/error_vel_yaw: 0.3375
        Episode_Reward/tracking_lin_vel: 0.4683
        Episode_Reward/tracking_ang_vel: 0.0476
              Episode_Reward/feet_phase: 0.1809
     Episode_Reward/feet_phase_contrast: 0.3137
     Episode_Reward/feet_contact_number: 0.1925
           Episode_Reward/feet_air_time: 0.0083
             Episode_Reward/under_speed: -0.0653
               Episode_Reward/feet_slip: -0.0017
          Episode_Reward/feet_clearance: -0.0053
               Episode_Reward/lin_vel_z: -0.0043
              Episode_Reward/ang_vel_xy: -0.0926
             Episode_Reward/base_height: -0.0602
             Episode_Reward/orientation: -0.0455
                    Episode_Reward/pose: -0.0035
             Episode_Reward/action_rate: -0.0238
              Episode_Reward/action_acc: -0.0620
           Episode_Termination/time_out: 0.0417
    Episode_Termination/bad_orientation: 11.2083
--------------------------------------------------------------------------------
                         Iteration time: 0.51s
                           Time elapsed: 00:01:29
                                    ETA: 00:01:19

################################################################################
[1m                           Learning iteration 185/350                           [0m 

                            Total steps: 2285568 
                       Steps per second: 22996 
                        Collection time: 0.461s 
                          Learning time: 0.073s 
                        Mean value loss: 0.1818
                    Mean surrogate loss: -0.0117
                      Mean entropy loss: 4.7028
                            Mean reward: 16.82
                    Mean episode length: 429.94
                        Mean action std: 0.39
                reward/tracking_lin_vel: 1.1579
                reward/tracking_ang_vel: 0.1021
                      reward/feet_phase: 0.6087
             reward/feet_phase_contrast: 0.9026
             reward/feet_contact_number: 0.4576
                   reward/feet_air_time: 0.0286
                     reward/under_speed: -0.1333
                       reward/feet_slip: -0.0052
                  reward/feet_clearance: -0.0173
                       reward/lin_vel_z: -0.0130
                      reward/ang_vel_xy: -0.3177
                     reward/base_height: -0.4374
                     reward/orientation: -0.2132
                            reward/pose: -0.0077
                     reward/action_rate: -0.0617
                      reward/action_acc: -0.1501
             Metrics/twist/error_vel_xy: 0.4479
            Metrics/twist/error_vel_yaw: 0.3513
        Episode_Reward/tracking_lin_vel: 0.4166
        Episode_Reward/tracking_ang_vel: 0.0437
              Episode_Reward/feet_phase: 0.1672
     Episode_Reward/feet_phase_contrast: 0.2856
     Episode_Reward/feet_contact_number: 0.1784
           Episode_Reward/feet_air_time: 0.0093
             Episode_Reward/under_speed: -0.0619
               Episode_Reward/feet_slip: -0.0016
          Episode_Reward/feet_clearance: -0.0051
               Episode_Reward/lin_vel_z: -0.0029
              Episode_Reward/ang_vel_xy: -0.0817
             Episode_Reward/base_height: -0.0801
             Episode_Reward/orientation: -0.0506
                    Episode_Reward/pose: -0.0032
             Episode_Reward/action_rate: -0.0221
              Episode_Reward/action_acc: -0.0576
           Episode_Termination/time_out: 0.0000
    Episode_Termination/bad_orientation: 3.6364
--------------------------------------------------------------------------------
                         Iteration time: 0.53s
                           Time elapsed: 00:01:29
                                    ETA: 00:01:19

################################################################################
[1m                           Learning iteration 186/350                           [0m 

                            Total steps: 2297856 
                       Steps per second: 22956 
                        Collection time: 0.467s 
                          Learning time: 0.068s 
                        Mean value loss: 0.1266
                    Mean surrogate loss: -0.0107
                      Mean entropy loss: 4.7001
                            Mean reward: 12.56
                    Mean episode length: 347.30
                        Mean action std: 0.39
                reward/tracking_lin_vel: 1.2222
                reward/tracking_ang_vel: 0.0987
                      reward/feet_phase: 0.5323
             reward/feet_phase_contrast: 0.8857
             reward/feet_contact_number: 0.4460
                   reward/feet_air_time: 0.0142
                     reward/under_speed: -0.1415
                       reward/feet_slip: -0.0058
                  reward/feet_clearance: -0.0167
                       reward/lin_vel_z: -0.0096
                      reward/ang_vel_xy: -0.2502
                     reward/base_height: -0.1976
                     reward/orientation: -0.1137
                            reward/pose: -0.0078
                     reward/action_rate: -0.0625
                      reward/action_acc: -0.1505
             Metrics/twist/error_vel_xy: 0.4077
            Metrics/twist/error_vel_yaw: 0.2908
        Episode_Reward/tracking_lin_vel: 0.2077
        Episode_Reward/tracking_ang_vel: 0.0225
              Episode_Reward/feet_phase: 0.0822
     Episode_Reward/feet_phase_contrast: 0.1397
     Episode_Reward/feet_contact_number: 0.0933
           Episode_Reward/feet_air_time: 0.0065
             Episode_Reward/under_speed: -0.0320
               Episode_Reward/feet_slip: -0.0008
          Episode_Reward/feet_clearance: -0.0026
               Episode_Reward/lin_vel_z: -0.0020
              Episode_Reward/ang_vel_xy: -0.0576
             Episode_Reward/base_height: -0.0825
             Episode_Reward/orientation: -0.0443
                    Episode_Reward/pose: -0.0018
             Episode_Reward/action_rate: -0.0118
              Episode_Reward/action_acc: -0.0305
           Episode_Termination/time_out: 0.0000
    Episode_Termination/bad_orientation: 2.0625
--------------------------------------------------------------------------------
                         Iteration time: 0.54s
                           Time elapsed: 00:01:30
                                    ETA: 00:01:18

################################################################################
[1m                           Learning iteration 187/350                           [0m 

                            Total steps: 2310144 
                       Steps per second: 23927 
                        Collection time: 0.445s 
                          Learning time: 0.068s 
                        Mean value loss: 0.0701
                    Mean surrogate loss: -0.0119
                      Mean entropy loss: 4.6904
                            Mean reward: 8.93
                    Mean episode length: 271.33
                        Mean action std: 0.39
                reward/tracking_lin_vel: 1.2413
                reward/tracking_ang_vel: 0.0981
                      reward/feet_phase: 0.4513
             reward/feet_phase_contrast: 0.8827
             reward/feet_contact_number: 0.4434
                   reward/feet_air_time: 0.0054
                     reward/under_speed: -0.1439
                       reward/feet_slip: -0.0058
                  reward/feet_clearance: -0.0164
                       reward/lin_vel_z: -0.0084
                      reward/ang_vel_xy: -0.2307
                     reward/base_height: -0.1277
                     reward/orientation: -0.0886
                            reward/pose: -0.0077
                     reward/action_rate: -0.0629
                      reward/action_acc: -0.1513
             Metrics/twist/error_vel_xy: 0.3487
            Metrics/twist/error_vel_yaw: 0.2102
        Episode_Reward/tracking_lin_vel: 0.0304
        Episode_Reward/tracking_ang_vel: 0.0057
              Episode_Reward/feet_phase: 0.0168
     Episode_Reward/feet_phase_contrast: 0.0246
     Episode_Reward/feet_contact_number: 0.0240
           Episode_Reward/feet_air_time: 0.0051
             Episode_Reward/under_speed: -0.0089
               Episode_Reward/feet_slip: -0.0003
          Episode_Reward/feet_clearance: -0.0008
               Episode_Reward/lin_vel_z: -0.0012
              Episode_Reward/ang_vel_xy: -0.0345
             Episode_Reward/base_height: -0.0876
             Episode_Reward/orientation: -0.0389
                    Episode_Reward/pose: -0.0005
             Episode_Reward/action_rate: -0.0033
              Episode_Reward/action_acc: -0.0084
           Episode_Termination/time_out: 0.0000
    Episode_Termination/bad_orientation: 1.3846
--------------------------------------------------------------------------------
                         Iteration time: 0.51s
                           Time elapsed: 00:01:30
                                    ETA: 00:01:18

################################################################################
[1m                           Learning iteration 188/350                           [0m 

                            Total steps: 2322432 
                       Steps per second: 23943 
                        Collection time: 0.444s 
                          Learning time: 0.069s 
                        Mean value loss: 0.0624
                    Mean surrogate loss: -0.0098
                      Mean entropy loss: 4.6692
                            Mean reward: 5.93
                    Mean episode length: 209.22
                        Mean action std: 0.39
                reward/tracking_lin_vel: 1.2670
                reward/tracking_ang_vel: 0.0957
                      reward/feet_phase: 0.5114
             reward/feet_phase_contrast: 0.8900
             reward/feet_contact_number: 0.4589
                   reward/feet_air_time: 0.0017
                     reward/under_speed: -0.1444
                       reward/feet_slip: -0.0057
                  reward/feet_clearance: -0.0166
                       reward/lin_vel_z: -0.0081
                      reward/ang_vel_xy: -0.2206
                     reward/base_height: -0.1045
                     reward/orientation: -0.0677
                            reward/pose: -0.0075
                     reward/action_rate: -0.0634
                      reward/action_acc: -0.1537
--------------------------------------------------------------------------------
                         Iteration time: 0.51s
                           Time elapsed: 00:01:31
                                    ETA: 00:01:17

################################################################################
[1m                           Learning iteration 189/350                           [0m 

                            Total steps: 2334720 
                       Steps per second: 23794 
                        Collection time: 0.447s 
                          Learning time: 0.070s 
                        Mean value loss: 0.0417
                    Mean surrogate loss: -0.0078
                      Mean entropy loss: 4.6471
                            Mean reward: 4.94
                    Mean episode length: 187.21
                        Mean action std: 0.39
                reward/tracking_lin_vel: 1.2865
                reward/tracking_ang_vel: 0.0943
                      reward/feet_phase: 0.6213
             reward/feet_phase_contrast: 0.9071
             reward/feet_contact_number: 0.4606
                   reward/feet_air_time: 0.0015
                     reward/under_speed: -0.1443
                       reward/feet_slip: -0.0061
                  reward/feet_clearance: -0.0174
                       reward/lin_vel_z: -0.0078
                      reward/ang_vel_xy: -0.2099
                     reward/base_height: -0.0310
                     reward/orientation: -0.0438
                            reward/pose: -0.0074
                     reward/action_rate: -0.0642
                      reward/action_acc: -0.1526
--------------------------------------------------------------------------------
                         Iteration time: 0.52s
                           Time elapsed: 00:01:31
                                    ETA: 00:01:17

################################################################################
[1m                           Learning iteration 190/350                           [0m 

                            Total steps: 2347008 
                       Steps per second: 24987 
                        Collection time: 0.424s 
                          Learning time: 0.068s 
                        Mean value loss: 0.0418
                    Mean surrogate loss: -0.0090
                      Mean entropy loss: 4.6254
                            Mean reward: 4.78
                    Mean episode length: 183.46
                        Mean action std: 0.38
                reward/tracking_lin_vel: 1.3051
                reward/tracking_ang_vel: 0.0923
                      reward/feet_phase: 0.4859
             reward/feet_phase_contrast: 0.9226
             reward/feet_contact_number: 0.4566
                   reward/feet_air_time: 0.0016
                     reward/under_speed: -0.1412
                       reward/feet_slip: -0.0068
                  reward/feet_clearance: -0.0179
                       reward/lin_vel_z: -0.0080
                      reward/ang_vel_xy: -0.2133
                     reward/base_height: -0.0097
                     reward/orientation: -0.0367
                            reward/pose: -0.0072
                     reward/action_rate: -0.0658
                      reward/action_acc: -0.1548
--------------------------------------------------------------------------------
                         Iteration time: 0.49s
                           Time elapsed: 00:01:32
                                    ETA: 00:01:16

################################################################################
[1m                           Learning iteration 191/350                           [0m 

                            Total steps: 2359296 
                       Steps per second: 24230 
                        Collection time: 0.436s 
                          Learning time: 0.071s 
                        Mean value loss: 0.0294
                    Mean surrogate loss: -0.0114
                      Mean entropy loss: 4.6117
                            Mean reward: 4.69
                    Mean episode length: 181.76
                        Mean action std: 0.38
                reward/tracking_lin_vel: 1.3252
                reward/tracking_ang_vel: 0.0914
                      reward/feet_phase: 0.4786
             reward/feet_phase_contrast: 0.9470
             reward/feet_contact_number: 0.4517
                   reward/feet_air_time: 0.0004
                     reward/under_speed: -0.1381
                       reward/feet_slip: -0.0070
                  reward/feet_clearance: -0.0186
                       reward/lin_vel_z: -0.0087
                      reward/ang_vel_xy: -0.2188
                     reward/base_height: -0.0107
                     reward/orientation: -0.0388
                            reward/pose: -0.0071
                     reward/action_rate: -0.0666
                      reward/action_acc: -0.1558
--------------------------------------------------------------------------------
                         Iteration time: 0.51s
                           Time elapsed: 00:01:32
                                    ETA: 00:01:16

################################################################################
[1m                           Learning iteration 192/350                           [0m 

                            Total steps: 2371584 
                       Steps per second: 23801 
                        Collection time: 0.449s 
                          Learning time: 0.068s 
                        Mean value loss: 0.0396
                    Mean surrogate loss: -0.0090
                      Mean entropy loss: 4.5891
                            Mean reward: 8.21
                    Mean episode length: 251.99
                        Mean action std: 0.38
                reward/tracking_lin_vel: 1.3338
                reward/tracking_ang_vel: 0.0888
                      reward/feet_phase: 0.6298
             reward/feet_phase_contrast: 0.9637
             reward/feet_contact_number: 0.4588
                   reward/feet_air_time: 0.0011
                     reward/under_speed: -0.1350
                       reward/feet_slip: -0.0076
                  reward/feet_clearance: -0.0194
                       reward/lin_vel_z: -0.0095
                      reward/ang_vel_xy: -0.2318
                     reward/base_height: -0.0142
                     reward/orientation: -0.0389
                            reward/pose: -0.0072
                     reward/action_rate: -0.0679
                      reward/action_acc: -0.1558
--------------------------------------------------------------------------------
                         Iteration time: 0.52s
                           Time elapsed: 00:01:33
                                    ETA: 00:01:15

################################################################################
[1m                           Learning iteration 193/350                           [0m 

                            Total steps: 2383872 
                       Steps per second: 24358 
                        Collection time: 0.434s 
                          Learning time: 0.070s 
                        Mean value loss: 0.0371
                    Mean surrogate loss: -0.0094
                      Mean entropy loss: 4.5692
                            Mean reward: 11.17
                    Mean episode length: 306.68
                        Mean action std: 0.38
                reward/tracking_lin_vel: 1.3399
                reward/tracking_ang_vel: 0.0871
                      reward/feet_phase: 0.6173
             reward/feet_phase_contrast: 0.9854
             reward/feet_contact_number: 0.4581
                   reward/feet_air_time: 0.0016
                     reward/under_speed: -0.1328
                       reward/feet_slip: -0.0077
                  reward/feet_clearance: -0.0204
                       reward/lin_vel_z: -0.0103
                      reward/ang_vel_xy: -0.2423
                     reward/base_height: -0.0220
                     reward/orientation: -0.0454
                            reward/pose: -0.0074
                     reward/action_rate: -0.0685
                      reward/action_acc: -0.1551
             Metrics/twist/error_vel_xy: 0.4516
            Metrics/twist/error_vel_yaw: 0.6859
        Episode_Reward/tracking_lin_vel: 0.8787
        Episode_Reward/tracking_ang_vel: 0.0831
              Episode_Reward/feet_phase: 0.3134
     Episode_Reward/feet_phase_contrast: 0.5285
     Episode_Reward/feet_contact_number: 0.3347
           Episode_Reward/feet_air_time: 0.0047
             Episode_Reward/under_speed: -0.1150
               Episode_Reward/feet_slip: -0.0029
          Episode_Reward/feet_clearance: -0.0090
               Episode_Reward/lin_vel_z: -0.0042
              Episode_Reward/ang_vel_xy: -0.1066
             Episode_Reward/base_height: -0.0220
             Episode_Reward/orientation: -0.0385
                    Episode_Reward/pose: -0.0062
             Episode_Reward/action_rate: -0.0414
              Episode_Reward/action_acc: -0.1072
           Episode_Termination/time_out: 1.0000
    Episode_Termination/bad_orientation: 0.3750
--------------------------------------------------------------------------------
                         Iteration time: 0.50s
                           Time elapsed: 00:01:33
                                    ETA: 00:01:15

################################################################################
[1m                           Learning iteration 194/350                           [0m 

                            Total steps: 2396160 
                       Steps per second: 23856 
                        Collection time: 0.446s 
                          Learning time: 0.069s 
                        Mean value loss: 0.0453
                    Mean surrogate loss: -0.0101
                      Mean entropy loss: 4.5390
                            Mean reward: 12.97
                    Mean episode length: 340.91
                        Mean action std: 0.38
                reward/tracking_lin_vel: 1.3528
                reward/tracking_ang_vel: 0.0865
                      reward/feet_phase: 0.5062
             reward/feet_phase_contrast: 1.0007
             reward/feet_contact_number: 0.4494
                   reward/feet_air_time: 0.0023
                     reward/under_speed: -0.1321
                       reward/feet_slip: -0.0080
                  reward/feet_clearance: -0.0207
                       reward/lin_vel_z: -0.0102
                      reward/ang_vel_xy: -0.2374
                     reward/base_height: -0.0310
                     reward/orientation: -0.0439
                            reward/pose: -0.0077
                     reward/action_rate: -0.0693
                      reward/action_acc: -0.1575
--------------------------------------------------------------------------------
                         Iteration time: 0.52s
                           Time elapsed: 00:01:34
                                    ETA: 00:01:14

################################################################################
[1m                           Learning iteration 195/350                           [0m 

                            Total steps: 2408448 
                       Steps per second: 24363 
                        Collection time: 0.435s 
                          Learning time: 0.069s 
                        Mean value loss: 0.0336
                    Mean surrogate loss: -0.0091
                      Mean entropy loss: 4.5308
                            Mean reward: 14.03
                    Mean episode length: 359.05
                        Mean action std: 0.38
                reward/tracking_lin_vel: 1.3521
                reward/tracking_ang_vel: 0.0861
                      reward/feet_phase: 0.5568
             reward/feet_phase_contrast: 1.0016
             reward/feet_contact_number: 0.4527
                   reward/feet_air_time: 0.0007
                     reward/under_speed: -0.1315
                       reward/feet_slip: -0.0081
                  reward/feet_clearance: -0.0209
                       reward/lin_vel_z: -0.0106
                      reward/ang_vel_xy: -0.2393
                     reward/base_height: -0.0236
                     reward/orientation: -0.0431
                            reward/pose: -0.0076
                     reward/action_rate: -0.0688
                      reward/action_acc: -0.1547
--------------------------------------------------------------------------------
                         Iteration time: 0.50s
                           Time elapsed: 00:01:34
                                    ETA: 00:01:14

################################################################################
[1m                           Learning iteration 196/350                           [0m 

                            Total steps: 2420736 
                       Steps per second: 25230 
                        Collection time: 0.419s 
                          Learning time: 0.068s 
                        Mean value loss: 0.0485
                    Mean surrogate loss: -0.0082
                      Mean entropy loss: 4.5265
                            Mean reward: 14.56
                    Mean episode length: 363.33
                        Mean action std: 0.38
                reward/tracking_lin_vel: 1.3544
                reward/tracking_ang_vel: 0.0851
                      reward/feet_phase: 0.6972
             reward/feet_phase_contrast: 1.0101
             reward/feet_contact_number: 0.4547
                   reward/feet_air_time: 0.0006
                     reward/under_speed: -0.1302
                       reward/feet_slip: -0.0087
                  reward/feet_clearance: -0.0218
                       reward/lin_vel_z: -0.0111
                      reward/ang_vel_xy: -0.2492
                     reward/base_height: -0.0201
                     reward/orientation: -0.0400
                            reward/pose: -0.0074
                     reward/action_rate: -0.0714
                      reward/action_acc: -0.1586
--------------------------------------------------------------------------------
                         Iteration time: 0.49s
                           Time elapsed: 00:01:35
                                    ETA: 00:01:13

################################################################################
[1m                           Learning iteration 197/350                           [0m 

                            Total steps: 2433024 
                       Steps per second: 24664 
                        Collection time: 0.431s 
                          Learning time: 0.067s 
                        Mean value loss: 0.0279
                    Mean surrogate loss: -0.0107
                      Mean entropy loss: 4.5057
                            Mean reward: 14.56
                    Mean episode length: 363.33
                        Mean action std: 0.38
                reward/tracking_lin_vel: 1.3770
                reward/tracking_ang_vel: 0.0844
                      reward/feet_phase: 0.5684
             reward/feet_phase_contrast: 1.0419
             reward/feet_contact_number: 0.4592
                   reward/feet_air_time: 0.0006
                     reward/under_speed: -0.1280
                       reward/feet_slip: -0.0085
                  reward/feet_clearance: -0.0219
                       reward/lin_vel_z: -0.0111
                      reward/ang_vel_xy: -0.2457
                     reward/base_height: -0.0111
                     reward/orientation: -0.0367
                            reward/pose: -0.0076
                     reward/action_rate: -0.0718
                      reward/action_acc: -0.1589
--------------------------------------------------------------------------------
                         Iteration time: 0.50s
                           Time elapsed: 00:01:35
                                    ETA: 00:01:13

################################################################################
[1m                           Learning iteration 198/350                           [0m 

                            Total steps: 2445312 
                       Steps per second: 24877 
                        Collection time: 0.428s 
                          Learning time: 0.066s 
                        Mean value loss: 0.0277
                    Mean surrogate loss: -0.0107
                      Mean entropy loss: 4.4893
                            Mean reward: 15.22
                    Mean episode length: 374.56
                        Mean action std: 0.38
                reward/tracking_lin_vel: 1.3801
                reward/tracking_ang_vel: 0.0839
                      reward/feet_phase: 0.5282
             reward/feet_phase_contrast: 1.0434
             reward/feet_contact_number: 0.4564
                   reward/feet_air_time: 0.0005
                     reward/under_speed: -0.1272
                       reward/feet_slip: -0.0091
                  reward/feet_clearance: -0.0223
                       reward/lin_vel_z: -0.0115
                      reward/ang_vel_xy: -0.2460
                     reward/base_height: -0.0083
                     reward/orientation: -0.0357
                            reward/pose: -0.0078
                     reward/action_rate: -0.0726
                      reward/action_acc: -0.1612
             Metrics/twist/error_vel_xy: 0.3121
            Metrics/twist/error_vel_yaw: 0.5180
        Episode_Reward/tracking_lin_vel: 0.8080
        Episode_Reward/tracking_ang_vel: 0.0695
              Episode_Reward/feet_phase: 0.3310
     Episode_Reward/feet_phase_contrast: 0.5701
     Episode_Reward/feet_contact_number: 0.3078
           Episode_Reward/feet_air_time: 0.0051
             Episode_Reward/under_speed: -0.1048
               Episode_Reward/feet_slip: -0.0036
          Episode_Reward/feet_clearance: -0.0112
               Episode_Reward/lin_vel_z: -0.0046
              Episode_Reward/ang_vel_xy: -0.1153
             Episode_Reward/base_height: -0.0309
             Episode_Reward/orientation: -0.0372
                    Episode_Reward/pose: -0.0050
             Episode_Reward/action_rate: -0.0426
              Episode_Reward/action_acc: -0.1068
           Episode_Termination/time_out: 0.6667
    Episode_Termination/bad_orientation: 0.3333
--------------------------------------------------------------------------------
                         Iteration time: 0.49s
                           Time elapsed: 00:01:36
                                    ETA: 00:01:12

################################################################################
[1m                           Learning iteration 199/350                           [0m 

                            Total steps: 2457600 
                       Steps per second: 24718 
                        Collection time: 0.429s 
                          Learning time: 0.068s 
                        Mean value loss: 3.6250
                    Mean surrogate loss: -0.0105
                      Mean entropy loss: 4.4826
                            Mean reward: 15.00
                    Mean episode length: 370.52
                        Mean action std: 0.38
                reward/tracking_lin_vel: 1.3760
                reward/tracking_ang_vel: 0.0840
                      reward/feet_phase: 0.6483
             reward/feet_phase_contrast: 1.0273
             reward/feet_contact_number: 0.4467
                   reward/feet_air_time: 0.0006
                     reward/under_speed: -0.1273
                       reward/feet_slip: -0.0095
                  reward/feet_clearance: -0.0232
                       reward/lin_vel_z: -0.0118
                      reward/ang_vel_xy: -0.2590
                     reward/base_height: -0.0126
                     reward/orientation: -0.0370
                            reward/pose: -0.0078
                     reward/action_rate: -0.0736
                      reward/action_acc: -0.1622
--------------------------------------------------------------------------------
                         Iteration time: 0.50s
                           Time elapsed: 00:01:36
                                    ETA: 00:01:12

################################################################################
[1m                           Learning iteration 200/350                           [0m 

                            Total steps: 2469888 
                       Steps per second: 31815 
                        Collection time: 0.319s 
                          Learning time: 0.067s 
                        Mean value loss: 0.9558
                    Mean surrogate loss: -0.0081
                      Mean entropy loss: 4.4906
                            Mean reward: 25.96
                    Mean episode length: 553.84
                        Mean action std: 0.38
                reward/tracking_lin_vel: 0.6176
                reward/tracking_ang_vel: 0.0762
                      reward/feet_phase: 0.5493
             reward/feet_phase_contrast: 0.8850
             reward/feet_contact_number: 0.4416
                   reward/feet_air_time: 0.1633
                     reward/under_speed: -0.1008
                       reward/feet_slip: -0.0110
                  reward/feet_clearance: -0.0276
                       reward/lin_vel_z: -0.0456
                      reward/ang_vel_xy: -0.6578
                     reward/base_height: -0.3606
                     reward/orientation: -0.3782
                            reward/pose: -0.0113
                     reward/action_rate: -0.0769
                      reward/action_acc: -0.1636
--------------------------------------------------------------------------------
                         Iteration time: 0.39s
                           Time elapsed: 00:01:37
                                    ETA: 00:01:11

################################################################################
[1m                           Learning iteration 201/350                           [0m 

                            Total steps: 2482176 
                       Steps per second: 26616 
                        Collection time: 0.391s 
                          Learning time: 0.070s 
                        Mean value loss: 0.2806
                    Mean surrogate loss: -0.0103
                      Mean entropy loss: 4.4872
                            Mean reward: 22.31
                    Mean episode length: 483.78
                        Mean action std: 0.38
                reward/tracking_lin_vel: 1.0113
                reward/tracking_ang_vel: 0.0885
                      reward/feet_phase: 0.5361
             reward/feet_phase_contrast: 0.9166
             reward/feet_contact_number: 0.4208
                   reward/feet_air_time: 0.0786
                     reward/under_speed: -0.1111
                       reward/feet_slip: -0.0088
                  reward/feet_clearance: -0.0257
                       reward/lin_vel_z: -0.0368
                      reward/ang_vel_xy: -0.6464
                     reward/base_height: -1.1228
                     reward/orientation: -0.4814
                            reward/pose: -0.0097
                     reward/action_rate: -0.0715
                      reward/action_acc: -0.1573
             Metrics/twist/error_vel_xy: 0.3924
            Metrics/twist/error_vel_yaw: 0.4107
        Episode_Reward/tracking_lin_vel: 0.5774
        Episode_Reward/tracking_ang_vel: 0.0448
              Episode_Reward/feet_phase: 0.2500
     Episode_Reward/feet_phase_contrast: 0.4278
     Episode_Reward/feet_contact_number: 0.2141
           Episode_Reward/feet_air_time: 0.0096
             Episode_Reward/under_speed: -0.0653
               Episode_Reward/feet_slip: -0.0032
          Episode_Reward/feet_clearance: -0.0086
               Episode_Reward/lin_vel_z: -0.0058
              Episode_Reward/ang_vel_xy: -0.1271
             Episode_Reward/base_height: -0.0711
             Episode_Reward/orientation: -0.0495
                    Episode_Reward/pose: -0.0038
             Episode_Reward/action_rate: -0.0308
              Episode_Reward/action_acc: -0.0723
           Episode_Termination/time_out: 0.0417
    Episode_Termination/bad_orientation: 9.6250
--------------------------------------------------------------------------------
                         Iteration time: 0.46s
                           Time elapsed: 00:01:37
                                    ETA: 00:01:11

################################################################################
[1m                           Learning iteration 202/350                           [0m 

                            Total steps: 2494464 
                       Steps per second: 25882 
                        Collection time: 0.410s 
                          Learning time: 0.065s 
                        Mean value loss: 0.1625
                    Mean surrogate loss: -0.0108
                      Mean entropy loss: 4.4686
                            Mean reward: 18.36
                    Mean episode length: 413.82
                        Mean action std: 0.38
                reward/tracking_lin_vel: 1.2664
                reward/tracking_ang_vel: 0.0929
                      reward/feet_phase: 0.5385
             reward/feet_phase_contrast: 1.0024
             reward/feet_contact_number: 0.4446
                   reward/feet_air_time: 0.0251
                     reward/under_speed: -0.1191
                       reward/feet_slip: -0.0085
                  reward/feet_clearance: -0.0223
                       reward/lin_vel_z: -0.0158
                      reward/ang_vel_xy: -0.3528
                     reward/base_height: -0.2903
                     reward/orientation: -0.1629
                            reward/pose: -0.0074
                     reward/action_rate: -0.0718
                      reward/action_acc: -0.1599
             Metrics/twist/error_vel_xy: 0.4123
            Metrics/twist/error_vel_yaw: 0.4248
        Episode_Reward/tracking_lin_vel: 0.3973
        Episode_Reward/tracking_ang_vel: 0.0325
              Episode_Reward/feet_phase: 0.1811
     Episode_Reward/feet_phase_contrast: 0.3063
     Episode_Reward/feet_contact_number: 0.1520
           Episode_Reward/feet_air_time: 0.0102
             Episode_Reward/under_speed: -0.0470
               Episode_Reward/feet_slip: -0.0022
          Episode_Reward/feet_clearance: -0.0065
               Episode_Reward/lin_vel_z: -0.0044
              Episode_Reward/ang_vel_xy: -0.1004
             Episode_Reward/base_height: -0.0721
             Episode_Reward/orientation: -0.0478
                    Episode_Reward/pose: -0.0027
             Episode_Reward/action_rate: -0.0229
              Episode_Reward/action_acc: -0.0535
           Episode_Termination/time_out: 0.0000
    Episode_Termination/bad_orientation: 2.3810
--------------------------------------------------------------------------------
                         Iteration time: 0.47s
                           Time elapsed: 00:01:38
                                    ETA: 00:01:10

################################################################################
[1m                           Learning iteration 203/350                           [0m 

                            Total steps: 2506752 
                       Steps per second: 23335 
                        Collection time: 0.458s 
                          Learning time: 0.069s 
                        Mean value loss: 0.1074
                    Mean surrogate loss: -0.0087
                      Mean entropy loss: 4.4573
                            Mean reward: 11.23
                    Mean episode length: 285.73
                        Mean action std: 0.38
                reward/tracking_lin_vel: 1.3252
                reward/tracking_ang_vel: 0.0889
                      reward/feet_phase: 0.6983
             reward/feet_phase_contrast: 1.0119
             reward/feet_contact_number: 0.4540
                   reward/feet_air_time: 0.0069
                     reward/under_speed: -0.1233
                       reward/feet_slip: -0.0091
                  reward/feet_clearance: -0.0234
                       reward/lin_vel_z: -0.0142
                      reward/ang_vel_xy: -0.3139
                     reward/base_height: -0.1810
                     reward/orientation: -0.1006
                            reward/pose: -0.0072
                     reward/action_rate: -0.0740
                      reward/action_acc: -0.1622
             Metrics/twist/error_vel_xy: 0.3559
            Metrics/twist/error_vel_yaw: 0.2212
        Episode_Reward/tracking_lin_vel: 0.0368
        Episode_Reward/tracking_ang_vel: 0.0057
              Episode_Reward/feet_phase: 0.0228
     Episode_Reward/feet_phase_contrast: 0.0361
     Episode_Reward/feet_contact_number: 0.0260
           Episode_Reward/feet_air_time: 0.0055
             Episode_Reward/under_speed: -0.0080
               Episode_Reward/feet_slip: -0.0005
          Episode_Reward/feet_clearance: -0.0013
               Episode_Reward/lin_vel_z: -0.0021
              Episode_Reward/ang_vel_xy: -0.0417
             Episode_Reward/base_height: -0.0781
             Episode_Reward/orientation: -0.0373
                    Episode_Reward/pose: -0.0006
             Episode_Reward/action_rate: -0.0042
              Episode_Reward/action_acc: -0.0093
           Episode_Termination/time_out: 0.0000
    Episode_Termination/bad_orientation: 1.8235
--------------------------------------------------------------------------------
                         Iteration time: 0.53s
                           Time elapsed: 00:01:38
                                    ETA: 00:01:10

################################################################################
[1m                           Learning iteration 204/350                           [0m 

                            Total steps: 2519040 
                       Steps per second: 24747 
                        Collection time: 0.429s 
                          Learning time: 0.067s 
                        Mean value loss: 0.0630
                    Mean surrogate loss: -0.0111
                      Mean entropy loss: 4.4422
                            Mean reward: 8.70
                    Mean episode length: 239.69
                        Mean action std: 0.38
                reward/tracking_lin_vel: 1.4017
                reward/tracking_ang_vel: 0.0860
                      reward/feet_phase: 0.6187
             reward/feet_phase_contrast: 1.0761
             reward/feet_contact_number: 0.4525
                   reward/feet_air_time: 0.0088
                     reward/under_speed: -0.1191
                       reward/feet_slip: -0.0091
                  reward/feet_clearance: -0.0234
                       reward/lin_vel_z: -0.0130
                      reward/ang_vel_xy: -0.2696
                     reward/base_height: -0.0827
                     reward/orientation: -0.0631
                            reward/pose: -0.0072
                     reward/action_rate: -0.0748
                      reward/action_acc: -0.1641
             Metrics/twist/error_vel_xy: 0.3798
            Metrics/twist/error_vel_yaw: 0.2004
        Episode_Reward/tracking_lin_vel: 0.0255
        Episode_Reward/tracking_ang_vel: 0.0062
              Episode_Reward/feet_phase: 0.0076
     Episode_Reward/feet_phase_contrast: 0.0125
     Episode_Reward/feet_contact_number: 0.0263
           Episode_Reward/feet_air_time: 0.0041
             Episode_Reward/under_speed: -0.0106
               Episode_Reward/feet_slip: -0.0002
          Episode_Reward/feet_clearance: -0.0007
               Episode_Reward/lin_vel_z: -0.0011
              Episode_Reward/ang_vel_xy: -0.0374
             Episode_Reward/base_height: -0.0911
             Episode_Reward/orientation: -0.0389
                    Episode_Reward/pose: -0.0006
             Episode_Reward/action_rate: -0.0034
              Episode_Reward/action_acc: -0.0084
           Episode_Termination/time_out: 0.0000
    Episode_Termination/bad_orientation: 1.1000
--------------------------------------------------------------------------------
                         Iteration time: 0.50s
                           Time elapsed: 00:01:39
                                    ETA: 00:01:10

################################################################################
[1m                           Learning iteration 205/350                           [0m 

                            Total steps: 2531328 
                       Steps per second: 25404 
                        Collection time: 0.415s 
                          Learning time: 0.069s 
                        Mean value loss: 0.0497
                    Mean surrogate loss: -0.0104
                      Mean entropy loss: 4.4309
                            Mean reward: 7.34
                    Mean episode length: 214.51
                        Mean action std: 0.38
                reward/tracking_lin_vel: 1.4184
                reward/tracking_ang_vel: 0.0845
                      reward/feet_phase: 0.5496
             reward/feet_phase_contrast: 1.0850
             reward/feet_contact_number: 0.4489
                   reward/feet_air_time: 0.0036
                     reward/under_speed: -0.1181
                       reward/feet_slip: -0.0098
                  reward/feet_clearance: -0.0243
                       reward/lin_vel_z: -0.0137
                      reward/ang_vel_xy: -0.2593
                     reward/base_height: -0.0518
                     reward/orientation: -0.0536
                            reward/pose: -0.0077
                     reward/action_rate: -0.0758
                      reward/action_acc: -0.1644
--------------------------------------------------------------------------------
                         Iteration time: 0.48s
                           Time elapsed: 00:01:39
                                    ETA: 00:01:09

################################################################################
[1m                           Learning iteration 206/350                           [0m 

                            Total steps: 2543616 
                       Steps per second: 22599 
                        Collection time: 0.475s 
                          Learning time: 0.069s 
                        Mean value loss: 0.0339
                    Mean surrogate loss: -0.0107
                      Mean entropy loss: 4.4231
                            Mean reward: 6.55
                    Mean episode length: 201.66
                        Mean action std: 0.38
                reward/tracking_lin_vel: 1.4292
                reward/tracking_ang_vel: 0.0827
                      reward/feet_phase: 0.6571
             reward/feet_phase_contrast: 1.0911
             reward/feet_contact_number: 0.4479
                   reward/feet_air_time: 0.0015
                     reward/under_speed: -0.1185
                       reward/feet_slip: -0.0095
                  reward/feet_clearance: -0.0245
                       reward/lin_vel_z: -0.0140
                      reward/ang_vel_xy: -0.2566
                     reward/base_height: -0.0322
                     reward/orientation: -0.0438
                            reward/pose: -0.0080
                     reward/action_rate: -0.0773
                      reward/action_acc: -0.1670
--------------------------------------------------------------------------------
                         Iteration time: 0.54s
                           Time elapsed: 00:01:40
                                    ETA: 00:01:09

################################################################################
[1m                           Learning iteration 207/350                           [0m 

                            Total steps: 2555904 
                       Steps per second: 21503 
                        Collection time: 0.490s 
                          Learning time: 0.082s 
                        Mean value loss: 0.0240
                    Mean surrogate loss: -0.0107
                      Mean entropy loss: 4.4086
                            Mean reward: 6.24
                    Mean episode length: 195.05
                        Mean action std: 0.38
                reward/tracking_lin_vel: 1.4363
                reward/tracking_ang_vel: 0.0835
                      reward/feet_phase: 0.7389
             reward/feet_phase_contrast: 1.0937
             reward/feet_contact_number: 0.4515
                   reward/feet_air_time: 0.0003
                     reward/under_speed: -0.1197
                       reward/feet_slip: -0.0096
                  reward/feet_clearance: -0.0243
                       reward/lin_vel_z: -0.0134
                      reward/ang_vel_xy: -0.2373
                     reward/base_height: -0.0104
                     reward/orientation: -0.0377
                            reward/pose: -0.0082
                     reward/action_rate: -0.0768
                      reward/action_acc: -0.1664
--------------------------------------------------------------------------------
                         Iteration time: 0.57s
                           Time elapsed: 00:01:40
                                    ETA: 00:01:08

################################################################################
[1m                           Learning iteration 208/350                           [0m 

                            Total steps: 2568192 
                       Steps per second: 21086 
                        Collection time: 0.506s 
                          Learning time: 0.077s 
                        Mean value loss: 0.0222
                    Mean surrogate loss: -0.0084
                      Mean entropy loss: 4.3888
                            Mean reward: 6.24
                    Mean episode length: 195.05
                        Mean action std: 0.38
                reward/tracking_lin_vel: 1.4447
                reward/tracking_ang_vel: 0.0839
                      reward/feet_phase: 0.5709
             reward/feet_phase_contrast: 1.1036
             reward/feet_contact_number: 0.4552
                   reward/feet_air_time: 0.0007
                     reward/under_speed: -0.1195
                       reward/feet_slip: -0.0090
                  reward/feet_clearance: -0.0240
                       reward/lin_vel_z: -0.0132
                      reward/ang_vel_xy: -0.2337
                     reward/base_height: -0.0072
                     reward/orientation: -0.0363
                            reward/pose: -0.0085
                     reward/action_rate: -0.0764
                      reward/action_acc: -0.1660
--------------------------------------------------------------------------------
                         Iteration time: 0.58s
                           Time elapsed: 00:01:41
                                    ETA: 00:01:08

################################################################################
[1m                           Learning iteration 209/350                           [0m 

                            Total steps: 2580480 
                       Steps per second: 23031 
                        Collection time: 0.469s 
                          Learning time: 0.065s 
                        Mean value loss: 0.0297
                    Mean surrogate loss: -0.0116
                      Mean entropy loss: 4.3580
                            Mean reward: 14.47
                    Mean episode length: 338.80
                        Mean action std: 0.37
                reward/tracking_lin_vel: 1.4513
                reward/tracking_ang_vel: 0.0818
                      reward/feet_phase: 0.5768
             reward/feet_phase_contrast: 1.1125
             reward/feet_contact_number: 0.4486
                   reward/feet_air_time: 0.0001
                     reward/under_speed: -0.1172
                       reward/feet_slip: -0.0100
                  reward/feet_clearance: -0.0253
                       reward/lin_vel_z: -0.0142
                      reward/ang_vel_xy: -0.2432
                     reward/base_height: -0.0074
                     reward/orientation: -0.0369
                            reward/pose: -0.0086
                     reward/action_rate: -0.0777
                      reward/action_acc: -0.1658
--------------------------------------------------------------------------------
                         Iteration time: 0.53s
                           Time elapsed: 00:01:41
                                    ETA: 00:01:07

################################################################################
[1m                           Learning iteration 210/350                           [0m 

                            Total steps: 2592768 
                       Steps per second: 24928 
                        Collection time: 0.422s 
                          Learning time: 0.070s 
                        Mean value loss: 0.0330
                    Mean surrogate loss: -0.0098
                      Mean entropy loss: 4.3422
                            Mean reward: 16.76
                    Mean episode length: 380.47
                        Mean action std: 0.37
                reward/tracking_lin_vel: 1.4611
                reward/tracking_ang_vel: 0.0804
                      reward/feet_phase: 0.7681
             reward/feet_phase_contrast: 1.1301
             reward/feet_contact_number: 0.4512
                   reward/feet_air_time: 0.0044
                     reward/under_speed: -0.1137
                       reward/feet_slip: -0.0103
                  reward/feet_clearance: -0.0263
                       reward/lin_vel_z: -0.0152
                      reward/ang_vel_xy: -0.2586
                     reward/base_height: -0.0098
                     reward/orientation: -0.0387
                            reward/pose: -0.0084
                     reward/action_rate: -0.0803
                      reward/action_acc: -0.1692
--------------------------------------------------------------------------------
                         Iteration time: 0.49s
                           Time elapsed: 00:01:42
                                    ETA: 00:01:07

################################################################################
[1m                           Learning iteration 211/350                           [0m 

                            Total steps: 2605056 
                       Steps per second: 25101 
                        Collection time: 0.421s 
                          Learning time: 0.069s 
                        Mean value loss: 0.0408
                    Mean surrogate loss: -0.0093
                      Mean entropy loss: 4.3282
                            Mean reward: 17.31
                    Mean episode length: 390.23
                        Mean action std: 0.37
                reward/tracking_lin_vel: 1.4693
                reward/tracking_ang_vel: 0.0801
                      reward/feet_phase: 0.6830
             reward/feet_phase_contrast: 1.1395
             reward/feet_contact_number: 0.4498
                   reward/feet_air_time: 0.0024
                     reward/under_speed: -0.1117
                       reward/feet_slip: -0.0107
                  reward/feet_clearance: -0.0268
                       reward/lin_vel_z: -0.0159
                      reward/ang_vel_xy: -0.2618
                     reward/base_height: -0.0209
                     reward/orientation: -0.0405
                            reward/pose: -0.0082
                     reward/action_rate: -0.0804
                      reward/action_acc: -0.1688
--------------------------------------------------------------------------------
                         Iteration time: 0.49s
                           Time elapsed: 00:01:42
                                    ETA: 00:01:06

################################################################################
[1m                           Learning iteration 212/350                           [0m 

                            Total steps: 2617344 
                       Steps per second: 24669 
                        Collection time: 0.429s 
                          Learning time: 0.069s 
                        Mean value loss: 0.0394
                    Mean surrogate loss: -0.0095
                      Mean entropy loss: 4.3206
                            Mean reward: 17.35
                    Mean episode length: 390.36
                        Mean action std: 0.37
                reward/tracking_lin_vel: 1.4856
                reward/tracking_ang_vel: 0.0767
                      reward/feet_phase: 0.5921
             reward/feet_phase_contrast: 1.1619
             reward/feet_contact_number: 0.4486
                   reward/feet_air_time: 0.0010
                     reward/under_speed: -0.1073
                       reward/feet_slip: -0.0117
                  reward/feet_clearance: -0.0279
                       reward/lin_vel_z: -0.0175
                      reward/ang_vel_xy: -0.2743
                     reward/base_height: -0.0127
                     reward/orientation: -0.0383
                            reward/pose: -0.0079
                     reward/action_rate: -0.0836
                      reward/action_acc: -0.1729
--------------------------------------------------------------------------------
                         Iteration time: 0.50s
                           Time elapsed: 00:01:43
                                    ETA: 00:01:06

################################################################################
[1m                           Learning iteration 213/350                           [0m 

                            Total steps: 2629632 
                       Steps per second: 25280 
                        Collection time: 0.417s 
                          Learning time: 0.069s 
                        Mean value loss: 0.0218
                    Mean surrogate loss: -0.0087
                      Mean entropy loss: 4.3098
                            Mean reward: 17.82
                    Mean episode length: 398.23
                        Mean action std: 0.37
                reward/tracking_lin_vel: 1.5144
                reward/tracking_ang_vel: 0.0777
                      reward/feet_phase: 0.6880
             reward/feet_phase_contrast: 1.1873
             reward/feet_contact_number: 0.4495
                   reward/feet_air_time: 0.0007
                     reward/under_speed: -0.1033
                       reward/feet_slip: -0.0114
                  reward/feet_clearance: -0.0283
                       reward/lin_vel_z: -0.0184
                      reward/ang_vel_xy: -0.2802
                     reward/base_height: -0.0192
                     reward/orientation: -0.0397
                            reward/pose: -0.0082
                     reward/action_rate: -0.0843
                      reward/action_acc: -0.1751
--------------------------------------------------------------------------------
                         Iteration time: 0.49s
                           Time elapsed: 00:01:43
                                    ETA: 00:01:05

################################################################################
[1m                           Learning iteration 214/350                           [0m 

                            Total steps: 2641920 
                       Steps per second: 25852 
                        Collection time: 0.407s 
                          Learning time: 0.069s 
                        Mean value loss: 0.0294
                    Mean surrogate loss: -0.0101
                      Mean entropy loss: 4.2908
                            Mean reward: 17.82
                    Mean episode length: 398.23
                        Mean action std: 0.37
                reward/tracking_lin_vel: 1.5145
                reward/tracking_ang_vel: 0.0771
                      reward/feet_phase: 0.8132
             reward/feet_phase_contrast: 1.1797
             reward/feet_contact_number: 0.4514
                   reward/feet_air_time: 0.0016
                     reward/under_speed: -0.1040
                       reward/feet_slip: -0.0108
                  reward/feet_clearance: -0.0280
                       reward/lin_vel_z: -0.0181
                      reward/ang_vel_xy: -0.2711
                     reward/base_height: -0.0087
                     reward/orientation: -0.0372
                            reward/pose: -0.0085
                     reward/action_rate: -0.0843
                      reward/action_acc: -0.1745
--------------------------------------------------------------------------------
                         Iteration time: 0.48s
                           Time elapsed: 00:01:44
                                    ETA: 00:01:05

################################################################################
[1m                           Learning iteration 215/350                           [0m 

                            Total steps: 2654208 
                       Steps per second: 25515 
                        Collection time: 0.412s 
                          Learning time: 0.069s 
                        Mean value loss: 0.0210
                    Mean surrogate loss: -0.0104
                      Mean entropy loss: 4.2720
                            Mean reward: 18.52
                    Mean episode length: 409.50
                        Mean action std: 0.37
                reward/tracking_lin_vel: 1.5292
                reward/tracking_ang_vel: 0.0787
                      reward/feet_phase: 0.6400
             reward/feet_phase_contrast: 1.1988
             reward/feet_contact_number: 0.4484
                   reward/feet_air_time: 0.0009
                     reward/under_speed: -0.1022
                       reward/feet_slip: -0.0107
                  reward/feet_clearance: -0.0283
                       reward/lin_vel_z: -0.0184
                      reward/ang_vel_xy: -0.2643
                     reward/base_height: -0.0090
                     reward/orientation: -0.0375
                            reward/pose: -0.0088
                     reward/action_rate: -0.0841
                      reward/action_acc: -0.1740
--------------------------------------------------------------------------------
                         Iteration time: 0.48s
                           Time elapsed: 00:01:44
                                    ETA: 00:01:04

################################################################################
[1m                           Learning iteration 216/350                           [0m 

                            Total steps: 2666496 
                       Steps per second: 26274 
                        Collection time: 0.399s 
                          Learning time: 0.069s 
                        Mean value loss: 6.1537
                    Mean surrogate loss: -0.0073
                      Mean entropy loss: 4.2514
                            Mean reward: 19.01
                    Mean episode length: 418.93
                        Mean action std: 0.37
                reward/tracking_lin_vel: 1.1481
                reward/tracking_ang_vel: 0.0744
                      reward/feet_phase: 0.5832
             reward/feet_phase_contrast: 1.0743
             reward/feet_contact_number: 0.4500
                   reward/feet_air_time: 0.0113
                     reward/under_speed: -0.1022
                       reward/feet_slip: -0.0136
                  reward/feet_clearance: -0.0331
                       reward/lin_vel_z: -0.0276
                      reward/ang_vel_xy: -0.3523
                     reward/base_height: -0.0102
                     reward/orientation: -0.0494
                            reward/pose: -0.0089
                     reward/action_rate: -0.0883
                      reward/action_acc: -0.1805
             Metrics/twist/error_vel_xy: 0.4526
            Metrics/twist/error_vel_yaw: 0.6472
        Episode_Reward/tracking_lin_vel: 1.1163
        Episode_Reward/tracking_ang_vel: 0.1033
              Episode_Reward/feet_phase: 0.4594
     Episode_Reward/feet_phase_contrast: 0.8035
     Episode_Reward/feet_contact_number: 0.4473
           Episode_Reward/feet_air_time: 0.0000
             Episode_Reward/under_speed: -0.1559
               Episode_Reward/feet_slip: -0.0045
          Episode_Reward/feet_clearance: -0.0115
               Episode_Reward/lin_vel_z: -0.0049
              Episode_Reward/ang_vel_xy: -0.1925
             Episode_Reward/base_height: -0.0082
             Episode_Reward/orientation: -0.0289
                    Episode_Reward/pose: -0.0108
             Episode_Reward/action_rate: -0.0578
              Episode_Reward/action_acc: -0.1424
           Episode_Termination/time_out: 1.0000
    Episode_Termination/bad_orientation: 0.0000
--------------------------------------------------------------------------------
                         Iteration time: 0.47s
                           Time elapsed: 00:01:45
                                    ETA: 00:01:04

################################################################################
[1m                           Learning iteration 217/350                           [0m 

                            Total steps: 2678784 
                       Steps per second: 32008 
                        Collection time: 0.320s 
                          Learning time: 0.064s 
                        Mean value loss: 0.6530
                    Mean surrogate loss: -0.0095
                      Mean entropy loss: 4.2501
                            Mean reward: 24.68
                    Mean episode length: 479.32
                        Mean action std: 0.37
                reward/tracking_lin_vel: 0.7070
                reward/tracking_ang_vel: 0.0790
                      reward/feet_phase: 0.5840
             reward/feet_phase_contrast: 0.9016
             reward/feet_contact_number: 0.4175
                   reward/feet_air_time: 0.2225
                     reward/under_speed: -0.0947
                       reward/feet_slip: -0.0118
                  reward/feet_clearance: -0.0292
                       reward/lin_vel_z: -0.0611
                      reward/ang_vel_xy: -0.8378
                     reward/base_height: -0.8894
                     reward/orientation: -0.6021
                            reward/pose: -0.0139
                     reward/action_rate: -0.0819
                      reward/action_acc: -0.1659
--------------------------------------------------------------------------------
                         Iteration time: 0.38s
                           Time elapsed: 00:01:45
                                    ETA: 00:01:03

################################################################################
[1m                           Learning iteration 218/350                           [0m 

                            Total steps: 2691072 
                       Steps per second: 28243 
                        Collection time: 0.367s 
                          Learning time: 0.068s 
                        Mean value loss: 0.3152
                    Mean surrogate loss: -0.0130
                      Mean entropy loss: 4.2506
                            Mean reward: 28.41
                    Mean episode length: 547.81
                        Mean action std: 0.37
                reward/tracking_lin_vel: 1.2014
                reward/tracking_ang_vel: 0.0920
                      reward/feet_phase: 0.6803
             reward/feet_phase_contrast: 1.0330
             reward/feet_contact_number: 0.4370
                   reward/feet_air_time: 0.0464
                     reward/under_speed: -0.1049
                       reward/feet_slip: -0.0088
                  reward/feet_clearance: -0.0265
                       reward/lin_vel_z: -0.0266
                      reward/ang_vel_xy: -0.4749
                     reward/base_height: -0.6981
                     reward/orientation: -0.2970
                            reward/pose: -0.0092
                     reward/action_rate: -0.0743
                      reward/action_acc: -0.1593
             Metrics/twist/error_vel_xy: 0.3878
            Metrics/twist/error_vel_yaw: 0.4435
        Episode_Reward/tracking_lin_vel: 0.6809
        Episode_Reward/tracking_ang_vel: 0.0435
              Episode_Reward/feet_phase: 0.3176
     Episode_Reward/feet_phase_contrast: 0.5395
     Episode_Reward/feet_contact_number: 0.2326
           Episode_Reward/feet_air_time: 0.0118
             Episode_Reward/under_speed: -0.0613
               Episode_Reward/feet_slip: -0.0049
          Episode_Reward/feet_clearance: -0.0125
               Episode_Reward/lin_vel_z: -0.0084
              Episode_Reward/ang_vel_xy: -0.1563
             Episode_Reward/base_height: -0.0717
             Episode_Reward/orientation: -0.0532
                    Episode_Reward/pose: -0.0044
             Episode_Reward/action_rate: -0.0389
              Episode_Reward/action_acc: -0.0846
           Episode_Termination/time_out: 0.0476
    Episode_Termination/bad_orientation: 7.1429
--------------------------------------------------------------------------------
                         Iteration time: 0.44s
                           Time elapsed: 00:01:45
                                    ETA: 00:01:03

################################################################################
[1m                           Learning iteration 219/350                           [0m 

                            Total steps: 2703360 
                       Steps per second: 26969 
                        Collection time: 0.390s 
                          Learning time: 0.066s 
                        Mean value loss: 0.1902
                    Mean surrogate loss: -0.0109
                      Mean entropy loss: 4.2482
                            Mean reward: 22.18
                    Mean episode length: 447.83
                        Mean action std: 0.37
                reward/tracking_lin_vel: 1.3981
                reward/tracking_ang_vel: 0.0883
                      reward/feet_phase: 0.5971
             reward/feet_phase_contrast: 1.1357
             reward/feet_contact_number: 0.4475
                   reward/feet_air_time: 0.0215
                     reward/under_speed: -0.1030
                       reward/feet_slip: -0.0105
                  reward/feet_clearance: -0.0267
                       reward/lin_vel_z: -0.0191
                      reward/ang_vel_xy: -0.3321
                     reward/base_height: -0.2240
                     reward/orientation: -0.1331
                            reward/pose: -0.0089
                     reward/action_rate: -0.0808
                      reward/action_acc: -0.1683
--------------------------------------------------------------------------------
                         Iteration time: 0.46s
                           Time elapsed: 00:01:46
                                    ETA: 00:01:02

################################################################################
[1m                           Learning iteration 220/350                           [0m 

                            Total steps: 2715648 
                       Steps per second: 23018 
                        Collection time: 0.461s 
                          Learning time: 0.073s 
                        Mean value loss: 0.0850
                    Mean surrogate loss: -0.0100
                      Mean entropy loss: 4.2436
                            Mean reward: 14.53
                    Mean episode length: 320.11
                        Mean action std: 0.37
                reward/tracking_lin_vel: 1.4730
                reward/tracking_ang_vel: 0.0825
                      reward/feet_phase: 0.6643
             reward/feet_phase_contrast: 1.1930
             reward/feet_contact_number: 0.4509
                   reward/feet_air_time: 0.0074
                     reward/under_speed: -0.0975
                       reward/feet_slip: -0.0116
                  reward/feet_clearance: -0.0288
                       reward/lin_vel_z: -0.0215
                      reward/ang_vel_xy: -0.3306
                     reward/base_height: -0.1711
                     reward/orientation: -0.1032
                            reward/pose: -0.0086
                     reward/action_rate: -0.0864
                      reward/action_acc: -0.1752
             Metrics/twist/error_vel_xy: 0.3145
            Metrics/twist/error_vel_yaw: 0.2279
        Episode_Reward/tracking_lin_vel: 0.0685
        Episode_Reward/tracking_ang_vel: 0.0075
              Episode_Reward/feet_phase: 0.0382
     Episode_Reward/feet_phase_contrast: 0.0607
     Episode_Reward/feet_contact_number: 0.0357
           Episode_Reward/feet_air_time: 0.0062
             Episode_Reward/under_speed: -0.0101
               Episode_Reward/feet_slip: -0.0007
          Episode_Reward/feet_clearance: -0.0015
               Episode_Reward/lin_vel_z: -0.0022
              Episode_Reward/ang_vel_xy: -0.0424
             Episode_Reward/base_height: -0.0731
             Episode_Reward/orientation: -0.0389
                    Episode_Reward/pose: -0.0011
             Episode_Reward/action_rate: -0.0054
              Episode_Reward/action_acc: -0.0120
           Episode_Termination/time_out: 0.0000
    Episode_Termination/bad_orientation: 1.7333
--------------------------------------------------------------------------------
                         Iteration time: 0.53s
                           Time elapsed: 00:01:46
                                    ETA: 00:01:02

################################################################################
[1m                           Learning iteration 221/350                           [0m 

                            Total steps: 2727936 
                       Steps per second: 25764 
                        Collection time: 0.408s 
                          Learning time: 0.069s 
                        Mean value loss: 0.0433
                    Mean surrogate loss: -0.0099
                      Mean entropy loss: 4.2331
                            Mean reward: 12.69
                    Mean episode length: 285.15
                        Mean action std: 0.37
                reward/tracking_lin_vel: 1.5255
                reward/tracking_ang_vel: 0.0822
                      reward/feet_phase: 0.8463
             reward/feet_phase_contrast: 1.2174
             reward/feet_contact_number: 0.4490
                   reward/feet_air_time: 0.0060
                     reward/under_speed: -0.0962
                       reward/feet_slip: -0.0118
                  reward/feet_clearance: -0.0297
                       reward/lin_vel_z: -0.0203
                      reward/ang_vel_xy: -0.2925
                     reward/base_height: -0.0569
                     reward/orientation: -0.0587
                            reward/pose: -0.0087
                     reward/action_rate: -0.0866
                      reward/action_acc: -0.1766
             Metrics/twist/error_vel_xy: 0.3082
            Metrics/twist/error_vel_yaw: 0.3344
        Episode_Reward/tracking_lin_vel: 0.1939
        Episode_Reward/tracking_ang_vel: 0.0145
              Episode_Reward/feet_phase: 0.0999
     Episode_Reward/feet_phase_contrast: 0.1633
     Episode_Reward/feet_contact_number: 0.0689
           Episode_Reward/feet_air_time: 0.0110
             Episode_Reward/under_speed: -0.0170
               Episode_Reward/feet_slip: -0.0018
          Episode_Reward/feet_clearance: -0.0041
               Episode_Reward/lin_vel_z: -0.0040
              Episode_Reward/ang_vel_xy: -0.0651
             Episode_Reward/base_height: -0.0709
             Episode_Reward/orientation: -0.0447
                    Episode_Reward/pose: -0.0019
             Episode_Reward/action_rate: -0.0124
              Episode_Reward/action_acc: -0.0254
           Episode_Termination/time_out: 0.0000
    Episode_Termination/bad_orientation: 1.2500
--------------------------------------------------------------------------------
                         Iteration time: 0.48s
                           Time elapsed: 00:01:47
                                    ETA: 00:01:01

################################################################################
[1m                           Learning iteration 222/350                           [0m 

                            Total steps: 2740224 
                       Steps per second: 25315 
                        Collection time: 0.415s 
                          Learning time: 0.070s 
                        Mean value loss: 0.0345
                    Mean surrogate loss: -0.0114
                      Mean entropy loss: 4.2094
                            Mean reward: 11.76
                    Mean episode length: 270.69
                        Mean action std: 0.37
                reward/tracking_lin_vel: 1.5362
                reward/tracking_ang_vel: 0.0800
                      reward/feet_phase: 0.6766
             reward/feet_phase_contrast: 1.2196
             reward/feet_contact_number: 0.4416
                   reward/feet_air_time: 0.0023
                     reward/under_speed: -0.0968
                       reward/feet_slip: -0.0121
                  reward/feet_clearance: -0.0298
                       reward/lin_vel_z: -0.0206
                      reward/ang_vel_xy: -0.2884
                     reward/base_height: -0.0338
                     reward/orientation: -0.0490
                            reward/pose: -0.0089
                     reward/action_rate: -0.0875
                      reward/action_acc: -0.1780
--------------------------------------------------------------------------------
                         Iteration time: 0.49s
                           Time elapsed: 00:01:47
                                    ETA: 00:01:01

################################################################################
[1m                           Learning iteration 223/350                           [0m 

                            Total steps: 2752512 
                       Steps per second: 26100 
                        Collection time: 0.403s 
                          Learning time: 0.068s 
                        Mean value loss: 0.0429
                    Mean surrogate loss: -0.0110
                      Mean entropy loss: 4.1880
                            Mean reward: 11.05
                    Mean episode length: 259.94
                        Mean action std: 0.37
                reward/tracking_lin_vel: 1.5504
                reward/tracking_ang_vel: 0.0777
                      reward/feet_phase: 0.6304
             reward/feet_phase_contrast: 1.2206
             reward/feet_contact_number: 0.4485
                   reward/feet_air_time: 0.0018
                     reward/under_speed: -0.0950
                       reward/feet_slip: -0.0125
                  reward/feet_clearance: -0.0311
                       reward/lin_vel_z: -0.0207
                      reward/ang_vel_xy: -0.2903
                     reward/base_height: -0.0184
                     reward/orientation: -0.0425
                            reward/pose: -0.0089
                     reward/action_rate: -0.0889
                      reward/action_acc: -0.1779
             Metrics/twist/error_vel_xy: 0.2280
            Metrics/twist/error_vel_yaw: 0.0890
        Episode_Reward/tracking_lin_vel: 0.0024
        Episode_Reward/tracking_ang_vel: 0.0038
              Episode_Reward/feet_phase: 0.0000
     Episode_Reward/feet_phase_contrast: 0.0000
     Episode_Reward/feet_contact_number: 0.0177
           Episode_Reward/feet_air_time: 0.0000
             Episode_Reward/under_speed: -0.0077
               Episode_Reward/feet_slip: -0.0002
          Episode_Reward/feet_clearance: -0.0005
               Episode_Reward/lin_vel_z: -0.0008
              Episode_Reward/ang_vel_xy: -0.0308
             Episode_Reward/base_height: -0.0873
             Episode_Reward/orientation: -0.0347
                    Episode_Reward/pose: -0.0005
             Episode_Reward/action_rate: -0.0020
              Episode_Reward/action_acc: -0.0054
           Episode_Termination/time_out: 0.0000
    Episode_Termination/bad_orientation: 1.0000
--------------------------------------------------------------------------------
                         Iteration time: 0.47s
                           Time elapsed: 00:01:48
                                    ETA: 00:01:00

################################################################################
[1m                           Learning iteration 224/350                           [0m 

                            Total steps: 2764800 
                       Steps per second: 26070 
                        Collection time: 0.404s 
                          Learning time: 0.067s 
                        Mean value loss: 0.0247
                    Mean surrogate loss: -0.0107
                      Mean entropy loss: 4.1597
                            Mean reward: 10.37
                    Mean episode length: 249.24
                        Mean action std: 0.37
                reward/tracking_lin_vel: 1.5661
                reward/tracking_ang_vel: 0.0782
                      reward/feet_phase: 0.7892
             reward/feet_phase_contrast: 1.2438
             reward/feet_contact_number: 0.4470
                   reward/feet_air_time: 0.0027
                     reward/under_speed: -0.0918
                       reward/feet_slip: -0.0132
                  reward/feet_clearance: -0.0309
                       reward/lin_vel_z: -0.0211
                      reward/ang_vel_xy: -0.2923
                     reward/base_height: -0.0242
                     reward/orientation: -0.0428
                            reward/pose: -0.0088
                     reward/action_rate: -0.0891
                      reward/action_acc: -0.1796
--------------------------------------------------------------------------------
                         Iteration time: 0.47s
                           Time elapsed: 00:01:48
                                    ETA: 00:01:00

################################################################################
[1m                           Learning iteration 225/350                           [0m 

                            Total steps: 2777088 
                       Steps per second: 23988 
                        Collection time: 0.444s 
                          Learning time: 0.069s 
                        Mean value loss: 0.0283
                    Mean surrogate loss: -0.0115
                      Mean entropy loss: 4.1317
                            Mean reward: 12.87
                    Mean episode length: 287.13
                        Mean action std: 0.37
                reward/tracking_lin_vel: 1.5772
                reward/tracking_ang_vel: 0.0800
                      reward/feet_phase: 0.8247
             reward/feet_phase_contrast: 1.2540
             reward/feet_contact_number: 0.4473
                   reward/feet_air_time: 0.0017
                     reward/under_speed: -0.0908
                       reward/feet_slip: -0.0125
                  reward/feet_clearance: -0.0314
                       reward/lin_vel_z: -0.0209
                      reward/ang_vel_xy: -0.2826
                     reward/base_height: -0.0094
                     reward/orientation: -0.0375
                            reward/pose: -0.0089
                     reward/action_rate: -0.0895
                      reward/action_acc: -0.1789
--------------------------------------------------------------------------------
                         Iteration time: 0.51s
                           Time elapsed: 00:01:49
                                    ETA: 00:01:00

################################################################################
[1m                           Learning iteration 226/350                           [0m 

                            Total steps: 2789376 
                       Steps per second: 24059 
                        Collection time: 0.443s 
                          Learning time: 0.068s 
                        Mean value loss: 0.0444
                    Mean surrogate loss: -0.0107
                      Mean entropy loss: 4.1135
                            Mean reward: 25.42
                    Mean episode length: 479.51
                        Mean action std: 0.37
                reward/tracking_lin_vel: 1.5674
                reward/tracking_ang_vel: 0.0794
                      reward/feet_phase: 0.6426
             reward/feet_phase_contrast: 1.2387
             reward/feet_contact_number: 0.4393
                   reward/feet_air_time: 0.0027
                     reward/under_speed: -0.0895
                       reward/feet_slip: -0.0126
                  reward/feet_clearance: -0.0317
                       reward/lin_vel_z: -0.0210
                      reward/ang_vel_xy: -0.2979
                     reward/base_height: -0.0093
                     reward/orientation: -0.0371
                            reward/pose: -0.0087
                     reward/action_rate: -0.0911
                      reward/action_acc: -0.1798
             Metrics/twist/error_vel_xy: 0.3920
            Metrics/twist/error_vel_yaw: 0.8992
        Episode_Reward/tracking_lin_vel: 1.4222
        Episode_Reward/tracking_ang_vel: 0.0831
              Episode_Reward/feet_phase: 0.6302
     Episode_Reward/feet_phase_contrast: 1.0749
     Episode_Reward/feet_contact_number: 0.4470
           Episode_Reward/feet_air_time: 0.0038
             Episode_Reward/under_speed: -0.1151
               Episode_Reward/feet_slip: -0.0097
          Episode_Reward/feet_clearance: -0.0252
               Episode_Reward/lin_vel_z: -0.0141
              Episode_Reward/ang_vel_xy: -0.2676
             Episode_Reward/base_height: -0.0066
             Episode_Reward/orientation: -0.0367
                    Episode_Reward/pose: -0.0071
             Episode_Reward/action_rate: -0.0781
              Episode_Reward/action_acc: -0.1692
           Episode_Termination/time_out: 1.8235
    Episode_Termination/bad_orientation: 0.0000
--------------------------------------------------------------------------------
                         Iteration time: 0.51s
                           Time elapsed: 00:01:49
                                    ETA: 00:00:59

################################################################################
[1m                           Learning iteration 227/350                           [0m 

                            Total steps: 2801664 
                       Steps per second: 24579 
                        Collection time: 0.417s 
                          Learning time: 0.083s 
                        Mean value loss: 0.0761
                    Mean surrogate loss: -0.0072
                      Mean entropy loss: 4.1066
                            Mean reward: 27.05
                    Mean episode length: 504.34
                        Mean action std: 0.37
                reward/tracking_lin_vel: 1.5810
                reward/tracking_ang_vel: 0.0825
                      reward/feet_phase: 0.6789
             reward/feet_phase_contrast: 1.2488
             reward/feet_contact_number: 0.4404
                   reward/feet_air_time: 0.0036
                     reward/under_speed: -0.0875
                       reward/feet_slip: -0.0135
                  reward/feet_clearance: -0.0317
                       reward/lin_vel_z: -0.0212
                      reward/ang_vel_xy: -0.2914
                     reward/base_height: -0.0215
                     reward/orientation: -0.0452
                            reward/pose: -0.0092
                     reward/action_rate: -0.0903
                      reward/action_acc: -0.1797
--------------------------------------------------------------------------------
                         Iteration time: 0.50s
                           Time elapsed: 00:01:50
                                    ETA: 00:00:59

################################################################################
[1m                           Learning iteration 228/350                           [0m 

                            Total steps: 2813952 
                       Steps per second: 25211 
                        Collection time: 0.421s 
                          Learning time: 0.067s 
                        Mean value loss: 0.0315
                    Mean surrogate loss: -0.0093
                      Mean entropy loss: 4.0950
                            Mean reward: 26.74
                    Mean episode length: 498.59
                        Mean action std: 0.36
                reward/tracking_lin_vel: 1.5949
                reward/tracking_ang_vel: 0.0802
                      reward/feet_phase: 0.8780
             reward/feet_phase_contrast: 1.2643
             reward/feet_contact_number: 0.4465
                   reward/feet_air_time: 0.0033
                     reward/under_speed: -0.0837
                       reward/feet_slip: -0.0135
                  reward/feet_clearance: -0.0327
                       reward/lin_vel_z: -0.0230
                      reward/ang_vel_xy: -0.3149
                     reward/base_height: -0.0680
                     reward/orientation: -0.0560
                            reward/pose: -0.0095
                     reward/action_rate: -0.0930
                      reward/action_acc: -0.1808
--------------------------------------------------------------------------------
                         Iteration time: 0.49s
                           Time elapsed: 00:01:50
                                    ETA: 00:00:58

################################################################################
[1m                           Learning iteration 229/350                           [0m 

                            Total steps: 2826240 
                       Steps per second: 24511 
                        Collection time: 0.426s 
                          Learning time: 0.075s 
                        Mean value loss: 0.0278
                    Mean surrogate loss: -0.0095
                      Mean entropy loss: 4.0680
                            Mean reward: 29.27
                    Mean episode length: 536.73
                        Mean action std: 0.36
                reward/tracking_lin_vel: 1.6230
                reward/tracking_ang_vel: 0.0809
                      reward/feet_phase: 0.7494
             reward/feet_phase_contrast: 1.2962
             reward/feet_contact_number: 0.4531
                   reward/feet_air_time: 0.0030
                     reward/under_speed: -0.0795
                       reward/feet_slip: -0.0134
                  reward/feet_clearance: -0.0331
                       reward/lin_vel_z: -0.0234
                      reward/ang_vel_xy: -0.3049
                     reward/base_height: -0.0107
                     reward/orientation: -0.0392
                            reward/pose: -0.0097
                     reward/action_rate: -0.0937
                      reward/action_acc: -0.1832
--------------------------------------------------------------------------------
                         Iteration time: 0.50s
                           Time elapsed: 00:01:51
                                    ETA: 00:00:58

################################################################################
[1m                           Learning iteration 230/350                           [0m 

                            Total steps: 2838528 
                       Steps per second: 21853 
                        Collection time: 0.486s 
                          Learning time: 0.076s 
                        Mean value loss: 0.0308
                    Mean surrogate loss: -0.0083
                      Mean entropy loss: 4.0595
                            Mean reward: 29.94
                    Mean episode length: 546.42
                        Mean action std: 0.36
                reward/tracking_lin_vel: 1.6285
                reward/tracking_ang_vel: 0.0786
                      reward/feet_phase: 0.6752
             reward/feet_phase_contrast: 1.2915
             reward/feet_contact_number: 0.4456
                   reward/feet_air_time: 0.0018
                     reward/under_speed: -0.0785
                       reward/feet_slip: -0.0158
                  reward/feet_clearance: -0.0348
                       reward/lin_vel_z: -0.0248
                      reward/ang_vel_xy: -0.3182
                     reward/base_height: -0.0186
                     reward/orientation: -0.0425
                            reward/pose: -0.0098
                     reward/action_rate: -0.0972
                      reward/action_acc: -0.1862
--------------------------------------------------------------------------------
                         Iteration time: 0.56s
                           Time elapsed: 00:01:51
                                    ETA: 00:00:57

################################################################################
[1m                           Learning iteration 231/350                           [0m 

                            Total steps: 2850816 
                       Steps per second: 21940 
                        Collection time: 0.473s 
                          Learning time: 0.087s 
                        Mean value loss: 0.0184
                    Mean surrogate loss: -0.0092
                      Mean entropy loss: 4.0488
                            Mean reward: 30.19
                    Mean episode length: 549.33
                        Mean action std: 0.36
                reward/tracking_lin_vel: 1.6358
                reward/tracking_ang_vel: 0.0809
                      reward/feet_phase: 0.7924
             reward/feet_phase_contrast: 1.3011
             reward/feet_contact_number: 0.4435
                   reward/feet_air_time: 0.0012
                     reward/under_speed: -0.0771
                       reward/feet_slip: -0.0144
                  reward/feet_clearance: -0.0338
                       reward/lin_vel_z: -0.0250
                      reward/ang_vel_xy: -0.3207
                     reward/base_height: -0.0171
                     reward/orientation: -0.0401
                            reward/pose: -0.0096
                     reward/action_rate: -0.0963
                      reward/action_acc: -0.1856
--------------------------------------------------------------------------------
                         Iteration time: 0.56s
                           Time elapsed: 00:01:52
                                    ETA: 00:00:57

################################################################################
[1m                           Learning iteration 232/350                           [0m 

                            Total steps: 2863104 
                       Steps per second: 23723 
                        Collection time: 0.446s 
                          Learning time: 0.072s 
                        Mean value loss: 0.0195
                    Mean surrogate loss: -0.0120
                      Mean entropy loss: 4.0325
                            Mean reward: 30.19
                    Mean episode length: 549.33
                        Mean action std: 0.36
                reward/tracking_lin_vel: 1.6453
                reward/tracking_ang_vel: 0.0826
                      reward/feet_phase: 0.8828
             reward/feet_phase_contrast: 1.3050
             reward/feet_contact_number: 0.4470
                   reward/feet_air_time: 0.0015
                     reward/under_speed: -0.0761
                       reward/feet_slip: -0.0144
                  reward/feet_clearance: -0.0341
                       reward/lin_vel_z: -0.0246
                      reward/ang_vel_xy: -0.3076
                     reward/base_height: -0.0110
                     reward/orientation: -0.0370
                            reward/pose: -0.0100
                     reward/action_rate: -0.0960
                      reward/action_acc: -0.1848
--------------------------------------------------------------------------------
                         Iteration time: 0.52s
                           Time elapsed: 00:01:53
                                    ETA: 00:00:56

################################################################################
[1m                           Learning iteration 233/350                           [0m 

                            Total steps: 2875392 
                       Steps per second: 30219 
                        Collection time: 0.341s 
                          Learning time: 0.066s 
                        Mean value loss: 6.3004
                    Mean surrogate loss: -0.0086
                      Mean entropy loss: 4.0232
                            Mean reward: 30.83
                    Mean episode length: 558.78
                        Mean action std: 0.36
                reward/tracking_lin_vel: 0.9227
                reward/tracking_ang_vel: 0.0803
                      reward/feet_phase: 0.5413
             reward/feet_phase_contrast: 1.0482
             reward/feet_contact_number: 0.4392
                   reward/feet_air_time: 0.0761
                     reward/under_speed: -0.0889
                       reward/feet_slip: -0.0159
                  reward/feet_clearance: -0.0349
                       reward/lin_vel_z: -0.0397
                      reward/ang_vel_xy: -0.4473
                     reward/base_height: -0.0324
                     reward/orientation: -0.1249
                            reward/pose: -0.0114
                     reward/action_rate: -0.0938
                      reward/action_acc: -0.1798
--------------------------------------------------------------------------------
                         Iteration time: 0.41s
                           Time elapsed: 00:01:53
                                    ETA: 00:00:56

################################################################################
[1m                           Learning iteration 234/350                           [0m 

                            Total steps: 2887680 
                       Steps per second: 28956 
                        Collection time: 0.360s 
                          Learning time: 0.064s 
                        Mean value loss: 0.5849
                    Mean surrogate loss: -0.0089
                      Mean entropy loss: 4.0300
                            Mean reward: 26.43
                    Mean episode length: 459.01
                        Mean action std: 0.36
                reward/tracking_lin_vel: 0.9378
                reward/tracking_ang_vel: 0.0862
                      reward/feet_phase: 0.5616
             reward/feet_phase_contrast: 0.9903
             reward/feet_contact_number: 0.4181
                   reward/feet_air_time: 0.1587
                     reward/under_speed: -0.0839
                       reward/feet_slip: -0.0123
                  reward/feet_clearance: -0.0330
                       reward/lin_vel_z: -0.0570
                      reward/ang_vel_xy: -0.8230
                     reward/base_height: -1.1067
                     reward/orientation: -0.5836
                            reward/pose: -0.0140
                     reward/action_rate: -0.0843
                      reward/action_acc: -0.1650
             Metrics/twist/error_vel_xy: 0.3189
            Metrics/twist/error_vel_yaw: 0.4034
        Episode_Reward/tracking_lin_vel: 0.6754
        Episode_Reward/tracking_ang_vel: 0.0370
              Episode_Reward/feet_phase: 0.3331
     Episode_Reward/feet_phase_contrast: 0.5641
     Episode_Reward/feet_contact_number: 0.2055
           Episode_Reward/feet_air_time: 0.0093
             Episode_Reward/under_speed: -0.0411
               Episode_Reward/feet_slip: -0.0059
          Episode_Reward/feet_clearance: -0.0145
               Episode_Reward/lin_vel_z: -0.0128
              Episode_Reward/ang_vel_xy: -0.1656
             Episode_Reward/base_height: -0.0606
             Episode_Reward/orientation: -0.0470
                    Episode_Reward/pose: -0.0043
             Episode_Reward/action_rate: -0.0411
              Episode_Reward/action_acc: -0.0815
           Episode_Termination/time_out: 0.0417
    Episode_Termination/bad_orientation: 8.9583
--------------------------------------------------------------------------------
                         Iteration time: 0.42s
                           Time elapsed: 00:01:53
                                    ETA: 00:00:55

################################################################################
[1m                           Learning iteration 235/350                           [0m 

                            Total steps: 2899968 
                       Steps per second: 27829 
                        Collection time: 0.372s 
                          Learning time: 0.069s 
                        Mean value loss: 0.2919
                    Mean surrogate loss: -0.0110
                      Mean entropy loss: 4.0318
                            Mean reward: 24.54
                    Mean episode length: 431.65
                        Mean action std: 0.36
                reward/tracking_lin_vel: 1.3590
                reward/tracking_ang_vel: 0.0935
                      reward/feet_phase: 0.7709
             reward/feet_phase_contrast: 1.1435
             reward/feet_contact_number: 0.4388
                   reward/feet_air_time: 0.0301
                     reward/under_speed: -0.0918
                       reward/feet_slip: -0.0106
                  reward/feet_clearance: -0.0274
                       reward/lin_vel_z: -0.0249
                      reward/ang_vel_xy: -0.3884
                     reward/base_height: -0.3636
                     reward/orientation: -0.1934
                            reward/pose: -0.0100
                     reward/action_rate: -0.0797
                      reward/action_acc: -0.1622
             Metrics/twist/error_vel_xy: 0.3977
            Metrics/twist/error_vel_yaw: 0.4995
        Episode_Reward/tracking_lin_vel: 0.5836
        Episode_Reward/tracking_ang_vel: 0.0332
              Episode_Reward/feet_phase: 0.2923
     Episode_Reward/feet_phase_contrast: 0.4917
     Episode_Reward/feet_contact_number: 0.1805
           Episode_Reward/feet_air_time: 0.0106
             Episode_Reward/under_speed: -0.0366
               Episode_Reward/feet_slip: -0.0054
          Episode_Reward/feet_clearance: -0.0129
               Episode_Reward/lin_vel_z: -0.0109
              Episode_Reward/ang_vel_xy: -0.1518
             Episode_Reward/base_height: -0.0711
             Episode_Reward/orientation: -0.0518
                    Episode_Reward/pose: -0.0041
             Episode_Reward/action_rate: -0.0371
              Episode_Reward/action_acc: -0.0730
           Episode_Termination/time_out: 0.0000
    Episode_Termination/bad_orientation: 3.3636
--------------------------------------------------------------------------------
                         Iteration time: 0.44s
                           Time elapsed: 00:01:54
                                    ETA: 00:00:55

################################################################################
[1m                           Learning iteration 236/350                           [0m 

                            Total steps: 2912256 
                       Steps per second: 26176 
                        Collection time: 0.400s 
                          Learning time: 0.069s 
                        Mean value loss: 0.1320
                    Mean surrogate loss: -0.0098
                      Mean entropy loss: 4.0239
                            Mean reward: 19.85
                    Mean episode length: 367.91
                        Mean action std: 0.36
                reward/tracking_lin_vel: 1.5153
                reward/tracking_ang_vel: 0.0896
                      reward/feet_phase: 0.7430
             reward/feet_phase_contrast: 1.2215
             reward/feet_contact_number: 0.4490
                   reward/feet_air_time: 0.0096
                     reward/under_speed: -0.0856
                       reward/feet_slip: -0.0126
                  reward/feet_clearance: -0.0306
                       reward/lin_vel_z: -0.0216
                      reward/ang_vel_xy: -0.3245
                     reward/base_height: -0.2244
                     reward/orientation: -0.1152
                            reward/pose: -0.0100
                     reward/action_rate: -0.0842
                      reward/action_acc: -0.1688
             Metrics/twist/error_vel_xy: 0.3556
            Metrics/twist/error_vel_yaw: 0.2724
        Episode_Reward/tracking_lin_vel: 0.3930
        Episode_Reward/tracking_ang_vel: 0.0252
              Episode_Reward/feet_phase: 0.1889
     Episode_Reward/feet_phase_contrast: 0.3149
     Episode_Reward/feet_contact_number: 0.1315
           Episode_Reward/feet_air_time: 0.0098
             Episode_Reward/under_speed: -0.0315
               Episode_Reward/feet_slip: -0.0032
          Episode_Reward/feet_clearance: -0.0081
               Episode_Reward/lin_vel_z: -0.0063
              Episode_Reward/ang_vel_xy: -0.1014
             Episode_Reward/base_height: -0.0858
             Episode_Reward/orientation: -0.0487
                    Episode_Reward/pose: -0.0030
             Episode_Reward/action_rate: -0.0239
              Episode_Reward/action_acc: -0.0490
           Episode_Termination/time_out: 0.0000
    Episode_Termination/bad_orientation: 2.1176
--------------------------------------------------------------------------------
                         Iteration time: 0.47s
                           Time elapsed: 00:01:54
                                    ETA: 00:00:54

################################################################################
[1m                           Learning iteration 237/350                           [0m 

                            Total steps: 2924544 
                       Steps per second: 24826 
                        Collection time: 0.430s 
                          Learning time: 0.065s 
                        Mean value loss: 0.0457
                    Mean surrogate loss: -0.0099
                      Mean entropy loss: 4.0187
                            Mean reward: 17.27
                    Mean episode length: 333.23
                        Mean action std: 0.36
                reward/tracking_lin_vel: 1.5922
                reward/tracking_ang_vel: 0.0865
                      reward/feet_phase: 0.6628
             reward/feet_phase_contrast: 1.2716
             reward/feet_contact_number: 0.4484
                   reward/feet_air_time: 0.0040
                     reward/under_speed: -0.0812
                       reward/feet_slip: -0.0133
                  reward/feet_clearance: -0.0322
                       reward/lin_vel_z: -0.0221
                      reward/ang_vel_xy: -0.2996
                     reward/base_height: -0.0931
                     reward/orientation: -0.0655
                            reward/pose: -0.0102
                     reward/action_rate: -0.0903
                      reward/action_acc: -0.1768
             Metrics/twist/error_vel_xy: 0.3779
            Metrics/twist/error_vel_yaw: 0.2704
        Episode_Reward/tracking_lin_vel: 0.1127
        Episode_Reward/tracking_ang_vel: 0.0105
              Episode_Reward/feet_phase: 0.0511
     Episode_Reward/feet_phase_contrast: 0.0824
     Episode_Reward/feet_contact_number: 0.0489
           Episode_Reward/feet_air_time: 0.0055
             Episode_Reward/under_speed: -0.0140
               Episode_Reward/feet_slip: -0.0009
          Episode_Reward/feet_clearance: -0.0024
               Episode_Reward/lin_vel_z: -0.0025
              Episode_Reward/ang_vel_xy: -0.0553
             Episode_Reward/base_height: -0.0847
             Episode_Reward/orientation: -0.0386
                    Episode_Reward/pose: -0.0011
             Episode_Reward/action_rate: -0.0084
              Episode_Reward/action_acc: -0.0178
           Episode_Termination/time_out: 0.0000
    Episode_Termination/bad_orientation: 1.1818
--------------------------------------------------------------------------------
                         Iteration time: 0.49s
                           Time elapsed: 00:01:55
                                    ETA: 00:00:54

################################################################################
[1m                           Learning iteration 238/350                           [0m 

                            Total steps: 2936832 
                       Steps per second: 25674 
                        Collection time: 0.410s 
                          Learning time: 0.069s 
                        Mean value loss: 0.0414
                    Mean surrogate loss: -0.0097
                      Mean entropy loss: 4.0026
                            Mean reward: 15.69
                    Mean episode length: 311.52
                        Mean action std: 0.36
                reward/tracking_lin_vel: 1.6276
                reward/tracking_ang_vel: 0.0843
                      reward/feet_phase: 0.7579
             reward/feet_phase_contrast: 1.2958
             reward/feet_contact_number: 0.4433
                   reward/feet_air_time: 0.0031
                     reward/under_speed: -0.0776
                       reward/feet_slip: -0.0145
                  reward/feet_clearance: -0.0337
                       reward/lin_vel_z: -0.0234
                      reward/ang_vel_xy: -0.2885
                     reward/base_height: -0.0420
                     reward/orientation: -0.0500
                            reward/pose: -0.0107
                     reward/action_rate: -0.0920
                      reward/action_acc: -0.1786
--------------------------------------------------------------------------------
                         Iteration time: 0.48s
                           Time elapsed: 00:01:55
                                    ETA: 00:00:53

################################################################################
[1m                           Learning iteration 239/350                           [0m 

                            Total steps: 2949120 
                       Steps per second: 26600 
                        Collection time: 0.396s 
                          Learning time: 0.066s 
                        Mean value loss: 0.0548
                    Mean surrogate loss: -0.0085
                      Mean entropy loss: 3.9924
                            Mean reward: 14.77
                    Mean episode length: 298.20
                        Mean action std: 0.36
                reward/tracking_lin_vel: 1.6366
                reward/tracking_ang_vel: 0.0852
                      reward/feet_phase: 0.9055
             reward/feet_phase_contrast: 1.3064
             reward/feet_contact_number: 0.4449
                   reward/feet_air_time: 0.0045
                     reward/under_speed: -0.0752
                       reward/feet_slip: -0.0145
                  reward/feet_clearance: -0.0345
                       reward/lin_vel_z: -0.0243
                      reward/ang_vel_xy: -0.2931
                     reward/base_height: -0.0349
                     reward/orientation: -0.0499
                            reward/pose: -0.0109
                     reward/action_rate: -0.0935
                      reward/action_acc: -0.1805
--------------------------------------------------------------------------------
                         Iteration time: 0.46s
                           Time elapsed: 00:01:56
                                    ETA: 00:00:53

################################################################################
[1m                           Learning iteration 240/350                           [0m 

                            Total steps: 2961408 
                       Steps per second: 25648 
                        Collection time: 0.410s 
                          Learning time: 0.069s 
                        Mean value loss: 0.0233
                    Mean surrogate loss: -0.0106
                      Mean entropy loss: 3.9738
                            Mean reward: 13.72
                    Mean episode length: 282.23
                        Mean action std: 0.36
                reward/tracking_lin_vel: 1.6421
                reward/tracking_ang_vel: 0.0866
                      reward/feet_phase: 0.7093
             reward/feet_phase_contrast: 1.3063
             reward/feet_contact_number: 0.4349
                   reward/feet_air_time: 0.0032
                     reward/under_speed: -0.0754
                       reward/feet_slip: -0.0144
                  reward/feet_clearance: -0.0347
                       reward/lin_vel_z: -0.0238
                      reward/ang_vel_xy: -0.2887
                     reward/base_height: -0.0376
                     reward/orientation: -0.0494
                            reward/pose: -0.0109
                     reward/action_rate: -0.0936
                      reward/action_acc: -0.1814
--------------------------------------------------------------------------------
                         Iteration time: 0.48s
                           Time elapsed: 00:01:56
                                    ETA: 00:00:52

################################################################################
[1m                           Learning iteration 241/350                           [0m 

                            Total steps: 2973696 
                       Steps per second: 27005 
                        Collection time: 0.386s 
                          Learning time: 0.069s 
                        Mean value loss: 0.0225
                    Mean surrogate loss: -0.0081
                      Mean entropy loss: 3.9492
                            Mean reward: 13.72
                    Mean episode length: 282.23
                        Mean action std: 0.36
                reward/tracking_lin_vel: 1.6542
                reward/tracking_ang_vel: 0.0866
                      reward/feet_phase: 0.6940
             reward/feet_phase_contrast: 1.3190
             reward/feet_contact_number: 0.4446
                   reward/feet_air_time: 0.0019
                     reward/under_speed: -0.0738
                       reward/feet_slip: -0.0150
                  reward/feet_clearance: -0.0347
                       reward/lin_vel_z: -0.0240
                      reward/ang_vel_xy: -0.2829
                     reward/base_height: -0.0114
                     reward/orientation: -0.0402
                            reward/pose: -0.0112
                     reward/action_rate: -0.0949
                      reward/action_acc: -0.1833
--------------------------------------------------------------------------------
                         Iteration time: 0.46s
                           Time elapsed: 00:01:57
                                    ETA: 00:00:52

################################################################################
[1m                           Learning iteration 242/350                           [0m 

                            Total steps: 2985984 
                       Steps per second: 24902 
                        Collection time: 0.425s 
                          Learning time: 0.069s 
                        Mean value loss: 0.0273
                    Mean surrogate loss: -0.0093
                      Mean entropy loss: 3.9343
                            Mean reward: 19.69
                    Mean episode length: 369.05
                        Mean action std: 0.36
                reward/tracking_lin_vel: 1.6610
                reward/tracking_ang_vel: 0.0861
                      reward/feet_phase: 0.8776
             reward/feet_phase_contrast: 1.3212
             reward/feet_contact_number: 0.4385
                   reward/feet_air_time: 0.0015
                     reward/under_speed: -0.0724
                       reward/feet_slip: -0.0150
                  reward/feet_clearance: -0.0353
                       reward/lin_vel_z: -0.0243
                      reward/ang_vel_xy: -0.2794
                     reward/base_height: -0.0131
                     reward/orientation: -0.0397
                            reward/pose: -0.0114
                     reward/action_rate: -0.0959
                      reward/action_acc: -0.1850
--------------------------------------------------------------------------------
                         Iteration time: 0.49s
                           Time elapsed: 00:01:57
                                    ETA: 00:00:51

################################################################################
[1m                           Learning iteration 243/350                           [0m 

                            Total steps: 2998272 
                       Steps per second: 26479 
                        Collection time: 0.397s 
                          Learning time: 0.067s 
                        Mean value loss: 0.0676
                    Mean surrogate loss: -0.0081
                      Mean entropy loss: 3.9180
                            Mean reward: 26.26
                    Mean episode length: 464.94
                        Mean action std: 0.36
                reward/tracking_lin_vel: 1.6540
                reward/tracking_ang_vel: 0.0880
                      reward/feet_phase: 0.8385
             reward/feet_phase_contrast: 1.3237
             reward/feet_contact_number: 0.4452
                   reward/feet_air_time: 0.0033
                     reward/under_speed: -0.0717
                       reward/feet_slip: -0.0153
                  reward/feet_clearance: -0.0350
                       reward/lin_vel_z: -0.0240
                      reward/ang_vel_xy: -0.2764
                     reward/base_height: -0.0144
                     reward/orientation: -0.0429
                            reward/pose: -0.0116
                     reward/action_rate: -0.0951
                      reward/action_acc: -0.1829
             Metrics/twist/error_vel_xy: 0.3525
            Metrics/twist/error_vel_yaw: 0.8476
        Episode_Reward/tracking_lin_vel: 1.4785
        Episode_Reward/tracking_ang_vel: 0.0787
              Episode_Reward/feet_phase: 0.6977
     Episode_Reward/feet_phase_contrast: 1.1811
     Episode_Reward/feet_contact_number: 0.4299
           Episode_Reward/feet_air_time: 0.0031
             Episode_Reward/under_speed: -0.0900
               Episode_Reward/feet_slip: -0.0126
          Episode_Reward/feet_clearance: -0.0307
               Episode_Reward/lin_vel_z: -0.0201
              Episode_Reward/ang_vel_xy: -0.2931
             Episode_Reward/base_height: -0.0117
             Episode_Reward/orientation: -0.0403
                    Episode_Reward/pose: -0.0090
             Episode_Reward/action_rate: -0.0886
              Episode_Reward/action_acc: -0.1764
           Episode_Termination/time_out: 1.6667
    Episode_Termination/bad_orientation: 0.1111
--------------------------------------------------------------------------------
                         Iteration time: 0.46s
                           Time elapsed: 00:01:58
                                    ETA: 00:00:51

################################################################################
[1m                           Learning iteration 244/350                           [0m 

                            Total steps: 3010560 
                       Steps per second: 26227 
                        Collection time: 0.401s 
                          Learning time: 0.067s 
                        Mean value loss: 0.0261
                    Mean surrogate loss: -0.0097
                      Mean entropy loss: 3.9084
                            Mean reward: 28.61
                    Mean episode length: 500.52
                        Mean action std: 0.36
                reward/tracking_lin_vel: 1.6559
                reward/tracking_ang_vel: 0.0888
                      reward/feet_phase: 0.7000
             reward/feet_phase_contrast: 1.3266
             reward/feet_contact_number: 0.4404
                   reward/feet_air_time: 0.0035
                     reward/under_speed: -0.0719
                       reward/feet_slip: -0.0148
                  reward/feet_clearance: -0.0350
                       reward/lin_vel_z: -0.0240
                      reward/ang_vel_xy: -0.2810
                     reward/base_height: -0.0289
                     reward/orientation: -0.0484
                            reward/pose: -0.0120
                     reward/action_rate: -0.0957
                      reward/action_acc: -0.1830
             Metrics/twist/error_vel_xy: 0.2912
            Metrics/twist/error_vel_yaw: 0.5472
        Episode_Reward/tracking_lin_vel: 0.8565
        Episode_Reward/tracking_ang_vel: 0.0499
              Episode_Reward/feet_phase: 0.3974
     Episode_Reward/feet_phase_contrast: 0.6744
     Episode_Reward/feet_contact_number: 0.2662
           Episode_Reward/feet_air_time: 0.0066
             Episode_Reward/under_speed: -0.0609
               Episode_Reward/feet_slip: -0.0066
          Episode_Reward/feet_clearance: -0.0159
               Episode_Reward/lin_vel_z: -0.0104
              Episode_Reward/ang_vel_xy: -0.1773
             Episode_Reward/base_height: -0.0350
             Episode_Reward/orientation: -0.0397
                    Episode_Reward/pose: -0.0078
             Episode_Reward/action_rate: -0.0484
              Episode_Reward/action_acc: -0.1002
           Episode_Termination/time_out: 0.5000
    Episode_Termination/bad_orientation: 0.5000
--------------------------------------------------------------------------------
                         Iteration time: 0.47s
                           Time elapsed: 00:01:58
                                    ETA: 00:00:50

################################################################################
[1m                           Learning iteration 245/350                           [0m 

                            Total steps: 3022848 
                       Steps per second: 27543 
                        Collection time: 0.377s 
                          Learning time: 0.070s 
                        Mean value loss: 0.0374
                    Mean surrogate loss: -0.0087
                      Mean entropy loss: 3.8903
                            Mean reward: 29.73
                    Mean episode length: 516.30
                        Mean action std: 0.36
                reward/tracking_lin_vel: 1.6802
                reward/tracking_ang_vel: 0.0888
                      reward/feet_phase: 0.7541
             reward/feet_phase_contrast: 1.3363
             reward/feet_contact_number: 0.4429
                   reward/feet_air_time: 0.0021
                     reward/under_speed: -0.0687
                       reward/feet_slip: -0.0149
                  reward/feet_clearance: -0.0365
                       reward/lin_vel_z: -0.0249
                      reward/ang_vel_xy: -0.2758
                     reward/base_height: -0.0107
                     reward/orientation: -0.0418
                            reward/pose: -0.0121
                     reward/action_rate: -0.0979
                      reward/action_acc: -0.1863
--------------------------------------------------------------------------------
                         Iteration time: 0.45s
                           Time elapsed: 00:01:59
                                    ETA: 00:00:50

################################################################################
[1m                           Learning iteration 246/350                           [0m 

                            Total steps: 3035136 
                       Steps per second: 27262 
                        Collection time: 0.381s 
                          Learning time: 0.069s 
                        Mean value loss: 0.0395
                    Mean surrogate loss: -0.0079
                      Mean entropy loss: 3.8790
                            Mean reward: 29.39
                    Mean episode length: 510.56
                        Mean action std: 0.36
                reward/tracking_lin_vel: 1.6841
                reward/tracking_ang_vel: 0.0881
                      reward/feet_phase: 0.9421
             reward/feet_phase_contrast: 1.3477
             reward/feet_contact_number: 0.4437
                   reward/feet_air_time: 0.0012
                     reward/under_speed: -0.0676
                       reward/feet_slip: -0.0150
                  reward/feet_clearance: -0.0357
                       reward/lin_vel_z: -0.0251
                      reward/ang_vel_xy: -0.2777
                     reward/base_height: -0.0215
                     reward/orientation: -0.0462
                            reward/pose: -0.0125
                     reward/action_rate: -0.0970
                      reward/action_acc: -0.1835
--------------------------------------------------------------------------------
                         Iteration time: 0.45s
                           Time elapsed: 00:01:59
                                    ETA: 00:00:49

################################################################################
[1m                           Learning iteration 247/350                           [0m 

                            Total steps: 3047424 
                       Steps per second: 27145 
                        Collection time: 0.385s 
                          Learning time: 0.068s 
                        Mean value loss: 0.0168
                    Mean surrogate loss: -0.0085
                      Mean entropy loss: 3.8640
                            Mean reward: 28.99
                    Mean episode length: 500.82
                        Mean action std: 0.36
                reward/tracking_lin_vel: 1.6949
                reward/tracking_ang_vel: 0.0882
                      reward/feet_phase: 0.7593
             reward/feet_phase_contrast: 1.3520
             reward/feet_contact_number: 0.4394
                   reward/feet_air_time: 0.0018
                     reward/under_speed: -0.0653
                       reward/feet_slip: -0.0155
                  reward/feet_clearance: -0.0362
                       reward/lin_vel_z: -0.0257
                      reward/ang_vel_xy: -0.2801
                     reward/base_height: -0.0181
                     reward/orientation: -0.0456
                            reward/pose: -0.0129
                     reward/action_rate: -0.0988
                      reward/action_acc: -0.1864
--------------------------------------------------------------------------------
                         Iteration time: 0.45s
                           Time elapsed: 00:01:59
                                    ETA: 00:00:49

################################################################################
[1m                           Learning iteration 248/350                           [0m 

                            Total steps: 3059712 
                       Steps per second: 27012 
                        Collection time: 0.386s 
                          Learning time: 0.069s 
                        Mean value loss: 0.0431
                    Mean surrogate loss: -0.0040
                      Mean entropy loss: 3.8497
                            Mean reward: 29.62
                    Mean episode length: 510.41
                        Mean action std: 0.36
                reward/tracking_lin_vel: 1.7020
                reward/tracking_ang_vel: 0.0872
                      reward/feet_phase: 0.7172
             reward/feet_phase_contrast: 1.3559
             reward/feet_contact_number: 0.4439
                   reward/feet_air_time: 0.0012
                     reward/under_speed: -0.0633
                       reward/feet_slip: -0.0156
                  reward/feet_clearance: -0.0371
                       reward/lin_vel_z: -0.0267
                      reward/ang_vel_xy: -0.2820
                     reward/base_height: -0.0116
                     reward/orientation: -0.0449
                            reward/pose: -0.0133
                     reward/action_rate: -0.0997
                      reward/action_acc: -0.1871
--------------------------------------------------------------------------------
                         Iteration time: 0.45s
                           Time elapsed: 00:02:00
                                    ETA: 00:00:48

################################################################################
[1m                           Learning iteration 249/350                           [0m 

                            Total steps: 3072000 
                       Steps per second: 26456 
                        Collection time: 0.395s 
                          Learning time: 0.069s 
                        Mean value loss: 3.4844
                    Mean surrogate loss: -0.0094
                      Mean entropy loss: 3.8428
                            Mean reward: 30.04
                    Mean episode length: 517.13
                        Mean action std: 0.36
                reward/tracking_lin_vel: 1.7016
                reward/tracking_ang_vel: 0.0860
                      reward/feet_phase: 0.8738
             reward/feet_phase_contrast: 1.3653
             reward/feet_contact_number: 0.4479
                   reward/feet_air_time: 0.0005
                     reward/under_speed: -0.0618
                       reward/feet_slip: -0.0159
                  reward/feet_clearance: -0.0379
                       reward/lin_vel_z: -0.0272
                      reward/ang_vel_xy: -0.2808
                     reward/base_height: -0.0205
                     reward/orientation: -0.0484
                            reward/pose: -0.0132
                     reward/action_rate: -0.1012
                      reward/action_acc: -0.1892
--------------------------------------------------------------------------------
                         Iteration time: 0.46s
                           Time elapsed: 00:02:00
                                    ETA: 00:00:48

################################################################################
[1m                           Learning iteration 250/350                           [0m 

                            Total steps: 3084288 
                       Steps per second: 30637 
                        Collection time: 0.335s 
                          Learning time: 0.066s 
                        Mean value loss: 2.0295
                    Mean surrogate loss: -0.0106
                      Mean entropy loss: 3.8391
                            Mean reward: 40.35
                    Mean episode length: 644.34
                        Mean action std: 0.36
                reward/tracking_lin_vel: 0.6684
                reward/tracking_ang_vel: 0.0798
                      reward/feet_phase: 0.6668
             reward/feet_phase_contrast: 1.0636
             reward/feet_contact_number: 0.4317
                   reward/feet_air_time: 0.1499
                     reward/under_speed: -0.0714
                       reward/feet_slip: -0.0184
                  reward/feet_clearance: -0.0369
                       reward/lin_vel_z: -0.0656
                      reward/ang_vel_xy: -0.6864
                     reward/base_height: -0.3146
                     reward/orientation: -0.3431
                            reward/pose: -0.0156
                     reward/action_rate: -0.1015
                      reward/action_acc: -0.1848
             Metrics/twist/error_vel_xy: 0.2621
            Metrics/twist/error_vel_yaw: 0.3434
        Episode_Reward/tracking_lin_vel: 0.6637
        Episode_Reward/tracking_ang_vel: 0.0378
              Episode_Reward/feet_phase: 0.3294
     Episode_Reward/feet_phase_contrast: 0.5572
     Episode_Reward/feet_contact_number: 0.1881
           Episode_Reward/feet_air_time: 0.0076
             Episode_Reward/under_speed: -0.0306
               Episode_Reward/feet_slip: -0.0063
          Episode_Reward/feet_clearance: -0.0151
               Episode_Reward/lin_vel_z: -0.0153
              Episode_Reward/ang_vel_xy: -0.1596
             Episode_Reward/base_height: -0.0459
             Episode_Reward/orientation: -0.0440
                    Episode_Reward/pose: -0.0044
             Episode_Reward/action_rate: -0.0406
              Episode_Reward/action_acc: -0.0775
           Episode_Termination/time_out: 0.0000
    Episode_Termination/bad_orientation: 5.1000
--------------------------------------------------------------------------------
                         Iteration time: 0.40s
                           Time elapsed: 00:02:01
                                    ETA: 00:00:47

################################################################################
[1m                           Learning iteration 251/350                           [0m 

                            Total steps: 3096576 
                       Steps per second: 28630 
                        Collection time: 0.362s 
                          Learning time: 0.067s 
                        Mean value loss: 0.3919
                    Mean surrogate loss: -0.0115
                      Mean entropy loss: 3.8355
                            Mean reward: 31.15
                    Mean episode length: 505.25
                        Mean action std: 0.36
                reward/tracking_lin_vel: 1.1547
                reward/tracking_ang_vel: 0.0911
                      reward/feet_phase: 0.6463
             reward/feet_phase_contrast: 1.1023
             reward/feet_contact_number: 0.4123
                   reward/feet_air_time: 0.0632
                     reward/under_speed: -0.0784
                       reward/feet_slip: -0.0136
                  reward/feet_clearance: -0.0326
                       reward/lin_vel_z: -0.0473
                      reward/ang_vel_xy: -0.6398
                     reward/base_height: -0.9742
                     reward/orientation: -0.4399
                            reward/pose: -0.0129
                     reward/action_rate: -0.0818
                      reward/action_acc: -0.1606
             Metrics/twist/error_vel_xy: 0.3380
            Metrics/twist/error_vel_yaw: 0.4198
        Episode_Reward/tracking_lin_vel: 0.7679
        Episode_Reward/tracking_ang_vel: 0.0431
              Episode_Reward/feet_phase: 0.3825
     Episode_Reward/feet_phase_contrast: 0.6406
     Episode_Reward/feet_contact_number: 0.2224
           Episode_Reward/feet_air_time: 0.0104
             Episode_Reward/under_speed: -0.0387
               Episode_Reward/feet_slip: -0.0072
          Episode_Reward/feet_clearance: -0.0169
               Episode_Reward/lin_vel_z: -0.0140
              Episode_Reward/ang_vel_xy: -0.1695
             Episode_Reward/base_height: -0.0677
             Episode_Reward/orientation: -0.0514
                    Episode_Reward/pose: -0.0057
             Episode_Reward/action_rate: -0.0465
              Episode_Reward/action_acc: -0.0900
           Episode_Termination/time_out: 0.1250
    Episode_Termination/bad_orientation: 8.9583
--------------------------------------------------------------------------------
                         Iteration time: 0.43s
                           Time elapsed: 00:02:01
                                    ETA: 00:00:47

################################################################################
[1m                           Learning iteration 252/350                           [0m 

                            Total steps: 3108864 
                       Steps per second: 27712 
                        Collection time: 0.375s 
                          Learning time: 0.068s 
                        Mean value loss: 0.1990
                    Mean surrogate loss: -0.0119
                      Mean entropy loss: 3.8179
                            Mean reward: 26.53
                    Mean episode length: 441.14
                        Mean action std: 0.35
                reward/tracking_lin_vel: 1.4834
                reward/tracking_ang_vel: 0.0929
                      reward/feet_phase: 0.6677
             reward/feet_phase_contrast: 1.2245
             reward/feet_contact_number: 0.4456
                   reward/feet_air_time: 0.0240
                     reward/under_speed: -0.0797
                       reward/feet_slip: -0.0125
                  reward/feet_clearance: -0.0302
                       reward/lin_vel_z: -0.0226
                      reward/ang_vel_xy: -0.3262
                     reward/base_height: -0.2647
                     reward/orientation: -0.1443
                            reward/pose: -0.0120
                     reward/action_rate: -0.0866
                      reward/action_acc: -0.1694
             Metrics/twist/error_vel_xy: 0.3989
            Metrics/twist/error_vel_yaw: 0.3698
        Episode_Reward/tracking_lin_vel: 0.5165
        Episode_Reward/tracking_ang_vel: 0.0313
              Episode_Reward/feet_phase: 0.2555
     Episode_Reward/feet_phase_contrast: 0.4261
     Episode_Reward/feet_contact_number: 0.1532
           Episode_Reward/feet_air_time: 0.0082
             Episode_Reward/under_speed: -0.0275
               Episode_Reward/feet_slip: -0.0047
          Episode_Reward/feet_clearance: -0.0115
               Episode_Reward/lin_vel_z: -0.0089
              Episode_Reward/ang_vel_xy: -0.1181
             Episode_Reward/base_height: -0.0804
             Episode_Reward/orientation: -0.0492
                    Episode_Reward/pose: -0.0040
             Episode_Reward/action_rate: -0.0315
              Episode_Reward/action_acc: -0.0611
           Episode_Termination/time_out: 0.0000
    Episode_Termination/bad_orientation: 2.0500
--------------------------------------------------------------------------------
                         Iteration time: 0.44s
                           Time elapsed: 00:02:02
                                    ETA: 00:00:46

################################################################################
[1m                           Learning iteration 253/350                           [0m 

                            Total steps: 3121152 
                       Steps per second: 25888 
                        Collection time: 0.409s 
                          Learning time: 0.066s 
                        Mean value loss: 0.0778
                    Mean surrogate loss: -0.0099
                      Mean entropy loss: 3.8066
                            Mean reward: 18.48
                    Mean episode length: 332.72
                        Mean action std: 0.35
                reward/tracking_lin_vel: 1.6070
                reward/tracking_ang_vel: 0.0893
                      reward/feet_phase: 0.9045
             reward/feet_phase_contrast: 1.2992
             reward/feet_contact_number: 0.4536
                   reward/feet_air_time: 0.0092
                     reward/under_speed: -0.0684
                       reward/feet_slip: -0.0145
                  reward/feet_clearance: -0.0351
                       reward/lin_vel_z: -0.0261
                      reward/ang_vel_xy: -0.3225
                     reward/base_height: -0.2103
                     reward/orientation: -0.1081
                            reward/pose: -0.0128
                     reward/action_rate: -0.0959
                      reward/action_acc: -0.1807
             Metrics/twist/error_vel_xy: 0.3687
            Metrics/twist/error_vel_yaw: 0.1535
        Episode_Reward/tracking_lin_vel: 0.1031
        Episode_Reward/tracking_ang_vel: 0.0101
              Episode_Reward/feet_phase: 0.0505
     Episode_Reward/feet_phase_contrast: 0.0829
     Episode_Reward/feet_contact_number: 0.0448
           Episode_Reward/feet_air_time: 0.0050
             Episode_Reward/under_speed: -0.0116
               Episode_Reward/feet_slip: -0.0012
          Episode_Reward/feet_clearance: -0.0029
               Episode_Reward/lin_vel_z: -0.0021
              Episode_Reward/ang_vel_xy: -0.0509
             Episode_Reward/base_height: -0.0938
             Episode_Reward/orientation: -0.0387
                    Episode_Reward/pose: -0.0012
             Episode_Reward/action_rate: -0.0079
              Episode_Reward/action_acc: -0.0163
           Episode_Termination/time_out: 0.0000
    Episode_Termination/bad_orientation: 1.7500
--------------------------------------------------------------------------------
                         Iteration time: 0.47s
                           Time elapsed: 00:02:02
                                    ETA: 00:00:46

################################################################################
[1m                           Learning iteration 254/350                           [0m 

                            Total steps: 3133440 
                       Steps per second: 22700 
                        Collection time: 0.458s 
                          Learning time: 0.083s 
                        Mean value loss: 0.0407
                    Mean surrogate loss: -0.0086
                      Mean entropy loss: 3.7967
                            Mean reward: 15.71
                    Mean episode length: 294.06
                        Mean action std: 0.35
                reward/tracking_lin_vel: 1.6781
                reward/tracking_ang_vel: 0.0888
                      reward/feet_phase: 0.7864
             reward/feet_phase_contrast: 1.3458
             reward/feet_contact_number: 0.4418
                   reward/feet_air_time: 0.0047
                     reward/under_speed: -0.0630
                       reward/feet_slip: -0.0160
                  reward/feet_clearance: -0.0368
                       reward/lin_vel_z: -0.0261
                      reward/ang_vel_xy: -0.2871
                     reward/base_height: -0.0627
                     reward/orientation: -0.0575
                            reward/pose: -0.0128
                     reward/action_rate: -0.1001
                      reward/action_acc: -0.1884
             Metrics/twist/error_vel_xy: 0.3240
            Metrics/twist/error_vel_yaw: 0.2722
        Episode_Reward/tracking_lin_vel: 0.0425
        Episode_Reward/tracking_ang_vel: 0.0060
              Episode_Reward/feet_phase: 0.0279
     Episode_Reward/feet_phase_contrast: 0.0405
     Episode_Reward/feet_contact_number: 0.0271
           Episode_Reward/feet_air_time: 0.0095
             Episode_Reward/under_speed: -0.0078
               Episode_Reward/feet_slip: -0.0004
          Episode_Reward/feet_clearance: -0.0013
               Episode_Reward/lin_vel_z: -0.0021
              Episode_Reward/ang_vel_xy: -0.0385
             Episode_Reward/base_height: -0.0862
             Episode_Reward/orientation: -0.0424
                    Episode_Reward/pose: -0.0010
             Episode_Reward/action_rate: -0.0048
              Episode_Reward/action_acc: -0.0093
           Episode_Termination/time_out: 0.0000
    Episode_Termination/bad_orientation: 1.2857
--------------------------------------------------------------------------------
                         Iteration time: 0.54s
                           Time elapsed: 00:02:03
                                    ETA: 00:00:45

################################################################################
[1m                           Learning iteration 255/350                           [0m 

                            Total steps: 3145728 
                       Steps per second: 24149 
                        Collection time: 0.432s 
                          Learning time: 0.077s 
                        Mean value loss: 0.0455
                    Mean surrogate loss: -0.0070
                      Mean entropy loss: 3.7856
                            Mean reward: 15.05
                    Mean episode length: 285.42
                        Mean action std: 0.35
                reward/tracking_lin_vel: 1.6915
                reward/tracking_ang_vel: 0.0893
                      reward/feet_phase: 0.7176
             reward/feet_phase_contrast: 1.3558
             reward/feet_contact_number: 0.4444
                   reward/feet_air_time: 0.0023
                     reward/under_speed: -0.0629
                       reward/feet_slip: -0.0158
                  reward/feet_clearance: -0.0371
                       reward/lin_vel_z: -0.0267
                      reward/ang_vel_xy: -0.2819
                     reward/base_height: -0.0301
                     reward/orientation: -0.0486
                            reward/pose: -0.0131
                     reward/action_rate: -0.1016
                      reward/action_acc: -0.1891
--------------------------------------------------------------------------------
                         Iteration time: 0.51s
                           Time elapsed: 00:02:03
                                    ETA: 00:00:45

################################################################################
[1m                           Learning iteration 256/350                           [0m 

                            Total steps: 3158016 
                       Steps per second: 24535 
                        Collection time: 0.432s 
                          Learning time: 0.069s 
                        Mean value loss: 0.0311
                    Mean surrogate loss: -0.0067
                      Mean entropy loss: 3.7745
                            Mean reward: 14.01
                    Mean episode length: 268.27
                        Mean action std: 0.35
                reward/tracking_lin_vel: 1.7004
                reward/tracking_ang_vel: 0.0904
                      reward/feet_phase: 0.8312
             reward/feet_phase_contrast: 1.3574
             reward/feet_contact_number: 0.4421
                   reward/feet_air_time: 0.0020
                     reward/under_speed: -0.0627
                       reward/feet_slip: -0.0162
                  reward/feet_clearance: -0.0371
                       reward/lin_vel_z: -0.0264
                      reward/ang_vel_xy: -0.2795
                     reward/base_height: -0.0194
                     reward/orientation: -0.0448
                            reward/pose: -0.0129
                     reward/action_rate: -0.1016
                      reward/action_acc: -0.1894
             Metrics/twist/error_vel_xy: 0.2256
            Metrics/twist/error_vel_yaw: 0.3237
        Episode_Reward/tracking_lin_vel: 0.1179
        Episode_Reward/tracking_ang_vel: 0.0079
              Episode_Reward/feet_phase: 0.0819
     Episode_Reward/feet_phase_contrast: 0.1312
     Episode_Reward/feet_contact_number: 0.0445
           Episode_Reward/feet_air_time: 0.0059
             Episode_Reward/under_speed: -0.0045
               Episode_Reward/feet_slip: -0.0018
          Episode_Reward/feet_clearance: -0.0031
               Episode_Reward/lin_vel_z: -0.0062
              Episode_Reward/ang_vel_xy: -0.0495
             Episode_Reward/base_height: -0.0493
             Episode_Reward/orientation: -0.0410
                    Episode_Reward/pose: -0.0015
             Episode_Reward/action_rate: -0.0099
              Episode_Reward/action_acc: -0.0170
           Episode_Termination/time_out: 0.0000
    Episode_Termination/bad_orientation: 1.0000
--------------------------------------------------------------------------------
                         Iteration time: 0.50s
                           Time elapsed: 00:02:04
                                    ETA: 00:00:44

################################################################################
[1m                           Learning iteration 257/350                           [0m 

                            Total steps: 3170304 
                       Steps per second: 27998 
                        Collection time: 0.372s 
                          Learning time: 0.067s 
                        Mean value loss: 0.0182
                    Mean surrogate loss: -0.0092
                      Mean entropy loss: 3.7541
                            Mean reward: 13.89
                    Mean episode length: 266.61
                        Mean action std: 0.35
                reward/tracking_lin_vel: 1.7054
                reward/tracking_ang_vel: 0.0905
                      reward/feet_phase: 0.9303
             reward/feet_phase_contrast: 1.3655
             reward/feet_contact_number: 0.4421
                   reward/feet_air_time: 0.0016
                     reward/under_speed: -0.0615
                       reward/feet_slip: -0.0161
                  reward/feet_clearance: -0.0375
                       reward/lin_vel_z: -0.0267
                      reward/ang_vel_xy: -0.2796
                     reward/base_height: -0.0192
                     reward/orientation: -0.0424
                            reward/pose: -0.0132
                     reward/action_rate: -0.1032
                      reward/action_acc: -0.1929
--------------------------------------------------------------------------------
                         Iteration time: 0.44s
                           Time elapsed: 00:02:04
                                    ETA: 00:00:44

################################################################################
[1m                           Learning iteration 258/350                           [0m 

                            Total steps: 3182592 
                       Steps per second: 29036 
                        Collection time: 0.356s 
                          Learning time: 0.067s 
                        Mean value loss: 0.0166
                    Mean surrogate loss: -0.0062
                      Mean entropy loss: 3.7319
                            Mean reward: 13.89
                    Mean episode length: 266.61
                        Mean action std: 0.35
                reward/tracking_lin_vel: 1.7180
                reward/tracking_ang_vel: 0.0885
                      reward/feet_phase: 0.7433
             reward/feet_phase_contrast: 1.3812
             reward/feet_contact_number: 0.4409
                   reward/feet_air_time: 0.0020
                     reward/under_speed: -0.0575
                       reward/feet_slip: -0.0170
                  reward/feet_clearance: -0.0388
                       reward/lin_vel_z: -0.0278
                      reward/ang_vel_xy: -0.2827
                     reward/base_height: -0.0114
                     reward/orientation: -0.0416
                            reward/pose: -0.0134
                     reward/action_rate: -0.1046
                      reward/action_acc: -0.1936
--------------------------------------------------------------------------------
                         Iteration time: 0.42s
                           Time elapsed: 00:02:04
                                    ETA: 00:00:43

################################################################################
[1m                           Learning iteration 259/350                           [0m 

                            Total steps: 3194880 
                       Steps per second: 25982 
                        Collection time: 0.407s 
                          Learning time: 0.066s 
                        Mean value loss: 0.0476
                    Mean surrogate loss: -0.0076
                      Mean entropy loss: 3.7215
                            Mean reward: 29.66
                    Mean episode length: 482.44
                        Mean action std: 0.35
                reward/tracking_lin_vel: 1.6959
                reward/tracking_ang_vel: 0.0911
                      reward/feet_phase: 0.7386
             reward/feet_phase_contrast: 1.3677
             reward/feet_contact_number: 0.4418
                   reward/feet_air_time: 0.0023
                     reward/under_speed: -0.0585
                       reward/feet_slip: -0.0165
                  reward/feet_clearance: -0.0381
                       reward/lin_vel_z: -0.0274
                      reward/ang_vel_xy: -0.2770
                     reward/base_height: -0.0150
                     reward/orientation: -0.0429
                            reward/pose: -0.0131
                     reward/action_rate: -0.1032
                      reward/action_acc: -0.1921
--------------------------------------------------------------------------------
                         Iteration time: 0.47s
                           Time elapsed: 00:02:05
                                    ETA: 00:00:43

################################################################################
[1m                           Learning iteration 260/350                           [0m 

                            Total steps: 3207168 
                       Steps per second: 28814 
                        Collection time: 0.361s 
                          Learning time: 0.065s 
                        Mean value loss: 0.0660
                    Mean surrogate loss: -0.0087
                      Mean entropy loss: 3.7178
                            Mean reward: 32.46
                    Mean episode length: 517.83
                        Mean action std: 0.35
                reward/tracking_lin_vel: 1.6959
                reward/tracking_ang_vel: 0.0914
                      reward/feet_phase: 0.9303
             reward/feet_phase_contrast: 1.3579
             reward/feet_contact_number: 0.4397
                   reward/feet_air_time: 0.0047
                     reward/under_speed: -0.0595
                       reward/feet_slip: -0.0167
                  reward/feet_clearance: -0.0376
                       reward/lin_vel_z: -0.0270
                      reward/ang_vel_xy: -0.2790
                     reward/base_height: -0.0267
                     reward/orientation: -0.0480
                            reward/pose: -0.0137
                     reward/action_rate: -0.1033
                      reward/action_acc: -0.1912
             Metrics/twist/error_vel_xy: 0.3438
            Metrics/twist/error_vel_yaw: 0.6414
        Episode_Reward/tracking_lin_vel: 1.0536
        Episode_Reward/tracking_ang_vel: 0.0559
              Episode_Reward/feet_phase: 0.5207
     Episode_Reward/feet_phase_contrast: 0.8678
     Episode_Reward/feet_contact_number: 0.2800
           Episode_Reward/feet_air_time: 0.0015
             Episode_Reward/under_speed: -0.0420
               Episode_Reward/feet_slip: -0.0105
          Episode_Reward/feet_clearance: -0.0245
               Episode_Reward/lin_vel_z: -0.0178
              Episode_Reward/ang_vel_xy: -0.1984
             Episode_Reward/base_height: -0.0418
             Episode_Reward/orientation: -0.0438
                    Episode_Reward/pose: -0.0062
             Episode_Reward/action_rate: -0.0655
              Episode_Reward/action_acc: -0.1221
           Episode_Termination/time_out: 0.6667
    Episode_Termination/bad_orientation: 0.5000
--------------------------------------------------------------------------------
                         Iteration time: 0.43s
                           Time elapsed: 00:02:05
                                    ETA: 00:00:42

################################################################################
[1m                           Learning iteration 261/350                           [0m 

                            Total steps: 3219456 
                       Steps per second: 27835 
                        Collection time: 0.376s 
                          Learning time: 0.066s 
                        Mean value loss: 0.0661
                    Mean surrogate loss: -0.0048
                      Mean entropy loss: 3.7156
                            Mean reward: 37.83
                    Mean episode length: 586.47
                        Mean action std: 0.35
                reward/tracking_lin_vel: 1.7064
                reward/tracking_ang_vel: 0.0909
                      reward/feet_phase: 0.8320
             reward/feet_phase_contrast: 1.3687
             reward/feet_contact_number: 0.4452
                   reward/feet_air_time: 0.0020
                     reward/under_speed: -0.0569
                       reward/feet_slip: -0.0171
                  reward/feet_clearance: -0.0382
                       reward/lin_vel_z: -0.0271
                      reward/ang_vel_xy: -0.2817
                     reward/base_height: -0.0395
                     reward/orientation: -0.0561
                            reward/pose: -0.0147
                     reward/action_rate: -0.1036
                      reward/action_acc: -0.1918
--------------------------------------------------------------------------------
                         Iteration time: 0.44s
                           Time elapsed: 00:02:06
                                    ETA: 00:00:42

################################################################################
[1m                           Learning iteration 262/350                           [0m 

                            Total steps: 3231744 
                       Steps per second: 27318 
                        Collection time: 0.382s 
                          Learning time: 0.068s 
                        Mean value loss: 0.0581
                    Mean surrogate loss: -0.0082
                      Mean entropy loss: 3.7128
                            Mean reward: 40.14
                    Mean episode length: 617.60
                        Mean action std: 0.35
                reward/tracking_lin_vel: 1.7060
                reward/tracking_ang_vel: 0.0910
                      reward/feet_phase: 0.7344
             reward/feet_phase_contrast: 1.3748
             reward/feet_contact_number: 0.4401
                   reward/feet_air_time: 0.0021
                     reward/under_speed: -0.0552
                       reward/feet_slip: -0.0190
                  reward/feet_clearance: -0.0398
                       reward/lin_vel_z: -0.0287
                      reward/ang_vel_xy: -0.2940
                     reward/base_height: -0.0433
                     reward/orientation: -0.0538
                            reward/pose: -0.0147
                     reward/action_rate: -0.1070
                      reward/action_acc: -0.1959
             Metrics/twist/error_vel_xy: 0.2583
            Metrics/twist/error_vel_yaw: 0.3483
        Episode_Reward/tracking_lin_vel: 0.6419
        Episode_Reward/tracking_ang_vel: 0.0365
              Episode_Reward/feet_phase: 0.3108
     Episode_Reward/feet_phase_contrast: 0.5204
     Episode_Reward/feet_contact_number: 0.1910
           Episode_Reward/feet_air_time: 0.0060
             Episode_Reward/under_speed: -0.0341
               Episode_Reward/feet_slip: -0.0064
          Episode_Reward/feet_clearance: -0.0144
               Episode_Reward/lin_vel_z: -0.0095
              Episode_Reward/ang_vel_xy: -0.1289
             Episode_Reward/base_height: -0.0618
             Episode_Reward/orientation: -0.0420
                    Episode_Reward/pose: -0.0054
             Episode_Reward/action_rate: -0.0392
              Episode_Reward/action_acc: -0.0762
           Episode_Termination/time_out: 0.4286
    Episode_Termination/bad_orientation: 0.7143
--------------------------------------------------------------------------------
                         Iteration time: 0.45s
                           Time elapsed: 00:02:06
                                    ETA: 00:00:41

################################################################################
[1m                           Learning iteration 263/350                           [0m 

                            Total steps: 3244032 
                       Steps per second: 28549 
                        Collection time: 0.365s 
                          Learning time: 0.065s 
                        Mean value loss: 0.0611
                    Mean surrogate loss: -0.0083
                      Mean entropy loss: 3.7073
                            Mean reward: 41.20
                    Mean episode length: 632.10
                        Mean action std: 0.35
                reward/tracking_lin_vel: 1.7097
                reward/tracking_ang_vel: 0.0895
                      reward/feet_phase: 0.8181
             reward/feet_phase_contrast: 1.3800
             reward/feet_contact_number: 0.4396
                   reward/feet_air_time: 0.0024
                     reward/under_speed: -0.0538
                       reward/feet_slip: -0.0180
                  reward/feet_clearance: -0.0402
                       reward/lin_vel_z: -0.0291
                      reward/ang_vel_xy: -0.2948
                     reward/base_height: -0.0317
                     reward/orientation: -0.0522
                            reward/pose: -0.0150
                     reward/action_rate: -0.1090
                      reward/action_acc: -0.1980
--------------------------------------------------------------------------------
                         Iteration time: 0.43s
                           Time elapsed: 00:02:07
                                    ETA: 00:00:41

################################################################################
[1m                           Learning iteration 264/350                           [0m 

                            Total steps: 3256320 
                       Steps per second: 27763 
                        Collection time: 0.375s 
                          Learning time: 0.068s 
                        Mean value loss: 0.0304
                    Mean surrogate loss: -0.0083
                      Mean entropy loss: 3.6962
                            Mean reward: 41.47
                    Mean episode length: 634.27
                        Mean action std: 0.35
                reward/tracking_lin_vel: 1.7184
                reward/tracking_ang_vel: 0.0914
                      reward/feet_phase: 0.9669
             reward/feet_phase_contrast: 1.3902
             reward/feet_contact_number: 0.4376
                   reward/feet_air_time: 0.0020
                     reward/under_speed: -0.0536
                       reward/feet_slip: -0.0179
                  reward/feet_clearance: -0.0396
                       reward/lin_vel_z: -0.0287
                      reward/ang_vel_xy: -0.2835
                     reward/base_height: -0.0315
                     reward/orientation: -0.0516
                            reward/pose: -0.0151
                     reward/action_rate: -0.1061
                      reward/action_acc: -0.1944
--------------------------------------------------------------------------------
                         Iteration time: 0.44s
                           Time elapsed: 00:02:07
                                    ETA: 00:00:40

################################################################################
[1m                           Learning iteration 265/350                           [0m 

                            Total steps: 3268608 
                       Steps per second: 29300 
                        Collection time: 0.351s 
                          Learning time: 0.068s 
                        Mean value loss: 0.0315
                    Mean surrogate loss: -0.0091
                      Mean entropy loss: 3.6807
                            Mean reward: 41.65
                    Mean episode length: 637.24
                        Mean action std: 0.35
                reward/tracking_lin_vel: 1.7235
                reward/tracking_ang_vel: 0.0923
                      reward/feet_phase: 0.7645
             reward/feet_phase_contrast: 1.3871
             reward/feet_contact_number: 0.4441
                   reward/feet_air_time: 0.0018
                     reward/under_speed: -0.0548
                       reward/feet_slip: -0.0177
                  reward/feet_clearance: -0.0392
                       reward/lin_vel_z: -0.0274
                      reward/ang_vel_xy: -0.2837
                     reward/base_height: -0.0275
                     reward/orientation: -0.0474
                            reward/pose: -0.0154
                     reward/action_rate: -0.1064
                      reward/action_acc: -0.1956
--------------------------------------------------------------------------------
                         Iteration time: 0.42s
                           Time elapsed: 00:02:08
                                    ETA: 00:00:40

################################################################################
[1m                           Learning iteration 266/350                           [0m 

                            Total steps: 3280896 
                       Steps per second: 29689 
                        Collection time: 0.347s 
                          Learning time: 0.066s 
                        Mean value loss: 7.7600
                    Mean surrogate loss: -0.0073
                      Mean entropy loss: 3.6623
                            Mean reward: 42.44
                    Mean episode length: 646.67
                        Mean action std: 0.35
                reward/tracking_lin_vel: 1.2866
                reward/tracking_ang_vel: 0.0900
                      reward/feet_phase: 0.7061
             reward/feet_phase_contrast: 1.2600
             reward/feet_contact_number: 0.4446
                   reward/feet_air_time: 0.0137
                     reward/under_speed: -0.0636
                       reward/feet_slip: -0.0198
                  reward/feet_clearance: -0.0420
                       reward/lin_vel_z: -0.0365
                      reward/ang_vel_xy: -0.3464
                     reward/base_height: -0.0276
                     reward/orientation: -0.0557
                            reward/pose: -0.0159
                     reward/action_rate: -0.1086
                      reward/action_acc: -0.1969
--------------------------------------------------------------------------------
                         Iteration time: 0.41s
                           Time elapsed: 00:02:08
                                    ETA: 00:00:39

################################################################################
[1m                           Learning iteration 267/350                           [0m 

                            Total steps: 3293184 
                       Steps per second: 33153 
                        Collection time: 0.306s 
                          Learning time: 0.064s 
                        Mean value loss: 0.9361
                    Mean surrogate loss: -0.0107
                      Mean entropy loss: 3.6587
                            Mean reward: 31.55
                    Mean episode length: 487.62
                        Mean action std: 0.35
                reward/tracking_lin_vel: 0.8014
                reward/tracking_ang_vel: 0.0840
                      reward/feet_phase: 0.7017
             reward/feet_phase_contrast: 1.0920
             reward/feet_contact_number: 0.4252
                   reward/feet_air_time: 0.1895
                     reward/under_speed: -0.0638
                       reward/feet_slip: -0.0179
                  reward/feet_clearance: -0.0362
                       reward/lin_vel_z: -0.0684
                      reward/ang_vel_xy: -0.8205
                     reward/base_height: -0.7838
                     reward/orientation: -0.5271
                            reward/pose: -0.0185
                     reward/action_rate: -0.1038
                      reward/action_acc: -0.1837
--------------------------------------------------------------------------------
                         Iteration time: 0.37s
                           Time elapsed: 00:02:08
                                    ETA: 00:00:39

################################################################################
[1m                           Learning iteration 268/350                           [0m 

                            Total steps: 3305472 
                       Steps per second: 28519 
                        Collection time: 0.366s 
                          Learning time: 0.065s 
                        Mean value loss: 0.4395
                    Mean surrogate loss: -0.0100
                      Mean entropy loss: 3.6509
                            Mean reward: 28.51
                    Mean episode length: 456.29
                        Mean action std: 0.35
                reward/tracking_lin_vel: 1.2814
                reward/tracking_ang_vel: 0.0977
                      reward/feet_phase: 0.7649
             reward/feet_phase_contrast: 1.1691
             reward/feet_contact_number: 0.4354
                   reward/feet_air_time: 0.0281
                     reward/under_speed: -0.0753
                       reward/feet_slip: -0.0132
                  reward/feet_clearance: -0.0316
                       reward/lin_vel_z: -0.0340
                      reward/ang_vel_xy: -0.4687
                     reward/base_height: -0.7001
                     reward/orientation: -0.2900
                            reward/pose: -0.0138
                     reward/action_rate: -0.0868
                      reward/action_acc: -0.1666
             Metrics/twist/error_vel_xy: 0.3906
            Metrics/twist/error_vel_yaw: 0.4792
        Episode_Reward/tracking_lin_vel: 0.6945
        Episode_Reward/tracking_ang_vel: 0.0397
              Episode_Reward/feet_phase: 0.3515
     Episode_Reward/feet_phase_contrast: 0.5833
     Episode_Reward/feet_contact_number: 0.1950
           Episode_Reward/feet_air_time: 0.0101
             Episode_Reward/under_speed: -0.0273
               Episode_Reward/feet_slip: -0.0074
          Episode_Reward/feet_clearance: -0.0166
               Episode_Reward/lin_vel_z: -0.0133
              Episode_Reward/ang_vel_xy: -0.1520
             Episode_Reward/base_height: -0.0787
             Episode_Reward/orientation: -0.0517
                    Episode_Reward/pose: -0.0060
             Episode_Reward/action_rate: -0.0448
              Episode_Reward/action_acc: -0.0832
           Episode_Termination/time_out: 0.0833
    Episode_Termination/bad_orientation: 5.6250
--------------------------------------------------------------------------------
                         Iteration time: 0.43s
                           Time elapsed: 00:02:09
                                    ETA: 00:00:38

################################################################################
[1m                           Learning iteration 269/350                           [0m 

                            Total steps: 3317760 
                       Steps per second: 26792 
                        Collection time: 0.392s 
                          Learning time: 0.067s 
                        Mean value loss: 0.3733
                    Mean surrogate loss: -0.0097
                      Mean entropy loss: 3.6448
                            Mean reward: 21.41
                    Mean episode length: 359.04
                        Mean action std: 0.35
                reward/tracking_lin_vel: 1.5088
                reward/tracking_ang_vel: 0.0973
                      reward/feet_phase: 0.6769
             reward/feet_phase_contrast: 1.2520
             reward/feet_contact_number: 0.4359
                   reward/feet_air_time: 0.0128
                     reward/under_speed: -0.0706
                       reward/feet_slip: -0.0149
                  reward/feet_clearance: -0.0343
                       reward/lin_vel_z: -0.0278
                      reward/ang_vel_xy: -0.3426
                     reward/base_height: -0.2727
                     reward/orientation: -0.1387
                            reward/pose: -0.0149
                     reward/action_rate: -0.0971
                      reward/action_acc: -0.1811
             Metrics/twist/error_vel_xy: 0.3895
            Metrics/twist/error_vel_yaw: 0.3604
        Episode_Reward/tracking_lin_vel: 0.4302
        Episode_Reward/tracking_ang_vel: 0.0274
              Episode_Reward/feet_phase: 0.2169
     Episode_Reward/feet_phase_contrast: 0.3608
     Episode_Reward/feet_contact_number: 0.1301
           Episode_Reward/feet_air_time: 0.0068
             Episode_Reward/under_speed: -0.0214
               Episode_Reward/feet_slip: -0.0049
          Episode_Reward/feet_clearance: -0.0102
               Episode_Reward/lin_vel_z: -0.0085
              Episode_Reward/ang_vel_xy: -0.1074
             Episode_Reward/base_height: -0.0830
             Episode_Reward/orientation: -0.0473
                    Episode_Reward/pose: -0.0040
             Episode_Reward/action_rate: -0.0282
              Episode_Reward/action_acc: -0.0537
           Episode_Termination/time_out: 0.0000
    Episode_Termination/bad_orientation: 1.9500
--------------------------------------------------------------------------------
                         Iteration time: 0.46s
                           Time elapsed: 00:02:09
                                    ETA: 00:00:38

################################################################################
[1m                           Learning iteration 270/350                           [0m 

                            Total steps: 3330048 
                       Steps per second: 26641 
                        Collection time: 0.395s 
                          Learning time: 0.066s 
                        Mean value loss: 0.1245
                    Mean surrogate loss: -0.0100
                      Mean entropy loss: 3.6464
                            Mean reward: 15.93
                    Mean episode length: 291.00
                        Mean action std: 0.35
                reward/tracking_lin_vel: 1.6208
                reward/tracking_ang_vel: 0.0951
                      reward/feet_phase: 0.7476
             reward/feet_phase_contrast: 1.3190
             reward/feet_contact_number: 0.4411
                   reward/feet_air_time: 0.0079
                     reward/under_speed: -0.0619
                       reward/feet_slip: -0.0157
                  reward/feet_clearance: -0.0366
                       reward/lin_vel_z: -0.0269
                      reward/ang_vel_xy: -0.3186
                     reward/base_height: -0.2182
                     reward/orientation: -0.1057
                            reward/pose: -0.0161
                     reward/action_rate: -0.1019
                      reward/action_acc: -0.1887
             Metrics/twist/error_vel_xy: 0.4347
            Metrics/twist/error_vel_yaw: 0.2570
        Episode_Reward/tracking_lin_vel: 0.2275
        Episode_Reward/tracking_ang_vel: 0.0181
              Episode_Reward/feet_phase: 0.1148
     Episode_Reward/feet_phase_contrast: 0.1913
     Episode_Reward/feet_contact_number: 0.0774
           Episode_Reward/feet_air_time: 0.0049
             Episode_Reward/under_speed: -0.0153
               Episode_Reward/feet_slip: -0.0026
          Episode_Reward/feet_clearance: -0.0057
               Episode_Reward/lin_vel_z: -0.0054
              Episode_Reward/ang_vel_xy: -0.0704
             Episode_Reward/base_height: -0.0935
             Episode_Reward/orientation: -0.0419
                    Episode_Reward/pose: -0.0022
             Episode_Reward/action_rate: -0.0161
              Episode_Reward/action_acc: -0.0310
           Episode_Termination/time_out: 0.0667
    Episode_Termination/bad_orientation: 1.8000
--------------------------------------------------------------------------------
                         Iteration time: 0.46s
                           Time elapsed: 00:02:10
                                    ETA: 00:00:37

################################################################################
[1m                           Learning iteration 271/350                           [0m 

                            Total steps: 3342336 
                       Steps per second: 27388 
                        Collection time: 0.367s 
                          Learning time: 0.082s 
                        Mean value loss: 0.0590
                    Mean surrogate loss: -0.0076
                      Mean entropy loss: 3.6365
                            Mean reward: 13.13
                    Mean episode length: 257.46
                        Mean action std: 0.35
                reward/tracking_lin_vel: 1.6851
                reward/tracking_ang_vel: 0.0932
                      reward/feet_phase: 0.9620
             reward/feet_phase_contrast: 1.3693
             reward/feet_contact_number: 0.4423
                   reward/feet_air_time: 0.0048
                     reward/under_speed: -0.0566
                       reward/feet_slip: -0.0179
                  reward/feet_clearance: -0.0394
                       reward/lin_vel_z: -0.0285
                      reward/ang_vel_xy: -0.3001
                     reward/base_height: -0.1050
                     reward/orientation: -0.0657
                            reward/pose: -0.0162
                     reward/action_rate: -0.1076
                      reward/action_acc: -0.1961
--------------------------------------------------------------------------------
                         Iteration time: 0.45s
                           Time elapsed: 00:02:10
                                    ETA: 00:00:37

################################################################################
[1m                           Learning iteration 272/350                           [0m 

                            Total steps: 3354624 
                       Steps per second: 29019 
                        Collection time: 0.356s 
                          Learning time: 0.067s 
                        Mean value loss: 0.0337
                    Mean surrogate loss: -0.0073
                      Mean entropy loss: 3.6267
                            Mean reward: 12.15
                    Mean episode length: 242.95
                        Mean action std: 0.35
                reward/tracking_lin_vel: 1.7180
                reward/tracking_ang_vel: 0.0931
                      reward/feet_phase: 0.7876
             reward/feet_phase_contrast: 1.3934
             reward/feet_contact_number: 0.4387
                   reward/feet_air_time: 0.0036
                     reward/under_speed: -0.0549
                       reward/feet_slip: -0.0174
                  reward/feet_clearance: -0.0393
                       reward/lin_vel_z: -0.0278
                      reward/ang_vel_xy: -0.2844
                     reward/base_height: -0.0239
                     reward/orientation: -0.0424
                            reward/pose: -0.0165
                     reward/action_rate: -0.1082
                      reward/action_acc: -0.1964
             Metrics/twist/error_vel_xy: 0.3425
            Metrics/twist/error_vel_yaw: 0.4223
        Episode_Reward/tracking_lin_vel: 0.2274
        Episode_Reward/tracking_ang_vel: 0.0153
              Episode_Reward/feet_phase: 0.1394
     Episode_Reward/feet_phase_contrast: 0.2240
     Episode_Reward/feet_contact_number: 0.0781
           Episode_Reward/feet_air_time: 0.0076
             Episode_Reward/under_speed: -0.0100
               Episode_Reward/feet_slip: -0.0031
          Episode_Reward/feet_clearance: -0.0064
               Episode_Reward/lin_vel_z: -0.0068
              Episode_Reward/ang_vel_xy: -0.0940
             Episode_Reward/base_height: -0.0680
             Episode_Reward/orientation: -0.0411
                    Episode_Reward/pose: -0.0026
             Episode_Reward/action_rate: -0.0204
              Episode_Reward/action_acc: -0.0351
           Episode_Termination/time_out: 0.0000
    Episode_Termination/bad_orientation: 1.3333
--------------------------------------------------------------------------------
                         Iteration time: 0.42s
                           Time elapsed: 00:02:11
                                    ETA: 00:00:36

################################################################################
[1m                           Learning iteration 273/350                           [0m 

                            Total steps: 3366912 
                       Steps per second: 28543 
                        Collection time: 0.365s 
                          Learning time: 0.065s 
                        Mean value loss: 0.0276
                    Mean surrogate loss: -0.0073
                      Mean entropy loss: 3.6150
                            Mean reward: 11.97
                    Mean episode length: 240.16
                        Mean action std: 0.35
                reward/tracking_lin_vel: 1.7293
                reward/tracking_ang_vel: 0.0939
                      reward/feet_phase: 0.7507
             reward/feet_phase_contrast: 1.4006
             reward/feet_contact_number: 0.4433
                   reward/feet_air_time: 0.0010
                     reward/under_speed: -0.0524
                       reward/feet_slip: -0.0187
                  reward/feet_clearance: -0.0404
                       reward/lin_vel_z: -0.0274
                      reward/ang_vel_xy: -0.2817
                     reward/base_height: -0.0169
                     reward/orientation: -0.0404
                            reward/pose: -0.0173
                     reward/action_rate: -0.1109
                      reward/action_acc: -0.1994
--------------------------------------------------------------------------------
                         Iteration time: 0.43s
                           Time elapsed: 00:02:11
                                    ETA: 00:00:36

################################################################################
[1m                           Learning iteration 274/350                           [0m 

                            Total steps: 3379200 
                       Steps per second: 29554 
                        Collection time: 0.350s 
                          Learning time: 0.066s 
                        Mean value loss: 0.0183
                    Mean surrogate loss: -0.0078
                      Mean entropy loss: 3.5968
                            Mean reward: 11.74
                    Mean episode length: 237.10
                        Mean action std: 0.35
                reward/tracking_lin_vel: 1.7385
                reward/tracking_ang_vel: 0.0952
                      reward/feet_phase: 0.8995
             reward/feet_phase_contrast: 1.3994
             reward/feet_contact_number: 0.4380
                   reward/feet_air_time: 0.0010
                     reward/under_speed: -0.0507
                       reward/feet_slip: -0.0188
                  reward/feet_clearance: -0.0405
                       reward/lin_vel_z: -0.0282
                      reward/ang_vel_xy: -0.2847
                     reward/base_height: -0.0162
                     reward/orientation: -0.0402
                            reward/pose: -0.0178
                     reward/action_rate: -0.1116
                      reward/action_acc: -0.2009
--------------------------------------------------------------------------------
                         Iteration time: 0.42s
                           Time elapsed: 00:02:11
                                    ETA: 00:00:35

################################################################################
[1m                           Learning iteration 275/350                           [0m 

                            Total steps: 3391488 
                       Steps per second: 28879 
                        Collection time: 0.360s 
                          Learning time: 0.066s 
                        Mean value loss: 0.0447
                    Mean surrogate loss: -0.0071
                      Mean entropy loss: 3.5800
                            Mean reward: 14.81
                    Mean episode length: 276.58
                        Mean action std: 0.35
                reward/tracking_lin_vel: 1.7396
                reward/tracking_ang_vel: 0.0952
                      reward/feet_phase: 0.9294
             reward/feet_phase_contrast: 1.4041
             reward/feet_contact_number: 0.4330
                   reward/feet_air_time: 0.0012
                     reward/under_speed: -0.0499
                       reward/feet_slip: -0.0189
                  reward/feet_clearance: -0.0414
                       reward/lin_vel_z: -0.0280
                      reward/ang_vel_xy: -0.2807
                     reward/base_height: -0.0109
                     reward/orientation: -0.0387
                            reward/pose: -0.0175
                     reward/action_rate: -0.1126
                      reward/action_acc: -0.2023
--------------------------------------------------------------------------------
                         Iteration time: 0.43s
                           Time elapsed: 00:02:12
                                    ETA: 00:00:35

################################################################################
[1m                           Learning iteration 276/350                           [0m 

                            Total steps: 3403776 
                       Steps per second: 27138 
                        Collection time: 0.385s 
                          Learning time: 0.068s 
                        Mean value loss: 0.0430
                    Mean surrogate loss: -0.0079
                      Mean entropy loss: 3.5701
                            Mean reward: 28.62
                    Mean episode length: 453.73
                        Mean action std: 0.35
                reward/tracking_lin_vel: 1.7152
                reward/tracking_ang_vel: 0.0965
                      reward/feet_phase: 0.7519
             reward/feet_phase_contrast: 1.3944
             reward/feet_contact_number: 0.4408
                   reward/feet_air_time: 0.0021
                     reward/under_speed: -0.0515
                       reward/feet_slip: -0.0184
                  reward/feet_clearance: -0.0403
                       reward/lin_vel_z: -0.0280
                      reward/ang_vel_xy: -0.2858
                     reward/base_height: -0.0257
                     reward/orientation: -0.0442
                            reward/pose: -0.0174
                     reward/action_rate: -0.1103
                      reward/action_acc: -0.1986
             Metrics/twist/error_vel_xy: 0.3313
            Metrics/twist/error_vel_yaw: 0.7566
        Episode_Reward/tracking_lin_vel: 1.5481
        Episode_Reward/tracking_ang_vel: 0.0841
              Episode_Reward/feet_phase: 0.7512
     Episode_Reward/feet_phase_contrast: 1.2551
     Episode_Reward/feet_contact_number: 0.4135
           Episode_Reward/feet_air_time: 0.0035
             Episode_Reward/under_speed: -0.0616
               Episode_Reward/feet_slip: -0.0160
          Episode_Reward/feet_clearance: -0.0351
               Episode_Reward/lin_vel_z: -0.0230
              Episode_Reward/ang_vel_xy: -0.2550
             Episode_Reward/base_height: -0.0136
             Episode_Reward/orientation: -0.0393
                    Episode_Reward/pose: -0.0125
             Episode_Reward/action_rate: -0.0930
              Episode_Reward/action_acc: -0.1758
           Episode_Termination/time_out: 1.3000
    Episode_Termination/bad_orientation: 0.1000
--------------------------------------------------------------------------------
                         Iteration time: 0.45s
                           Time elapsed: 00:02:12
                                    ETA: 00:00:34

################################################################################
[1m                           Learning iteration 277/350                           [0m 

                            Total steps: 3416064 
                       Steps per second: 28181 
                        Collection time: 0.368s 
                          Learning time: 0.068s 
                        Mean value loss: 0.0618
                    Mean surrogate loss: -0.0098
                      Mean entropy loss: 3.5606
                            Mean reward: 33.51
                    Mean episode length: 518.25
                        Mean action std: 0.35
                reward/tracking_lin_vel: 1.7223
                reward/tracking_ang_vel: 0.0969
                      reward/feet_phase: 0.7752
             reward/feet_phase_contrast: 1.3943
             reward/feet_contact_number: 0.4414
                   reward/feet_air_time: 0.0025
                     reward/under_speed: -0.0492
                       reward/feet_slip: -0.0187
                  reward/feet_clearance: -0.0407
                       reward/lin_vel_z: -0.0281
                      reward/ang_vel_xy: -0.2782
                     reward/base_height: -0.0175
                     reward/orientation: -0.0432
                            reward/pose: -0.0179
                     reward/action_rate: -0.1110
                      reward/action_acc: -0.1995
             Metrics/twist/error_vel_xy: 0.3231
            Metrics/twist/error_vel_yaw: 0.7656
        Episode_Reward/tracking_lin_vel: 1.3869
        Episode_Reward/tracking_ang_vel: 0.0758
              Episode_Reward/feet_phase: 0.6708
     Episode_Reward/feet_phase_contrast: 1.1193
     Episode_Reward/feet_contact_number: 0.3758
           Episode_Reward/feet_air_time: 0.0029
             Episode_Reward/under_speed: -0.0591
               Episode_Reward/feet_slip: -0.0131
          Episode_Reward/feet_clearance: -0.0303
               Episode_Reward/lin_vel_z: -0.0220
              Episode_Reward/ang_vel_xy: -0.2506
             Episode_Reward/base_height: -0.0237
             Episode_Reward/orientation: -0.0415
                    Episode_Reward/pose: -0.0102
             Episode_Reward/action_rate: -0.0848
              Episode_Reward/action_acc: -0.1591
           Episode_Termination/time_out: 1.0000
    Episode_Termination/bad_orientation: 0.2222
--------------------------------------------------------------------------------
                         Iteration time: 0.44s
                           Time elapsed: 00:02:13
                                    ETA: 00:00:34

################################################################################
[1m                           Learning iteration 278/350                           [0m 

                            Total steps: 3428352 
                       Steps per second: 28255 
                        Collection time: 0.368s 
                          Learning time: 0.067s 
                        Mean value loss: 0.0422
                    Mean surrogate loss: -0.0068
                      Mean entropy loss: 3.5568
                            Mean reward: 34.76
                    Mean episode length: 534.74
                        Mean action std: 0.35
                reward/tracking_lin_vel: 1.7216
                reward/tracking_ang_vel: 0.0959
                      reward/feet_phase: 0.9799
             reward/feet_phase_contrast: 1.4011
             reward/feet_contact_number: 0.4370
                   reward/feet_air_time: 0.0029
                     reward/under_speed: -0.0482
                       reward/feet_slip: -0.0180
                  reward/feet_clearance: -0.0411
                       reward/lin_vel_z: -0.0288
                      reward/ang_vel_xy: -0.2935
                     reward/base_height: -0.0574
                     reward/orientation: -0.0531
                            reward/pose: -0.0184
                     reward/action_rate: -0.1131
                      reward/action_acc: -0.2009
             Metrics/twist/error_vel_xy: 0.2736
            Metrics/twist/error_vel_yaw: 0.2824
        Episode_Reward/tracking_lin_vel: 0.4798
        Episode_Reward/tracking_ang_vel: 0.0291
              Episode_Reward/feet_phase: 0.2336
     Episode_Reward/feet_phase_contrast: 0.3946
     Episode_Reward/feet_contact_number: 0.1469
           Episode_Reward/feet_air_time: 0.0003
             Episode_Reward/under_speed: -0.0279
               Episode_Reward/feet_slip: -0.0045
          Episode_Reward/feet_clearance: -0.0102
               Episode_Reward/lin_vel_z: -0.0088
              Episode_Reward/ang_vel_xy: -0.0970
             Episode_Reward/base_height: -0.0773
             Episode_Reward/orientation: -0.0373
                    Episode_Reward/pose: -0.0050
             Episode_Reward/action_rate: -0.0297
              Episode_Reward/action_acc: -0.0574
           Episode_Termination/time_out: 0.3333
    Episode_Termination/bad_orientation: 1.0000
--------------------------------------------------------------------------------
                         Iteration time: 0.43s
                           Time elapsed: 00:02:13
                                    ETA: 00:00:34

################################################################################
[1m                           Learning iteration 279/350                           [0m 

                            Total steps: 3440640 
                       Steps per second: 27408 
                        Collection time: 0.376s 
                          Learning time: 0.073s 
                        Mean value loss: 0.0507
                    Mean surrogate loss: -0.0080
                      Mean entropy loss: 3.5501
                            Mean reward: 36.05
                    Mean episode length: 550.70
                        Mean action std: 0.35
                reward/tracking_lin_vel: 1.7279
                reward/tracking_ang_vel: 0.0961
                      reward/feet_phase: 0.8253
             reward/feet_phase_contrast: 1.4085
             reward/feet_contact_number: 0.4396
                   reward/feet_air_time: 0.0015
                     reward/under_speed: -0.0465
                       reward/feet_slip: -0.0197
                  reward/feet_clearance: -0.0421
                       reward/lin_vel_z: -0.0292
                      reward/ang_vel_xy: -0.2943
                     reward/base_height: -0.0227
                     reward/orientation: -0.0449
                            reward/pose: -0.0191
                     reward/action_rate: -0.1154
                      reward/action_acc: -0.2040
--------------------------------------------------------------------------------
                         Iteration time: 0.45s
                           Time elapsed: 00:02:14
                                    ETA: 00:00:33

################################################################################
[1m                           Learning iteration 280/350                           [0m 

                            Total steps: 3452928 
                       Steps per second: 24430 
                        Collection time: 0.428s 
                          Learning time: 0.075s 
                        Mean value loss: 0.0428
                    Mean surrogate loss: -0.0070
                      Mean entropy loss: 3.5342
                            Mean reward: 35.47
                    Mean episode length: 542.51
                        Mean action std: 0.34
                reward/tracking_lin_vel: 1.7365
                reward/tracking_ang_vel: 0.0951
                      reward/feet_phase: 0.7660
             reward/feet_phase_contrast: 1.4183
             reward/feet_contact_number: 0.4355
                   reward/feet_air_time: 0.0026
                     reward/under_speed: -0.0445
                       reward/feet_slip: -0.0200
                  reward/feet_clearance: -0.0422
                       reward/lin_vel_z: -0.0291
                      reward/ang_vel_xy: -0.2926
                     reward/base_height: -0.0304
                     reward/orientation: -0.0457
                            reward/pose: -0.0192
                     reward/action_rate: -0.1151
                      reward/action_acc: -0.2040
--------------------------------------------------------------------------------
                         Iteration time: 0.50s
                           Time elapsed: 00:02:14
                                    ETA: 00:00:33

################################################################################
[1m                           Learning iteration 281/350                           [0m 

                            Total steps: 3465216 
                       Steps per second: 24119 
                        Collection time: 0.424s 
                          Learning time: 0.086s 
                        Mean value loss: 0.0651
                    Mean surrogate loss: -0.0055
                      Mean entropy loss: 3.5202
                            Mean reward: 36.84
                    Mean episode length: 559.54
                        Mean action std: 0.34
                reward/tracking_lin_vel: 1.7332
                reward/tracking_ang_vel: 0.0957
                      reward/feet_phase: 0.8730
             reward/feet_phase_contrast: 1.4138
             reward/feet_contact_number: 0.4373
                   reward/feet_air_time: 0.0018
                     reward/under_speed: -0.0451
                       reward/feet_slip: -0.0200
                  reward/feet_clearance: -0.0429
                       reward/lin_vel_z: -0.0298
                      reward/ang_vel_xy: -0.2952
                     reward/base_height: -0.0236
                     reward/orientation: -0.0435
                            reward/pose: -0.0192
                     reward/action_rate: -0.1171
                      reward/action_acc: -0.2072
--------------------------------------------------------------------------------
                         Iteration time: 0.51s
                           Time elapsed: 00:02:15
                                    ETA: 00:00:32

################################################################################
[1m                           Learning iteration 282/350                           [0m 

                            Total steps: 3477504 
                       Steps per second: 27562 
                        Collection time: 0.377s 
                          Learning time: 0.069s 
                        Mean value loss: 0.0617
                    Mean surrogate loss: -0.0076
                      Mean entropy loss: 3.5223
                            Mean reward: 37.09
                    Mean episode length: 562.16
                        Mean action std: 0.34
                reward/tracking_lin_vel: 1.7346
                reward/tracking_ang_vel: 0.0965
                      reward/feet_phase: 0.9626
             reward/feet_phase_contrast: 1.4063
             reward/feet_contact_number: 0.4375
                   reward/feet_air_time: 0.0019
                     reward/under_speed: -0.0456
                       reward/feet_slip: -0.0195
                  reward/feet_clearance: -0.0420
                       reward/lin_vel_z: -0.0288
                      reward/ang_vel_xy: -0.2892
                     reward/base_height: -0.0280
                     reward/orientation: -0.0438
                            reward/pose: -0.0193
                     reward/action_rate: -0.1153
                      reward/action_acc: -0.2051
--------------------------------------------------------------------------------
                         Iteration time: 0.45s
                           Time elapsed: 00:02:15
                                    ETA: 00:00:32

################################################################################
[1m                           Learning iteration 283/350                           [0m 

                            Total steps: 3489792 
                       Steps per second: 31199 
                        Collection time: 0.326s 
                          Learning time: 0.068s 
                        Mean value loss: 7.3730
                    Mean surrogate loss: -0.0070
                      Mean entropy loss: 3.5229
                            Mean reward: 37.94
                    Mean episode length: 571.16
                        Mean action std: 0.34
                reward/tracking_lin_vel: 0.9631
                reward/tracking_ang_vel: 0.0899
                      reward/feet_phase: 0.6252
             reward/feet_phase_contrast: 1.1714
             reward/feet_contact_number: 0.4203
                   reward/feet_air_time: 0.0762
                     reward/under_speed: -0.0666
                       reward/feet_slip: -0.0209
                  reward/feet_clearance: -0.0413
                       reward/lin_vel_z: -0.0425
                      reward/ang_vel_xy: -0.4509
                     reward/base_height: -0.0835
                     reward/orientation: -0.1306
                            reward/pose: -0.0197
                     reward/action_rate: -0.1126
                      reward/action_acc: -0.1998
--------------------------------------------------------------------------------
                         Iteration time: 0.39s
                           Time elapsed: 00:02:15
                                    ETA: 00:00:31

################################################################################
[1m                           Learning iteration 284/350                           [0m 

                            Total steps: 3502080 
                       Steps per second: 30706 
                        Collection time: 0.336s 
                          Learning time: 0.064s 
                        Mean value loss: 0.5623
                    Mean surrogate loss: -0.0082
                      Mean entropy loss: 3.5179
                            Mean reward: 31.13
                    Mean episode length: 484.51
                        Mean action std: 0.34
                reward/tracking_lin_vel: 1.0270
                reward/tracking_ang_vel: 0.0896
                      reward/feet_phase: 0.6377
             reward/feet_phase_contrast: 1.1457
             reward/feet_contact_number: 0.4255
                   reward/feet_air_time: 0.1135
                     reward/under_speed: -0.0636
                       reward/feet_slip: -0.0171
                  reward/feet_clearance: -0.0364
                       reward/lin_vel_z: -0.0563
                      reward/ang_vel_xy: -0.7779
                     reward/base_height: -1.1113
                     reward/orientation: -0.5183
                            reward/pose: -0.0187
                     reward/action_rate: -0.0982
                      reward/action_acc: -0.1763
             Metrics/twist/error_vel_xy: 0.3249
            Metrics/twist/error_vel_yaw: 0.3826
        Episode_Reward/tracking_lin_vel: 0.7333
        Episode_Reward/tracking_ang_vel: 0.0427
              Episode_Reward/feet_phase: 0.3746
     Episode_Reward/feet_phase_contrast: 0.6239
     Episode_Reward/feet_contact_number: 0.1994
           Episode_Reward/feet_air_time: 0.0090
             Episode_Reward/under_speed: -0.0237
               Episode_Reward/feet_slip: -0.0085
          Episode_Reward/feet_clearance: -0.0184
               Episode_Reward/lin_vel_z: -0.0150
              Episode_Reward/ang_vel_xy: -0.1656
             Episode_Reward/base_height: -0.0679
             Episode_Reward/orientation: -0.0463
                    Episode_Reward/pose: -0.0081
             Episode_Reward/action_rate: -0.0499
              Episode_Reward/action_acc: -0.0898
           Episode_Termination/time_out: 0.0000
    Episode_Termination/bad_orientation: 8.5000
--------------------------------------------------------------------------------
                         Iteration time: 0.40s
                           Time elapsed: 00:02:16
                                    ETA: 00:00:31

################################################################################
[1m                           Learning iteration 285/350                           [0m 

                            Total steps: 3514368 
                       Steps per second: 27361 
                        Collection time: 0.382s 
                          Learning time: 0.067s 
                        Mean value loss: 0.3021
                    Mean surrogate loss: -0.0106
                      Mean entropy loss: 3.5095
                            Mean reward: 29.91
                    Mean episode length: 472.65
                        Mean action std: 0.34
                reward/tracking_lin_vel: 1.4766
                reward/tracking_ang_vel: 0.1011
                      reward/feet_phase: 0.8572
             reward/feet_phase_contrast: 1.2614
             reward/feet_contact_number: 0.4359
                   reward/feet_air_time: 0.0189
                     reward/under_speed: -0.0687
                       reward/feet_slip: -0.0150
                  reward/feet_clearance: -0.0330
                       reward/lin_vel_z: -0.0272
                      reward/ang_vel_xy: -0.3527
                     reward/base_height: -0.4141
                     reward/orientation: -0.1646
                            reward/pose: -0.0154
                     reward/action_rate: -0.0942
                      reward/action_acc: -0.1751
             Metrics/twist/error_vel_xy: 0.4002
            Metrics/twist/error_vel_yaw: 0.3973
        Episode_Reward/tracking_lin_vel: 0.7114
        Episode_Reward/tracking_ang_vel: 0.0433
              Episode_Reward/feet_phase: 0.3658
     Episode_Reward/feet_phase_contrast: 0.6068
     Episode_Reward/feet_contact_number: 0.1999
           Episode_Reward/feet_air_time: 0.0075
             Episode_Reward/under_speed: -0.0270
               Episode_Reward/feet_slip: -0.0080
          Episode_Reward/feet_clearance: -0.0176
               Episode_Reward/lin_vel_z: -0.0142
              Episode_Reward/ang_vel_xy: -0.1586
             Episode_Reward/base_height: -0.0903
             Episode_Reward/orientation: -0.0512
                    Episode_Reward/pose: -0.0072
             Episode_Reward/action_rate: -0.0494
              Episode_Reward/action_acc: -0.0895
           Episode_Termination/time_out: 0.0526
    Episode_Termination/bad_orientation: 3.4737
--------------------------------------------------------------------------------
                         Iteration time: 0.45s
                           Time elapsed: 00:02:16
                                    ETA: 00:00:30

################################################################################
[1m                           Learning iteration 286/350                           [0m 

                            Total steps: 3526656 
                       Steps per second: 28944 
                        Collection time: 0.356s 
                          Learning time: 0.068s 
                        Mean value loss: 0.1406
                    Mean surrogate loss: -0.0088
                      Mean entropy loss: 3.5070
                            Mean reward: 24.54
                    Mean episode length: 403.52
                        Mean action std: 0.34
                reward/tracking_lin_vel: 1.6347
                reward/tracking_ang_vel: 0.0972
                      reward/feet_phase: 0.8192
             reward/feet_phase_contrast: 1.3366
             reward/feet_contact_number: 0.4366
                   reward/feet_air_time: 0.0051
                     reward/under_speed: -0.0568
                       reward/feet_slip: -0.0187
                  reward/feet_clearance: -0.0377
                       reward/lin_vel_z: -0.0262
                      reward/ang_vel_xy: -0.3008
                     reward/base_height: -0.1913
                     reward/orientation: -0.0898
                            reward/pose: -0.0174
                     reward/action_rate: -0.1049
                      reward/action_acc: -0.1902
             Metrics/twist/error_vel_xy: 0.3980
            Metrics/twist/error_vel_yaw: 0.2978
        Episode_Reward/tracking_lin_vel: 0.2448
        Episode_Reward/tracking_ang_vel: 0.0179
              Episode_Reward/feet_phase: 0.1272
     Episode_Reward/feet_phase_contrast: 0.2114
     Episode_Reward/feet_contact_number: 0.0800
           Episode_Reward/feet_air_time: 0.0022
             Episode_Reward/under_speed: -0.0149
               Episode_Reward/feet_slip: -0.0031
          Episode_Reward/feet_clearance: -0.0061
               Episode_Reward/lin_vel_z: -0.0056
              Episode_Reward/ang_vel_xy: -0.0829
             Episode_Reward/base_height: -0.1017
             Episode_Reward/orientation: -0.0407
                    Episode_Reward/pose: -0.0029
             Episode_Reward/action_rate: -0.0199
              Episode_Reward/action_acc: -0.0358
           Episode_Termination/time_out: 0.0000
    Episode_Termination/bad_orientation: 1.7143
--------------------------------------------------------------------------------
                         Iteration time: 0.42s
                           Time elapsed: 00:02:17
                                    ETA: 00:00:30

################################################################################
[1m                           Learning iteration 287/350                           [0m 

                            Total steps: 3538944 
                       Steps per second: 28467 
                        Collection time: 0.364s 
                          Learning time: 0.068s 
                        Mean value loss: 0.0666
                    Mean surrogate loss: -0.0084
                      Mean entropy loss: 3.5019
                            Mean reward: 20.85
                    Mean episode length: 358.78
                        Mean action std: 0.34
                reward/tracking_lin_vel: 1.7128
                reward/tracking_ang_vel: 0.0952
                      reward/feet_phase: 0.7559
             reward/feet_phase_contrast: 1.3993
             reward/feet_contact_number: 0.4365
                   reward/feet_air_time: 0.0036
                     reward/under_speed: -0.0476
                       reward/feet_slip: -0.0201
                  reward/feet_clearance: -0.0411
                       reward/lin_vel_z: -0.0280
                      reward/ang_vel_xy: -0.2882
                     reward/base_height: -0.1153
                     reward/orientation: -0.0619
                            reward/pose: -0.0173
                     reward/action_rate: -0.1116
                      reward/action_acc: -0.2001
--------------------------------------------------------------------------------
                         Iteration time: 0.43s
                           Time elapsed: 00:02:17
                                    ETA: 00:00:29

################################################################################
[1m                           Learning iteration 288/350                           [0m 

                            Total steps: 3551232 
                       Steps per second: 28811 
                        Collection time: 0.355s 
                          Learning time: 0.071s 
                        Mean value loss: 0.0255
                    Mean surrogate loss: -0.0101
                      Mean entropy loss: 3.4831
                            Mean reward: 20.46
                    Mean episode length: 353.00
                        Mean action std: 0.34
                reward/tracking_lin_vel: 1.7413
                reward/tracking_ang_vel: 0.0956
                      reward/feet_phase: 0.8307
             reward/feet_phase_contrast: 1.4097
             reward/feet_contact_number: 0.4395
                   reward/feet_air_time: 0.0018
                     reward/under_speed: -0.0464
                       reward/feet_slip: -0.0204
                  reward/feet_clearance: -0.0420
                       reward/lin_vel_z: -0.0288
                      reward/ang_vel_xy: -0.2765
                     reward/base_height: -0.0348
                     reward/orientation: -0.0428
                            reward/pose: -0.0172
                     reward/action_rate: -0.1131
                      reward/action_acc: -0.2018
--------------------------------------------------------------------------------
                         Iteration time: 0.43s
                           Time elapsed: 00:02:18
                                    ETA: 00:00:29

################################################################################
[1m                           Learning iteration 289/350                           [0m 

                            Total steps: 3563520 
                       Steps per second: 28292 
                        Collection time: 0.365s 
                          Learning time: 0.069s 
                        Mean value loss: 0.0146
                    Mean surrogate loss: -0.0101
                      Mean entropy loss: 3.4472
                            Mean reward: 20.17
                    Mean episode length: 349.39
                        Mean action std: 0.34
                reward/tracking_lin_vel: 1.7577
                reward/tracking_ang_vel: 0.0964
                      reward/feet_phase: 0.9849
             reward/feet_phase_contrast: 1.4136
             reward/feet_contact_number: 0.4375
                   reward/feet_air_time: 0.0007
                     reward/under_speed: -0.0469
                       reward/feet_slip: -0.0193
                  reward/feet_clearance: -0.0416
                       reward/lin_vel_z: -0.0270
                      reward/ang_vel_xy: -0.2630
                     reward/base_height: -0.0218
                     reward/orientation: -0.0357
                            reward/pose: -0.0172
                     reward/action_rate: -0.1122
                      reward/action_acc: -0.2003
--------------------------------------------------------------------------------
                         Iteration time: 0.43s
                           Time elapsed: 00:02:18
                                    ETA: 00:00:28

################################################################################
[1m                           Learning iteration 290/350                           [0m 

                            Total steps: 3575808 
                       Steps per second: 29753 
                        Collection time: 0.345s 
                          Learning time: 0.068s 
                        Mean value loss: 0.0109
                    Mean surrogate loss: -0.0073
                      Mean entropy loss: 3.4210
                            Mean reward: 19.59
                    Mean episode length: 342.09
                        Mean action std: 0.34
                reward/tracking_lin_vel: 1.7662
                reward/tracking_ang_vel: 0.0955
                      reward/feet_phase: 0.7836
             reward/feet_phase_contrast: 1.4200
             reward/feet_contact_number: 0.4416
                   reward/feet_air_time: 0.0010
                     reward/under_speed: -0.0466
                       reward/feet_slip: -0.0195
                  reward/feet_clearance: -0.0416
                       reward/lin_vel_z: -0.0270
                      reward/ang_vel_xy: -0.2569
                     reward/base_height: -0.0187
                     reward/orientation: -0.0326
                            reward/pose: -0.0172
                     reward/action_rate: -0.1112
                      reward/action_acc: -0.1990
--------------------------------------------------------------------------------
                         Iteration time: 0.41s
                           Time elapsed: 00:02:18
                                    ETA: 00:00:28

################################################################################
[1m                           Learning iteration 291/350                           [0m 

                            Total steps: 3588096 
                       Steps per second: 28808 
                        Collection time: 0.358s 
                          Learning time: 0.068s 
                        Mean value loss: 0.0087
                    Mean surrogate loss: -0.0071
                      Mean entropy loss: 3.4041
                            Mean reward: 19.59
                    Mean episode length: 342.09
                        Mean action std: 0.34
                reward/tracking_lin_vel: 1.7677
                reward/tracking_ang_vel: 0.0953
                      reward/feet_phase: 0.7652
             reward/feet_phase_contrast: 1.4220
             reward/feet_contact_number: 0.4434
                   reward/feet_air_time: 0.0007
                     reward/under_speed: -0.0466
                       reward/feet_slip: -0.0195
                  reward/feet_clearance: -0.0416
                       reward/lin_vel_z: -0.0276
                      reward/ang_vel_xy: -0.2534
                     reward/base_height: -0.0109
                     reward/orientation: -0.0314
                            reward/pose: -0.0172
                     reward/action_rate: -0.1122
                      reward/action_acc: -0.1999
--------------------------------------------------------------------------------
                         Iteration time: 0.43s
                           Time elapsed: 00:02:19
                                    ETA: 00:00:27

################################################################################
[1m                           Learning iteration 292/350                           [0m 

                            Total steps: 3600384 
                       Steps per second: 27677 
                        Collection time: 0.376s 
                          Learning time: 0.068s 
                        Mean value loss: 0.0148
                    Mean surrogate loss: -0.0080
                      Mean entropy loss: 3.3863
                            Mean reward: 29.60
                    Mean episode length: 466.08
                        Mean action std: 0.34
                reward/tracking_lin_vel: 1.7618
                reward/tracking_ang_vel: 0.0958
                      reward/feet_phase: 0.9442
             reward/feet_phase_contrast: 1.4113
             reward/feet_contact_number: 0.4402
                   reward/feet_air_time: 0.0014
                     reward/under_speed: -0.0479
                       reward/feet_slip: -0.0198
                  reward/feet_clearance: -0.0419
                       reward/lin_vel_z: -0.0275
                      reward/ang_vel_xy: -0.2473
                     reward/base_height: -0.0103
                     reward/orientation: -0.0306
                            reward/pose: -0.0164
                     reward/action_rate: -0.1097
                      reward/action_acc: -0.1970
--------------------------------------------------------------------------------
                         Iteration time: 0.44s
                           Time elapsed: 00:02:19
                                    ETA: 00:00:27

################################################################################
[1m                           Learning iteration 293/350                           [0m 

                            Total steps: 3612672 
                       Steps per second: 26512 
                        Collection time: 0.394s 
                          Learning time: 0.069s 
                        Mean value loss: 0.0373
                    Mean surrogate loss: -0.0089
                      Mean entropy loss: 3.3718
                            Mean reward: 38.30
                    Mean episode length: 570.73
                        Mean action std: 0.34
                reward/tracking_lin_vel: 1.7476
                reward/tracking_ang_vel: 0.0979
                      reward/feet_phase: 0.8936
             reward/feet_phase_contrast: 1.4038
             reward/feet_contact_number: 0.4406
                   reward/feet_air_time: 0.0006
                     reward/under_speed: -0.0496
                       reward/feet_slip: -0.0191
                  reward/feet_clearance: -0.0399
                       reward/lin_vel_z: -0.0258
                      reward/ang_vel_xy: -0.2329
                     reward/base_height: -0.0100
                     reward/orientation: -0.0304
                            reward/pose: -0.0163
                     reward/action_rate: -0.1055
                      reward/action_acc: -0.1902
             Metrics/twist/error_vel_xy: 0.2778
            Metrics/twist/error_vel_yaw: 0.7188
        Episode_Reward/tracking_lin_vel: 1.7005
        Episode_Reward/tracking_ang_vel: 0.0948
              Episode_Reward/feet_phase: 0.8254
     Episode_Reward/feet_phase_contrast: 1.3777
     Episode_Reward/feet_contact_number: 0.4468
           Episode_Reward/feet_air_time: 0.0043
             Episode_Reward/under_speed: -0.0598
               Episode_Reward/feet_slip: -0.0184
          Episode_Reward/feet_clearance: -0.0380
               Episode_Reward/lin_vel_z: -0.0246
              Episode_Reward/ang_vel_xy: -0.2419
             Episode_Reward/base_height: -0.0104
             Episode_Reward/orientation: -0.0390
                    Episode_Reward/pose: -0.0194
             Episode_Reward/action_rate: -0.1013
              Episode_Reward/action_acc: -0.1898
           Episode_Termination/time_out: 1.8000
    Episode_Termination/bad_orientation: 0.0000
--------------------------------------------------------------------------------
                         Iteration time: 0.46s
                           Time elapsed: 00:02:20
                                    ETA: 00:00:26

################################################################################
[1m                           Learning iteration 294/350                           [0m 

                            Total steps: 3624960 
                       Steps per second: 28021 
                        Collection time: 0.371s 
                          Learning time: 0.068s 
                        Mean value loss: 0.0440
                    Mean surrogate loss: -0.0091
                      Mean entropy loss: 3.3595
                            Mean reward: 38.91
                    Mean episode length: 577.65
                        Mean action std: 0.34
                reward/tracking_lin_vel: 1.7508
                reward/tracking_ang_vel: 0.0938
                      reward/feet_phase: 0.7620
             reward/feet_phase_contrast: 1.4154
             reward/feet_contact_number: 0.4392
                   reward/feet_air_time: 0.0011
                     reward/under_speed: -0.0454
                       reward/feet_slip: -0.0204
                  reward/feet_clearance: -0.0418
                       reward/lin_vel_z: -0.0280
                      reward/ang_vel_xy: -0.2520
                     reward/base_height: -0.0438
                     reward/orientation: -0.0389
                            reward/pose: -0.0168
                     reward/action_rate: -0.1094
                      reward/action_acc: -0.1946
--------------------------------------------------------------------------------
                         Iteration time: 0.44s
                           Time elapsed: 00:02:20
                                    ETA: 00:00:26

################################################################################
[1m                           Learning iteration 295/350                           [0m 

                            Total steps: 3637248 
                       Steps per second: 28961 
                        Collection time: 0.359s 
                          Learning time: 0.066s 
                        Mean value loss: 0.0528
                    Mean surrogate loss: -0.0076
                      Mean entropy loss: 3.3425
                            Mean reward: 42.36
                    Mean episode length: 620.22
                        Mean action std: 0.34
                reward/tracking_lin_vel: 1.7502
                reward/tracking_ang_vel: 0.0935
                      reward/feet_phase: 0.8138
             reward/feet_phase_contrast: 1.4231
             reward/feet_contact_number: 0.4420
                   reward/feet_air_time: 0.0014
                     reward/under_speed: -0.0434
                       reward/feet_slip: -0.0200
                  reward/feet_clearance: -0.0432
                       reward/lin_vel_z: -0.0282
                      reward/ang_vel_xy: -0.2457
                     reward/base_height: -0.0309
                     reward/orientation: -0.0368
                            reward/pose: -0.0168
                     reward/action_rate: -0.1105
                      reward/action_acc: -0.1959
--------------------------------------------------------------------------------
                         Iteration time: 0.42s
                           Time elapsed: 00:02:21
                                    ETA: 00:00:25

################################################################################
[1m                           Learning iteration 296/350                           [0m 

                            Total steps: 3649536 
                       Steps per second: 27942 
                        Collection time: 0.373s 
                          Learning time: 0.067s 
                        Mean value loss: 0.0265
                    Mean surrogate loss: -0.0078
                      Mean entropy loss: 3.3288
                            Mean reward: 42.31
                    Mean episode length: 618.26
                        Mean action std: 0.34
                reward/tracking_lin_vel: 1.7613
                reward/tracking_ang_vel: 0.0964
                      reward/feet_phase: 1.0058
             reward/feet_phase_contrast: 1.4298
             reward/feet_contact_number: 0.4435
                   reward/feet_air_time: 0.0013
                     reward/under_speed: -0.0425
                       reward/feet_slip: -0.0207
                  reward/feet_clearance: -0.0429
                       reward/lin_vel_z: -0.0283
                      reward/ang_vel_xy: -0.2460
                     reward/base_height: -0.0313
                     reward/orientation: -0.0370
                            reward/pose: -0.0171
                     reward/action_rate: -0.1096
                      reward/action_acc: -0.1937
--------------------------------------------------------------------------------
                         Iteration time: 0.44s
                           Time elapsed: 00:02:21
                                    ETA: 00:00:25

################################################################################
[1m                           Learning iteration 297/350                           [0m 

                            Total steps: 3661824 
                       Steps per second: 25909 
                        Collection time: 0.408s 
                          Learning time: 0.066s 
                        Mean value loss: 0.0151
                    Mean surrogate loss: -0.0070
                      Mean entropy loss: 3.2963
                            Mean reward: 44.01
                    Mean episode length: 639.34
                        Mean action std: 0.34
                reward/tracking_lin_vel: 1.7701
                reward/tracking_ang_vel: 0.0973
                      reward/feet_phase: 0.8154
             reward/feet_phase_contrast: 1.4367
             reward/feet_contact_number: 0.4399
                   reward/feet_air_time: 0.0018
                     reward/under_speed: -0.0409
                       reward/feet_slip: -0.0199
                  reward/feet_clearance: -0.0427
                       reward/lin_vel_z: -0.0282
                      reward/ang_vel_xy: -0.2430
                     reward/base_height: -0.0336
                     reward/orientation: -0.0349
                            reward/pose: -0.0176
                     reward/action_rate: -0.1077
                      reward/action_acc: -0.1914
             Metrics/twist/error_vel_xy: 0.2386
            Metrics/twist/error_vel_yaw: 0.2939
        Episode_Reward/tracking_lin_vel: 0.8927
        Episode_Reward/tracking_ang_vel: 0.0527
              Episode_Reward/feet_phase: 0.4442
     Episode_Reward/feet_phase_contrast: 0.7329
     Episode_Reward/feet_contact_number: 0.2366
           Episode_Reward/feet_air_time: 0.0013
             Episode_Reward/under_speed: -0.0230
               Episode_Reward/feet_slip: -0.0107
          Episode_Reward/feet_clearance: -0.0225
               Episode_Reward/lin_vel_z: -0.0187
              Episode_Reward/ang_vel_xy: -0.1426
             Episode_Reward/base_height: -0.0894
             Episode_Reward/orientation: -0.0421
                    Episode_Reward/pose: -0.0069
             Episode_Reward/action_rate: -0.0582
              Episode_Reward/action_acc: -0.1029
           Episode_Termination/time_out: 0.4000
    Episode_Termination/bad_orientation: 0.6000
--------------------------------------------------------------------------------
                         Iteration time: 0.47s
                           Time elapsed: 00:02:22
                                    ETA: 00:00:24

################################################################################
[1m                           Learning iteration 298/350                           [0m 

                            Total steps: 3674112 
                       Steps per second: 29149 
                        Collection time: 0.352s 
                          Learning time: 0.070s 
                        Mean value loss: 0.0297
                    Mean surrogate loss: -0.0058
                      Mean entropy loss: 3.2706
                            Mean reward: 44.01
                    Mean episode length: 639.34
                        Mean action std: 0.34
                reward/tracking_lin_vel: 1.7760
                reward/tracking_ang_vel: 0.0960
                      reward/feet_phase: 0.7843
             reward/feet_phase_contrast: 1.4484
             reward/feet_contact_number: 0.4331
                   reward/feet_air_time: 0.0008
                     reward/under_speed: -0.0382
                       reward/feet_slip: -0.0212
                  reward/feet_clearance: -0.0441
                       reward/lin_vel_z: -0.0290
                      reward/ang_vel_xy: -0.2499
                     reward/base_height: -0.0106
                     reward/orientation: -0.0331
                            reward/pose: -0.0183
                     reward/action_rate: -0.1120
                      reward/action_acc: -0.1959
--------------------------------------------------------------------------------
                         Iteration time: 0.42s
                           Time elapsed: 00:02:22
                                    ETA: 00:00:24

################################################################################
[1m                           Learning iteration 299/350                           [0m 

                            Total steps: 3686400 
                       Steps per second: 30189 
                        Collection time: 0.339s 
                          Learning time: 0.068s 
                        Mean value loss: 3.8006
                    Mean surrogate loss: -0.0068
                      Mean entropy loss: 3.2591
                            Mean reward: 44.20
                    Mean episode length: 642.35
                        Mean action std: 0.34
                reward/tracking_lin_vel: 1.7731
                reward/tracking_ang_vel: 0.0957
                      reward/feet_phase: 0.9371
             reward/feet_phase_contrast: 1.4518
             reward/feet_contact_number: 0.4356
                   reward/feet_air_time: 0.0007
                     reward/under_speed: -0.0367
                       reward/feet_slip: -0.0221
                  reward/feet_clearance: -0.0451
                       reward/lin_vel_z: -0.0297
                      reward/ang_vel_xy: -0.2516
                     reward/base_height: -0.0169
                     reward/orientation: -0.0341
                            reward/pose: -0.0186
                     reward/action_rate: -0.1133
                      reward/action_acc: -0.1963
--------------------------------------------------------------------------------
                         Iteration time: 0.41s
                           Time elapsed: 00:02:22
                                    ETA: 00:00:23

################################################################################
[1m                           Learning iteration 300/350                           [0m 

                            Total steps: 3698688 
                       Steps per second: 30019 
                        Collection time: 0.339s 
                          Learning time: 0.070s 
                        Mean value loss: 1.9384
                    Mean surrogate loss: -0.0097
                      Mean entropy loss: 3.2529
                            Mean reward: 44.83
                    Mean episode length: 638.51
                        Mean action std: 0.34
                reward/tracking_lin_vel: 0.6916
                reward/tracking_ang_vel: 0.0841
                      reward/feet_phase: 0.7198
             reward/feet_phase_contrast: 1.1427
             reward/feet_contact_number: 0.4256
                   reward/feet_air_time: 0.1501
                     reward/under_speed: -0.0595
                       reward/feet_slip: -0.0221
                  reward/feet_clearance: -0.0416
                       reward/lin_vel_z: -0.0615
                      reward/ang_vel_xy: -0.6489
                     reward/base_height: -0.4036
                     reward/orientation: -0.3143
                            reward/pose: -0.0210
                     reward/action_rate: -0.1103
                      reward/action_acc: -0.1899
--------------------------------------------------------------------------------
                         Iteration time: 0.41s
                           Time elapsed: 00:02:23
                                    ETA: 00:00:23

################################################################################
[1m                           Learning iteration 301/350                           [0m 

                            Total steps: 3710976 
                       Steps per second: 30103 
                        Collection time: 0.344s 
                          Learning time: 0.064s 
                        Mean value loss: 0.3899
                    Mean surrogate loss: -0.0079
                      Mean entropy loss: 3.2439
                            Mean reward: 31.09
                    Mean episode length: 472.81
                        Mean action std: 0.34
                reward/tracking_lin_vel: 1.1973
                reward/tracking_ang_vel: 0.0947
                      reward/feet_phase: 0.7069
             reward/feet_phase_contrast: 1.2047
             reward/feet_contact_number: 0.4304
                   reward/feet_air_time: 0.0574
                     reward/under_speed: -0.0590
                       reward/feet_slip: -0.0171
                  reward/feet_clearance: -0.0384
                       reward/lin_vel_z: -0.0475
                      reward/ang_vel_xy: -0.5997
                     reward/base_height: -1.0079
                     reward/orientation: -0.4074
                            reward/pose: -0.0170
                     reward/action_rate: -0.0934
                      reward/action_acc: -0.1680
             Metrics/twist/error_vel_xy: 0.3526
            Metrics/twist/error_vel_yaw: 0.4280
        Episode_Reward/tracking_lin_vel: 0.7308
        Episode_Reward/tracking_ang_vel: 0.0429
              Episode_Reward/feet_phase: 0.3790
     Episode_Reward/feet_phase_contrast: 0.6266
     Episode_Reward/feet_contact_number: 0.1983
           Episode_Reward/feet_air_time: 0.0095
             Episode_Reward/under_speed: -0.0218
               Episode_Reward/feet_slip: -0.0087
          Episode_Reward/feet_clearance: -0.0188
               Episode_Reward/lin_vel_z: -0.0150
              Episode_Reward/ang_vel_xy: -0.1520
             Episode_Reward/base_height: -0.0759
             Episode_Reward/orientation: -0.0468
                    Episode_Reward/pose: -0.0078
             Episode_Reward/action_rate: -0.0501
              Episode_Reward/action_acc: -0.0887
           Episode_Termination/time_out: 0.1250
    Episode_Termination/bad_orientation: 7.7083
--------------------------------------------------------------------------------
                         Iteration time: 0.41s
                           Time elapsed: 00:02:23
                                    ETA: 00:00:22

################################################################################
[1m                           Learning iteration 302/350                           [0m 

                            Total steps: 3723264 
                       Steps per second: 28013 
                        Collection time: 0.366s 
                          Learning time: 0.072s 
                        Mean value loss: 0.2273
                    Mean surrogate loss: -0.0088
                      Mean entropy loss: 3.2377
                            Mean reward: 28.84
                    Mean episode length: 440.67
                        Mean action std: 0.33
                reward/tracking_lin_vel: 1.5446
                reward/tracking_ang_vel: 0.1006
                      reward/feet_phase: 0.7228
             reward/feet_phase_contrast: 1.3102
             reward/feet_contact_number: 0.4376
                   reward/feet_air_time: 0.0149
                     reward/under_speed: -0.0599
                       reward/feet_slip: -0.0164
                  reward/feet_clearance: -0.0355
                       reward/lin_vel_z: -0.0265
                      reward/ang_vel_xy: -0.2894
                     reward/base_height: -0.2616
                     reward/orientation: -0.1199
                            reward/pose: -0.0165
                     reward/action_rate: -0.0957
                      reward/action_acc: -0.1748
             Metrics/twist/error_vel_xy: 0.3716
            Metrics/twist/error_vel_yaw: 0.3989
        Episode_Reward/tracking_lin_vel: 0.6042
        Episode_Reward/tracking_ang_vel: 0.0361
              Episode_Reward/feet_phase: 0.3201
     Episode_Reward/feet_phase_contrast: 0.5288
     Episode_Reward/feet_contact_number: 0.1685
           Episode_Reward/feet_air_time: 0.0069
             Episode_Reward/under_speed: -0.0181
               Episode_Reward/feet_slip: -0.0082
          Episode_Reward/feet_clearance: -0.0161
               Episode_Reward/lin_vel_z: -0.0128
              Episode_Reward/ang_vel_xy: -0.1287
             Episode_Reward/base_height: -0.0917
             Episode_Reward/orientation: -0.0500
                    Episode_Reward/pose: -0.0068
             Episode_Reward/action_rate: -0.0429
              Episode_Reward/action_acc: -0.0755
           Episode_Termination/time_out: 0.0000
    Episode_Termination/bad_orientation: 2.1765
--------------------------------------------------------------------------------
                         Iteration time: 0.44s
                           Time elapsed: 00:02:24
                                    ETA: 00:00:22

################################################################################
[1m                           Learning iteration 303/350                           [0m 

                            Total steps: 3735552 
                       Steps per second: 29224 
                        Collection time: 0.352s 
                          Learning time: 0.069s 
                        Mean value loss: 0.0862
                    Mean surrogate loss: -0.0077
                      Mean entropy loss: 3.2348
                            Mean reward: 22.02
                    Mean episode length: 356.31
                        Mean action std: 0.33
                reward/tracking_lin_vel: 1.6697
                reward/tracking_ang_vel: 0.0983
                      reward/feet_phase: 0.9692
             reward/feet_phase_contrast: 1.3857
             reward/feet_contact_number: 0.4371
                   reward/feet_air_time: 0.0058
                     reward/under_speed: -0.0466
                       reward/feet_slip: -0.0196
                  reward/feet_clearance: -0.0417
                       reward/lin_vel_z: -0.0288
                      reward/ang_vel_xy: -0.2836
                     reward/base_height: -0.2093
                     reward/orientation: -0.0874
                            reward/pose: -0.0188
                     reward/action_rate: -0.1072
                      reward/action_acc: -0.1897
             Metrics/twist/error_vel_xy: 0.4088
            Metrics/twist/error_vel_yaw: 0.2840
        Episode_Reward/tracking_lin_vel: 0.1178
        Episode_Reward/tracking_ang_vel: 0.0112
              Episode_Reward/feet_phase: 0.0680
     Episode_Reward/feet_phase_contrast: 0.1108
     Episode_Reward/feet_contact_number: 0.0477
           Episode_Reward/feet_air_time: 0.0056
             Episode_Reward/under_speed: -0.0097
               Episode_Reward/feet_slip: -0.0019
          Episode_Reward/feet_clearance: -0.0037
               Episode_Reward/lin_vel_z: -0.0040
              Episode_Reward/ang_vel_xy: -0.0525
             Episode_Reward/base_height: -0.1032
             Episode_Reward/orientation: -0.0398
                    Episode_Reward/pose: -0.0016
             Episode_Reward/action_rate: -0.0101
              Episode_Reward/action_acc: -0.0187
           Episode_Termination/time_out: 0.0000
    Episode_Termination/bad_orientation: 1.6000
--------------------------------------------------------------------------------
                         Iteration time: 0.42s
                           Time elapsed: 00:02:24
                                    ETA: 00:00:21

################################################################################
[1m                           Learning iteration 304/350                           [0m 

                            Total steps: 3747840 
                       Steps per second: 29059 
                        Collection time: 0.355s 
                          Learning time: 0.068s 
                        Mean value loss: 0.0650
                    Mean surrogate loss: -0.0085
                      Mean entropy loss: 3.2290
                            Mean reward: 19.07
                    Mean episode length: 320.64
                        Mean action std: 0.33
                reward/tracking_lin_vel: 1.7217
                reward/tracking_ang_vel: 0.0963
                      reward/feet_phase: 0.8410
             reward/feet_phase_contrast: 1.4268
             reward/feet_contact_number: 0.4354
                   reward/feet_air_time: 0.0038
                     reward/under_speed: -0.0410
                       reward/feet_slip: -0.0210
                  reward/feet_clearance: -0.0442
                       reward/lin_vel_z: -0.0300
                      reward/ang_vel_xy: -0.2684
                     reward/base_height: -0.1032
                     reward/orientation: -0.0555
                            reward/pose: -0.0183
                     reward/action_rate: -0.1122
                      reward/action_acc: -0.1953
--------------------------------------------------------------------------------
                         Iteration time: 0.42s
                           Time elapsed: 00:02:24
                                    ETA: 00:00:21

################################################################################
[1m                           Learning iteration 305/350                           [0m 

                            Total steps: 3760128 
                       Steps per second: 26364 
                        Collection time: 0.388s 
                          Learning time: 0.078s 
                        Mean value loss: 0.0759
                    Mean surrogate loss: -0.0069
                      Mean entropy loss: 3.2274
                            Mean reward: 18.21
                    Mean episode length: 309.76
                        Mean action std: 0.33
                reward/tracking_lin_vel: 1.7506
                reward/tracking_ang_vel: 0.0972
                      reward/feet_phase: 0.7891
             reward/feet_phase_contrast: 1.4511
             reward/feet_contact_number: 0.4380
                   reward/feet_air_time: 0.0031
                     reward/under_speed: -0.0380
                       reward/feet_slip: -0.0213
                  reward/feet_clearance: -0.0441
                       reward/lin_vel_z: -0.0299
                      reward/ang_vel_xy: -0.2520
                     reward/base_height: -0.0534
                     reward/orientation: -0.0461
                            reward/pose: -0.0186
                     reward/action_rate: -0.1110
                      reward/action_acc: -0.1933
--------------------------------------------------------------------------------
                         Iteration time: 0.47s
                           Time elapsed: 00:02:25
                                    ETA: 00:00:20

################################################################################
[1m                           Learning iteration 306/350                           [0m 

                            Total steps: 3772416 
                       Steps per second: 24723 
                        Collection time: 0.422s 
                          Learning time: 0.075s 
                        Mean value loss: 0.0303
                    Mean surrogate loss: -0.0084
                      Mean entropy loss: 3.2258
                            Mean reward: 16.69
                    Mean episode length: 290.11
                        Mean action std: 0.33
                reward/tracking_lin_vel: 1.7559
                reward/tracking_ang_vel: 0.0956
                      reward/feet_phase: 0.8914
             reward/feet_phase_contrast: 1.4461
             reward/feet_contact_number: 0.4362
                   reward/feet_air_time: 0.0010
                     reward/under_speed: -0.0378
                       reward/feet_slip: -0.0211
                  reward/feet_clearance: -0.0450
                       reward/lin_vel_z: -0.0308
                      reward/ang_vel_xy: -0.2534
                     reward/base_height: -0.0493
                     reward/orientation: -0.0441
                            reward/pose: -0.0190
                     reward/action_rate: -0.1118
                      reward/action_acc: -0.1944
--------------------------------------------------------------------------------
                         Iteration time: 0.50s
                           Time elapsed: 00:02:25
                                    ETA: 00:00:20

################################################################################
[1m                           Learning iteration 307/350                           [0m 

                            Total steps: 3784704 
                       Steps per second: 24424 
                        Collection time: 0.423s 
                          Learning time: 0.080s 
                        Mean value loss: 0.0245
                    Mean surrogate loss: -0.0087
                      Mean entropy loss: 3.1988
                            Mean reward: 16.47
                    Mean episode length: 287.52
                        Mean action std: 0.33
                reward/tracking_lin_vel: 1.7666
                reward/tracking_ang_vel: 0.0952
                      reward/feet_phase: 0.9897
             reward/feet_phase_contrast: 1.4465
             reward/feet_contact_number: 0.4385
                   reward/feet_air_time: 0.0014
                     reward/under_speed: -0.0377
                       reward/feet_slip: -0.0213
                  reward/feet_clearance: -0.0450
                       reward/lin_vel_z: -0.0305
                      reward/ang_vel_xy: -0.2440
                     reward/base_height: -0.0170
                     reward/orientation: -0.0353
                            reward/pose: -0.0185
                     reward/action_rate: -0.1131
                      reward/action_acc: -0.1948
--------------------------------------------------------------------------------
                         Iteration time: 0.50s
                           Time elapsed: 00:02:26
                                    ETA: 00:00:19

################################################################################
[1m                           Learning iteration 308/350                           [0m 

                            Total steps: 3796992 
                       Steps per second: 27731 
                        Collection time: 0.373s 
                          Learning time: 0.071s 
                        Mean value loss: 0.0162
                    Mean surrogate loss: -0.0074
                      Mean entropy loss: 3.1733
                            Mean reward: 16.79
                    Mean episode length: 293.11
                        Mean action std: 0.33
                reward/tracking_lin_vel: 1.7766
                reward/tracking_ang_vel: 0.0965
                      reward/feet_phase: 0.7959
             reward/feet_phase_contrast: 1.4553
             reward/feet_contact_number: 0.4345
                   reward/feet_air_time: 0.0008
                     reward/under_speed: -0.0362
                       reward/feet_slip: -0.0210
                  reward/feet_clearance: -0.0446
                       reward/lin_vel_z: -0.0298
                      reward/ang_vel_xy: -0.2286
                     reward/base_height: -0.0160
                     reward/orientation: -0.0320
                            reward/pose: -0.0188
                     reward/action_rate: -0.1108
                      reward/action_acc: -0.1932
--------------------------------------------------------------------------------
                         Iteration time: 0.44s
                           Time elapsed: 00:02:26
                                    ETA: 00:00:19

################################################################################
[1m                           Learning iteration 309/350                           [0m 

                            Total steps: 3809280 
                       Steps per second: 25519 
                        Collection time: 0.415s 
                          Learning time: 0.067s 
                        Mean value loss: 0.0490
                    Mean surrogate loss: -0.0083
                      Mean entropy loss: 3.1555
                            Mean reward: 37.31
                    Mean episode length: 541.55
                        Mean action std: 0.33
                reward/tracking_lin_vel: 1.7470
                reward/tracking_ang_vel: 0.0952
                      reward/feet_phase: 0.7892
             reward/feet_phase_contrast: 1.4346
             reward/feet_contact_number: 0.4331
                   reward/feet_air_time: 0.0027
                     reward/under_speed: -0.0386
                       reward/feet_slip: -0.0211
                  reward/feet_clearance: -0.0449
                       reward/lin_vel_z: -0.0298
                      reward/ang_vel_xy: -0.2375
                     reward/base_height: -0.0115
                     reward/orientation: -0.0308
                            reward/pose: -0.0185
                     reward/action_rate: -0.1124
                      reward/action_acc: -0.1948
--------------------------------------------------------------------------------
                         Iteration time: 0.48s
                           Time elapsed: 00:02:27
                                    ETA: 00:00:19

################################################################################
[1m                           Learning iteration 310/350                           [0m 

                            Total steps: 3821568 
                       Steps per second: 28483 
                        Collection time: 0.360s 
                          Learning time: 0.072s 
                        Mean value loss: 0.0997
                    Mean surrogate loss: -0.0096
                      Mean entropy loss: 3.1483
                            Mean reward: 48.24
                    Mean episode length: 676.64
                        Mean action std: 0.33
                reward/tracking_lin_vel: 1.7194
                reward/tracking_ang_vel: 0.0970
                      reward/feet_phase: 0.9721
             reward/feet_phase_contrast: 1.4131
             reward/feet_contact_number: 0.4404
                   reward/feet_air_time: 0.0039
                     reward/under_speed: -0.0426
                       reward/feet_slip: -0.0202
                  reward/feet_clearance: -0.0428
                       reward/lin_vel_z: -0.0287
                      reward/ang_vel_xy: -0.2244
                     reward/base_height: -0.0163
                     reward/orientation: -0.0367
                            reward/pose: -0.0182
                     reward/action_rate: -0.1077
                      reward/action_acc: -0.1888
--------------------------------------------------------------------------------
                         Iteration time: 0.43s
                           Time elapsed: 00:02:27
                                    ETA: 00:00:18

################################################################################
[1m                           Learning iteration 311/350                           [0m 

                            Total steps: 3833856 
                       Steps per second: 27493 
                        Collection time: 0.381s 
                          Learning time: 0.066s 
                        Mean value loss: 0.0490
                    Mean surrogate loss: -0.0090
                      Mean entropy loss: 3.1364
                            Mean reward: 52.08
                    Mean episode length: 725.63
                        Mean action std: 0.33
                reward/tracking_lin_vel: 1.7327
                reward/tracking_ang_vel: 0.0959
                      reward/feet_phase: 0.8765
             reward/feet_phase_contrast: 1.4294
             reward/feet_contact_number: 0.4388
                   reward/feet_air_time: 0.0023
                     reward/under_speed: -0.0412
                       reward/feet_slip: -0.0211
                  reward/feet_clearance: -0.0435
                       reward/lin_vel_z: -0.0289
                      reward/ang_vel_xy: -0.2444
                     reward/base_height: -0.0717
                     reward/orientation: -0.0500
                            reward/pose: -0.0185
                     reward/action_rate: -0.1098
                      reward/action_acc: -0.1915
--------------------------------------------------------------------------------
                         Iteration time: 0.45s
                           Time elapsed: 00:02:28
                                    ETA: 00:00:18

################################################################################
[1m                           Learning iteration 312/350                           [0m 

                            Total steps: 3846144 
                       Steps per second: 27592 
                        Collection time: 0.376s 
                          Learning time: 0.069s 
                        Mean value loss: 0.0304
                    Mean surrogate loss: -0.0067
                      Mean entropy loss: 3.1265
                            Mean reward: 54.52
                    Mean episode length: 756.79
                        Mean action std: 0.33
                reward/tracking_lin_vel: 1.7538
                reward/tracking_ang_vel: 0.0950
                      reward/feet_phase: 0.7854
             reward/feet_phase_contrast: 1.4470
             reward/feet_contact_number: 0.4397
                   reward/feet_air_time: 0.0012
                     reward/under_speed: -0.0393
                       reward/feet_slip: -0.0208
                  reward/feet_clearance: -0.0441
                       reward/lin_vel_z: -0.0293
                      reward/ang_vel_xy: -0.2347
                     reward/base_height: -0.0458
                     reward/orientation: -0.0386
                            reward/pose: -0.0184
                     reward/action_rate: -0.1088
                      reward/action_acc: -0.1886
             Metrics/twist/error_vel_xy: 0.2528
            Metrics/twist/error_vel_yaw: 0.3382
        Episode_Reward/tracking_lin_vel: 0.7029
        Episode_Reward/tracking_ang_vel: 0.0405
              Episode_Reward/feet_phase: 0.3763
     Episode_Reward/feet_phase_contrast: 0.6182
     Episode_Reward/feet_contact_number: 0.1941
           Episode_Reward/feet_air_time: 0.0049
             Episode_Reward/under_speed: -0.0188
               Episode_Reward/feet_slip: -0.0092
          Episode_Reward/feet_clearance: -0.0201
               Episode_Reward/lin_vel_z: -0.0157
              Episode_Reward/ang_vel_xy: -0.1484
             Episode_Reward/base_height: -0.0649
             Episode_Reward/orientation: -0.0421
                    Episode_Reward/pose: -0.0077
             Episode_Reward/action_rate: -0.0521
              Episode_Reward/action_acc: -0.0903
           Episode_Termination/time_out: 0.3750
    Episode_Termination/bad_orientation: 0.7500
--------------------------------------------------------------------------------
                         Iteration time: 0.45s
                           Time elapsed: 00:02:28
                                    ETA: 00:00:17

################################################################################
[1m                           Learning iteration 313/350                           [0m 

                            Total steps: 3858432 
                       Steps per second: 27237 
                        Collection time: 0.383s 
                          Learning time: 0.068s 
                        Mean value loss: 0.0290
                    Mean surrogate loss: -0.0036
                      Mean entropy loss: 3.1169
                            Mean reward: 56.57
                    Mean episode length: 781.87
                        Mean action std: 0.33
                reward/tracking_lin_vel: 1.7725
                reward/tracking_ang_vel: 0.0952
                      reward/feet_phase: 0.8602
             reward/feet_phase_contrast: 1.4496
             reward/feet_contact_number: 0.4367
                   reward/feet_air_time: 0.0008
                     reward/under_speed: -0.0376
                       reward/feet_slip: -0.0216
                  reward/feet_clearance: -0.0447
                       reward/lin_vel_z: -0.0286
                      reward/ang_vel_xy: -0.2249
                     reward/base_height: -0.0175
                     reward/orientation: -0.0297
                            reward/pose: -0.0180
                     reward/action_rate: -0.1086
                      reward/action_acc: -0.1881
--------------------------------------------------------------------------------
                         Iteration time: 0.45s
                           Time elapsed: 00:02:29
                                    ETA: 00:00:17

################################################################################
[1m                           Learning iteration 314/350                           [0m 

                            Total steps: 3870720 
                       Steps per second: 29633 
                        Collection time: 0.346s 
                          Learning time: 0.069s 
                        Mean value loss: 0.0181
                    Mean surrogate loss: -0.0056
                      Mean entropy loss: 3.1077
                            Mean reward: 56.77
                    Mean episode length: 784.54
                        Mean action std: 0.33
                reward/tracking_lin_vel: 1.7739
                reward/tracking_ang_vel: 0.0949
                      reward/feet_phase: 1.0142
             reward/feet_phase_contrast: 1.4551
             reward/feet_contact_number: 0.4419
                   reward/feet_air_time: 0.0007
                     reward/under_speed: -0.0372
                       reward/feet_slip: -0.0215
                  reward/feet_clearance: -0.0449
                       reward/lin_vel_z: -0.0293
                      reward/ang_vel_xy: -0.2281
                     reward/base_height: -0.0172
                     reward/orientation: -0.0291
                            reward/pose: -0.0183
                     reward/action_rate: -0.1096
                      reward/action_acc: -0.1883
--------------------------------------------------------------------------------
                         Iteration time: 0.41s
                           Time elapsed: 00:02:29
                                    ETA: 00:00:16

################################################################################
[1m                           Learning iteration 315/350                           [0m 

                            Total steps: 3883008 
                       Steps per second: 28039 
                        Collection time: 0.371s 
                          Learning time: 0.068s 
                        Mean value loss: 0.0125
                    Mean surrogate loss: -0.0076
                      Mean entropy loss: 3.0896
                            Mean reward: 56.77
                    Mean episode length: 784.54
                        Mean action std: 0.33
                reward/tracking_lin_vel: 1.7833
                reward/tracking_ang_vel: 0.0966
                      reward/feet_phase: 0.8089
             reward/feet_phase_contrast: 1.4588
             reward/feet_contact_number: 0.4380
                   reward/feet_air_time: 0.0007
                     reward/under_speed: -0.0364
                       reward/feet_slip: -0.0217
                  reward/feet_clearance: -0.0450
                       reward/lin_vel_z: -0.0289
                      reward/ang_vel_xy: -0.2245
                     reward/base_height: -0.0112
                     reward/orientation: -0.0259
                            reward/pose: -0.0182
                     reward/action_rate: -0.1096
                      reward/action_acc: -0.1889
--------------------------------------------------------------------------------
                         Iteration time: 0.44s
                           Time elapsed: 00:02:30
                                    ETA: 00:00:16

################################################################################
[1m                           Learning iteration 316/350                           [0m 

                            Total steps: 3895296 
                       Steps per second: 29979 
                        Collection time: 0.344s 
                          Learning time: 0.066s 
                        Mean value loss: 9.5158
                    Mean surrogate loss: -0.0067
                      Mean entropy loss: 3.0638
                            Mean reward: 56.96
                    Mean episode length: 787.22
                        Mean action std: 0.33
                reward/tracking_lin_vel: 1.3317
                reward/tracking_ang_vel: 0.0918
                      reward/feet_phase: 0.7482
             reward/feet_phase_contrast: 1.3209
             reward/feet_contact_number: 0.4383
                   reward/feet_air_time: 0.0102
                     reward/under_speed: -0.0498
                       reward/feet_slip: -0.0231
                  reward/feet_clearance: -0.0461
                       reward/lin_vel_z: -0.0357
                      reward/ang_vel_xy: -0.2738
                     reward/base_height: -0.0189
                     reward/orientation: -0.0368
                            reward/pose: -0.0186
                     reward/action_rate: -0.1094
                      reward/action_acc: -0.1877
--------------------------------------------------------------------------------
                         Iteration time: 0.41s
                           Time elapsed: 00:02:30
                                    ETA: 00:00:15

################################################################################
[1m                           Learning iteration 317/350                           [0m 

                            Total steps: 3907584 
                       Steps per second: 31516 
                        Collection time: 0.326s 
                          Learning time: 0.064s 
                        Mean value loss: 0.7742
                    Mean surrogate loss: -0.0129
                      Mean entropy loss: 3.0526
                            Mean reward: 32.03
                    Mean episode length: 467.37
                        Mean action std: 0.33
                reward/tracking_lin_vel: 0.8699
                reward/tracking_ang_vel: 0.0861
                      reward/feet_phase: 0.7240
             reward/feet_phase_contrast: 1.1404
             reward/feet_contact_number: 0.4303
                   reward/feet_air_time: 0.1733
                     reward/under_speed: -0.0568
                       reward/feet_slip: -0.0192
                  reward/feet_clearance: -0.0398
                       reward/lin_vel_z: -0.0628
                      reward/ang_vel_xy: -0.7719
                     reward/base_height: -0.8921
                     reward/orientation: -0.4754
                            reward/pose: -0.0212
                     reward/action_rate: -0.1015
                      reward/action_acc: -0.1722
--------------------------------------------------------------------------------
                         Iteration time: 0.39s
                           Time elapsed: 00:02:30
                                    ETA: 00:00:15

################################################################################
[1m                           Learning iteration 318/350                           [0m 

                            Total steps: 3919872 
                       Steps per second: 25768 
                        Collection time: 0.411s 
                          Learning time: 0.066s 
                        Mean value loss: 0.3615
                    Mean surrogate loss: -0.0108
                      Mean entropy loss: 3.0536
                            Mean reward: 32.73
                    Mean episode length: 486.04
                        Mean action std: 0.33
                reward/tracking_lin_vel: 1.3882
                reward/tracking_ang_vel: 0.0986
                      reward/feet_phase: 0.8166
             reward/feet_phase_contrast: 1.2524
             reward/feet_contact_number: 0.4322
                   reward/feet_air_time: 0.0270
                     reward/under_speed: -0.0609
                       reward/feet_slip: -0.0164
                  reward/feet_clearance: -0.0368
                       reward/lin_vel_z: -0.0337
                      reward/ang_vel_xy: -0.4108
                     reward/base_height: -0.7198
                     reward/orientation: -0.2505
                            reward/pose: -0.0162
                     reward/action_rate: -0.0903
                      reward/action_acc: -0.1625
             Metrics/twist/error_vel_xy: 0.3769
            Metrics/twist/error_vel_yaw: 0.4329
        Episode_Reward/tracking_lin_vel: 0.8277
        Episode_Reward/tracking_ang_vel: 0.0488
              Episode_Reward/feet_phase: 0.4250
     Episode_Reward/feet_phase_contrast: 0.7014
     Episode_Reward/feet_contact_number: 0.2207
           Episode_Reward/feet_air_time: 0.0108
             Episode_Reward/under_speed: -0.0229
               Episode_Reward/feet_slip: -0.0098
          Episode_Reward/feet_clearance: -0.0212
               Episode_Reward/lin_vel_z: -0.0152
              Episode_Reward/ang_vel_xy: -0.1445
             Episode_Reward/base_height: -0.0874
             Episode_Reward/orientation: -0.0468
                    Episode_Reward/pose: -0.0092
             Episode_Reward/action_rate: -0.0536
              Episode_Reward/action_acc: -0.0945
           Episode_Termination/time_out: 0.1739
    Episode_Termination/bad_orientation: 4.9565
--------------------------------------------------------------------------------
                         Iteration time: 0.48s
                           Time elapsed: 00:02:31
                                    ETA: 00:00:14

################################################################################
[1m                           Learning iteration 319/350                           [0m 

                            Total steps: 3932160 
                       Steps per second: 27662 
                        Collection time: 0.377s 
                          Learning time: 0.067s 
                        Mean value loss: 0.1191
                    Mean surrogate loss: -0.0098
                      Mean entropy loss: 3.0495
                            Mean reward: 29.65
                    Mean episode length: 452.13
                        Mean action std: 0.33
                reward/tracking_lin_vel: 1.6358
                reward/tracking_ang_vel: 0.0957
                      reward/feet_phase: 0.7485
             reward/feet_phase_contrast: 1.3772
             reward/feet_contact_number: 0.4357
                   reward/feet_air_time: 0.0093
                     reward/under_speed: -0.0489
                       reward/feet_slip: -0.0187
                  reward/feet_clearance: -0.0400
                       reward/lin_vel_z: -0.0276
                      reward/ang_vel_xy: -0.2742
                     reward/base_height: -0.2529
                     reward/orientation: -0.1011
                            reward/pose: -0.0173
                     reward/action_rate: -0.1012
                      reward/action_acc: -0.1781
             Metrics/twist/error_vel_xy: 0.3727
            Metrics/twist/error_vel_yaw: 0.3134
        Episode_Reward/tracking_lin_vel: 0.4722
        Episode_Reward/tracking_ang_vel: 0.0297
              Episode_Reward/feet_phase: 0.2410
     Episode_Reward/feet_phase_contrast: 0.3985
     Episode_Reward/feet_contact_number: 0.1340
           Episode_Reward/feet_air_time: 0.0065
             Episode_Reward/under_speed: -0.0187
               Episode_Reward/feet_slip: -0.0057
          Episode_Reward/feet_clearance: -0.0120
               Episode_Reward/lin_vel_z: -0.0083
              Episode_Reward/ang_vel_xy: -0.0921
             Episode_Reward/base_height: -0.1045
             Episode_Reward/orientation: -0.0417
                    Episode_Reward/pose: -0.0066
             Episode_Reward/action_rate: -0.0312
              Episode_Reward/action_acc: -0.0557
           Episode_Termination/time_out: 0.0625
    Episode_Termination/bad_orientation: 1.8125
--------------------------------------------------------------------------------
                         Iteration time: 0.44s
                           Time elapsed: 00:02:31
                                    ETA: 00:00:14

################################################################################
[1m                           Learning iteration 320/350                           [0m 

                            Total steps: 3944448 
                       Steps per second: 25837 
                        Collection time: 0.394s 
                          Learning time: 0.081s 
                        Mean value loss: 0.0960
                    Mean surrogate loss: -0.0096
                      Mean entropy loss: 3.0480
                            Mean reward: 25.67
                    Mean episode length: 403.76
                        Mean action std: 0.33
                reward/tracking_lin_vel: 1.7213
                reward/tracking_ang_vel: 0.0948
                      reward/feet_phase: 0.8123
             reward/feet_phase_contrast: 1.4199
             reward/feet_contact_number: 0.4350
                   reward/feet_air_time: 0.0068
                     reward/under_speed: -0.0422
                       reward/feet_slip: -0.0202
                  reward/feet_clearance: -0.0430
                       reward/lin_vel_z: -0.0289
                      reward/ang_vel_xy: -0.2338
                     reward/base_height: -0.1228
                     reward/orientation: -0.0590
                            reward/pose: -0.0177
                     reward/action_rate: -0.1047
                      reward/action_acc: -0.1812
             Metrics/twist/error_vel_xy: 0.4141
            Metrics/twist/error_vel_yaw: 0.2952
        Episode_Reward/tracking_lin_vel: 0.2122
        Episode_Reward/tracking_ang_vel: 0.0171
              Episode_Reward/feet_phase: 0.1143
     Episode_Reward/feet_phase_contrast: 0.1870
     Episode_Reward/feet_contact_number: 0.0765
           Episode_Reward/feet_air_time: 0.0043
             Episode_Reward/under_speed: -0.0143
               Episode_Reward/feet_slip: -0.0030
          Episode_Reward/feet_clearance: -0.0055
               Episode_Reward/lin_vel_z: -0.0059
              Episode_Reward/ang_vel_xy: -0.0630
             Episode_Reward/base_height: -0.1030
             Episode_Reward/orientation: -0.0442
                    Episode_Reward/pose: -0.0025
             Episode_Reward/action_rate: -0.0166
              Episode_Reward/action_acc: -0.0292
           Episode_Termination/time_out: 0.0000
    Episode_Termination/bad_orientation: 1.3636
--------------------------------------------------------------------------------
                         Iteration time: 0.48s
                           Time elapsed: 00:02:32
                                    ETA: 00:00:13

################################################################################
[1m                           Learning iteration 321/350                           [0m 

                            Total steps: 3956736 
                       Steps per second: 28381 
                        Collection time: 0.367s 
                          Learning time: 0.066s 
                        Mean value loss: 0.0982
                    Mean surrogate loss: -0.0079
                      Mean entropy loss: 3.0444
                            Mean reward: 23.92
                    Mean episode length: 381.14
                        Mean action std: 0.33
                reward/tracking_lin_vel: 1.7460
                reward/tracking_ang_vel: 0.0950
                      reward/feet_phase: 1.0099
             reward/feet_phase_contrast: 1.4360
             reward/feet_contact_number: 0.4438
                   reward/feet_air_time: 0.0022
                     reward/under_speed: -0.0394
                       reward/feet_slip: -0.0207
                  reward/feet_clearance: -0.0438
                       reward/lin_vel_z: -0.0286
                      reward/ang_vel_xy: -0.2257
                     reward/base_height: -0.0489
                     reward/orientation: -0.0430
                            reward/pose: -0.0180
                     reward/action_rate: -0.1075
                      reward/action_acc: -0.1867
--------------------------------------------------------------------------------
                         Iteration time: 0.43s
                           Time elapsed: 00:02:32
                                    ETA: 00:00:13

################################################################################
[1m                           Learning iteration 322/350                           [0m 

                            Total steps: 3969024 
                       Steps per second: 27893 
                        Collection time: 0.374s 
                          Learning time: 0.067s 
                        Mean value loss: 0.0634
                    Mean surrogate loss: -0.0070
                      Mean entropy loss: 3.0395
                            Mean reward: 21.31
                    Mean episode length: 349.17
                        Mean action std: 0.33
                reward/tracking_lin_vel: 1.7537
                reward/tracking_ang_vel: 0.0941
                      reward/feet_phase: 0.8241
             reward/feet_phase_contrast: 1.4437
             reward/feet_contact_number: 0.4376
                   reward/feet_air_time: 0.0014
                     reward/under_speed: -0.0380
                       reward/feet_slip: -0.0213
                  reward/feet_clearance: -0.0447
                       reward/lin_vel_z: -0.0290
                      reward/ang_vel_xy: -0.2267
                     reward/base_height: -0.0725
                     reward/orientation: -0.0448
                            reward/pose: -0.0181
                     reward/action_rate: -0.1083
                      reward/action_acc: -0.1875
--------------------------------------------------------------------------------
                         Iteration time: 0.44s
                           Time elapsed: 00:02:33
                                    ETA: 00:00:12

################################################################################
[1m                           Learning iteration 323/350                           [0m 

                            Total steps: 3981312 
                       Steps per second: 28934 
                        Collection time: 0.359s 
                          Learning time: 0.066s 
                        Mean value loss: 0.0288
                    Mean surrogate loss: -0.0098
                      Mean entropy loss: 3.0291
                            Mean reward: 21.51
                    Mean episode length: 351.05
                        Mean action std: 0.33
                reward/tracking_lin_vel: 1.7621
                reward/tracking_ang_vel: 0.0940
                      reward/feet_phase: 0.7838
             reward/feet_phase_contrast: 1.4447
             reward/feet_contact_number: 0.4356
                   reward/feet_air_time: 0.0012
                     reward/under_speed: -0.0376
                       reward/feet_slip: -0.0219
                  reward/feet_clearance: -0.0450
                       reward/lin_vel_z: -0.0285
                      reward/ang_vel_xy: -0.2207
                     reward/base_height: -0.0338
                     reward/orientation: -0.0328
                            reward/pose: -0.0182
                     reward/action_rate: -0.1090
                      reward/action_acc: -0.1873
--------------------------------------------------------------------------------
                         Iteration time: 0.42s
                           Time elapsed: 00:02:33
                                    ETA: 00:00:12

################################################################################
[1m                           Learning iteration 324/350                           [0m 

                            Total steps: 3993600 
                       Steps per second: 28858 
                        Collection time: 0.352s 
                          Learning time: 0.074s 
                        Mean value loss: 0.0290
                    Mean surrogate loss: -0.0066
                      Mean entropy loss: 3.0150
                            Mean reward: 20.90
                    Mean episode length: 344.88
                        Mean action std: 0.33
                reward/tracking_lin_vel: 1.7753
                reward/tracking_ang_vel: 0.0948
                      reward/feet_phase: 0.9403
             reward/feet_phase_contrast: 1.4587
             reward/feet_contact_number: 0.4354
                   reward/feet_air_time: 0.0005
                     reward/under_speed: -0.0353
                       reward/feet_slip: -0.0226
                  reward/feet_clearance: -0.0457
                       reward/lin_vel_z: -0.0287
                      reward/ang_vel_xy: -0.2143
                     reward/base_height: -0.0246
                     reward/orientation: -0.0279
                            reward/pose: -0.0185
                     reward/action_rate: -0.1099
                      reward/action_acc: -0.1886
             Metrics/twist/error_vel_xy: 0.2913
            Metrics/twist/error_vel_yaw: 0.0858
        Episode_Reward/tracking_lin_vel: 0.0148
        Episode_Reward/tracking_ang_vel: 0.0079
              Episode_Reward/feet_phase: 0.0000
     Episode_Reward/feet_phase_contrast: 0.0000
     Episode_Reward/feet_contact_number: 0.0230
           Episode_Reward/feet_air_time: 0.0000
             Episode_Reward/under_speed: -0.0117
               Episode_Reward/feet_slip: -0.0001
          Episode_Reward/feet_clearance: -0.0004
               Episode_Reward/lin_vel_z: -0.0003
              Episode_Reward/ang_vel_xy: -0.0299
             Episode_Reward/base_height: -0.1475
             Episode_Reward/orientation: -0.0386
                    Episode_Reward/pose: -0.0002
             Episode_Reward/action_rate: -0.0021
              Episode_Reward/action_acc: -0.0056
           Episode_Termination/time_out: 0.0000
    Episode_Termination/bad_orientation: 1.0000
--------------------------------------------------------------------------------
                         Iteration time: 0.43s
                           Time elapsed: 00:02:33
                                    ETA: 00:00:11

################################################################################
[1m                           Learning iteration 325/350                           [0m 

                            Total steps: 4005888 
                       Steps per second: 27756 
                        Collection time: 0.373s 
                          Learning time: 0.070s 
                        Mean value loss: 0.0256
                    Mean surrogate loss: -0.0073
                      Mean entropy loss: 3.0036
                            Mean reward: 22.92
                    Mean episode length: 365.88
                        Mean action std: 0.33
                reward/tracking_lin_vel: 1.7805
                reward/tracking_ang_vel: 0.0945
                      reward/feet_phase: 0.9706
             reward/feet_phase_contrast: 1.4610
             reward/feet_contact_number: 0.4380
                   reward/feet_air_time: 0.0011
                     reward/under_speed: -0.0344
                       reward/feet_slip: -0.0224
                  reward/feet_clearance: -0.0457
                       reward/lin_vel_z: -0.0287
                      reward/ang_vel_xy: -0.2142
                     reward/base_height: -0.0156
                     reward/orientation: -0.0264
                            reward/pose: -0.0186
                     reward/action_rate: -0.1090
                      reward/action_acc: -0.1858
--------------------------------------------------------------------------------
                         Iteration time: 0.44s
                           Time elapsed: 00:02:34
                                    ETA: 00:00:11

################################################################################
[1m                           Learning iteration 326/350                           [0m 

                            Total steps: 4018176 
                       Steps per second: 25008 
                        Collection time: 0.423s 
                          Learning time: 0.068s 
                        Mean value loss: 0.0604
                    Mean surrogate loss: -0.0084
                      Mean entropy loss: 2.9991
                            Mean reward: 34.46
                    Mean episode length: 495.79
                        Mean action std: 0.33
                reward/tracking_lin_vel: 1.7605
                reward/tracking_ang_vel: 0.0961
                      reward/feet_phase: 0.7862
             reward/feet_phase_contrast: 1.4462
             reward/feet_contact_number: 0.4348
                   reward/feet_air_time: 0.0018
                     reward/under_speed: -0.0373
                       reward/feet_slip: -0.0210
                  reward/feet_clearance: -0.0446
                       reward/lin_vel_z: -0.0281
                      reward/ang_vel_xy: -0.2117
                     reward/base_height: -0.0215
                     reward/orientation: -0.0275
                            reward/pose: -0.0182
                     reward/action_rate: -0.1080
                      reward/action_acc: -0.1863
             Metrics/twist/error_vel_xy: 0.3171
            Metrics/twist/error_vel_yaw: 0.7126
        Episode_Reward/tracking_lin_vel: 1.6473
        Episode_Reward/tracking_ang_vel: 0.0931
              Episode_Reward/feet_phase: 0.8301
     Episode_Reward/feet_phase_contrast: 1.3719
     Episode_Reward/feet_contact_number: 0.4195
           Episode_Reward/feet_air_time: 0.0024
             Episode_Reward/under_speed: -0.0378
               Episode_Reward/feet_slip: -0.0195
          Episode_Reward/feet_clearance: -0.0423
               Episode_Reward/lin_vel_z: -0.0280
              Episode_Reward/ang_vel_xy: -0.2266
             Episode_Reward/base_height: -0.0180
             Episode_Reward/orientation: -0.0333
                    Episode_Reward/pose: -0.0158
             Episode_Reward/action_rate: -0.1041
              Episode_Reward/action_acc: -0.1817
           Episode_Termination/time_out: 1.6111
    Episode_Termination/bad_orientation: 0.1111
--------------------------------------------------------------------------------
                         Iteration time: 0.49s
                           Time elapsed: 00:02:34
                                    ETA: 00:00:10

################################################################################
[1m                           Learning iteration 327/350                           [0m 

                            Total steps: 4030464 
                       Steps per second: 28110 
                        Collection time: 0.369s 
                          Learning time: 0.068s 
                        Mean value loss: 0.0254
                    Mean surrogate loss: -0.0068
                      Mean entropy loss: 2.9877
                            Mean reward: 34.64
                    Mean episode length: 496.21
                        Mean action std: 0.33
                reward/tracking_lin_vel: 1.7717
                reward/tracking_ang_vel: 0.0943
                      reward/feet_phase: 0.8102
             reward/feet_phase_contrast: 1.4554
             reward/feet_contact_number: 0.4361
                   reward/feet_air_time: 0.0016
                     reward/under_speed: -0.0365
                       reward/feet_slip: -0.0216
                  reward/feet_clearance: -0.0445
                       reward/lin_vel_z: -0.0276
                      reward/ang_vel_xy: -0.2084
                     reward/base_height: -0.0319
                     reward/orientation: -0.0296
                            reward/pose: -0.0188
                     reward/action_rate: -0.1075
                      reward/action_acc: -0.1835
--------------------------------------------------------------------------------
                         Iteration time: 0.44s
                           Time elapsed: 00:02:35
                                    ETA: 00:00:10

################################################################################
[1m                           Learning iteration 328/350                           [0m 

                            Total steps: 4042752 
                       Steps per second: 29593 
                        Collection time: 0.347s 
                          Learning time: 0.068s 
                        Mean value loss: 0.0488
                    Mean surrogate loss: -0.0077
                      Mean entropy loss: 2.9797
                            Mean reward: 37.09
                    Mean episode length: 524.96
                        Mean action std: 0.33
                reward/tracking_lin_vel: 1.7817
                reward/tracking_ang_vel: 0.0944
                      reward/feet_phase: 1.0235
             reward/feet_phase_contrast: 1.4601
             reward/feet_contact_number: 0.4371
                   reward/feet_air_time: 0.0023
                     reward/under_speed: -0.0346
                       reward/feet_slip: -0.0222
                  reward/feet_clearance: -0.0460
                       reward/lin_vel_z: -0.0285
                      reward/ang_vel_xy: -0.2079
                     reward/base_height: -0.0109
                     reward/orientation: -0.0238
                            reward/pose: -0.0188
                     reward/action_rate: -0.1102
                      reward/action_acc: -0.1877
             Metrics/twist/error_vel_xy: 0.2245
            Metrics/twist/error_vel_yaw: 0.7191
        Episode_Reward/tracking_lin_vel: 1.7486
        Episode_Reward/tracking_ang_vel: 0.0966
              Episode_Reward/feet_phase: 0.8449
     Episode_Reward/feet_phase_contrast: 1.4095
     Episode_Reward/feet_contact_number: 0.4375
           Episode_Reward/feet_air_time: 0.0010
             Episode_Reward/under_speed: -0.0502
               Episode_Reward/feet_slip: -0.0160
          Episode_Reward/feet_clearance: -0.0377
               Episode_Reward/lin_vel_z: -0.0272
              Episode_Reward/ang_vel_xy: -0.2063
             Episode_Reward/base_height: -0.0101
             Episode_Reward/orientation: -0.0274
                    Episode_Reward/pose: -0.0162
             Episode_Reward/action_rate: -0.1015
              Episode_Reward/action_acc: -0.1808
           Episode_Termination/time_out: 1.0000
    Episode_Termination/bad_orientation: 0.0000
--------------------------------------------------------------------------------
                         Iteration time: 0.42s
                           Time elapsed: 00:02:35
                                    ETA: 00:00:09

################################################################################
[1m                           Learning iteration 329/350                           [0m 

                            Total steps: 4055040 
                       Steps per second: 28978 
                        Collection time: 0.355s 
                          Learning time: 0.069s 
                        Mean value loss: 0.0207
                    Mean surrogate loss: -0.0078
                      Mean entropy loss: 2.9631
                            Mean reward: 37.66
                    Mean episode length: 531.94
                        Mean action std: 0.33
                reward/tracking_lin_vel: 1.7891
                reward/tracking_ang_vel: 0.0931
                      reward/feet_phase: 0.8613
             reward/feet_phase_contrast: 1.4627
             reward/feet_contact_number: 0.4375
                   reward/feet_air_time: 0.0015
                     reward/under_speed: -0.0336
                       reward/feet_slip: -0.0226
                  reward/feet_clearance: -0.0458
                       reward/lin_vel_z: -0.0284
                      reward/ang_vel_xy: -0.2077
                     reward/base_height: -0.0170
                     reward/orientation: -0.0248
                            reward/pose: -0.0185
                     reward/action_rate: -0.1096
                      reward/action_acc: -0.1865
--------------------------------------------------------------------------------
                         Iteration time: 0.42s
                           Time elapsed: 00:02:36
                                    ETA: 00:00:09

################################################################################
[1m                           Learning iteration 330/350                           [0m 

                            Total steps: 4067328 
                       Steps per second: 27381 
                        Collection time: 0.378s 
                          Learning time: 0.071s 
                        Mean value loss: 0.0240
                    Mean surrogate loss: -0.0064
                      Mean entropy loss: 2.9445
                            Mean reward: 38.11
                    Mean episode length: 538.22
                        Mean action std: 0.33
                reward/tracking_lin_vel: 1.7941
                reward/tracking_ang_vel: 0.0949
                      reward/feet_phase: 0.7956
             reward/feet_phase_contrast: 1.4665
             reward/feet_contact_number: 0.4379
                   reward/feet_air_time: 0.0007
                     reward/under_speed: -0.0329
                       reward/feet_slip: -0.0224
                  reward/feet_clearance: -0.0463
                       reward/lin_vel_z: -0.0283
                      reward/ang_vel_xy: -0.2060
                     reward/base_height: -0.0275
                     reward/orientation: -0.0249
                            reward/pose: -0.0184
                     reward/action_rate: -0.1097
                      reward/action_acc: -0.1877
--------------------------------------------------------------------------------
                         Iteration time: 0.45s
                           Time elapsed: 00:02:36
                                    ETA: 00:00:08

################################################################################
[1m                           Learning iteration 331/350                           [0m 

                            Total steps: 4079616 
                       Steps per second: 23234 
                        Collection time: 0.449s 
                          Learning time: 0.080s 
                        Mean value loss: 0.0091
                    Mean surrogate loss: -0.0084
                      Mean entropy loss: 2.9159
                            Mean reward: 38.30
                    Mean episode length: 541.11
                        Mean action std: 0.32
                reward/tracking_lin_vel: 1.7968
                reward/tracking_ang_vel: 0.0951
                      reward/feet_phase: 0.9068
             reward/feet_phase_contrast: 1.4666
             reward/feet_contact_number: 0.4387
                   reward/feet_air_time: 0.0015
                     reward/under_speed: -0.0331
                       reward/feet_slip: -0.0226
                  reward/feet_clearance: -0.0463
                       reward/lin_vel_z: -0.0285
                      reward/ang_vel_xy: -0.2049
                     reward/base_height: -0.0199
                     reward/orientation: -0.0247
                            reward/pose: -0.0183
                     reward/action_rate: -0.1088
                      reward/action_acc: -0.1845
--------------------------------------------------------------------------------
                         Iteration time: 0.53s
                           Time elapsed: 00:02:37
                                    ETA: 00:00:08

################################################################################
[1m                           Learning iteration 332/350                           [0m 

                            Total steps: 4091904 
                       Steps per second: 25211 
                        Collection time: 0.413s 
                          Learning time: 0.074s 
                        Mean value loss: 0.0158
                    Mean surrogate loss: -0.0079
                      Mean entropy loss: 2.8685
                            Mean reward: 38.32
                    Mean episode length: 541.11
                        Mean action std: 0.32
                reward/tracking_lin_vel: 1.8001
                reward/tracking_ang_vel: 0.0946
                      reward/feet_phase: 1.0010
             reward/feet_phase_contrast: 1.4632
             reward/feet_contact_number: 0.4363
                   reward/feet_air_time: 0.0003
                     reward/under_speed: -0.0339
                       reward/feet_slip: -0.0227
                  reward/feet_clearance: -0.0461
                       reward/lin_vel_z: -0.0282
                      reward/ang_vel_xy: -0.1991
                     reward/base_height: -0.0136
                     reward/orientation: -0.0208
                            reward/pose: -0.0185
                     reward/action_rate: -0.1083
                      reward/action_acc: -0.1838
--------------------------------------------------------------------------------
                         Iteration time: 0.49s
                           Time elapsed: 00:02:37
                                    ETA: 00:00:08

################################################################################
[1m                           Learning iteration 333/350                           [0m 

                            Total steps: 4104192 
                       Steps per second: 28495 
                        Collection time: 0.362s 
                          Learning time: 0.070s 
                        Mean value loss: 8.4498
                    Mean surrogate loss: -0.0087
                      Mean entropy loss: 2.8454
                            Mean reward: 37.99
                    Mean episode length: 537.16
                        Mean action std: 0.32
                reward/tracking_lin_vel: 0.9927
                reward/tracking_ang_vel: 0.0880
                      reward/feet_phase: 0.6525
             reward/feet_phase_contrast: 1.2116
             reward/feet_contact_number: 0.4256
                   reward/feet_air_time: 0.0837
                     reward/under_speed: -0.0588
                       reward/feet_slip: -0.0227
                  reward/feet_clearance: -0.0439
                       reward/lin_vel_z: -0.0392
                      reward/ang_vel_xy: -0.3321
                     reward/base_height: -0.0460
                     reward/orientation: -0.0871
                            reward/pose: -0.0189
                     reward/action_rate: -0.1062
                      reward/action_acc: -0.1806
--------------------------------------------------------------------------------
                         Iteration time: 0.43s
                           Time elapsed: 00:02:38
                                    ETA: 00:00:07

################################################################################
[1m                           Learning iteration 334/350                           [0m 

                            Total steps: 4116480 
                       Steps per second: 28080 
                        Collection time: 0.370s 
                          Learning time: 0.068s 
                        Mean value loss: 0.4704
                    Mean surrogate loss: -0.0102
                      Mean entropy loss: 2.8417
                            Mean reward: 35.30
                    Mean episode length: 503.32
                        Mean action std: 0.32
                reward/tracking_lin_vel: 1.0507
                reward/tracking_ang_vel: 0.0879
                      reward/feet_phase: 0.6689
             reward/feet_phase_contrast: 1.1821
             reward/feet_contact_number: 0.4187
                   reward/feet_air_time: 0.1439
                     reward/under_speed: -0.0494
                       reward/feet_slip: -0.0191
                  reward/feet_clearance: -0.0450
                       reward/lin_vel_z: -0.0564
                      reward/ang_vel_xy: -0.7432
                     reward/base_height: -1.1410
                     reward/orientation: -0.5010
                            reward/pose: -0.0215
                     reward/action_rate: -0.0980
                      reward/action_acc: -0.1646
             Metrics/twist/error_vel_xy: 0.3067
            Metrics/twist/error_vel_yaw: 0.3900
        Episode_Reward/tracking_lin_vel: 0.8356
        Episode_Reward/tracking_ang_vel: 0.0465
              Episode_Reward/feet_phase: 0.4332
     Episode_Reward/feet_phase_contrast: 0.7174
     Episode_Reward/feet_contact_number: 0.2197
           Episode_Reward/feet_air_time: 0.0095
             Episode_Reward/under_speed: -0.0192
               Episode_Reward/feet_slip: -0.0111
          Episode_Reward/feet_clearance: -0.0228
               Episode_Reward/lin_vel_z: -0.0165
              Episode_Reward/ang_vel_xy: -0.1493
             Episode_Reward/base_height: -0.0714
             Episode_Reward/orientation: -0.0399
                    Episode_Reward/pose: -0.0094
             Episode_Reward/action_rate: -0.0551
              Episode_Reward/action_acc: -0.0941
           Episode_Termination/time_out: 0.2083
    Episode_Termination/bad_orientation: 7.8750
--------------------------------------------------------------------------------
                         Iteration time: 0.44s
                           Time elapsed: 00:02:38
                                    ETA: 00:00:07

################################################################################
[1m                           Learning iteration 335/350                           [0m 

                            Total steps: 4128768 
                       Steps per second: 27181 
                        Collection time: 0.386s 
                          Learning time: 0.066s 
                        Mean value loss: 0.3579
                    Mean surrogate loss: -0.0101
                      Mean entropy loss: 2.8400
                            Mean reward: 36.69
                    Mean episode length: 530.99
                        Mean action std: 0.32
                reward/tracking_lin_vel: 1.4930
                reward/tracking_ang_vel: 0.0978
                      reward/feet_phase: 0.8666
             reward/feet_phase_contrast: 1.2769
             reward/feet_contact_number: 0.4307
                   reward/feet_air_time: 0.0156
                     reward/under_speed: -0.0566
                       reward/feet_slip: -0.0184
                  reward/feet_clearance: -0.0379
                       reward/lin_vel_z: -0.0277
                      reward/ang_vel_xy: -0.2933
                     reward/base_height: -0.4128
                     reward/orientation: -0.1482
                            reward/pose: -0.0172
                     reward/action_rate: -0.0922
                      reward/action_acc: -0.1625
             Metrics/twist/error_vel_xy: 0.3804
            Metrics/twist/error_vel_yaw: 0.4874
        Episode_Reward/tracking_lin_vel: 0.9246
        Episode_Reward/tracking_ang_vel: 0.0533
              Episode_Reward/feet_phase: 0.4720
     Episode_Reward/feet_phase_contrast: 0.7782
     Episode_Reward/feet_contact_number: 0.2476
           Episode_Reward/feet_air_time: 0.0121
             Episode_Reward/under_speed: -0.0259
               Episode_Reward/feet_slip: -0.0113
          Episode_Reward/feet_clearance: -0.0237
               Episode_Reward/lin_vel_z: -0.0160
              Episode_Reward/ang_vel_xy: -0.1475
             Episode_Reward/base_height: -0.0999
             Episode_Reward/orientation: -0.0489
                    Episode_Reward/pose: -0.0114
             Episode_Reward/action_rate: -0.0594
              Episode_Reward/action_acc: -0.1030
           Episode_Termination/time_out: 0.0455
    Episode_Termination/bad_orientation: 2.8182
--------------------------------------------------------------------------------
                         Iteration time: 0.45s
                           Time elapsed: 00:02:38
                                    ETA: 00:00:06

################################################################################
[1m                           Learning iteration 336/350                           [0m 

                            Total steps: 4141056 
                       Steps per second: 27964 
                        Collection time: 0.374s 
                          Learning time: 0.065s 
                        Mean value loss: 0.1619
                    Mean surrogate loss: -0.0083
                      Mean entropy loss: 2.8364
                            Mean reward: 29.99
                    Mean episode length: 452.92
                        Mean action std: 0.32
                reward/tracking_lin_vel: 1.6385
                reward/tracking_ang_vel: 0.0950
                      reward/feet_phase: 0.8384
             reward/feet_phase_contrast: 1.3577
             reward/feet_contact_number: 0.4378
                   reward/feet_air_time: 0.0135
                     reward/under_speed: -0.0459
                       reward/feet_slip: -0.0198
                  reward/feet_clearance: -0.0428
                       reward/lin_vel_z: -0.0279
                      reward/ang_vel_xy: -0.2575
                     reward/base_height: -0.2962
                     reward/orientation: -0.1049
                            reward/pose: -0.0176
                     reward/action_rate: -0.1017
                      reward/action_acc: -0.1753
             Metrics/twist/error_vel_xy: 0.4340
            Metrics/twist/error_vel_yaw: 0.2601
        Episode_Reward/tracking_lin_vel: 0.3432
        Episode_Reward/tracking_ang_vel: 0.0234
              Episode_Reward/feet_phase: 0.1799
     Episode_Reward/feet_phase_contrast: 0.2960
     Episode_Reward/feet_contact_number: 0.1048
           Episode_Reward/feet_air_time: 0.0025
             Episode_Reward/under_speed: -0.0155
               Episode_Reward/feet_slip: -0.0047
          Episode_Reward/feet_clearance: -0.0088
               Episode_Reward/lin_vel_z: -0.0071
              Episode_Reward/ang_vel_xy: -0.0777
             Episode_Reward/base_height: -0.1184
             Episode_Reward/orientation: -0.0430
                    Episode_Reward/pose: -0.0044
             Episode_Reward/action_rate: -0.0241
              Episode_Reward/action_acc: -0.0420
           Episode_Termination/time_out: 0.0000
    Episode_Termination/bad_orientation: 1.5263
--------------------------------------------------------------------------------
                         Iteration time: 0.44s
                           Time elapsed: 00:02:39
                                    ETA: 00:00:06

################################################################################
[1m                           Learning iteration 337/350                           [0m 

                            Total steps: 4153344 
                       Steps per second: 25505 
                        Collection time: 0.397s 
                          Learning time: 0.084s 
                        Mean value loss: 0.1345
                    Mean surrogate loss: -0.0082
                      Mean entropy loss: 2.8314
                            Mean reward: 23.89
                    Mean episode length: 379.40
                        Mean action std: 0.32
                reward/tracking_lin_vel: 1.7277
                reward/tracking_ang_vel: 0.0941
                      reward/feet_phase: 0.7717
             reward/feet_phase_contrast: 1.4154
             reward/feet_contact_number: 0.4407
                   reward/feet_air_time: 0.0078
                     reward/under_speed: -0.0393
                       reward/feet_slip: -0.0219
                  reward/feet_clearance: -0.0445
                       reward/lin_vel_z: -0.0275
                      reward/ang_vel_xy: -0.2169
                     reward/base_height: -0.1192
                     reward/orientation: -0.0526
                            reward/pose: -0.0175
                     reward/action_rate: -0.1056
                      reward/action_acc: -0.1798
             Metrics/twist/error_vel_xy: 0.4039
            Metrics/twist/error_vel_yaw: 0.1630
        Episode_Reward/tracking_lin_vel: 0.0162
        Episode_Reward/tracking_ang_vel: 0.0066
              Episode_Reward/feet_phase: 0.0035
     Episode_Reward/feet_phase_contrast: 0.0046
     Episode_Reward/feet_contact_number: 0.0243
           Episode_Reward/feet_air_time: 0.0079
             Episode_Reward/under_speed: -0.0101
               Episode_Reward/feet_slip: -0.0002
          Episode_Reward/feet_clearance: -0.0009
               Episode_Reward/lin_vel_z: -0.0007
              Episode_Reward/ang_vel_xy: -0.0305
             Episode_Reward/base_height: -0.1176
             Episode_Reward/orientation: -0.0379
                    Episode_Reward/pose: -0.0008
             Episode_Reward/action_rate: -0.0021
              Episode_Reward/action_acc: -0.0055
           Episode_Termination/time_out: 0.0000
    Episode_Termination/bad_orientation: 1.2500
--------------------------------------------------------------------------------
                         Iteration time: 0.48s
                           Time elapsed: 00:02:39
                                    ETA: 00:00:05

################################################################################
[1m                           Learning iteration 338/350                           [0m 

                            Total steps: 4165632 
                       Steps per second: 27494 
                        Collection time: 0.379s 
                          Learning time: 0.068s 
                        Mean value loss: 0.0259
                    Mean surrogate loss: -0.0063
                      Mean entropy loss: 2.8310
                            Mean reward: 20.64
                    Mean episode length: 341.82
                        Mean action std: 0.32
                reward/tracking_lin_vel: 1.7604
                reward/tracking_ang_vel: 0.0952
                      reward/feet_phase: 0.8571
             reward/feet_phase_contrast: 1.4439
             reward/feet_contact_number: 0.4395
                   reward/feet_air_time: 0.0042
                     reward/under_speed: -0.0366
                       reward/feet_slip: -0.0225
                  reward/feet_clearance: -0.0458
                       reward/lin_vel_z: -0.0278
                      reward/ang_vel_xy: -0.2155
                     reward/base_height: -0.1141
                     reward/orientation: -0.0471
                            reward/pose: -0.0168
                     reward/action_rate: -0.1063
                      reward/action_acc: -0.1814
--------------------------------------------------------------------------------
                         Iteration time: 0.45s
                           Time elapsed: 00:02:40
                                    ETA: 00:00:05

################################################################################
[1m                           Learning iteration 339/350                           [0m 

                            Total steps: 4177920 
                       Steps per second: 25242 
                        Collection time: 0.420s 
                          Learning time: 0.067s 
                        Mean value loss: 0.0355
                    Mean surrogate loss: -0.0067
                      Mean entropy loss: 2.8176
                            Mean reward: 18.69
                    Mean episode length: 317.90
                        Mean action std: 0.32
                reward/tracking_lin_vel: 1.7938
                reward/tracking_ang_vel: 0.0963
                      reward/feet_phase: 1.0242
             reward/feet_phase_contrast: 1.4647
             reward/feet_contact_number: 0.4409
                   reward/feet_air_time: 0.0014
                     reward/under_speed: -0.0360
                       reward/feet_slip: -0.0217
                  reward/feet_clearance: -0.0451
                       reward/lin_vel_z: -0.0273
                      reward/ang_vel_xy: -0.1928
                     reward/base_height: -0.0457
                     reward/orientation: -0.0248
                            reward/pose: -0.0167
                     reward/action_rate: -0.1055
                      reward/action_acc: -0.1803
             Metrics/twist/error_vel_xy: 0.3575
            Metrics/twist/error_vel_yaw: 0.2889
        Episode_Reward/tracking_lin_vel: 0.0530
        Episode_Reward/tracking_ang_vel: 0.0072
              Episode_Reward/feet_phase: 0.0391
     Episode_Reward/feet_phase_contrast: 0.0582
     Episode_Reward/feet_contact_number: 0.0330
           Episode_Reward/feet_air_time: 0.0069
             Episode_Reward/under_speed: -0.0087
               Episode_Reward/feet_slip: -0.0013
          Episode_Reward/feet_clearance: -0.0017
               Episode_Reward/lin_vel_z: -0.0025
              Episode_Reward/ang_vel_xy: -0.0447
             Episode_Reward/base_height: -0.1088
             Episode_Reward/orientation: -0.0388
                    Episode_Reward/pose: -0.0018
             Episode_Reward/action_rate: -0.0063
              Episode_Reward/action_acc: -0.0112
           Episode_Termination/time_out: 0.0000
    Episode_Termination/bad_orientation: 1.0000
--------------------------------------------------------------------------------
                         Iteration time: 0.49s
                           Time elapsed: 00:02:40
                                    ETA: 00:00:04

################################################################################
[1m                           Learning iteration 340/350                           [0m 

                            Total steps: 4190208 
                       Steps per second: 29556 
                        Collection time: 0.348s 
                          Learning time: 0.068s 
                        Mean value loss: 0.0136
                    Mean surrogate loss: -0.0065
                      Mean entropy loss: 2.8009
                            Mean reward: 18.69
                    Mean episode length: 317.90
                        Mean action std: 0.32
                reward/tracking_lin_vel: 1.8006
                reward/tracking_ang_vel: 0.0959
                      reward/feet_phase: 0.8126
             reward/feet_phase_contrast: 1.4641
             reward/feet_contact_number: 0.4415
                   reward/feet_air_time: 0.0015
                     reward/under_speed: -0.0354
                       reward/feet_slip: -0.0220
                  reward/feet_clearance: -0.0457
                       reward/lin_vel_z: -0.0267
                      reward/ang_vel_xy: -0.1902
                     reward/base_height: -0.0109
                     reward/orientation: -0.0194
                            reward/pose: -0.0168
                     reward/action_rate: -0.1053
                      reward/action_acc: -0.1790
--------------------------------------------------------------------------------
                         Iteration time: 0.42s
                           Time elapsed: 00:02:41
                                    ETA: 00:00:04

################################################################################
[1m                           Learning iteration 341/350                           [0m 

                            Total steps: 4202496 
                       Steps per second: 28999 
                        Collection time: 0.354s 
                          Learning time: 0.069s 
                        Mean value loss: 0.0045
                    Mean surrogate loss: -0.0087
                      Mean entropy loss: 2.7733
                            Mean reward: 18.08
                    Mean episode length: 310.77
                        Mean action std: 0.32
                reward/tracking_lin_vel: 1.8028
                reward/tracking_ang_vel: 0.0954
                      reward/feet_phase: 0.7945
             reward/feet_phase_contrast: 1.4667
             reward/feet_contact_number: 0.4364
                   reward/feet_air_time: 0.0005
                     reward/under_speed: -0.0357
                       reward/feet_slip: -0.0229
                  reward/feet_clearance: -0.0460
                       reward/lin_vel_z: -0.0269
                      reward/ang_vel_xy: -0.1929
                     reward/base_height: -0.0271
                     reward/orientation: -0.0215
                            reward/pose: -0.0167
                     reward/action_rate: -0.1053
                      reward/action_acc: -0.1784
--------------------------------------------------------------------------------
                         Iteration time: 0.42s
                           Time elapsed: 00:02:41
                                    ETA: 00:00:03

################################################################################
[1m                           Learning iteration 342/350                           [0m 

                            Total steps: 4214784 
                       Steps per second: 26696 
                        Collection time: 0.393s 
                          Learning time: 0.067s 
                        Mean value loss: 0.0162
                    Mean surrogate loss: -0.0089
                      Mean entropy loss: 2.7364
                            Mean reward: 27.55
                    Mean episode length: 415.03
                        Mean action std: 0.32
                reward/tracking_lin_vel: 1.8022
                reward/tracking_ang_vel: 0.0973
                      reward/feet_phase: 0.9782
             reward/feet_phase_contrast: 1.4617
             reward/feet_contact_number: 0.4359
                   reward/feet_air_time: 0.0001
                     reward/under_speed: -0.0370
                       reward/feet_slip: -0.0217
                  reward/feet_clearance: -0.0447
                       reward/lin_vel_z: -0.0264
                      reward/ang_vel_xy: -0.1838
                     reward/base_height: -0.0097
                     reward/orientation: -0.0166
                            reward/pose: -0.0163
                     reward/action_rate: -0.1030
                      reward/action_acc: -0.1760
--------------------------------------------------------------------------------
                         Iteration time: 0.46s
                           Time elapsed: 00:02:42
                                    ETA: 00:00:03

################################################################################
[1m                           Learning iteration 343/350                           [0m 

                            Total steps: 4227072 
                       Steps per second: 25513 
                        Collection time: 0.410s 
                          Learning time: 0.072s 
                        Mean value loss: 0.0620
                    Mean surrogate loss: -0.0072
                      Mean entropy loss: 2.7281
                            Mean reward: 40.49
                    Mean episode length: 561.88
                        Mean action std: 0.32
                reward/tracking_lin_vel: 1.7766
                reward/tracking_ang_vel: 0.0989
                      reward/feet_phase: 0.9225
             reward/feet_phase_contrast: 1.4449
             reward/feet_contact_number: 0.4342
                   reward/feet_air_time: 0.0014
                     reward/under_speed: -0.0408
                       reward/feet_slip: -0.0205
                  reward/feet_clearance: -0.0432
                       reward/lin_vel_z: -0.0250
                      reward/ang_vel_xy: -0.1769
                     reward/base_height: -0.0091
                     reward/orientation: -0.0169
                            reward/pose: -0.0160
                     reward/action_rate: -0.0996
                      reward/action_acc: -0.1704
             Metrics/twist/error_vel_xy: 0.2738
            Metrics/twist/error_vel_yaw: 0.7190
        Episode_Reward/tracking_lin_vel: 1.7403
        Episode_Reward/tracking_ang_vel: 0.0993
              Episode_Reward/feet_phase: 0.8706
     Episode_Reward/feet_phase_contrast: 1.4388
     Episode_Reward/feet_contact_number: 0.4362
           Episode_Reward/feet_air_time: 0.0034
             Episode_Reward/under_speed: -0.0397
               Episode_Reward/feet_slip: -0.0203
          Episode_Reward/feet_clearance: -0.0445
               Episode_Reward/lin_vel_z: -0.0282
              Episode_Reward/ang_vel_xy: -0.1968
             Episode_Reward/base_height: -0.0105
             Episode_Reward/orientation: -0.0253
                    Episode_Reward/pose: -0.0176
             Episode_Reward/action_rate: -0.1041
              Episode_Reward/action_acc: -0.1822
           Episode_Termination/time_out: 1.7333
    Episode_Termination/bad_orientation: 0.0000
--------------------------------------------------------------------------------
                         Iteration time: 0.48s
                           Time elapsed: 00:02:42
                                    ETA: 00:00:02

################################################################################
[1m                           Learning iteration 344/350                           [0m 

                            Total steps: 4239360 
                       Steps per second: 26353 
                        Collection time: 0.380s 
                          Learning time: 0.087s 
                        Mean value loss: 0.0095
                    Mean surrogate loss: -0.0090
                      Mean entropy loss: 2.7303
                            Mean reward: 43.19
                    Mean episode length: 593.05
                        Mean action std: 0.32
                reward/tracking_lin_vel: 1.7884
                reward/tracking_ang_vel: 0.0972
                      reward/feet_phase: 0.7851
             reward/feet_phase_contrast: 1.4535
             reward/feet_contact_number: 0.4388
                   reward/feet_air_time: 0.0018
                     reward/under_speed: -0.0375
                       reward/feet_slip: -0.0212
                  reward/feet_clearance: -0.0444
                       reward/lin_vel_z: -0.0254
                      reward/ang_vel_xy: -0.1869
                     reward/base_height: -0.0488
                     reward/orientation: -0.0307
                            reward/pose: -0.0167
                     reward/action_rate: -0.1014
                      reward/action_acc: -0.1732
--------------------------------------------------------------------------------
                         Iteration time: 0.47s
                           Time elapsed: 00:02:43
                                    ETA: 00:00:02

################################################################################
[1m                           Learning iteration 345/350                           [0m 

                            Total steps: 4251648 
                       Steps per second: 27281 
                        Collection time: 0.383s 
                          Learning time: 0.067s 
                        Mean value loss: 0.0169
                    Mean surrogate loss: -0.0085
                      Mean entropy loss: 2.7214
                            Mean reward: 45.03
                    Mean episode length: 613.64
                        Mean action std: 0.32
                reward/tracking_lin_vel: 1.8001
                reward/tracking_ang_vel: 0.0964
                      reward/feet_phase: 0.8369
             reward/feet_phase_contrast: 1.4624
             reward/feet_contact_number: 0.4385
                   reward/feet_air_time: 0.0007
                     reward/under_speed: -0.0346
                       reward/feet_slip: -0.0227
                  reward/feet_clearance: -0.0453
                       reward/lin_vel_z: -0.0273
                      reward/ang_vel_xy: -0.1862
                     reward/base_height: -0.0340
                     reward/orientation: -0.0214
                            reward/pose: -0.0172
                     reward/action_rate: -0.1041
                      reward/action_acc: -0.1757
             Metrics/twist/error_vel_xy: 0.2982
            Metrics/twist/error_vel_yaw: 0.3691
        Episode_Reward/tracking_lin_vel: 0.7158
        Episode_Reward/tracking_ang_vel: 0.0451
              Episode_Reward/feet_phase: 0.3918
     Episode_Reward/feet_phase_contrast: 0.6381
     Episode_Reward/feet_contact_number: 0.1977
           Episode_Reward/feet_air_time: 0.0063
             Episode_Reward/under_speed: -0.0142
               Episode_Reward/feet_slip: -0.0125
          Episode_Reward/feet_clearance: -0.0237
               Episode_Reward/lin_vel_z: -0.0161
              Episode_Reward/ang_vel_xy: -0.1119
             Episode_Reward/base_height: -0.0645
             Episode_Reward/orientation: -0.0371
                    Episode_Reward/pose: -0.0066
             Episode_Reward/action_rate: -0.0512
              Episode_Reward/action_acc: -0.0848
           Episode_Termination/time_out: 0.5714
    Episode_Termination/bad_orientation: 0.5714
--------------------------------------------------------------------------------
                         Iteration time: 0.45s
                           Time elapsed: 00:02:43
                                    ETA: 00:00:01

################################################################################
[1m                           Learning iteration 346/350                           [0m 

                            Total steps: 4263936 
                       Steps per second: 27646 
                        Collection time: 0.378s 
                          Learning time: 0.066s 
                        Mean value loss: 0.0073
                    Mean surrogate loss: -0.0088
                      Mean entropy loss: 2.6999
                            Mean reward: 45.88
                    Mean episode length: 623.10
                        Mean action std: 0.32
                reward/tracking_lin_vel: 1.8111
                reward/tracking_ang_vel: 0.0960
                      reward/feet_phase: 1.0366
             reward/feet_phase_contrast: 1.4736
             reward/feet_contact_number: 0.4364
                   reward/feet_air_time: 0.0001
                     reward/under_speed: -0.0327
                       reward/feet_slip: -0.0224
                  reward/feet_clearance: -0.0459
                       reward/lin_vel_z: -0.0269
                      reward/ang_vel_xy: -0.1816
                     reward/base_height: -0.0101
                     reward/orientation: -0.0166
                            reward/pose: -0.0171
                     reward/action_rate: -0.1054
                      reward/action_acc: -0.1779
--------------------------------------------------------------------------------
                         Iteration time: 0.44s
                           Time elapsed: 00:02:43
                                    ETA: 00:00:01

################################################################################
[1m                           Learning iteration 347/350                           [0m 

                            Total steps: 4276224 
                       Steps per second: 28254 
                        Collection time: 0.369s 
                          Learning time: 0.066s 
                        Mean value loss: 0.0087
                    Mean surrogate loss: -0.0091
                      Mean entropy loss: 2.6618
                            Mean reward: 46.73
                    Mean episode length: 632.73
                        Mean action std: 0.32
                reward/tracking_lin_vel: 1.8140
                reward/tracking_ang_vel: 0.0952
                      reward/feet_phase: 0.8407
             reward/feet_phase_contrast: 1.4765
             reward/feet_contact_number: 0.4430
                   reward/feet_air_time: 0.0008
                     reward/under_speed: -0.0317
                       reward/feet_slip: -0.0231
                  reward/feet_clearance: -0.0465
                       reward/lin_vel_z: -0.0277
                      reward/ang_vel_xy: -0.1834
                     reward/base_height: -0.0175
                     reward/orientation: -0.0178
                            reward/pose: -0.0173
                     reward/action_rate: -0.1053
                      reward/action_acc: -0.1766
--------------------------------------------------------------------------------
                         Iteration time: 0.43s
                           Time elapsed: 00:02:44
                                    ETA: 00:00:00

################################################################################
[1m                           Learning iteration 348/350                           [0m 

                            Total steps: 4288512 
                       Steps per second: 28441 
                        Collection time: 0.364s 
                          Learning time: 0.068s 
                        Mean value loss: 0.0102
                    Mean surrogate loss: -0.0085
                      Mean entropy loss: 2.6259
                            Mean reward: 48.37
                    Mean episode length: 651.53
                        Mean action std: 0.31
                reward/tracking_lin_vel: 1.8147
                reward/tracking_ang_vel: 0.0967
                      reward/feet_phase: 0.8011
             reward/feet_phase_contrast: 1.4767
             reward/feet_contact_number: 0.4374
                   reward/feet_air_time: 0.0004
                     reward/under_speed: -0.0318
                       reward/feet_slip: -0.0225
                  reward/feet_clearance: -0.0463
                       reward/lin_vel_z: -0.0276
                      reward/ang_vel_xy: -0.1799
                     reward/base_height: -0.0103
                     reward/orientation: -0.0152
                            reward/pose: -0.0170
                     reward/action_rate: -0.1049
                      reward/action_acc: -0.1755
             Metrics/twist/error_vel_xy: 0.2399
            Metrics/twist/error_vel_yaw: 0.5249
        Episode_Reward/tracking_lin_vel: 1.7407
        Episode_Reward/tracking_ang_vel: 0.1071
              Episode_Reward/feet_phase: 0.8855
     Episode_Reward/feet_phase_contrast: 1.4568
     Episode_Reward/feet_contact_number: 0.4325
           Episode_Reward/feet_air_time: 0.0044
             Episode_Reward/under_speed: -0.0322
               Episode_Reward/feet_slip: -0.0210
          Episode_Reward/feet_clearance: -0.0468
               Episode_Reward/lin_vel_z: -0.0312
              Episode_Reward/ang_vel_xy: -0.2038
             Episode_Reward/base_height: -0.0132
             Episode_Reward/orientation: -0.0259
                    Episode_Reward/pose: -0.0126
             Episode_Reward/action_rate: -0.1042
              Episode_Reward/action_acc: -0.1784
           Episode_Termination/time_out: 1.0000
    Episode_Termination/bad_orientation: 0.0000
--------------------------------------------------------------------------------
                         Iteration time: 0.43s
                           Time elapsed: 00:02:44
                                    ETA: 00:00:00

################################################################################
[1m                           Learning iteration 349/350                           [0m 

                            Total steps: 4300800 
                       Steps per second: 27674 
                        Collection time: 0.376s 
                          Learning time: 0.068s 
                        Mean value loss: 5.5234
                    Mean surrogate loss: -0.0071
                      Mean entropy loss: 2.6024
                            Mean reward: 48.37
                    Mean episode length: 651.53
                        Mean action std: 0.31
                reward/tracking_lin_vel: 1.8191
                reward/tracking_ang_vel: 0.0974
                      reward/feet_phase: 0.9560
             reward/feet_phase_contrast: 1.4799
             reward/feet_contact_number: 0.4359
                   reward/feet_air_time: 0.0004
                     reward/under_speed: -0.0317
                       reward/feet_slip: -0.0223
                  reward/feet_clearance: -0.0460
                       reward/lin_vel_z: -0.0275
                      reward/ang_vel_xy: -0.1762
                     reward/base_height: -0.0103
                     reward/orientation: -0.0150
                            reward/pose: -0.0175
                     reward/action_rate: -0.1046
                      reward/action_acc: -0.1755
--------------------------------------------------------------------------------
                         Iteration time: 0.44s
                           Time elapsed: 00:02:45
                                    ETA: 00:00:00

