✅ CUDA 可见；训练期间将禁止系统休眠（systemd-inhibit）
[rank 0/1] Using device: cuda
[2026-09-19 23:01:34,340][unisim.backend.mujoco.chunk_tuner][INFO] - chunk_size: cache hit -> chosen=2 | default(=2)=27.19ms, 1=26.05ms, 2=26.52ms, 3=26.82ms, 4=26.75ms, 6=27.84ms, 7=28.76ms, 13=31.78ms, 23=29.17ms, 24=29.21ms
--------------------------------------------------------------------------------
Resolved observation sets: 
	 default :  ['policy']
	 actor :  ['actor']
	 critic :  ['critic']
--------------------------------------------------------------------------------
Actor Model: MLPModel(
  (obs_normalizer): EmpiricalNormalization()
  (distribution): GaussianDistribution()
  (mlp): MLP(
    (0): Linear(in_features=39, out_features=512, bias=True)
    (1): ELU(alpha=1.0)
    (2): Linear(in_features=512, out_features=256, bias=True)
    (3): ELU(alpha=1.0)
    (4): Linear(in_features=256, out_features=128, bias=True)
    (5): ELU(alpha=1.0)
    (6): Linear(in_features=128, out_features=10, bias=True)
  )
)
Critic Model: MLPModel(
  (obs_normalizer): EmpiricalNormalization()
  (mlp): MLP(
    (0): Linear(in_features=42, out_features=512, bias=True)
    (1): ELU(alpha=1.0)
    (2): Linear(in_features=512, out_features=256, bias=True)
    (3): ELU(alpha=1.0)
    (4): Linear(in_features=256, out_features=128, bias=True)
    (5): ELU(alpha=1.0)
    (6): Linear(in_features=128, out_features=1, bias=True)
  )
)
Storing git diff for 'UniLab' in: $UNILAB_ROOT/logs/rsl_rl_ppo/DM10JoystickFlat/2026-09-19_23-01-34_mujoco/git/UniLab.diff
################################################################################
[1m                            Learning iteration 0/250                            [0m 

                            Total steps: 12288 
                       Steps per second: 17597 
                        Collection time: 0.527s 
                          Learning time: 0.171s 
                        Mean value loss: 0.1301
                    Mean surrogate loss: -0.0046
                      Mean entropy loss: 7.2613
                            Mean reward: -0.04
                    Mean episode length: 12.78
                        Mean action std: 0.50
                reward/tracking_lin_vel: 0.6579
                reward/tracking_ang_vel: 0.1171
                      reward/feet_phase: 0.2864
             reward/feet_phase_contrast: 0.4586
             reward/feet_contact_number: 0.4472
                   reward/feet_air_time: 0.0014
                     reward/under_speed: -0.1597
                       reward/feet_slip: -0.0027
                  reward/feet_clearance: -0.0108
                       reward/lin_vel_z: -0.0079
                      reward/ang_vel_xy: -0.2550
                     reward/base_height: -0.2943
                     reward/orientation: -0.2323
                            reward/pose: -0.0098
                     reward/action_rate: -0.0492
                      reward/action_acc: -0.1437
             Metrics/twist/error_vel_xy: 0.0635
            Metrics/twist/error_vel_yaw: 0.0317
        Episode_Reward/tracking_lin_vel: 0.0074
        Episode_Reward/tracking_ang_vel: 0.0015
              Episode_Reward/feet_phase: 0.0028
     Episode_Reward/feet_phase_contrast: 0.0049
     Episode_Reward/feet_contact_number: 0.0052
           Episode_Reward/feet_air_time: 0.0002
             Episode_Reward/under_speed: -0.0021
               Episode_Reward/feet_slip: -0.0001
          Episode_Reward/feet_clearance: -0.0002
               Episode_Reward/lin_vel_z: -0.0002
              Episode_Reward/ang_vel_xy: -0.0055
             Episode_Reward/base_height: -0.0097
             Episode_Reward/orientation: -0.0039
                    Episode_Reward/pose: -0.0001
             Episode_Reward/action_rate: -0.0006
              Episode_Reward/action_acc: -0.0018
           Episode_Termination/time_out: 1.2308
    Episode_Termination/bad_orientation: 0.1538
--------------------------------------------------------------------------------
                         Iteration time: 0.70s
                           Time elapsed: 00:00:00
                                    ETA: 00:02:53

################################################################################
[1m                            Learning iteration 1/250                            [0m 

                            Total steps: 24576 
                       Steps per second: 28653 
                        Collection time: 0.366s 
                          Learning time: 0.063s 
                        Mean value loss: 0.9569
                    Mean surrogate loss: -0.0078
                      Mean entropy loss: 7.2626
                            Mean reward: -2.93
                    Mean episode length: 44.60
                        Mean action std: 0.50
                reward/tracking_lin_vel: 0.4883
                reward/tracking_ang_vel: 0.1025
                      reward/feet_phase: 0.2334
             reward/feet_phase_contrast: 0.4037
             reward/feet_contact_number: 0.4505
                   reward/feet_air_time: 0.0340
                     reward/under_speed: -0.1592
                       reward/feet_slip: -0.0033
                  reward/feet_clearance: -0.0104
                       reward/lin_vel_z: -0.0336
                      reward/ang_vel_xy: -0.5722
                     reward/base_height: -2.9065
                     reward/orientation: -0.9820
                            reward/pose: -0.0179
                     reward/action_rate: -0.0495
                      reward/action_acc: -0.1462
             Metrics/twist/error_vel_xy: 0.2849
            Metrics/twist/error_vel_yaw: 0.1283
        Episode_Reward/tracking_lin_vel: 0.0098
        Episode_Reward/tracking_ang_vel: 0.0038
              Episode_Reward/feet_phase: 0.0065
     Episode_Reward/feet_phase_contrast: 0.0101
     Episode_Reward/feet_contact_number: 0.0162
           Episode_Reward/feet_air_time: 0.0013
             Episode_Reward/under_speed: -0.0062
               Episode_Reward/feet_slip: -0.0001
          Episode_Reward/feet_clearance: -0.0004
               Episode_Reward/lin_vel_z: -0.0014
              Episode_Reward/ang_vel_xy: -0.0277
             Episode_Reward/base_height: -0.1164
             Episode_Reward/orientation: -0.0389
                    Episode_Reward/pose: -0.0005
             Episode_Reward/action_rate: -0.0018
              Episode_Reward/action_acc: -0.0053
           Episode_Termination/time_out: 0.3913
    Episode_Termination/bad_orientation: 11.7391
--------------------------------------------------------------------------------
                         Iteration time: 0.43s
                           Time elapsed: 00:00:01
                                    ETA: 00:02:19

################################################################################
[1m                            Learning iteration 2/250                            [0m 

                            Total steps: 36864 
                       Steps per second: 29556 
                        Collection time: 0.352s 
                          Learning time: 0.064s 
                        Mean value loss: 0.5492
                    Mean surrogate loss: -0.0104
                      Mean entropy loss: 7.2631
                            Mean reward: -2.43
                    Mean episode length: 51.48
                        Mean action std: 0.50
                reward/tracking_lin_vel: 0.5769
                reward/tracking_ang_vel: 0.1076
                      reward/feet_phase: 0.2584
             reward/feet_phase_contrast: 0.4527
             reward/feet_contact_number: 0.4505
                   reward/feet_air_time: 0.0204
                     reward/under_speed: -0.1574
                       reward/feet_slip: -0.0029
                  reward/feet_clearance: -0.0095
                       reward/lin_vel_z: -0.0229
                      reward/ang_vel_xy: -0.4543
                     reward/base_height: -2.0162
                     reward/orientation: -0.7325
                            reward/pose: -0.0161
                     reward/action_rate: -0.0491
                      reward/action_acc: -0.1454
             Metrics/twist/error_vel_xy: 0.3434
            Metrics/twist/error_vel_yaw: 0.1867
        Episode_Reward/tracking_lin_vel: 0.0271
        Episode_Reward/tracking_ang_vel: 0.0056
              Episode_Reward/feet_phase: 0.0133
     Episode_Reward/feet_phase_contrast: 0.0227
     Episode_Reward/feet_contact_number: 0.0236
           Episode_Reward/feet_air_time: 0.0012
             Episode_Reward/under_speed: -0.0083
               Episode_Reward/feet_slip: -0.0002
          Episode_Reward/feet_clearance: -0.0005
               Episode_Reward/lin_vel_z: -0.0013
              Episode_Reward/ang_vel_xy: -0.0258
             Episode_Reward/base_height: -0.1273
             Episode_Reward/orientation: -0.0440
                    Episode_Reward/pose: -0.0008
             Episode_Reward/action_rate: -0.0026
              Episode_Reward/action_acc: -0.0077
           Episode_Termination/time_out: 0.2083
    Episode_Termination/bad_orientation: 7.9167
--------------------------------------------------------------------------------
                         Iteration time: 0.42s
                           Time elapsed: 00:00:01
                                    ETA: 00:02:07

################################################################################
[1m                            Learning iteration 3/250                            [0m 

                            Total steps: 49152 
                       Steps per second: 27636 
                        Collection time: 0.384s 
                          Learning time: 0.061s 
                        Mean value loss: 0.5630
                    Mean surrogate loss: -0.0101
                      Mean entropy loss: 7.2603
                            Mean reward: -2.44
                    Mean episode length: 52.78
                        Mean action std: 0.50
                reward/tracking_lin_vel: 0.5487
                reward/tracking_ang_vel: 0.1061
                      reward/feet_phase: 0.3007
             reward/feet_phase_contrast: 0.4420
             reward/feet_contact_number: 0.4474
                   reward/feet_air_time: 0.0225
                     reward/under_speed: -0.1579
                       reward/feet_slip: -0.0030
                  reward/feet_clearance: -0.0100
                       reward/lin_vel_z: -0.0261
                      reward/ang_vel_xy: -0.4728
                     reward/base_height: -2.3136
                     reward/orientation: -0.8138
                            reward/pose: -0.0170
                     reward/action_rate: -0.0499
                      reward/action_acc: -0.1481
             Metrics/twist/error_vel_xy: 0.3505
            Metrics/twist/error_vel_yaw: 0.1892
        Episode_Reward/tracking_lin_vel: 0.0259
        Episode_Reward/tracking_ang_vel: 0.0053
              Episode_Reward/feet_phase: 0.0135
     Episode_Reward/feet_phase_contrast: 0.0221
     Episode_Reward/feet_contact_number: 0.0227
           Episode_Reward/feet_air_time: 0.0013
             Episode_Reward/under_speed: -0.0078
               Episode_Reward/feet_slip: -0.0002
          Episode_Reward/feet_clearance: -0.0005
               Episode_Reward/lin_vel_z: -0.0014
              Episode_Reward/ang_vel_xy: -0.0263
             Episode_Reward/base_height: -0.1246
             Episode_Reward/orientation: -0.0438
                    Episode_Reward/pose: -0.0009
             Episode_Reward/action_rate: -0.0025
              Episode_Reward/action_acc: -0.0074
           Episode_Termination/time_out: 0.0833
    Episode_Termination/bad_orientation: 9.3333
--------------------------------------------------------------------------------
                         Iteration time: 0.44s
                           Time elapsed: 00:00:01
                                    ETA: 00:02:02

################################################################################
[1m                            Learning iteration 4/250                            [0m 

                            Total steps: 61440 
                       Steps per second: 28335 
                        Collection time: 0.372s 
                          Learning time: 0.062s 
                        Mean value loss: 0.6091
                    Mean surrogate loss: -0.0082
                      Mean entropy loss: 7.2538
                            Mean reward: -2.65
                    Mean episode length: 51.79
                        Mean action std: 0.50
                reward/tracking_lin_vel: 0.5887
                reward/tracking_ang_vel: 0.1055
                      reward/feet_phase: 0.2972
             reward/feet_phase_contrast: 0.5020
             reward/feet_contact_number: 0.4398
                   reward/feet_air_time: 0.0320
                     reward/under_speed: -0.1513
                       reward/feet_slip: -0.0030
                  reward/feet_clearance: -0.0101
                       reward/lin_vel_z: -0.0255
                      reward/ang_vel_xy: -0.5099
                     reward/base_height: -2.4767
                     reward/orientation: -0.8367
                            reward/pose: -0.0173
                     reward/action_rate: -0.0496
                      reward/action_acc: -0.1465
             Metrics/twist/error_vel_xy: 0.3663
            Metrics/twist/error_vel_yaw: 0.2113
        Episode_Reward/tracking_lin_vel: 0.0316
        Episode_Reward/tracking_ang_vel: 0.0059
              Episode_Reward/feet_phase: 0.0152
     Episode_Reward/feet_phase_contrast: 0.0246
     Episode_Reward/feet_contact_number: 0.0244
           Episode_Reward/feet_air_time: 0.0015
             Episode_Reward/under_speed: -0.0087
               Episode_Reward/feet_slip: -0.0002
          Episode_Reward/feet_clearance: -0.0005
               Episode_Reward/lin_vel_z: -0.0014
              Episode_Reward/ang_vel_xy: -0.0263
             Episode_Reward/base_height: -0.1292
             Episode_Reward/orientation: -0.0448
                    Episode_Reward/pose: -0.0010
             Episode_Reward/action_rate: -0.0028
              Episode_Reward/action_acc: -0.0082
           Episode_Termination/time_out: 0.0417
    Episode_Termination/bad_orientation: 10.0417
--------------------------------------------------------------------------------
                         Iteration time: 0.43s
                           Time elapsed: 00:00:02
                                    ETA: 00:01:58

################################################################################
[1m                            Learning iteration 5/250                            [0m 

                            Total steps: 73728 
                       Steps per second: 29765 
                        Collection time: 0.349s 
                          Learning time: 0.064s 
                        Mean value loss: 0.6030
                    Mean surrogate loss: -0.0091
                      Mean entropy loss: 7.2477
                            Mean reward: -1.96
                    Mean episode length: 51.53
                        Mean action std: 0.50
                reward/tracking_lin_vel: 0.5967
                reward/tracking_ang_vel: 0.1046
                      reward/feet_phase: 0.2980
             reward/feet_phase_contrast: 0.5277
             reward/feet_contact_number: 0.4500
                   reward/feet_air_time: 0.0221
                     reward/under_speed: -0.1464
                       reward/feet_slip: -0.0031
                  reward/feet_clearance: -0.0097
                       reward/lin_vel_z: -0.0255
                      reward/ang_vel_xy: -0.4900
                     reward/base_height: -2.2041
                     reward/orientation: -0.7921
                            reward/pose: -0.0184
                     reward/action_rate: -0.0498
                      reward/action_acc: -0.1475
             Metrics/twist/error_vel_xy: 0.3538
            Metrics/twist/error_vel_yaw: 0.2083
        Episode_Reward/tracking_lin_vel: 0.0313
        Episode_Reward/tracking_ang_vel: 0.0056
              Episode_Reward/feet_phase: 0.0178
     Episode_Reward/feet_phase_contrast: 0.0290
     Episode_Reward/feet_contact_number: 0.0241
           Episode_Reward/feet_air_time: 0.0015
             Episode_Reward/under_speed: -0.0079
               Episode_Reward/feet_slip: -0.0002
          Episode_Reward/feet_clearance: -0.0006
               Episode_Reward/lin_vel_z: -0.0014
              Episode_Reward/ang_vel_xy: -0.0272
             Episode_Reward/base_height: -0.1250
             Episode_Reward/orientation: -0.0434
                    Episode_Reward/pose: -0.0010
             Episode_Reward/action_rate: -0.0027
              Episode_Reward/action_acc: -0.0079
           Episode_Termination/time_out: 0.0000
    Episode_Termination/bad_orientation: 8.7083
--------------------------------------------------------------------------------
                         Iteration time: 0.41s
                           Time elapsed: 00:00:02
                                    ETA: 00:01:55

################################################################################
[1m                            Learning iteration 6/250                            [0m 

                            Total steps: 86016 
                       Steps per second: 25574 
                        Collection time: 0.414s 
                          Learning time: 0.066s 
                        Mean value loss: 0.4534
                    Mean surrogate loss: -0.0119
                      Mean entropy loss: 7.2255
                            Mean reward: -2.62
                    Mean episode length: 51.08
                        Mean action std: 0.50
                reward/tracking_lin_vel: 0.6240
                reward/tracking_ang_vel: 0.1054
                      reward/feet_phase: 0.3221
             reward/feet_phase_contrast: 0.5334
             reward/feet_contact_number: 0.4532
                   reward/feet_air_time: 0.0221
                     reward/under_speed: -0.1467
                       reward/feet_slip: -0.0033
                  reward/feet_clearance: -0.0099
                       reward/lin_vel_z: -0.0284
                      reward/ang_vel_xy: -0.4814
                     reward/base_height: -2.2932
                     reward/orientation: -0.8079
                            reward/pose: -0.0181
                     reward/action_rate: -0.0499
                      reward/action_acc: -0.1474
             Metrics/twist/error_vel_xy: 0.3578
            Metrics/twist/error_vel_yaw: 0.2030
        Episode_Reward/tracking_lin_vel: 0.0300
        Episode_Reward/tracking_ang_vel: 0.0056
              Episode_Reward/feet_phase: 0.0154
     Episode_Reward/feet_phase_contrast: 0.0263
     Episode_Reward/feet_contact_number: 0.0236
           Episode_Reward/feet_air_time: 0.0011
             Episode_Reward/under_speed: -0.0079
               Episode_Reward/feet_slip: -0.0002
          Episode_Reward/feet_clearance: -0.0005
               Episode_Reward/lin_vel_z: -0.0015
              Episode_Reward/ang_vel_xy: -0.0264
             Episode_Reward/base_height: -0.1248
             Episode_Reward/orientation: -0.0442
                    Episode_Reward/pose: -0.0009
             Episode_Reward/action_rate: -0.0026
              Episode_Reward/action_acc: -0.0078
           Episode_Termination/time_out: 0.0000
    Episode_Termination/bad_orientation: 9.8333
--------------------------------------------------------------------------------
                         Iteration time: 0.48s
                           Time elapsed: 00:00:03
                                    ETA: 00:01:55

################################################################################
[1m                            Learning iteration 7/250                            [0m 

                            Total steps: 98304 
                       Steps per second: 24909 
                        Collection time: 0.420s 
                          Learning time: 0.074s 
                        Mean value loss: 0.4450
                    Mean surrogate loss: -0.0107
                      Mean entropy loss: 7.2002
                            Mean reward: -2.06
                    Mean episode length: 54.96
                        Mean action std: 0.50
                reward/tracking_lin_vel: 0.6507
                reward/tracking_ang_vel: 0.1047
                      reward/feet_phase: 0.3755
             reward/feet_phase_contrast: 0.5644
             reward/feet_contact_number: 0.4419
                   reward/feet_air_time: 0.0252
                     reward/under_speed: -0.1469
                       reward/feet_slip: -0.0032
                  reward/feet_clearance: -0.0100
                       reward/lin_vel_z: -0.0244
                      reward/ang_vel_xy: -0.4612
                     reward/base_height: -2.1362
                     reward/orientation: -0.7535
                            reward/pose: -0.0179
                     reward/action_rate: -0.0494
                      reward/action_acc: -0.1457
             Metrics/twist/error_vel_xy: 0.3416
            Metrics/twist/error_vel_yaw: 0.2119
        Episode_Reward/tracking_lin_vel: 0.0361
        Episode_Reward/tracking_ang_vel: 0.0057
              Episode_Reward/feet_phase: 0.0199
     Episode_Reward/feet_phase_contrast: 0.0331
     Episode_Reward/feet_contact_number: 0.0241
           Episode_Reward/feet_air_time: 0.0013
             Episode_Reward/under_speed: -0.0075
               Episode_Reward/feet_slip: -0.0002
          Episode_Reward/feet_clearance: -0.0005
               Episode_Reward/lin_vel_z: -0.0015
              Episode_Reward/ang_vel_xy: -0.0268
             Episode_Reward/base_height: -0.1220
             Episode_Reward/orientation: -0.0437
                    Episode_Reward/pose: -0.0011
             Episode_Reward/action_rate: -0.0027
              Episode_Reward/action_acc: -0.0080
           Episode_Termination/time_out: 0.0000
    Episode_Termination/bad_orientation: 9.0833
--------------------------------------------------------------------------------
                         Iteration time: 0.49s
                           Time elapsed: 00:00:03
                                    ETA: 00:01:55

################################################################################
[1m                            Learning iteration 8/250                            [0m 

                            Total steps: 110592 
                       Steps per second: 25203 
                        Collection time: 0.422s 
                          Learning time: 0.065s 
                        Mean value loss: 0.3487
                    Mean surrogate loss: -0.0086
                      Mean entropy loss: 7.1875
                            Mean reward: -2.22
                    Mean episode length: 56.00
                        Mean action std: 0.50
                reward/tracking_lin_vel: 0.6944
                reward/tracking_ang_vel: 0.1039
                      reward/feet_phase: 0.3201
             reward/feet_phase_contrast: 0.5812
             reward/feet_contact_number: 0.4541
                   reward/feet_air_time: 0.0240
                     reward/under_speed: -0.1460
                       reward/feet_slip: -0.0031
                  reward/feet_clearance: -0.0099
                       reward/lin_vel_z: -0.0214
                      reward/ang_vel_xy: -0.4391
                     reward/base_height: -1.9879
                     reward/orientation: -0.7150
                            reward/pose: -0.0183
                     reward/action_rate: -0.0489
                      reward/action_acc: -0.1443
             Metrics/twist/error_vel_xy: 0.3515
            Metrics/twist/error_vel_yaw: 0.2107
        Episode_Reward/tracking_lin_vel: 0.0336
        Episode_Reward/tracking_ang_vel: 0.0057
              Episode_Reward/feet_phase: 0.0183
     Episode_Reward/feet_phase_contrast: 0.0297
     Episode_Reward/feet_contact_number: 0.0245
           Episode_Reward/feet_air_time: 0.0014
             Episode_Reward/under_speed: -0.0078
               Episode_Reward/feet_slip: -0.0002
          Episode_Reward/feet_clearance: -0.0005
               Episode_Reward/lin_vel_z: -0.0014
              Episode_Reward/ang_vel_xy: -0.0268
             Episode_Reward/base_height: -0.1229
             Episode_Reward/orientation: -0.0436
                    Episode_Reward/pose: -0.0010
             Episode_Reward/action_rate: -0.0027
              Episode_Reward/action_acc: -0.0079
           Episode_Termination/time_out: 0.0000
    Episode_Termination/bad_orientation: 8.3750
--------------------------------------------------------------------------------
                         Iteration time: 0.49s
                           Time elapsed: 00:00:04
                                    ETA: 00:01:55

################################################################################
[1m                            Learning iteration 9/250                            [0m 

                            Total steps: 122880 
                       Steps per second: 28706 
                        Collection time: 0.362s 
                          Learning time: 0.066s 
                        Mean value loss: 0.3877
                    Mean surrogate loss: -0.0077
                      Mean entropy loss: 7.1802
                            Mean reward: -1.63
                    Mean episode length: 59.40
                        Mean action std: 0.50
                reward/tracking_lin_vel: 0.6824
                reward/tracking_ang_vel: 0.1045
                      reward/feet_phase: 0.3468
             reward/feet_phase_contrast: 0.6141
             reward/feet_contact_number: 0.4466
                   reward/feet_air_time: 0.0295
                     reward/under_speed: -0.1359
                       reward/feet_slip: -0.0034
                  reward/feet_clearance: -0.0101
                       reward/lin_vel_z: -0.0248
                      reward/ang_vel_xy: -0.4676
                     reward/base_height: -2.0980
                     reward/orientation: -0.7825
                            reward/pose: -0.0202
                     reward/action_rate: -0.0494
                      reward/action_acc: -0.1458
             Metrics/twist/error_vel_xy: 0.3615
            Metrics/twist/error_vel_yaw: 0.2289
        Episode_Reward/tracking_lin_vel: 0.0386
        Episode_Reward/tracking_ang_vel: 0.0061
              Episode_Reward/feet_phase: 0.0207
     Episode_Reward/feet_phase_contrast: 0.0342
     Episode_Reward/feet_contact_number: 0.0263
           Episode_Reward/feet_air_time: 0.0014
             Episode_Reward/under_speed: -0.0083
               Episode_Reward/feet_slip: -0.0002
          Episode_Reward/feet_clearance: -0.0006
               Episode_Reward/lin_vel_z: -0.0014
              Episode_Reward/ang_vel_xy: -0.0269
             Episode_Reward/base_height: -0.1211
             Episode_Reward/orientation: -0.0442
                    Episode_Reward/pose: -0.0011
             Episode_Reward/action_rate: -0.0028
              Episode_Reward/action_acc: -0.0084
           Episode_Termination/time_out: 0.0000
    Episode_Termination/bad_orientation: 8.3333
--------------------------------------------------------------------------------
                         Iteration time: 0.43s
                           Time elapsed: 00:00:04
                                    ETA: 00:01:53

################################################################################
[1m                           Learning iteration 10/250                            [0m 

                            Total steps: 135168 
                       Steps per second: 29863 
                        Collection time: 0.348s 
                          Learning time: 0.063s 
                        Mean value loss: 0.4064
                    Mean surrogate loss: -0.0089
                      Mean entropy loss: 7.1693
                            Mean reward: -1.67
                    Mean episode length: 59.72
                        Mean action std: 0.50
                reward/tracking_lin_vel: 0.6600
                reward/tracking_ang_vel: 0.1036
                      reward/feet_phase: 0.4153
             reward/feet_phase_contrast: 0.6240
             reward/feet_contact_number: 0.4418
                   reward/feet_air_time: 0.0318
                     reward/under_speed: -0.1365
                       reward/feet_slip: -0.0036
                  reward/feet_clearance: -0.0103
                       reward/lin_vel_z: -0.0254
                      reward/ang_vel_xy: -0.4935
                     reward/base_height: -2.2592
                     reward/orientation: -0.7920
                            reward/pose: -0.0197
                     reward/action_rate: -0.0495
                      reward/action_acc: -0.1460
             Metrics/twist/error_vel_xy: 0.3561
            Metrics/twist/error_vel_yaw: 0.2367
        Episode_Reward/tracking_lin_vel: 0.0431
        Episode_Reward/tracking_ang_vel: 0.0063
              Episode_Reward/feet_phase: 0.0228
     Episode_Reward/feet_phase_contrast: 0.0384
     Episode_Reward/feet_contact_number: 0.0265
           Episode_Reward/feet_air_time: 0.0020
             Episode_Reward/under_speed: -0.0084
               Episode_Reward/feet_slip: -0.0002
          Episode_Reward/feet_clearance: -0.0006
               Episode_Reward/lin_vel_z: -0.0014
              Episode_Reward/ang_vel_xy: -0.0276
             Episode_Reward/base_height: -0.1240
             Episode_Reward/orientation: -0.0440
                    Episode_Reward/pose: -0.0012
             Episode_Reward/action_rate: -0.0030
              Episode_Reward/action_acc: -0.0089
           Episode_Termination/time_out: 0.0000
    Episode_Termination/bad_orientation: 9.5000
--------------------------------------------------------------------------------
                         Iteration time: 0.41s
                           Time elapsed: 00:00:05
                                    ETA: 00:01:51

################################################################################
[1m                           Learning iteration 11/250                            [0m 

                            Total steps: 147456 
                       Steps per second: 28099 
                        Collection time: 0.372s 
                          Learning time: 0.065s 
                        Mean value loss: 0.3673
                    Mean surrogate loss: -0.0082
                      Mean entropy loss: 7.1589
                            Mean reward: -1.75
                    Mean episode length: 58.17
                        Mean action std: 0.49
                reward/tracking_lin_vel: 0.7371
                reward/tracking_ang_vel: 0.1044
                      reward/feet_phase: 0.3915
             reward/feet_phase_contrast: 0.6396
             reward/feet_contact_number: 0.4447
                   reward/feet_air_time: 0.0283
                     reward/under_speed: -0.1363
                       reward/feet_slip: -0.0033
                  reward/feet_clearance: -0.0097
                       reward/lin_vel_z: -0.0222
                      reward/ang_vel_xy: -0.4397
                     reward/base_height: -1.9957
                     reward/orientation: -0.7020
                            reward/pose: -0.0191
                     reward/action_rate: -0.0495
                      reward/action_acc: -0.1466
             Metrics/twist/error_vel_xy: 0.3378
            Metrics/twist/error_vel_yaw: 0.2285
        Episode_Reward/tracking_lin_vel: 0.0406
        Episode_Reward/tracking_ang_vel: 0.0058
              Episode_Reward/feet_phase: 0.0227
     Episode_Reward/feet_phase_contrast: 0.0374
     Episode_Reward/feet_contact_number: 0.0254
           Episode_Reward/feet_air_time: 0.0016
             Episode_Reward/under_speed: -0.0076
               Episode_Reward/feet_slip: -0.0002
          Episode_Reward/feet_clearance: -0.0006
               Episode_Reward/lin_vel_z: -0.0014
              Episode_Reward/ang_vel_xy: -0.0270
             Episode_Reward/base_height: -0.1230
             Episode_Reward/orientation: -0.0441
                    Episode_Reward/pose: -0.0012
             Episode_Reward/action_rate: -0.0028
              Episode_Reward/action_acc: -0.0083
           Episode_Termination/time_out: 0.0000
    Episode_Termination/bad_orientation: 8.2917
--------------------------------------------------------------------------------
                         Iteration time: 0.44s
                           Time elapsed: 00:00:05
                                    ETA: 00:01:50

################################################################################
[1m                           Learning iteration 12/250                            [0m 

                            Total steps: 159744 
                       Steps per second: 26187 
                        Collection time: 0.405s 
                          Learning time: 0.064s 
                        Mean value loss: 0.3536
                    Mean surrogate loss: -0.0093
                      Mean entropy loss: 7.1454
                            Mean reward: -1.79
                    Mean episode length: 59.34
                        Mean action std: 0.49
                reward/tracking_lin_vel: 0.7959
                reward/tracking_ang_vel: 0.1051
                      reward/feet_phase: 0.3899
             reward/feet_phase_contrast: 0.7062
             reward/feet_contact_number: 0.4557
                   reward/feet_air_time: 0.0269
                     reward/under_speed: -0.1284
                       reward/feet_slip: -0.0034
                  reward/feet_clearance: -0.0096
                       reward/lin_vel_z: -0.0226
                      reward/ang_vel_xy: -0.4379
                     reward/base_height: -1.9567
                     reward/orientation: -0.7107
                            reward/pose: -0.0198
                     reward/action_rate: -0.0491
                      reward/action_acc: -0.1456
             Metrics/twist/error_vel_xy: 0.3453
            Metrics/twist/error_vel_yaw: 0.2273
        Episode_Reward/tracking_lin_vel: 0.0366
        Episode_Reward/tracking_ang_vel: 0.0057
              Episode_Reward/feet_phase: 0.0215
     Episode_Reward/feet_phase_contrast: 0.0353
     Episode_Reward/feet_contact_number: 0.0248
           Episode_Reward/feet_air_time: 0.0016
             Episode_Reward/under_speed: -0.0074
               Episode_Reward/feet_slip: -0.0002
          Episode_Reward/feet_clearance: -0.0006
               Episode_Reward/lin_vel_z: -0.0014
              Episode_Reward/ang_vel_xy: -0.0276
             Episode_Reward/base_height: -0.1247
             Episode_Reward/orientation: -0.0439
                    Episode_Reward/pose: -0.0011
             Episode_Reward/action_rate: -0.0028
              Episode_Reward/action_acc: -0.0082
           Episode_Termination/time_out: 0.0000
    Episode_Termination/bad_orientation: 8.4348
--------------------------------------------------------------------------------
                         Iteration time: 0.47s
                           Time elapsed: 00:00:06
                                    ETA: 00:01:50

################################################################################
[1m                           Learning iteration 13/250                            [0m 

                            Total steps: 172032 
                       Steps per second: 26448 
                        Collection time: 0.391s 
                          Learning time: 0.074s 
                        Mean value loss: 0.3327
                    Mean surrogate loss: -0.0089
                      Mean entropy loss: 7.1333
                            Mean reward: -1.38
                    Mean episode length: 58.48
                        Mean action std: 0.49
                reward/tracking_lin_vel: 0.8072
                reward/tracking_ang_vel: 0.1051
                      reward/feet_phase: 0.4309
             reward/feet_phase_contrast: 0.7402
             reward/feet_contact_number: 0.4498
                   reward/feet_air_time: 0.0346
                     reward/under_speed: -0.1263
                       reward/feet_slip: -0.0034
                  reward/feet_clearance: -0.0098
                       reward/lin_vel_z: -0.0231
                      reward/ang_vel_xy: -0.4494
                     reward/base_height: -1.9397
                     reward/orientation: -0.6981
                            reward/pose: -0.0190
                     reward/action_rate: -0.0492
                      reward/action_acc: -0.1458
             Metrics/twist/error_vel_xy: 0.3323
            Metrics/twist/error_vel_yaw: 0.2335
        Episode_Reward/tracking_lin_vel: 0.0449
        Episode_Reward/tracking_ang_vel: 0.0061
              Episode_Reward/feet_phase: 0.0259
     Episode_Reward/feet_phase_contrast: 0.0437
     Episode_Reward/feet_contact_number: 0.0270
           Episode_Reward/feet_air_time: 0.0021
             Episode_Reward/under_speed: -0.0073
               Episode_Reward/feet_slip: -0.0002
          Episode_Reward/feet_clearance: -0.0006
               Episode_Reward/lin_vel_z: -0.0014
              Episode_Reward/ang_vel_xy: -0.0277
             Episode_Reward/base_height: -0.1198
             Episode_Reward/orientation: -0.0436
                    Episode_Reward/pose: -0.0012
             Episode_Reward/action_rate: -0.0029
              Episode_Reward/action_acc: -0.0085
           Episode_Termination/time_out: 0.0000
    Episode_Termination/bad_orientation: 8.4583
--------------------------------------------------------------------------------
                         Iteration time: 0.46s
                           Time elapsed: 00:00:06
                                    ETA: 00:01:49

################################################################################
[1m                           Learning iteration 14/250                            [0m 

                            Total steps: 184320 
                       Steps per second: 28506 
                        Collection time: 0.367s 
                          Learning time: 0.064s 
                        Mean value loss: 0.3127
                    Mean surrogate loss: -0.0088
                      Mean entropy loss: 7.1195
                            Mean reward: -1.31
                    Mean episode length: 60.23
                        Mean action std: 0.49
                reward/tracking_lin_vel: 0.8351
                reward/tracking_ang_vel: 0.1058
                      reward/feet_phase: 0.5212
             reward/feet_phase_contrast: 0.7749
             reward/feet_contact_number: 0.4459
                   reward/feet_air_time: 0.0252
                     reward/under_speed: -0.1235
                       reward/feet_slip: -0.0035
                  reward/feet_clearance: -0.0094
                       reward/lin_vel_z: -0.0227
                      reward/ang_vel_xy: -0.4301
                     reward/base_height: -1.8606
                     reward/orientation: -0.6943
                            reward/pose: -0.0194
                     reward/action_rate: -0.0494
                      reward/action_acc: -0.1461
             Metrics/twist/error_vel_xy: 0.3428
            Metrics/twist/error_vel_yaw: 0.2415
        Episode_Reward/tracking_lin_vel: 0.0470
        Episode_Reward/tracking_ang_vel: 0.0064
              Episode_Reward/feet_phase: 0.0260
     Episode_Reward/feet_phase_contrast: 0.0438
     Episode_Reward/feet_contact_number: 0.0270
           Episode_Reward/feet_air_time: 0.0022
             Episode_Reward/under_speed: -0.0077
               Episode_Reward/feet_slip: -0.0002
          Episode_Reward/feet_clearance: -0.0006
               Episode_Reward/lin_vel_z: -0.0014
              Episode_Reward/ang_vel_xy: -0.0279
             Episode_Reward/base_height: -0.1195
             Episode_Reward/orientation: -0.0435
                    Episode_Reward/pose: -0.0012
             Episode_Reward/action_rate: -0.0030
              Episode_Reward/action_acc: -0.0089
           Episode_Termination/time_out: 0.0000
    Episode_Termination/bad_orientation: 8.0833
--------------------------------------------------------------------------------
                         Iteration time: 0.43s
                           Time elapsed: 00:00:06
                                    ETA: 00:01:48

################################################################################
[1m                           Learning iteration 15/250                            [0m 

                            Total steps: 196608 
                       Steps per second: 26804 
                        Collection time: 0.391s 
                          Learning time: 0.067s 
                        Mean value loss: 0.3117
                    Mean surrogate loss: -0.0093
                      Mean entropy loss: 7.1022
                            Mean reward: -1.20
                    Mean episode length: 60.98
                        Mean action std: 0.49
                reward/tracking_lin_vel: 0.9089
                reward/tracking_ang_vel: 0.1053
                      reward/feet_phase: 0.4613
             reward/feet_phase_contrast: 0.8258
             reward/feet_contact_number: 0.4463
                   reward/feet_air_time: 0.0251
                     reward/under_speed: -0.1172
                       reward/feet_slip: -0.0033
                  reward/feet_clearance: -0.0095
                       reward/lin_vel_z: -0.0202
                      reward/ang_vel_xy: -0.3974
                     reward/base_height: -1.6638
                     reward/orientation: -0.6459
                            reward/pose: -0.0203
                     reward/action_rate: -0.0494
                      reward/action_acc: -0.1461
             Metrics/twist/error_vel_xy: 0.3370
            Metrics/twist/error_vel_yaw: 0.2417
        Episode_Reward/tracking_lin_vel: 0.0479
        Episode_Reward/tracking_ang_vel: 0.0064
              Episode_Reward/feet_phase: 0.0277
     Episode_Reward/feet_phase_contrast: 0.0449
     Episode_Reward/feet_contact_number: 0.0269
           Episode_Reward/feet_air_time: 0.0016
             Episode_Reward/under_speed: -0.0074
               Episode_Reward/feet_slip: -0.0002
          Episode_Reward/feet_clearance: -0.0006
               Episode_Reward/lin_vel_z: -0.0014
              Episode_Reward/ang_vel_xy: -0.0271
             Episode_Reward/base_height: -0.1179
             Episode_Reward/orientation: -0.0444
                    Episode_Reward/pose: -0.0012
             Episode_Reward/action_rate: -0.0030
              Episode_Reward/action_acc: -0.0088
           Episode_Termination/time_out: 0.0000
    Episode_Termination/bad_orientation: 7.3750
--------------------------------------------------------------------------------
                         Iteration time: 0.46s
                           Time elapsed: 00:00:07
                                    ETA: 00:01:48

################################################################################
[1m                           Learning iteration 16/250                            [0m 

                            Total steps: 208896 
                       Steps per second: 26752 
                        Collection time: 0.392s 
                          Learning time: 0.068s 
                        Mean value loss: 0.7700
                    Mean surrogate loss: -0.0074
                      Mean entropy loss: 7.0858
                            Mean reward: -0.63
                    Mean episode length: 63.67
                        Mean action std: 0.49
                reward/tracking_lin_vel: 0.7057
                reward/tracking_ang_vel: 0.1004
                      reward/feet_phase: 0.4926
             reward/feet_phase_contrast: 0.8689
             reward/feet_contact_number: 0.4448
                   reward/feet_air_time: 0.0352
                     reward/under_speed: -0.1085
                       reward/feet_slip: -0.0058
                  reward/feet_clearance: -0.0147
                       reward/lin_vel_z: -0.0315
                      reward/ang_vel_xy: -0.5302
                     reward/base_height: -1.7887
                     reward/orientation: -0.6809
                            reward/pose: -0.0200
                     reward/action_rate: -0.0498
                      reward/action_acc: -0.1477
             Metrics/twist/error_vel_xy: 0.3336
            Metrics/twist/error_vel_yaw: 0.2582
        Episode_Reward/tracking_lin_vel: 0.0575
        Episode_Reward/tracking_ang_vel: 0.0068
              Episode_Reward/feet_phase: 0.0330
     Episode_Reward/feet_phase_contrast: 0.0552
     Episode_Reward/feet_contact_number: 0.0295
           Episode_Reward/feet_air_time: 0.0020
             Episode_Reward/under_speed: -0.0075
               Episode_Reward/feet_slip: -0.0002
          Episode_Reward/feet_clearance: -0.0007
               Episode_Reward/lin_vel_z: -0.0016
              Episode_Reward/ang_vel_xy: -0.0284
             Episode_Reward/base_height: -0.1149
             Episode_Reward/orientation: -0.0438
                    Episode_Reward/pose: -0.0013
             Episode_Reward/action_rate: -0.0032
              Episode_Reward/action_acc: -0.0096
           Episode_Termination/time_out: 0.0000
    Episode_Termination/bad_orientation: 8.0000
--------------------------------------------------------------------------------
                         Iteration time: 0.46s
                           Time elapsed: 00:00:07
                                    ETA: 00:01:47

################################################################################
[1m                           Learning iteration 17/250                            [0m 

                            Total steps: 221184 
                       Steps per second: 27424 
                        Collection time: 0.383s 
                          Learning time: 0.065s 
                        Mean value loss: 0.2911
                    Mean surrogate loss: -0.0084
                      Mean entropy loss: 7.0732
                            Mean reward: -1.11
                    Mean episode length: 61.30
                        Mean action std: 0.49
                reward/tracking_lin_vel: 0.5907
                reward/tracking_ang_vel: 0.0969
                      reward/feet_phase: 0.5054
             reward/feet_phase_contrast: 0.8103
             reward/feet_contact_number: 0.4239
                   reward/feet_air_time: 0.1087
                     reward/under_speed: -0.1102
                       reward/feet_slip: -0.0050
                  reward/feet_clearance: -0.0143
                       reward/lin_vel_z: -0.0362
                      reward/ang_vel_xy: -0.7905
                     reward/base_height: -2.7259
                     reward/orientation: -0.8532
                            reward/pose: -0.0194
                     reward/action_rate: -0.0496
                      reward/action_acc: -0.1465
             Metrics/twist/error_vel_xy: 0.3673
            Metrics/twist/error_vel_yaw: 0.2443
        Episode_Reward/tracking_lin_vel: 0.0476
        Episode_Reward/tracking_ang_vel: 0.0063
              Episode_Reward/feet_phase: 0.0292
     Episode_Reward/feet_phase_contrast: 0.0503
     Episode_Reward/feet_contact_number: 0.0266
           Episode_Reward/feet_air_time: 0.0038
             Episode_Reward/under_speed: -0.0072
               Episode_Reward/feet_slip: -0.0003
          Episode_Reward/feet_clearance: -0.0008
               Episode_Reward/lin_vel_z: -0.0018
              Episode_Reward/ang_vel_xy: -0.0347
             Episode_Reward/base_height: -0.1081
             Episode_Reward/orientation: -0.0377
                    Episode_Reward/pose: -0.0011
             Episode_Reward/action_rate: -0.0030
              Episode_Reward/action_acc: -0.0089
           Episode_Termination/time_out: 0.0000
    Episode_Termination/bad_orientation: 12.8750
--------------------------------------------------------------------------------
                         Iteration time: 0.45s
                           Time elapsed: 00:00:08
                                    ETA: 00:01:47

################################################################################
[1m                           Learning iteration 18/250                            [0m 

                            Total steps: 233472 
                       Steps per second: 28265 
                        Collection time: 0.370s 
                          Learning time: 0.064s 
                        Mean value loss: 0.2661
                    Mean surrogate loss: -0.0089
                      Mean entropy loss: 7.0622
                            Mean reward: -1.40
                    Mean episode length: 56.98
                        Mean action std: 0.49
                reward/tracking_lin_vel: 0.9318
                reward/tracking_ang_vel: 0.1046
                      reward/feet_phase: 0.5542
             reward/feet_phase_contrast: 0.8794
             reward/feet_contact_number: 0.4519
                   reward/feet_air_time: 0.0400
                     reward/under_speed: -0.1116
                       reward/feet_slip: -0.0034
                  reward/feet_clearance: -0.0102
                       reward/lin_vel_z: -0.0177
                      reward/ang_vel_xy: -0.4092
                     reward/base_height: -1.5543
                     reward/orientation: -0.5949
                            reward/pose: -0.0197
                     reward/action_rate: -0.0493
                      reward/action_acc: -0.1461
             Metrics/twist/error_vel_xy: 0.3803
            Metrics/twist/error_vel_yaw: 0.2544
        Episode_Reward/tracking_lin_vel: 0.0438
        Episode_Reward/tracking_ang_vel: 0.0065
              Episode_Reward/feet_phase: 0.0277
     Episode_Reward/feet_phase_contrast: 0.0454
     Episode_Reward/feet_contact_number: 0.0279
           Episode_Reward/feet_air_time: 0.0039
             Episode_Reward/under_speed: -0.0081
               Episode_Reward/feet_slip: -0.0002
          Episode_Reward/feet_clearance: -0.0007
               Episode_Reward/lin_vel_z: -0.0012
              Episode_Reward/ang_vel_xy: -0.0316
             Episode_Reward/base_height: -0.1233
             Episode_Reward/orientation: -0.0409
                    Episode_Reward/pose: -0.0012
             Episode_Reward/action_rate: -0.0031
              Episode_Reward/action_acc: -0.0093
           Episode_Termination/time_out: 0.0000
    Episode_Termination/bad_orientation: 6.3750
--------------------------------------------------------------------------------
                         Iteration time: 0.43s
                           Time elapsed: 00:00:08
                                    ETA: 00:01:46

################################################################################
[1m                           Learning iteration 19/250                            [0m 

                            Total steps: 245760 
                       Steps per second: 29566 
                        Collection time: 0.354s 
                          Learning time: 0.062s 
                        Mean value loss: 0.2392
                    Mean surrogate loss: -0.0086
                      Mean entropy loss: 7.0515
                            Mean reward: -0.60
                    Mean episode length: 57.36
                        Mean action std: 0.49
                reward/tracking_lin_vel: 0.9419
                reward/tracking_ang_vel: 0.1041
                      reward/feet_phase: 0.5490
             reward/feet_phase_contrast: 0.9723
             reward/feet_contact_number: 0.4488
                   reward/feet_air_time: 0.0391
                     reward/under_speed: -0.1007
                       reward/feet_slip: -0.0044
                  reward/feet_clearance: -0.0107
                       reward/lin_vel_z: -0.0231
                      reward/ang_vel_xy: -0.4686
                     reward/base_height: -2.0245
                     reward/orientation: -0.7304
                            reward/pose: -0.0225
                     reward/action_rate: -0.0494
                      reward/action_acc: -0.1464
             Metrics/twist/error_vel_xy: 0.3019
            Metrics/twist/error_vel_yaw: 0.2348
        Episode_Reward/tracking_lin_vel: 0.0454
        Episode_Reward/tracking_ang_vel: 0.0055
              Episode_Reward/feet_phase: 0.0306
     Episode_Reward/feet_phase_contrast: 0.0499
     Episode_Reward/feet_contact_number: 0.0247
           Episode_Reward/feet_air_time: 0.0024
             Episode_Reward/under_speed: -0.0054
               Episode_Reward/feet_slip: -0.0003
          Episode_Reward/feet_clearance: -0.0006
               Episode_Reward/lin_vel_z: -0.0014
              Episode_Reward/ang_vel_xy: -0.0283
             Episode_Reward/base_height: -0.1170
             Episode_Reward/orientation: -0.0429
                    Episode_Reward/pose: -0.0012
             Episode_Reward/action_rate: -0.0027
              Episode_Reward/action_acc: -0.0080
           Episode_Termination/time_out: 0.0000
    Episode_Termination/bad_orientation: 9.0833
--------------------------------------------------------------------------------
                         Iteration time: 0.42s
                           Time elapsed: 00:00:09
                                    ETA: 00:01:45

################################################################################
[1m                           Learning iteration 20/250                            [0m 

                            Total steps: 258048 
                       Steps per second: 26199 
                        Collection time: 0.390s 
                          Learning time: 0.079s 
                        Mean value loss: 0.2257
                    Mean surrogate loss: -0.0073
                      Mean entropy loss: 7.0436
                            Mean reward: -0.60
                    Mean episode length: 60.99
                        Mean action std: 0.49
                reward/tracking_lin_vel: 0.9303
                reward/tracking_ang_vel: 0.1030
                      reward/feet_phase: 0.5344
             reward/feet_phase_contrast: 0.9217
             reward/feet_contact_number: 0.4538
                   reward/feet_air_time: 0.0293
                     reward/under_speed: -0.1054
                       reward/feet_slip: -0.0041
                  reward/feet_clearance: -0.0102
                       reward/lin_vel_z: -0.0208
                      reward/ang_vel_xy: -0.4364
                     reward/base_height: -1.7671
                     reward/orientation: -0.6766
                            reward/pose: -0.0212
                     reward/action_rate: -0.0496
                      reward/action_acc: -0.1472
             Metrics/twist/error_vel_xy: 0.2896
            Metrics/twist/error_vel_yaw: 0.2403
        Episode_Reward/tracking_lin_vel: 0.0544
        Episode_Reward/tracking_ang_vel: 0.0060
              Episode_Reward/feet_phase: 0.0346
     Episode_Reward/feet_phase_contrast: 0.0584
     Episode_Reward/feet_contact_number: 0.0260
           Episode_Reward/feet_air_time: 0.0016
             Episode_Reward/under_speed: -0.0054
               Episode_Reward/feet_slip: -0.0003
          Episode_Reward/feet_clearance: -0.0006
               Episode_Reward/lin_vel_z: -0.0014
              Episode_Reward/ang_vel_xy: -0.0279
             Episode_Reward/base_height: -0.1163
             Episode_Reward/orientation: -0.0442
                    Episode_Reward/pose: -0.0014
             Episode_Reward/action_rate: -0.0029
              Episode_Reward/action_acc: -0.0085
           Episode_Termination/time_out: 0.0000
    Episode_Termination/bad_orientation: 7.5417
--------------------------------------------------------------------------------
                         Iteration time: 0.47s
                           Time elapsed: 00:00:09
                                    ETA: 00:01:44

################################################################################
[1m                           Learning iteration 21/250                            [0m 

                            Total steps: 270336 
                       Steps per second: 28050 
                        Collection time: 0.373s 
                          Learning time: 0.065s 
                        Mean value loss: 0.2272
                    Mean surrogate loss: -0.0086
                      Mean entropy loss: 7.0335
                            Mean reward: -0.45
                    Mean episode length: 58.88
                        Mean action std: 0.49
                reward/tracking_lin_vel: 0.9447
                reward/tracking_ang_vel: 0.1045
                      reward/feet_phase: 0.6178
             reward/feet_phase_contrast: 0.9161
             reward/feet_contact_number: 0.4491
                   reward/feet_air_time: 0.0304
                     reward/under_speed: -0.1067
                       reward/feet_slip: -0.0042
                  reward/feet_clearance: -0.0104
                       reward/lin_vel_z: -0.0205
                      reward/ang_vel_xy: -0.4102
                     reward/base_height: -1.6304
                     reward/orientation: -0.6379
                            reward/pose: -0.0203
                     reward/action_rate: -0.0497
                      reward/action_acc: -0.1473
             Metrics/twist/error_vel_xy: 0.2920
            Metrics/twist/error_vel_yaw: 0.2374
        Episode_Reward/tracking_lin_vel: 0.0552
        Episode_Reward/tracking_ang_vel: 0.0060
              Episode_Reward/feet_phase: 0.0345
     Episode_Reward/feet_phase_contrast: 0.0583
     Episode_Reward/feet_contact_number: 0.0263
           Episode_Reward/feet_air_time: 0.0019
             Episode_Reward/under_speed: -0.0054
               Episode_Reward/feet_slip: -0.0003
          Episode_Reward/feet_clearance: -0.0006
               Episode_Reward/lin_vel_z: -0.0014
              Episode_Reward/ang_vel_xy: -0.0281
             Episode_Reward/base_height: -0.1136
             Episode_Reward/orientation: -0.0437
                    Episode_Reward/pose: -0.0012
             Episode_Reward/action_rate: -0.0029
              Episode_Reward/action_acc: -0.0087
           Episode_Termination/time_out: 0.0000
    Episode_Termination/bad_orientation: 7.3333
--------------------------------------------------------------------------------
                         Iteration time: 0.44s
                           Time elapsed: 00:00:10
                                    ETA: 00:01:44

################################################################################
[1m                           Learning iteration 22/250                            [0m 

                            Total steps: 282624 
                       Steps per second: 27105 
                        Collection time: 0.387s 
                          Learning time: 0.066s 
                        Mean value loss: 0.2142
                    Mean surrogate loss: -0.0121
                      Mean entropy loss: 7.0075
                            Mean reward: -0.44
                    Mean episode length: 62.97
                        Mean action std: 0.49
                reward/tracking_lin_vel: 0.9955
                reward/tracking_ang_vel: 0.1053
                      reward/feet_phase: 0.5603
             reward/feet_phase_contrast: 0.9755
             reward/feet_contact_number: 0.4493
                   reward/feet_air_time: 0.0327
                     reward/under_speed: -0.1005
                       reward/feet_slip: -0.0041
                  reward/feet_clearance: -0.0104
                       reward/lin_vel_z: -0.0202
                      reward/ang_vel_xy: -0.4480
                     reward/base_height: -1.7473
                     reward/orientation: -0.6544
                            reward/pose: -0.0216
                     reward/action_rate: -0.0500
                      reward/action_acc: -0.1481
             Metrics/twist/error_vel_xy: 0.3225
            Metrics/twist/error_vel_yaw: 0.2494
        Episode_Reward/tracking_lin_vel: 0.0557
        Episode_Reward/tracking_ang_vel: 0.0065
              Episode_Reward/feet_phase: 0.0347
     Episode_Reward/feet_phase_contrast: 0.0565
     Episode_Reward/feet_contact_number: 0.0286
           Episode_Reward/feet_air_time: 0.0021
             Episode_Reward/under_speed: -0.0071
               Episode_Reward/feet_slip: -0.0003
          Episode_Reward/feet_clearance: -0.0007
               Episode_Reward/lin_vel_z: -0.0013
              Episode_Reward/ang_vel_xy: -0.0294
             Episode_Reward/base_height: -0.1149
             Episode_Reward/orientation: -0.0431
                    Episode_Reward/pose: -0.0013
             Episode_Reward/action_rate: -0.0032
              Episode_Reward/action_acc: -0.0095
           Episode_Termination/time_out: 0.0000
    Episode_Termination/bad_orientation: 7.8750
--------------------------------------------------------------------------------
                         Iteration time: 0.45s
                           Time elapsed: 00:00:10
                                    ETA: 00:01:43

################################################################################
[1m                           Learning iteration 23/250                            [0m 

                            Total steps: 294912 
                       Steps per second: 27436 
                        Collection time: 0.383s 
                          Learning time: 0.065s 
                        Mean value loss: 0.2002
                    Mean surrogate loss: -0.0114
                      Mean entropy loss: 6.9802
                            Mean reward: -0.20
                    Mean episode length: 57.80
                        Mean action std: 0.49
                reward/tracking_lin_vel: 1.0377
                reward/tracking_ang_vel: 0.1082
                      reward/feet_phase: 0.5575
             reward/feet_phase_contrast: 0.9988
             reward/feet_contact_number: 0.4569
                   reward/feet_air_time: 0.0298
                     reward/under_speed: -0.0999
                       reward/feet_slip: -0.0041
                  reward/feet_clearance: -0.0103
                       reward/lin_vel_z: -0.0203
                      reward/ang_vel_xy: -0.4047
                     reward/base_height: -1.6065
                     reward/orientation: -0.6144
                            reward/pose: -0.0223
                     reward/action_rate: -0.0496
                      reward/action_acc: -0.1469
             Metrics/twist/error_vel_xy: 0.2832
            Metrics/twist/error_vel_yaw: 0.2244
        Episode_Reward/tracking_lin_vel: 0.0551
        Episode_Reward/tracking_ang_vel: 0.0061
              Episode_Reward/feet_phase: 0.0373
     Episode_Reward/feet_phase_contrast: 0.0611
     Episode_Reward/feet_contact_number: 0.0259
           Episode_Reward/feet_air_time: 0.0023
             Episode_Reward/under_speed: -0.0050
               Episode_Reward/feet_slip: -0.0003
          Episode_Reward/feet_clearance: -0.0007
               Episode_Reward/lin_vel_z: -0.0014
              Episode_Reward/ang_vel_xy: -0.0285
             Episode_Reward/base_height: -0.1128
             Episode_Reward/orientation: -0.0422
                    Episode_Reward/pose: -0.0013
             Episode_Reward/action_rate: -0.0029
              Episode_Reward/action_acc: -0.0085
           Episode_Termination/time_out: 0.0000
    Episode_Termination/bad_orientation: 7.5833
--------------------------------------------------------------------------------
                         Iteration time: 0.45s
                           Time elapsed: 00:00:10
                                    ETA: 00:01:43

################################################################################
[1m                           Learning iteration 24/250                            [0m 

                            Total steps: 307200 
                       Steps per second: 28046 
                        Collection time: 0.372s 
                          Learning time: 0.066s 
                        Mean value loss: 0.1866
                    Mean surrogate loss: -0.0118
                      Mean entropy loss: 6.9643
                            Mean reward: 0.03
                    Mean episode length: 60.79
                        Mean action std: 0.49
                reward/tracking_lin_vel: 1.0515
                reward/tracking_ang_vel: 0.1078
                      reward/feet_phase: 0.6325
             reward/feet_phase_contrast: 1.0058
             reward/feet_contact_number: 0.4552
                   reward/feet_air_time: 0.0230
                     reward/under_speed: -0.1001
                       reward/feet_slip: -0.0039
                  reward/feet_clearance: -0.0097
                       reward/lin_vel_z: -0.0190
                      reward/ang_vel_xy: -0.3669
                     reward/base_height: -1.4186
                     reward/orientation: -0.5977
                            reward/pose: -0.0228
                     reward/action_rate: -0.0497
                      reward/action_acc: -0.1472
             Metrics/twist/error_vel_xy: 0.2773
            Metrics/twist/error_vel_yaw: 0.2354
        Episode_Reward/tracking_lin_vel: 0.0592
        Episode_Reward/tracking_ang_vel: 0.0060
              Episode_Reward/feet_phase: 0.0370
     Episode_Reward/feet_phase_contrast: 0.0632
     Episode_Reward/feet_contact_number: 0.0269
           Episode_Reward/feet_air_time: 0.0018
             Episode_Reward/under_speed: -0.0049
               Episode_Reward/feet_slip: -0.0003
          Episode_Reward/feet_clearance: -0.0006
               Episode_Reward/lin_vel_z: -0.0014
              Episode_Reward/ang_vel_xy: -0.0278
             Episode_Reward/base_height: -0.1106
             Episode_Reward/orientation: -0.0439
                    Episode_Reward/pose: -0.0013
             Episode_Reward/action_rate: -0.0029
              Episode_Reward/action_acc: -0.0086
           Episode_Termination/time_out: 0.0000
    Episode_Termination/bad_orientation: 6.2917
--------------------------------------------------------------------------------
                         Iteration time: 0.44s
                           Time elapsed: 00:00:11
                                    ETA: 00:01:42

################################################################################
[1m                           Learning iteration 25/250                            [0m 

                            Total steps: 319488 
                       Steps per second: 29036 
                        Collection time: 0.357s 
                          Learning time: 0.066s 
                        Mean value loss: 0.2085
                    Mean surrogate loss: -0.0128
                      Mean entropy loss: 6.9462
                            Mean reward: -0.04
                    Mean episode length: 60.28
                        Mean action std: 0.48
                reward/tracking_lin_vel: 1.0166
                reward/tracking_ang_vel: 0.1072
                      reward/feet_phase: 0.6156
             reward/feet_phase_contrast: 0.9566
             reward/feet_contact_number: 0.4527
                   reward/feet_air_time: 0.0276
                     reward/under_speed: -0.1047
                       reward/feet_slip: -0.0039
                  reward/feet_clearance: -0.0097
                       reward/lin_vel_z: -0.0182
                      reward/ang_vel_xy: -0.3948
                     reward/base_height: -1.5078
                     reward/orientation: -0.6024
                            reward/pose: -0.0225
                     reward/action_rate: -0.0486
                      reward/action_acc: -0.1437
             Metrics/twist/error_vel_xy: 0.2847
            Metrics/twist/error_vel_yaw: 0.2363
        Episode_Reward/tracking_lin_vel: 0.0609
        Episode_Reward/tracking_ang_vel: 0.0064
              Episode_Reward/feet_phase: 0.0391
     Episode_Reward/feet_phase_contrast: 0.0642
     Episode_Reward/feet_contact_number: 0.0277
           Episode_Reward/feet_air_time: 0.0021
             Episode_Reward/under_speed: -0.0053
               Episode_Reward/feet_slip: -0.0003
          Episode_Reward/feet_clearance: -0.0007
               Episode_Reward/lin_vel_z: -0.0013
              Episode_Reward/ang_vel_xy: -0.0281
             Episode_Reward/base_height: -0.1111
             Episode_Reward/orientation: -0.0434
                    Episode_Reward/pose: -0.0014
             Episode_Reward/action_rate: -0.0030
              Episode_Reward/action_acc: -0.0090
           Episode_Termination/time_out: 0.0000
    Episode_Termination/bad_orientation: 7.0833
--------------------------------------------------------------------------------
                         Iteration time: 0.42s
                           Time elapsed: 00:00:11
                                    ETA: 00:01:41

################################################################################
[1m                           Learning iteration 26/250                            [0m 

                            Total steps: 331776 
                       Steps per second: 28096 
                        Collection time: 0.374s 
                          Learning time: 0.064s 
                        Mean value loss: 0.2191
                    Mean surrogate loss: -0.0086
                      Mean entropy loss: 6.9350
                            Mean reward: 0.29
                    Mean episode length: 60.65
                        Mean action std: 0.48
                reward/tracking_lin_vel: 1.0417
                reward/tracking_ang_vel: 0.1081
                      reward/feet_phase: 0.5414
             reward/feet_phase_contrast: 0.9635
             reward/feet_contact_number: 0.4533
                   reward/feet_air_time: 0.0230
                     reward/under_speed: -0.1050
                       reward/feet_slip: -0.0038
                  reward/feet_clearance: -0.0097
                       reward/lin_vel_z: -0.0184
                      reward/ang_vel_xy: -0.3773
                     reward/base_height: -1.3450
                     reward/orientation: -0.5591
                            reward/pose: -0.0222
                     reward/action_rate: -0.0493
                      reward/action_acc: -0.1460
             Metrics/twist/error_vel_xy: 0.2700
            Metrics/twist/error_vel_yaw: 0.2324
        Episode_Reward/tracking_lin_vel: 0.0639
        Episode_Reward/tracking_ang_vel: 0.0063
              Episode_Reward/feet_phase: 0.0432
     Episode_Reward/feet_phase_contrast: 0.0699
     Episode_Reward/feet_contact_number: 0.0278
           Episode_Reward/feet_air_time: 0.0020
             Episode_Reward/under_speed: -0.0047
               Episode_Reward/feet_slip: -0.0003
          Episode_Reward/feet_clearance: -0.0006
               Episode_Reward/lin_vel_z: -0.0015
              Episode_Reward/ang_vel_xy: -0.0287
             Episode_Reward/base_height: -0.1068
             Episode_Reward/orientation: -0.0436
                    Episode_Reward/pose: -0.0014
             Episode_Reward/action_rate: -0.0030
              Episode_Reward/action_acc: -0.0088
           Episode_Termination/time_out: 0.0000
    Episode_Termination/bad_orientation: 6.2917
--------------------------------------------------------------------------------
                         Iteration time: 0.44s
                           Time elapsed: 00:00:12
                                    ETA: 00:01:41

################################################################################
[1m                           Learning iteration 27/250                            [0m 

                            Total steps: 344064 
                       Steps per second: 28446 
                        Collection time: 0.370s 
                          Learning time: 0.062s 
                        Mean value loss: 0.2060
                    Mean surrogate loss: -0.0081
                      Mean entropy loss: 6.9167
                            Mean reward: 0.11
                    Mean episode length: 60.27
                        Mean action std: 0.48
                reward/tracking_lin_vel: 1.0431
                reward/tracking_ang_vel: 0.1087
                      reward/feet_phase: 0.5629
             reward/feet_phase_contrast: 0.9899
             reward/feet_contact_number: 0.4518
                   reward/feet_air_time: 0.0249
                     reward/under_speed: -0.1036
                       reward/feet_slip: -0.0040
                  reward/feet_clearance: -0.0097
                       reward/lin_vel_z: -0.0188
                      reward/ang_vel_xy: -0.3957
                     reward/base_height: -1.4595
                     reward/orientation: -0.5970
                            reward/pose: -0.0234
                     reward/action_rate: -0.0491
                      reward/action_acc: -0.1453
             Metrics/twist/error_vel_xy: 0.2803
            Metrics/twist/error_vel_yaw: 0.2351
        Episode_Reward/tracking_lin_vel: 0.0622
        Episode_Reward/tracking_ang_vel: 0.0062
              Episode_Reward/feet_phase: 0.0392
     Episode_Reward/feet_phase_contrast: 0.0653
     Episode_Reward/feet_contact_number: 0.0268
           Episode_Reward/feet_air_time: 0.0015
             Episode_Reward/under_speed: -0.0051
               Episode_Reward/feet_slip: -0.0003
          Episode_Reward/feet_clearance: -0.0006
               Episode_Reward/lin_vel_z: -0.0014
              Episode_Reward/ang_vel_xy: -0.0290
             Episode_Reward/base_height: -0.1056
             Episode_Reward/orientation: -0.0425
                    Episode_Reward/pose: -0.0013
             Episode_Reward/action_rate: -0.0030
              Episode_Reward/action_acc: -0.0088
           Episode_Termination/time_out: 0.0000
    Episode_Termination/bad_orientation: 7.0000
--------------------------------------------------------------------------------
                         Iteration time: 0.43s
                           Time elapsed: 00:00:12
                                    ETA: 00:01:40

################################################################################
[1m                           Learning iteration 28/250                            [0m 

                            Total steps: 356352 
                       Steps per second: 27268 
                        Collection time: 0.385s 
                          Learning time: 0.066s 
                        Mean value loss: 0.2059
                    Mean surrogate loss: -0.0089
                      Mean entropy loss: 6.9056
                            Mean reward: 0.56
                    Mean episode length: 71.17
                        Mean action std: 0.48
                reward/tracking_lin_vel: 1.0611
                reward/tracking_ang_vel: 0.1082
                      reward/feet_phase: 0.6510
             reward/feet_phase_contrast: 0.9602
             reward/feet_contact_number: 0.4568
                   reward/feet_air_time: 0.0268
                     reward/under_speed: -0.1054
                       reward/feet_slip: -0.0039
                  reward/feet_clearance: -0.0095
                       reward/lin_vel_z: -0.0165
                      reward/ang_vel_xy: -0.3587
                     reward/base_height: -1.2729
                     reward/orientation: -0.5395
                            reward/pose: -0.0243
                     reward/action_rate: -0.0490
                      reward/action_acc: -0.1454
             Metrics/twist/error_vel_xy: 0.2884
            Metrics/twist/error_vel_yaw: 0.2475
        Episode_Reward/tracking_lin_vel: 0.0685
        Episode_Reward/tracking_ang_vel: 0.0070
              Episode_Reward/feet_phase: 0.0422
     Episode_Reward/feet_phase_contrast: 0.0709
     Episode_Reward/feet_contact_number: 0.0298
           Episode_Reward/feet_air_time: 0.0023
             Episode_Reward/under_speed: -0.0060
               Episode_Reward/feet_slip: -0.0003
          Episode_Reward/feet_clearance: -0.0007
               Episode_Reward/lin_vel_z: -0.0013
              Episode_Reward/ang_vel_xy: -0.0288
             Episode_Reward/base_height: -0.1063
             Episode_Reward/orientation: -0.0437
                    Episode_Reward/pose: -0.0015
             Episode_Reward/action_rate: -0.0032
              Episode_Reward/action_acc: -0.0096
           Episode_Termination/time_out: 0.0000
    Episode_Termination/bad_orientation: 6.3333
--------------------------------------------------------------------------------
                         Iteration time: 0.45s
                           Time elapsed: 00:00:13
                                    ETA: 00:01:40

################################################################################
[1m                           Learning iteration 29/250                            [0m 

                            Total steps: 368640 
                       Steps per second: 28161 
                        Collection time: 0.372s 
                          Learning time: 0.064s 
                        Mean value loss: 0.2184
                    Mean surrogate loss: -0.0095
                      Mean entropy loss: 6.8851
                            Mean reward: 0.32
                    Mean episode length: 61.64
                        Mean action std: 0.48
                reward/tracking_lin_vel: 1.0346
                reward/tracking_ang_vel: 0.1102
                      reward/feet_phase: 0.5567
             reward/feet_phase_contrast: 0.9384
             reward/feet_contact_number: 0.4559
                   reward/feet_air_time: 0.0273
                     reward/under_speed: -0.1112
                       reward/feet_slip: -0.0039
                  reward/feet_clearance: -0.0097
                       reward/lin_vel_z: -0.0182
                      reward/ang_vel_xy: -0.3664
                     reward/base_height: -1.3021
                     reward/orientation: -0.5379
                            reward/pose: -0.0239
                     reward/action_rate: -0.0489
                      reward/action_acc: -0.1449
             Metrics/twist/error_vel_xy: 0.2647
            Metrics/twist/error_vel_yaw: 0.2309
        Episode_Reward/tracking_lin_vel: 0.0620
        Episode_Reward/tracking_ang_vel: 0.0062
              Episode_Reward/feet_phase: 0.0426
     Episode_Reward/feet_phase_contrast: 0.0689
     Episode_Reward/feet_contact_number: 0.0269
           Episode_Reward/feet_air_time: 0.0023
             Episode_Reward/under_speed: -0.0045
               Episode_Reward/feet_slip: -0.0003
          Episode_Reward/feet_clearance: -0.0006
               Episode_Reward/lin_vel_z: -0.0015
              Episode_Reward/ang_vel_xy: -0.0289
             Episode_Reward/base_height: -0.1048
             Episode_Reward/orientation: -0.0425
                    Episode_Reward/pose: -0.0014
             Episode_Reward/action_rate: -0.0029
              Episode_Reward/action_acc: -0.0086
           Episode_Termination/time_out: 0.0000
    Episode_Termination/bad_orientation: 6.4167
--------------------------------------------------------------------------------
                         Iteration time: 0.44s
                           Time elapsed: 00:00:13
                                    ETA: 00:01:39

################################################################################
[1m                           Learning iteration 30/250                            [0m 

                            Total steps: 380928 
                       Steps per second: 27943 
                        Collection time: 0.373s 
                          Learning time: 0.067s 
                        Mean value loss: 0.2066
                    Mean surrogate loss: -0.0104
                      Mean entropy loss: 6.8740
                            Mean reward: 0.23
                    Mean episode length: 67.25
                        Mean action std: 0.48
                reward/tracking_lin_vel: 1.0572
                reward/tracking_ang_vel: 0.1109
                      reward/feet_phase: 0.5036
             reward/feet_phase_contrast: 0.8974
             reward/feet_contact_number: 0.4580
                   reward/feet_air_time: 0.0283
                     reward/under_speed: -0.1151
                       reward/feet_slip: -0.0034
                  reward/feet_clearance: -0.0092
                       reward/lin_vel_z: -0.0153
                      reward/ang_vel_xy: -0.3460
                     reward/base_height: -1.2112
                     reward/orientation: -0.5084
                            reward/pose: -0.0254
                     reward/action_rate: -0.0493
                      reward/action_acc: -0.1464
             Metrics/twist/error_vel_xy: 0.2939
            Metrics/twist/error_vel_yaw: 0.2572
        Episode_Reward/tracking_lin_vel: 0.0726
        Episode_Reward/tracking_ang_vel: 0.0072
              Episode_Reward/feet_phase: 0.0447
     Episode_Reward/feet_phase_contrast: 0.0735
     Episode_Reward/feet_contact_number: 0.0308
           Episode_Reward/feet_air_time: 0.0020
             Episode_Reward/under_speed: -0.0062
               Episode_Reward/feet_slip: -0.0003
          Episode_Reward/feet_clearance: -0.0007
               Episode_Reward/lin_vel_z: -0.0013
              Episode_Reward/ang_vel_xy: -0.0291
             Episode_Reward/base_height: -0.1041
             Episode_Reward/orientation: -0.0437
                    Episode_Reward/pose: -0.0016
             Episode_Reward/action_rate: -0.0033
              Episode_Reward/action_acc: -0.0098
           Episode_Termination/time_out: 0.0000
    Episode_Termination/bad_orientation: 5.5417
--------------------------------------------------------------------------------
                         Iteration time: 0.44s
                           Time elapsed: 00:00:14
                                    ETA: 00:01:39

################################################################################
[1m                           Learning iteration 31/250                            [0m 

                            Total steps: 393216 
                       Steps per second: 24641 
                        Collection time: 0.433s 
                          Learning time: 0.065s 
                        Mean value loss: 0.2225
                    Mean surrogate loss: -0.0090
                      Mean entropy loss: 6.8646
                            Mean reward: 0.31
                    Mean episode length: 62.92
                        Mean action std: 0.48
                reward/tracking_lin_vel: 1.0669
                reward/tracking_ang_vel: 0.1116
                      reward/feet_phase: 0.5464
             reward/feet_phase_contrast: 0.9095
             reward/feet_contact_number: 0.4533
                   reward/feet_air_time: 0.0282
                     reward/under_speed: -0.1145
                       reward/feet_slip: -0.0034
                  reward/feet_clearance: -0.0093
                       reward/lin_vel_z: -0.0163
                      reward/ang_vel_xy: -0.3432
                     reward/base_height: -1.1311
                     reward/orientation: -0.4919
                            reward/pose: -0.0255
                     reward/action_rate: -0.0492
                      reward/action_acc: -0.1456
             Metrics/twist/error_vel_xy: 0.2745
            Metrics/twist/error_vel_yaw: 0.2273
        Episode_Reward/tracking_lin_vel: 0.0628
        Episode_Reward/tracking_ang_vel: 0.0067
              Episode_Reward/feet_phase: 0.0397
     Episode_Reward/feet_phase_contrast: 0.0672
     Episode_Reward/feet_contact_number: 0.0287
           Episode_Reward/feet_air_time: 0.0027
             Episode_Reward/under_speed: -0.0053
               Episode_Reward/feet_slip: -0.0003
          Episode_Reward/feet_clearance: -0.0007
               Episode_Reward/lin_vel_z: -0.0015
              Episode_Reward/ang_vel_xy: -0.0298
             Episode_Reward/base_height: -0.1034
             Episode_Reward/orientation: -0.0420
                    Episode_Reward/pose: -0.0014
             Episode_Reward/action_rate: -0.0031
              Episode_Reward/action_acc: -0.0090
           Episode_Termination/time_out: 0.0000
    Episode_Termination/bad_orientation: 5.6250
--------------------------------------------------------------------------------
                         Iteration time: 0.50s
                           Time elapsed: 00:00:14
                                    ETA: 00:01:38

################################################################################
[1m                           Learning iteration 32/250                            [0m 

                            Total steps: 405504 
                       Steps per second: 26064 
                        Collection time: 0.400s 
                          Learning time: 0.071s 
                        Mean value loss: 0.1983
                    Mean surrogate loss: -0.0091
                      Mean entropy loss: 6.8528
                            Mean reward: 0.52
                    Mean episode length: 68.79
                        Mean action std: 0.48
                reward/tracking_lin_vel: 1.0604
                reward/tracking_ang_vel: 0.1120
                      reward/feet_phase: 0.6050
             reward/feet_phase_contrast: 0.9174
             reward/feet_contact_number: 0.4493
                   reward/feet_air_time: 0.0264
                     reward/under_speed: -0.1141
                       reward/feet_slip: -0.0036
                  reward/feet_clearance: -0.0093
                       reward/lin_vel_z: -0.0176
                      reward/ang_vel_xy: -0.3550
                     reward/base_height: -1.2128
                     reward/orientation: -0.5104
                            reward/pose: -0.0257
                     reward/action_rate: -0.0494
                      reward/action_acc: -0.1467
             Metrics/twist/error_vel_xy: 0.2871
            Metrics/twist/error_vel_yaw: 0.2485
        Episode_Reward/tracking_lin_vel: 0.0711
        Episode_Reward/tracking_ang_vel: 0.0073
              Episode_Reward/feet_phase: 0.0446
     Episode_Reward/feet_phase_contrast: 0.0736
     Episode_Reward/feet_contact_number: 0.0305
           Episode_Reward/feet_air_time: 0.0022
             Episode_Reward/under_speed: -0.0064
               Episode_Reward/feet_slip: -0.0003
          Episode_Reward/feet_clearance: -0.0007
               Episode_Reward/lin_vel_z: -0.0015
              Episode_Reward/ang_vel_xy: -0.0298
             Episode_Reward/base_height: -0.1026
             Episode_Reward/orientation: -0.0432
                    Episode_Reward/pose: -0.0017
             Episode_Reward/action_rate: -0.0034
              Episode_Reward/action_acc: -0.0101
           Episode_Termination/time_out: 0.0000
    Episode_Termination/bad_orientation: 5.8750
--------------------------------------------------------------------------------
                         Iteration time: 0.47s
                           Time elapsed: 00:00:14
                                    ETA: 00:01:38

################################################################################
[1m                           Learning iteration 33/250                            [0m 

                            Total steps: 417792 
                       Steps per second: 25713 
                        Collection time: 0.411s 
                          Learning time: 0.067s 
                        Mean value loss: 1.1603
                    Mean surrogate loss: -0.0074
                      Mean entropy loss: 6.8349
                            Mean reward: 0.25
                    Mean episode length: 58.58
                        Mean action std: 0.48
                reward/tracking_lin_vel: 0.6689
                reward/tracking_ang_vel: 0.1038
                      reward/feet_phase: 0.4817
             reward/feet_phase_contrast: 0.8736
             reward/feet_contact_number: 0.4459
                   reward/feet_air_time: 0.0563
                     reward/under_speed: -0.1068
                       reward/feet_slip: -0.0062
                  reward/feet_clearance: -0.0159
                       reward/lin_vel_z: -0.0302
                      reward/ang_vel_xy: -0.5592
                     reward/base_height: -1.1788
                     reward/orientation: -0.5486
                            reward/pose: -0.0252
                     reward/action_rate: -0.0491
                      reward/action_acc: -0.1454
             Metrics/twist/error_vel_xy: 0.2920
            Metrics/twist/error_vel_yaw: 0.2263
        Episode_Reward/tracking_lin_vel: 0.0659
        Episode_Reward/tracking_ang_vel: 0.0070
              Episode_Reward/feet_phase: 0.0407
     Episode_Reward/feet_phase_contrast: 0.0664
     Episode_Reward/feet_contact_number: 0.0288
           Episode_Reward/feet_air_time: 0.0026
             Episode_Reward/under_speed: -0.0059
               Episode_Reward/feet_slip: -0.0003
          Episode_Reward/feet_clearance: -0.0007
               Episode_Reward/lin_vel_z: -0.0019
              Episode_Reward/ang_vel_xy: -0.0323
             Episode_Reward/base_height: -0.0943
             Episode_Reward/orientation: -0.0401
                    Episode_Reward/pose: -0.0015
             Episode_Reward/action_rate: -0.0031
              Episode_Reward/action_acc: -0.0093
           Episode_Termination/time_out: 0.0000
    Episode_Termination/bad_orientation: 5.9583
--------------------------------------------------------------------------------
                         Iteration time: 0.48s
                           Time elapsed: 00:00:15
                                    ETA: 00:01:38

################################################################################
[1m                           Learning iteration 34/250                            [0m 

                            Total steps: 430080 
                       Steps per second: 29666 
                        Collection time: 0.352s 
                          Learning time: 0.062s 
                        Mean value loss: 0.2491
                    Mean surrogate loss: -0.0074
                      Mean entropy loss: 6.8203
                            Mean reward: 2.23
                    Mean episode length: 139.55
                        Mean action std: 0.48
                reward/tracking_lin_vel: 0.8180
                reward/tracking_ang_vel: 0.1035
                      reward/feet_phase: 0.5038
             reward/feet_phase_contrast: 0.9245
             reward/feet_contact_number: 0.4437
                   reward/feet_air_time: 0.1118
                     reward/under_speed: -0.1043
                       reward/feet_slip: -0.0044
                  reward/feet_clearance: -0.0132
                       reward/lin_vel_z: -0.0307
                      reward/ang_vel_xy: -0.6760
                     reward/base_height: -2.2747
                     reward/orientation: -0.7387
                            reward/pose: -0.0199
                     reward/action_rate: -0.0488
                      reward/action_acc: -0.1432
             Metrics/twist/error_vel_xy: 0.4316
            Metrics/twist/error_vel_yaw: 0.3082
        Episode_Reward/tracking_lin_vel: 0.1194
        Episode_Reward/tracking_ang_vel: 0.0144
              Episode_Reward/feet_phase: 0.0523
     Episode_Reward/feet_phase_contrast: 0.0888
     Episode_Reward/feet_contact_number: 0.0576
           Episode_Reward/feet_air_time: 0.0060
             Episode_Reward/under_speed: -0.0185
               Episode_Reward/feet_slip: -0.0004
          Episode_Reward/feet_clearance: -0.0013
               Episode_Reward/lin_vel_z: -0.0017
              Episode_Reward/ang_vel_xy: -0.0398
             Episode_Reward/base_height: -0.1036
             Episode_Reward/orientation: -0.0428
                    Episode_Reward/pose: -0.0030
             Episode_Reward/action_rate: -0.0062
              Episode_Reward/action_acc: -0.0185
           Episode_Termination/time_out: 0.0000
    Episode_Termination/bad_orientation: 12.1250
--------------------------------------------------------------------------------
                         Iteration time: 0.41s
                           Time elapsed: 00:00:15
                                    ETA: 00:01:37

################################################################################
[1m                           Learning iteration 35/250                            [0m 

                            Total steps: 442368 
                       Steps per second: 27878 
                        Collection time: 0.379s 
                          Learning time: 0.062s 
                        Mean value loss: 0.2525
                    Mean surrogate loss: -0.0088
                      Mean entropy loss: 6.8116
                            Mean reward: 1.50
                    Mean episode length: 104.69
                        Mean action std: 0.48
                reward/tracking_lin_vel: 1.1105
                reward/tracking_ang_vel: 0.1089
                      reward/feet_phase: 0.7142
             reward/feet_phase_contrast: 1.0558
             reward/feet_contact_number: 0.4516
                   reward/feet_air_time: 0.0336
                     reward/under_speed: -0.1001
                       reward/feet_slip: -0.0033
                  reward/feet_clearance: -0.0095
                       reward/lin_vel_z: -0.0161
                      reward/ang_vel_xy: -0.3565
                     reward/base_height: -1.0520
                     reward/orientation: -0.4779
                            reward/pose: -0.0231
                     reward/action_rate: -0.0489
                      reward/action_acc: -0.1447
             Metrics/twist/error_vel_xy: 0.3529
            Metrics/twist/error_vel_yaw: 0.2762
        Episode_Reward/tracking_lin_vel: 0.1016
        Episode_Reward/tracking_ang_vel: 0.0116
              Episode_Reward/feet_phase: 0.0474
     Episode_Reward/feet_phase_contrast: 0.0804
     Episode_Reward/feet_contact_number: 0.0468
           Episode_Reward/feet_air_time: 0.0027
             Episode_Reward/under_speed: -0.0130
               Episode_Reward/feet_slip: -0.0003
          Episode_Reward/feet_clearance: -0.0009
               Episode_Reward/lin_vel_z: -0.0015
              Episode_Reward/ang_vel_xy: -0.0335
             Episode_Reward/base_height: -0.1033
             Episode_Reward/orientation: -0.0454
                    Episode_Reward/pose: -0.0025
             Episode_Reward/action_rate: -0.0050
              Episode_Reward/action_acc: -0.0150
           Episode_Termination/time_out: 0.0000
    Episode_Termination/bad_orientation: 4.9167
--------------------------------------------------------------------------------
                         Iteration time: 0.44s
                           Time elapsed: 00:00:16
                                    ETA: 00:01:37

################################################################################
[1m                           Learning iteration 36/250                            [0m 

                            Total steps: 454656 
                       Steps per second: 27988 
                        Collection time: 0.376s 
                          Learning time: 0.063s 
                        Mean value loss: 0.2461
                    Mean surrogate loss: -0.0078
                      Mean entropy loss: 6.8017
                            Mean reward: 0.60
                    Mean episode length: 65.97
                        Mean action std: 0.48
                reward/tracking_lin_vel: 1.0443
                reward/tracking_ang_vel: 0.1051
                      reward/feet_phase: 0.6323
             reward/feet_phase_contrast: 1.0489
             reward/feet_contact_number: 0.4538
                   reward/feet_air_time: 0.0363
                     reward/under_speed: -0.0979
                       reward/feet_slip: -0.0041
                  reward/feet_clearance: -0.0104
                       reward/lin_vel_z: -0.0223
                      reward/ang_vel_xy: -0.4523
                     reward/base_height: -1.5016
                     reward/orientation: -0.6192
                            reward/pose: -0.0247
                     reward/action_rate: -0.0493
                      reward/action_acc: -0.1454
             Metrics/twist/error_vel_xy: 0.2724
            Metrics/twist/error_vel_yaw: 0.2284
        Episode_Reward/tracking_lin_vel: 0.0589
        Episode_Reward/tracking_ang_vel: 0.0061
              Episode_Reward/feet_phase: 0.0385
     Episode_Reward/feet_phase_contrast: 0.0627
     Episode_Reward/feet_contact_number: 0.0264
           Episode_Reward/feet_air_time: 0.0024
             Episode_Reward/under_speed: -0.0049
               Episode_Reward/feet_slip: -0.0003
          Episode_Reward/feet_clearance: -0.0007
               Episode_Reward/lin_vel_z: -0.0015
              Episode_Reward/ang_vel_xy: -0.0305
             Episode_Reward/base_height: -0.0982
             Episode_Reward/orientation: -0.0406
                    Episode_Reward/pose: -0.0014
             Episode_Reward/action_rate: -0.0029
              Episode_Reward/action_acc: -0.0085
           Episode_Termination/time_out: 0.0000
    Episode_Termination/bad_orientation: 7.7083
--------------------------------------------------------------------------------
                         Iteration time: 0.44s
                           Time elapsed: 00:00:16
                                    ETA: 00:01:36

################################################################################
[1m                           Learning iteration 37/250                            [0m 

                            Total steps: 466944 
                       Steps per second: 27421 
                        Collection time: 0.383s 
                          Learning time: 0.066s 
                        Mean value loss: 0.2102
                    Mean surrogate loss: -0.0127
                      Mean entropy loss: 6.7713
                            Mean reward: 0.78
                    Mean episode length: 67.95
                        Mean action std: 0.48
                reward/tracking_lin_vel: 1.0944
                reward/tracking_ang_vel: 0.1084
                      reward/feet_phase: 0.5443
             reward/feet_phase_contrast: 0.9754
             reward/feet_contact_number: 0.4546
                   reward/feet_air_time: 0.0205
                     reward/under_speed: -0.1071
                       reward/feet_slip: -0.0037
                  reward/feet_clearance: -0.0096
                       reward/lin_vel_z: -0.0173
                      reward/ang_vel_xy: -0.3572
                     reward/base_height: -1.1162
                     reward/orientation: -0.5005
                            reward/pose: -0.0246
                     reward/action_rate: -0.0493
                      reward/action_acc: -0.1456
             Metrics/twist/error_vel_xy: 0.2904
            Metrics/twist/error_vel_yaw: 0.2587
        Episode_Reward/tracking_lin_vel: 0.0727
        Episode_Reward/tracking_ang_vel: 0.0073
              Episode_Reward/feet_phase: 0.0460
     Episode_Reward/feet_phase_contrast: 0.0749
     Episode_Reward/feet_contact_number: 0.0309
           Episode_Reward/feet_air_time: 0.0025
             Episode_Reward/under_speed: -0.0063
               Episode_Reward/feet_slip: -0.0003
          Episode_Reward/feet_clearance: -0.0007
               Episode_Reward/lin_vel_z: -0.0015
              Episode_Reward/ang_vel_xy: -0.0299
             Episode_Reward/base_height: -0.0978
             Episode_Reward/orientation: -0.0427
                    Episode_Reward/pose: -0.0017
             Episode_Reward/action_rate: -0.0034
              Episode_Reward/action_acc: -0.0100
           Episode_Termination/time_out: 0.0000
    Episode_Termination/bad_orientation: 6.3478
--------------------------------------------------------------------------------
                         Iteration time: 0.45s
                           Time elapsed: 00:00:17
                                    ETA: 00:01:36

################################################################################
[1m                           Learning iteration 38/250                            [0m 

                            Total steps: 479232 
                       Steps per second: 28314 
                        Collection time: 0.369s 
                          Learning time: 0.065s 
                        Mean value loss: 0.1974
                    Mean surrogate loss: -0.0122
                      Mean entropy loss: 6.7460
                            Mean reward: 0.56
                    Mean episode length: 64.26
                        Mean action std: 0.47
                reward/tracking_lin_vel: 1.0640
                reward/tracking_ang_vel: 0.1096
                      reward/feet_phase: 0.5641
             reward/feet_phase_contrast: 0.9567
             reward/feet_contact_number: 0.4507
                   reward/feet_air_time: 0.0223
                     reward/under_speed: -0.1078
                       reward/feet_slip: -0.0039
                  reward/feet_clearance: -0.0092
                       reward/lin_vel_z: -0.0193
                      reward/ang_vel_xy: -0.3814
                     reward/base_height: -1.1909
                     reward/orientation: -0.5285
                            reward/pose: -0.0248
                     reward/action_rate: -0.0497
                      reward/action_acc: -0.1473
             Metrics/twist/error_vel_xy: 0.2801
            Metrics/twist/error_vel_yaw: 0.2512
        Episode_Reward/tracking_lin_vel: 0.0661
        Episode_Reward/tracking_ang_vel: 0.0065
              Episode_Reward/feet_phase: 0.0418
     Episode_Reward/feet_phase_contrast: 0.0702
     Episode_Reward/feet_contact_number: 0.0285
           Episode_Reward/feet_air_time: 0.0014
             Episode_Reward/under_speed: -0.0058
               Episode_Reward/feet_slip: -0.0003
          Episode_Reward/feet_clearance: -0.0007
               Episode_Reward/lin_vel_z: -0.0015
              Episode_Reward/ang_vel_xy: -0.0303
             Episode_Reward/base_height: -0.0972
             Episode_Reward/orientation: -0.0420
                    Episode_Reward/pose: -0.0015
             Episode_Reward/action_rate: -0.0032
              Episode_Reward/action_acc: -0.0093
           Episode_Termination/time_out: 0.0000
    Episode_Termination/bad_orientation: 6.2500
--------------------------------------------------------------------------------
                         Iteration time: 0.43s
                           Time elapsed: 00:00:17
                                    ETA: 00:01:35

################################################################################
[1m                           Learning iteration 39/250                            [0m 

                            Total steps: 491520 
                       Steps per second: 27719 
                        Collection time: 0.379s 
                          Learning time: 0.064s 
                        Mean value loss: 0.2063
                    Mean surrogate loss: -0.0086
                      Mean entropy loss: 6.7339
                            Mean reward: 0.70
                    Mean episode length: 65.58
                        Mean action std: 0.47
                reward/tracking_lin_vel: 1.0896
                reward/tracking_ang_vel: 0.1113
                      reward/feet_phase: 0.6438
             reward/feet_phase_contrast: 0.9486
             reward/feet_contact_number: 0.4550
                   reward/feet_air_time: 0.0249
                     reward/under_speed: -0.1120
                       reward/feet_slip: -0.0035
                  reward/feet_clearance: -0.0093
                       reward/lin_vel_z: -0.0175
                      reward/ang_vel_xy: -0.3549
                     reward/base_height: -1.1051
                     reward/orientation: -0.4698
                            reward/pose: -0.0241
                     reward/action_rate: -0.0493
                      reward/action_acc: -0.1463
             Metrics/twist/error_vel_xy: 0.2707
            Metrics/twist/error_vel_yaw: 0.2302
        Episode_Reward/tracking_lin_vel: 0.0700
        Episode_Reward/tracking_ang_vel: 0.0070
              Episode_Reward/feet_phase: 0.0446
     Episode_Reward/feet_phase_contrast: 0.0744
     Episode_Reward/feet_contact_number: 0.0292
           Episode_Reward/feet_air_time: 0.0023
             Episode_Reward/under_speed: -0.0052
               Episode_Reward/feet_slip: -0.0003
          Episode_Reward/feet_clearance: -0.0007
               Episode_Reward/lin_vel_z: -0.0016
              Episode_Reward/ang_vel_xy: -0.0303
             Episode_Reward/base_height: -0.0936
             Episode_Reward/orientation: -0.0414
                    Episode_Reward/pose: -0.0015
             Episode_Reward/action_rate: -0.0032
              Episode_Reward/action_acc: -0.0096
           Episode_Termination/time_out: 0.0000
    Episode_Termination/bad_orientation: 6.2917
--------------------------------------------------------------------------------
                         Iteration time: 0.44s
                           Time elapsed: 00:00:18
                                    ETA: 00:01:34

################################################################################
[1m                           Learning iteration 40/250                            [0m 

                            Total steps: 503808 
                       Steps per second: 26689 
                        Collection time: 0.389s 
                          Learning time: 0.072s 
                        Mean value loss: 0.1819
                    Mean surrogate loss: -0.0078
                      Mean entropy loss: 6.7288
                            Mean reward: 0.55
                    Mean episode length: 62.70
                        Mean action std: 0.47
                reward/tracking_lin_vel: 1.1064
                reward/tracking_ang_vel: 0.1125
                      reward/feet_phase: 0.5338
             reward/feet_phase_contrast: 0.9538
             reward/feet_contact_number: 0.4571
                   reward/feet_air_time: 0.0223
                     reward/under_speed: -0.1138
                       reward/feet_slip: -0.0034
                  reward/feet_clearance: -0.0089
                       reward/lin_vel_z: -0.0167
                      reward/ang_vel_xy: -0.3342
                     reward/base_height: -0.9926
                     reward/orientation: -0.4596
                            reward/pose: -0.0267
                     reward/action_rate: -0.0501
                      reward/action_acc: -0.1488
             Metrics/twist/error_vel_xy: 0.2778
            Metrics/twist/error_vel_yaw: 0.2313
        Episode_Reward/tracking_lin_vel: 0.0673
        Episode_Reward/tracking_ang_vel: 0.0068
              Episode_Reward/feet_phase: 0.0424
     Episode_Reward/feet_phase_contrast: 0.0683
     Episode_Reward/feet_contact_number: 0.0291
           Episode_Reward/feet_air_time: 0.0023
             Episode_Reward/under_speed: -0.0057
               Episode_Reward/feet_slip: -0.0003
          Episode_Reward/feet_clearance: -0.0007
               Episode_Reward/lin_vel_z: -0.0015
              Episode_Reward/ang_vel_xy: -0.0302
             Episode_Reward/base_height: -0.0944
             Episode_Reward/orientation: -0.0412
                    Episode_Reward/pose: -0.0015
             Episode_Reward/action_rate: -0.0032
              Episode_Reward/action_acc: -0.0094
           Episode_Termination/time_out: 0.0000
    Episode_Termination/bad_orientation: 5.3333
--------------------------------------------------------------------------------
                         Iteration time: 0.46s
                           Time elapsed: 00:00:18
                                    ETA: 00:01:34

################################################################################
[1m                           Learning iteration 41/250                            [0m 

                            Total steps: 516096 
                       Steps per second: 25665 
                        Collection time: 0.414s 
                          Learning time: 0.065s 
                        Mean value loss: 0.1916
                    Mean surrogate loss: -0.0078
                      Mean entropy loss: 6.7199
                            Mean reward: 1.06
                    Mean episode length: 66.39
                        Mean action std: 0.47
                reward/tracking_lin_vel: 1.0827
                reward/tracking_ang_vel: 0.1140
                      reward/feet_phase: 0.5031
             reward/feet_phase_contrast: 0.8948
             reward/feet_contact_number: 0.4501
                   reward/feet_air_time: 0.0174
                     reward/under_speed: -0.1206
                       reward/feet_slip: -0.0033
                  reward/feet_clearance: -0.0088
                       reward/lin_vel_z: -0.0161
                      reward/ang_vel_xy: -0.3114
                     reward/base_height: -0.8945
                     reward/orientation: -0.4228
                            reward/pose: -0.0265
                     reward/action_rate: -0.0496
                      reward/action_acc: -0.1475
             Metrics/twist/error_vel_xy: 0.2632
            Metrics/twist/error_vel_yaw: 0.2375
        Episode_Reward/tracking_lin_vel: 0.0709
        Episode_Reward/tracking_ang_vel: 0.0068
              Episode_Reward/feet_phase: 0.0465
     Episode_Reward/feet_phase_contrast: 0.0762
     Episode_Reward/feet_contact_number: 0.0291
           Episode_Reward/feet_air_time: 0.0017
             Episode_Reward/under_speed: -0.0051
               Episode_Reward/feet_slip: -0.0003
          Episode_Reward/feet_clearance: -0.0007
               Episode_Reward/lin_vel_z: -0.0016
              Episode_Reward/ang_vel_xy: -0.0303
             Episode_Reward/base_height: -0.0901
             Episode_Reward/orientation: -0.0416
                    Episode_Reward/pose: -0.0016
             Episode_Reward/action_rate: -0.0032
              Episode_Reward/action_acc: -0.0095
           Episode_Termination/time_out: 0.0000
    Episode_Termination/bad_orientation: 5.0000
--------------------------------------------------------------------------------
                         Iteration time: 0.48s
                           Time elapsed: 00:00:19
                                    ETA: 00:01:34

################################################################################
[1m                           Learning iteration 42/250                            [0m 

                            Total steps: 528384 
                       Steps per second: 25746 
                        Collection time: 0.411s 
                          Learning time: 0.066s 
                        Mean value loss: 0.1860
                    Mean surrogate loss: -0.0075
                      Mean entropy loss: 6.7058
                            Mean reward: 1.24
                    Mean episode length: 73.84
                        Mean action std: 0.47
                reward/tracking_lin_vel: 1.1013
                reward/tracking_ang_vel: 0.1144
                      reward/feet_phase: 0.5647
             reward/feet_phase_contrast: 0.8749
             reward/feet_contact_number: 0.4553
                   reward/feet_air_time: 0.0123
                     reward/under_speed: -0.1266
                       reward/feet_slip: -0.0031
                  reward/feet_clearance: -0.0086
                       reward/lin_vel_z: -0.0141
                      reward/ang_vel_xy: -0.2800
                     reward/base_height: -0.7645
                     reward/orientation: -0.3779
                            reward/pose: -0.0265
                     reward/action_rate: -0.0493
                      reward/action_acc: -0.1464
             Metrics/twist/error_vel_xy: 0.2774
            Metrics/twist/error_vel_yaw: 0.2470
        Episode_Reward/tracking_lin_vel: 0.0785
        Episode_Reward/tracking_ang_vel: 0.0076
              Episode_Reward/feet_phase: 0.0464
     Episode_Reward/feet_phase_contrast: 0.0778
     Episode_Reward/feet_contact_number: 0.0313
           Episode_Reward/feet_air_time: 0.0016
             Episode_Reward/under_speed: -0.0063
               Episode_Reward/feet_slip: -0.0003
          Episode_Reward/feet_clearance: -0.0007
               Episode_Reward/lin_vel_z: -0.0016
              Episode_Reward/ang_vel_xy: -0.0305
             Episode_Reward/base_height: -0.0901
             Episode_Reward/orientation: -0.0418
                    Episode_Reward/pose: -0.0017
             Episode_Reward/action_rate: -0.0035
              Episode_Reward/action_acc: -0.0104
           Episode_Termination/time_out: 0.0000
    Episode_Termination/bad_orientation: 4.5000
--------------------------------------------------------------------------------
                         Iteration time: 0.48s
                           Time elapsed: 00:00:19
                                    ETA: 00:01:33

################################################################################
[1m                           Learning iteration 43/250                            [0m 

                            Total steps: 540672 
                       Steps per second: 26591 
                        Collection time: 0.399s 
                          Learning time: 0.063s 
                        Mean value loss: 0.1603
                    Mean surrogate loss: -0.0068
                      Mean entropy loss: 6.6926
                            Mean reward: 1.26
                    Mean episode length: 69.95
                        Mean action std: 0.47
                reward/tracking_lin_vel: 1.1067
                reward/tracking_ang_vel: 0.1164
                      reward/feet_phase: 0.5408
             reward/feet_phase_contrast: 0.8638
             reward/feet_contact_number: 0.4635
                   reward/feet_air_time: 0.0208
                     reward/under_speed: -0.1261
                       reward/feet_slip: -0.0029
                  reward/feet_clearance: -0.0085
                       reward/lin_vel_z: -0.0140
                      reward/ang_vel_xy: -0.2763
                     reward/base_height: -0.7640
                     reward/orientation: -0.3762
                            reward/pose: -0.0271
                     reward/action_rate: -0.0495
                      reward/action_acc: -0.1473
             Metrics/twist/error_vel_xy: 0.2730
            Metrics/twist/error_vel_yaw: 0.2557
        Episode_Reward/tracking_lin_vel: 0.0766
        Episode_Reward/tracking_ang_vel: 0.0073
              Episode_Reward/feet_phase: 0.0482
     Episode_Reward/feet_phase_contrast: 0.0782
     Episode_Reward/feet_contact_number: 0.0309
           Episode_Reward/feet_air_time: 0.0016
             Episode_Reward/under_speed: -0.0058
               Episode_Reward/feet_slip: -0.0003
          Episode_Reward/feet_clearance: -0.0007
               Episode_Reward/lin_vel_z: -0.0016
              Episode_Reward/ang_vel_xy: -0.0303
             Episode_Reward/base_height: -0.0871
             Episode_Reward/orientation: -0.0420
                    Episode_Reward/pose: -0.0016
             Episode_Reward/action_rate: -0.0034
              Episode_Reward/action_acc: -0.0100
           Episode_Termination/time_out: 0.0000
    Episode_Termination/bad_orientation: 4.1667
--------------------------------------------------------------------------------
                         Iteration time: 0.46s
                           Time elapsed: 00:00:19
                                    ETA: 00:01:33

################################################################################
[1m                           Learning iteration 44/250                            [0m 

                            Total steps: 552960 
                       Steps per second: 26615 
                        Collection time: 0.397s 
                          Learning time: 0.064s 
                        Mean value loss: 0.1614
                    Mean surrogate loss: -0.0077
                      Mean entropy loss: 6.6817
                            Mean reward: 1.53
                    Mean episode length: 72.26
                        Mean action std: 0.47
                reward/tracking_lin_vel: 1.1011
                reward/tracking_ang_vel: 0.1177
                      reward/feet_phase: 0.4617
             reward/feet_phase_contrast: 0.8359
             reward/feet_contact_number: 0.4546
                   reward/feet_air_time: 0.0145
                     reward/under_speed: -0.1315
                       reward/feet_slip: -0.0027
                  reward/feet_clearance: -0.0084
                       reward/lin_vel_z: -0.0138
                      reward/ang_vel_xy: -0.2636
                     reward/base_height: -0.6954
                     reward/orientation: -0.3346
                            reward/pose: -0.0276
                     reward/action_rate: -0.0499
                      reward/action_acc: -0.1483
             Metrics/twist/error_vel_xy: 0.2877
            Metrics/twist/error_vel_yaw: 0.2732
        Episode_Reward/tracking_lin_vel: 0.0791
        Episode_Reward/tracking_ang_vel: 0.0077
              Episode_Reward/feet_phase: 0.0510
     Episode_Reward/feet_phase_contrast: 0.0833
     Episode_Reward/feet_contact_number: 0.0320
           Episode_Reward/feet_air_time: 0.0030
             Episode_Reward/under_speed: -0.0067
               Episode_Reward/feet_slip: -0.0003
          Episode_Reward/feet_clearance: -0.0007
               Episode_Reward/lin_vel_z: -0.0017
              Episode_Reward/ang_vel_xy: -0.0306
             Episode_Reward/base_height: -0.0893
             Episode_Reward/orientation: -0.0424
                    Episode_Reward/pose: -0.0018
             Episode_Reward/action_rate: -0.0035
              Episode_Reward/action_acc: -0.0105
           Episode_Termination/time_out: 0.0000
    Episode_Termination/bad_orientation: 4.6364
--------------------------------------------------------------------------------
                         Iteration time: 0.46s
                           Time elapsed: 00:00:20
                                    ETA: 00:01:33

################################################################################
[1m                           Learning iteration 45/250                            [0m 

                            Total steps: 565248 
                       Steps per second: 26186 
                        Collection time: 0.404s 
                          Learning time: 0.065s 
                        Mean value loss: 0.1447
                    Mean surrogate loss: -0.0086
                      Mean entropy loss: 6.6693
                            Mean reward: 1.40
                    Mean episode length: 67.16
                        Mean action std: 0.47
                reward/tracking_lin_vel: 1.0935
                reward/tracking_ang_vel: 0.1173
                      reward/feet_phase: 0.4476
             reward/feet_phase_contrast: 0.7692
             reward/feet_contact_number: 0.4615
                   reward/feet_air_time: 0.0097
                     reward/under_speed: -0.1379
                       reward/feet_slip: -0.0028
                  reward/feet_clearance: -0.0081
                       reward/lin_vel_z: -0.0116
                      reward/ang_vel_xy: -0.2246
                     reward/base_height: -0.5836
                     reward/orientation: -0.3104
                            reward/pose: -0.0275
                     reward/action_rate: -0.0505
                      reward/action_acc: -0.1504
             Metrics/twist/error_vel_xy: 0.2465
            Metrics/twist/error_vel_yaw: 0.2361
        Episode_Reward/tracking_lin_vel: 0.0801
        Episode_Reward/tracking_ang_vel: 0.0072
              Episode_Reward/feet_phase: 0.0507
     Episode_Reward/feet_phase_contrast: 0.0850
     Episode_Reward/feet_contact_number: 0.0301
           Episode_Reward/feet_air_time: 0.0006
             Episode_Reward/under_speed: -0.0050
               Episode_Reward/feet_slip: -0.0003
          Episode_Reward/feet_clearance: -0.0007
               Episode_Reward/lin_vel_z: -0.0017
              Episode_Reward/ang_vel_xy: -0.0299
             Episode_Reward/base_height: -0.0880
             Episode_Reward/orientation: -0.0423
                    Episode_Reward/pose: -0.0016
             Episode_Reward/action_rate: -0.0034
              Episode_Reward/action_acc: -0.0101
           Episode_Termination/time_out: 0.0000
    Episode_Termination/bad_orientation: 3.1250
--------------------------------------------------------------------------------
                         Iteration time: 0.47s
                           Time elapsed: 00:00:20
                                    ETA: 00:01:32

################################################################################
[1m                           Learning iteration 46/250                            [0m 

                            Total steps: 577536 
                       Steps per second: 26269 
                        Collection time: 0.404s 
                          Learning time: 0.064s 
                        Mean value loss: 0.1459
                    Mean surrogate loss: -0.0082
                      Mean entropy loss: 6.6522
                            Mean reward: 1.57
                    Mean episode length: 73.95
                        Mean action std: 0.47
                reward/tracking_lin_vel: 1.0694
                reward/tracking_ang_vel: 0.1182
                      reward/feet_phase: 0.4905
             reward/feet_phase_contrast: 0.7217
             reward/feet_contact_number: 0.4623
                   reward/feet_air_time: 0.0104
                     reward/under_speed: -0.1402
                       reward/feet_slip: -0.0025
                  reward/feet_clearance: -0.0078
                       reward/lin_vel_z: -0.0118
                      reward/ang_vel_xy: -0.2298
                     reward/base_height: -0.6051
                     reward/orientation: -0.3116
                            reward/pose: -0.0256
                     reward/action_rate: -0.0504
                      reward/action_acc: -0.1503
             Metrics/twist/error_vel_xy: 0.3015
            Metrics/twist/error_vel_yaw: 0.2818
        Episode_Reward/tracking_lin_vel: 0.0907
        Episode_Reward/tracking_ang_vel: 0.0088
              Episode_Reward/feet_phase: 0.0541
     Episode_Reward/feet_phase_contrast: 0.0901
     Episode_Reward/feet_contact_number: 0.0365
           Episode_Reward/feet_air_time: 0.0029
             Episode_Reward/under_speed: -0.0077
               Episode_Reward/feet_slip: -0.0003
          Episode_Reward/feet_clearance: -0.0008
               Episode_Reward/lin_vel_z: -0.0016
              Episode_Reward/ang_vel_xy: -0.0303
             Episode_Reward/base_height: -0.0902
             Episode_Reward/orientation: -0.0435
                    Episode_Reward/pose: -0.0021
             Episode_Reward/action_rate: -0.0040
              Episode_Reward/action_acc: -0.0119
           Episode_Termination/time_out: 0.0000
    Episode_Termination/bad_orientation: 3.3750
--------------------------------------------------------------------------------
                         Iteration time: 0.47s
                           Time elapsed: 00:00:21
                                    ETA: 00:01:32

################################################################################
[1m                           Learning iteration 47/250                            [0m 

                            Total steps: 589824 
                       Steps per second: 23714 
                        Collection time: 0.455s 
                          Learning time: 0.063s 
                        Mean value loss: 0.1539
                    Mean surrogate loss: -0.0089
                      Mean entropy loss: 6.6350
                            Mean reward: 2.00
                    Mean episode length: 80.36
                        Mean action std: 0.47
                reward/tracking_lin_vel: 1.0715
                reward/tracking_ang_vel: 0.1200
                      reward/feet_phase: 0.4011
             reward/feet_phase_contrast: 0.7027
             reward/feet_contact_number: 0.4544
                   reward/feet_air_time: 0.0084
                     reward/under_speed: -0.1473
                       reward/feet_slip: -0.0023
                  reward/feet_clearance: -0.0075
                       reward/lin_vel_z: -0.0108
                      reward/ang_vel_xy: -0.2111
                     reward/base_height: -0.5412
                     reward/orientation: -0.2658
                            reward/pose: -0.0238
                     reward/action_rate: -0.0507
                      reward/action_acc: -0.1511
             Metrics/twist/error_vel_xy: 0.2844
            Metrics/twist/error_vel_yaw: 0.2572
        Episode_Reward/tracking_lin_vel: 0.0941
        Episode_Reward/tracking_ang_vel: 0.0092
              Episode_Reward/feet_phase: 0.0556
     Episode_Reward/feet_phase_contrast: 0.0893
     Episode_Reward/feet_contact_number: 0.0363
           Episode_Reward/feet_air_time: 0.0011
             Episode_Reward/under_speed: -0.0078
               Episode_Reward/feet_slip: -0.0003
          Episode_Reward/feet_clearance: -0.0008
               Episode_Reward/lin_vel_z: -0.0016
              Episode_Reward/ang_vel_xy: -0.0307
             Episode_Reward/base_height: -0.0862
             Episode_Reward/orientation: -0.0434
                    Episode_Reward/pose: -0.0021
             Episode_Reward/action_rate: -0.0041
              Episode_Reward/action_acc: -0.0122
           Episode_Termination/time_out: 0.0000
    Episode_Termination/bad_orientation: 3.3750
--------------------------------------------------------------------------------
                         Iteration time: 0.52s
                           Time elapsed: 00:00:21
                                    ETA: 00:01:32

################################################################################
[1m                           Learning iteration 48/250                            [0m 

                            Total steps: 602112 
                       Steps per second: 24238 
                        Collection time: 0.441s 
                          Learning time: 0.066s 
                        Mean value loss: 0.1187
                    Mean surrogate loss: -0.0111
                      Mean entropy loss: 6.6132
                            Mean reward: 1.30
                    Mean episode length: 76.04
                        Mean action std: 0.47
                reward/tracking_lin_vel: 1.0843
                reward/tracking_ang_vel: 0.1197
                      reward/feet_phase: 0.3596
             reward/feet_phase_contrast: 0.6678
             reward/feet_contact_number: 0.4647
                   reward/feet_air_time: 0.0120
                     reward/under_speed: -0.1525
                       reward/feet_slip: -0.0022
                  reward/feet_clearance: -0.0073
                       reward/lin_vel_z: -0.0082
                      reward/ang_vel_xy: -0.1797
                     reward/base_height: -0.4459
                     reward/orientation: -0.2277
                            reward/pose: -0.0246
                     reward/action_rate: -0.0508
                      reward/action_acc: -0.1522
             Metrics/twist/error_vel_xy: 0.2909
            Metrics/twist/error_vel_yaw: 0.2505
        Episode_Reward/tracking_lin_vel: 0.0742
        Episode_Reward/tracking_ang_vel: 0.0076
              Episode_Reward/feet_phase: 0.0432
     Episode_Reward/feet_phase_contrast: 0.0716
     Episode_Reward/feet_contact_number: 0.0318
           Episode_Reward/feet_air_time: 0.0022
             Episode_Reward/under_speed: -0.0069
               Episode_Reward/feet_slip: -0.0003
          Episode_Reward/feet_clearance: -0.0007
               Episode_Reward/lin_vel_z: -0.0016
              Episode_Reward/ang_vel_xy: -0.0306
             Episode_Reward/base_height: -0.0884
             Episode_Reward/orientation: -0.0413
                    Episode_Reward/pose: -0.0016
             Episode_Reward/action_rate: -0.0036
              Episode_Reward/action_acc: -0.0106
           Episode_Termination/time_out: 0.0000
    Episode_Termination/bad_orientation: 2.7619
--------------------------------------------------------------------------------
                         Iteration time: 0.51s
                           Time elapsed: 00:00:22
                                    ETA: 00:01:31

################################################################################
[1m                           Learning iteration 49/250                            [0m 

                            Total steps: 614400 
                       Steps per second: 24629 
                        Collection time: 0.433s 
                          Learning time: 0.066s 
                        Mean value loss: 0.8199
                    Mean surrogate loss: -0.0097
                      Mean entropy loss: 6.5875
                            Mean reward: 1.33
                    Mean episode length: 77.92
                        Mean action std: 0.47
                reward/tracking_lin_vel: 1.0867
                reward/tracking_ang_vel: 0.1211
                      reward/feet_phase: 0.4135
             reward/feet_phase_contrast: 0.6542
             reward/feet_contact_number: 0.4606
                   reward/feet_air_time: 0.0083
                     reward/under_speed: -0.1548
                       reward/feet_slip: -0.0020
                  reward/feet_clearance: -0.0072
                       reward/lin_vel_z: -0.0079
                      reward/ang_vel_xy: -0.1576
                     reward/base_height: -0.3452
                     reward/orientation: -0.2035
                            reward/pose: -0.0248
                     reward/action_rate: -0.0505
                      reward/action_acc: -0.1508
             Metrics/twist/error_vel_xy: 0.2659
            Metrics/twist/error_vel_yaw: 0.2596
        Episode_Reward/tracking_lin_vel: 0.0819
        Episode_Reward/tracking_ang_vel: 0.0082
              Episode_Reward/feet_phase: 0.0507
     Episode_Reward/feet_phase_contrast: 0.0841
     Episode_Reward/feet_contact_number: 0.0347
           Episode_Reward/feet_air_time: 0.0039
             Episode_Reward/under_speed: -0.0073
               Episode_Reward/feet_slip: -0.0003
          Episode_Reward/feet_clearance: -0.0008
               Episode_Reward/lin_vel_z: -0.0018
              Episode_Reward/ang_vel_xy: -0.0307
             Episode_Reward/base_height: -0.0867
             Episode_Reward/orientation: -0.0430
                    Episode_Reward/pose: -0.0019
             Episode_Reward/action_rate: -0.0038
              Episode_Reward/action_acc: -0.0114
           Episode_Termination/time_out: 0.0000
    Episode_Termination/bad_orientation: 2.5263
--------------------------------------------------------------------------------
                         Iteration time: 0.50s
                           Time elapsed: 00:00:22
                                    ETA: 00:01:31

################################################################################
[1m                           Learning iteration 50/250                            [0m 

                            Total steps: 626688 
                       Steps per second: 30880 
                        Collection time: 0.335s 
                          Learning time: 0.063s 
                        Mean value loss: 0.4744
                    Mean surrogate loss: -0.0092
                      Mean entropy loss: 6.5746
                            Mean reward: 4.07
                    Mean episode length: 155.54
                        Mean action std: 0.47
                reward/tracking_lin_vel: 0.4603
                reward/tracking_ang_vel: 0.0982
                      reward/feet_phase: 0.4838
             reward/feet_phase_contrast: 0.8056
             reward/feet_contact_number: 0.4402
                   reward/feet_air_time: 0.1219
                     reward/under_speed: -0.1100
                       reward/feet_slip: -0.0064
                  reward/feet_clearance: -0.0178
                       reward/lin_vel_z: -0.0351
                      reward/ang_vel_xy: -0.6431
                     reward/base_height: -1.0453
                     reward/orientation: -0.5876
                            reward/pose: -0.0225
                     reward/action_rate: -0.0501
                      reward/action_acc: -0.1482
             Metrics/twist/error_vel_xy: 0.3372
            Metrics/twist/error_vel_yaw: 0.2729
        Episode_Reward/tracking_lin_vel: 0.1102
        Episode_Reward/tracking_ang_vel: 0.0118
              Episode_Reward/feet_phase: 0.0565
     Episode_Reward/feet_phase_contrast: 0.0945
     Episode_Reward/feet_contact_number: 0.0464
           Episode_Reward/feet_air_time: 0.0023
             Episode_Reward/under_speed: -0.0127
               Episode_Reward/feet_slip: -0.0004
          Episode_Reward/feet_clearance: -0.0010
               Episode_Reward/lin_vel_z: -0.0024
              Episode_Reward/ang_vel_xy: -0.0369
             Episode_Reward/base_height: -0.0738
             Episode_Reward/orientation: -0.0399
                    Episode_Reward/pose: -0.0023
             Episode_Reward/action_rate: -0.0051
              Episode_Reward/action_acc: -0.0152
           Episode_Termination/time_out: 0.0000
    Episode_Termination/bad_orientation: 5.1250
--------------------------------------------------------------------------------
                         Iteration time: 0.40s
                           Time elapsed: 00:00:23
                                    ETA: 00:01:30

################################################################################
[1m                           Learning iteration 51/250                            [0m 

                            Total steps: 638976 
                       Steps per second: 28849 
                        Collection time: 0.362s 
                          Learning time: 0.064s 
                        Mean value loss: 0.2810
                    Mean surrogate loss: -0.0075
                      Mean entropy loss: 6.5681
                            Mean reward: 5.44
                    Mean episode length: 222.77
                        Mean action std: 0.47
                reward/tracking_lin_vel: 0.9077
                reward/tracking_ang_vel: 0.1079
                      reward/feet_phase: 0.5125
             reward/feet_phase_contrast: 0.8797
             reward/feet_contact_number: 0.4489
                   reward/feet_air_time: 0.0907
                     reward/under_speed: -0.1221
                       reward/feet_slip: -0.0034
                  reward/feet_clearance: -0.0123
                       reward/lin_vel_z: -0.0236
                      reward/ang_vel_xy: -0.5545
                     reward/base_height: -1.9097
                     reward/orientation: -0.5904
                            reward/pose: -0.0157
                     reward/action_rate: -0.0501
                      reward/action_acc: -0.1473
             Metrics/twist/error_vel_xy: 0.5378
            Metrics/twist/error_vel_yaw: 0.3920
        Episode_Reward/tracking_lin_vel: 0.2412
        Episode_Reward/tracking_ang_vel: 0.0289
              Episode_Reward/feet_phase: 0.0833
     Episode_Reward/feet_phase_contrast: 0.1398
     Episode_Reward/feet_contact_number: 0.1113
           Episode_Reward/feet_air_time: 0.0073
             Episode_Reward/under_speed: -0.0395
               Episode_Reward/feet_slip: -0.0005
          Episode_Reward/feet_clearance: -0.0019
               Episode_Reward/lin_vel_z: -0.0017
              Episode_Reward/ang_vel_xy: -0.0452
             Episode_Reward/base_height: -0.1059
             Episode_Reward/orientation: -0.0478
                    Episode_Reward/pose: -0.0062
             Episode_Reward/action_rate: -0.0120
              Episode_Reward/action_acc: -0.0359
           Episode_Termination/time_out: 0.0000
    Episode_Termination/bad_orientation: 11.5833
--------------------------------------------------------------------------------
                         Iteration time: 0.43s
                           Time elapsed: 00:00:23
                                    ETA: 00:01:30

################################################################################
[1m                           Learning iteration 52/250                            [0m 

                            Total steps: 651264 
                       Steps per second: 26406 
                        Collection time: 0.401s 
                          Learning time: 0.065s 
                        Mean value loss: 0.2036
                    Mean surrogate loss: -0.0083
                      Mean entropy loss: 6.5561
                            Mean reward: 3.02
                    Mean episode length: 158.10
                        Mean action std: 0.47
                reward/tracking_lin_vel: 1.1517
                reward/tracking_ang_vel: 0.1125
                      reward/feet_phase: 0.5443
             reward/feet_phase_contrast: 0.9522
             reward/feet_contact_number: 0.4623
                   reward/feet_air_time: 0.0329
                     reward/under_speed: -0.1254
                       reward/feet_slip: -0.0027
                  reward/feet_clearance: -0.0088
                       reward/lin_vel_z: -0.0116
                      reward/ang_vel_xy: -0.2612
                     reward/base_height: -0.7461
                     reward/orientation: -0.3542
                            reward/pose: -0.0210
                     reward/action_rate: -0.0505
                      reward/action_acc: -0.1502
             Metrics/twist/error_vel_xy: 0.4435
            Metrics/twist/error_vel_yaw: 0.3276
        Episode_Reward/tracking_lin_vel: 0.1557
        Episode_Reward/tracking_ang_vel: 0.0180
              Episode_Reward/feet_phase: 0.0558
     Episode_Reward/feet_phase_contrast: 0.0947
     Episode_Reward/feet_contact_number: 0.0735
           Episode_Reward/feet_air_time: 0.0049
             Episode_Reward/under_speed: -0.0249
               Episode_Reward/feet_slip: -0.0004
          Episode_Reward/feet_clearance: -0.0014
               Episode_Reward/lin_vel_z: -0.0015
              Episode_Reward/ang_vel_xy: -0.0368
             Episode_Reward/base_height: -0.1094
             Episode_Reward/orientation: -0.0479
                    Episode_Reward/pose: -0.0040
             Episode_Reward/action_rate: -0.0079
              Episode_Reward/action_acc: -0.0235
           Episode_Termination/time_out: 0.0000
    Episode_Termination/bad_orientation: 3.5833
--------------------------------------------------------------------------------
                         Iteration time: 0.47s
                           Time elapsed: 00:00:24
                                    ETA: 00:01:29

################################################################################
[1m                           Learning iteration 53/250                            [0m 

                            Total steps: 663552 
                       Steps per second: 25117 
                        Collection time: 0.425s 
                          Learning time: 0.065s 
                        Mean value loss: 0.1861
                    Mean surrogate loss: -0.0083
                      Mean entropy loss: 6.5489
                            Mean reward: 0.63
                    Mean episode length: 64.34
                        Mean action std: 0.47
                reward/tracking_lin_vel: 1.1121
                reward/tracking_ang_vel: 0.1162
                      reward/feet_phase: 0.5831
             reward/feet_phase_contrast: 0.8593
             reward/feet_contact_number: 0.4579
                   reward/feet_air_time: 0.0181
                     reward/under_speed: -0.1274
                       reward/feet_slip: -0.0031
                  reward/feet_clearance: -0.0089
                       reward/lin_vel_z: -0.0140
                      reward/ang_vel_xy: -0.2828
                     reward/base_height: -0.7424
                     reward/orientation: -0.3759
                            reward/pose: -0.0222
                     reward/action_rate: -0.0506
                      reward/action_acc: -0.1506
             Metrics/twist/error_vel_xy: 0.2575
            Metrics/twist/error_vel_yaw: 0.2250
        Episode_Reward/tracking_lin_vel: 0.0668
        Episode_Reward/tracking_ang_vel: 0.0067
              Episode_Reward/feet_phase: 0.0400
     Episode_Reward/feet_phase_contrast: 0.0676
     Episode_Reward/feet_contact_number: 0.0286
           Episode_Reward/feet_air_time: 0.0028
             Episode_Reward/under_speed: -0.0056
               Episode_Reward/feet_slip: -0.0003
          Episode_Reward/feet_clearance: -0.0007
               Episode_Reward/lin_vel_z: -0.0016
              Episode_Reward/ang_vel_xy: -0.0305
             Episode_Reward/base_height: -0.0829
             Episode_Reward/orientation: -0.0406
                    Episode_Reward/pose: -0.0012
             Episode_Reward/action_rate: -0.0032
              Episode_Reward/action_acc: -0.0095
           Episode_Termination/time_out: 0.0000
    Episode_Termination/bad_orientation: 4.4583
--------------------------------------------------------------------------------
                         Iteration time: 0.49s
                           Time elapsed: 00:00:24
                                    ETA: 00:01:29

################################################################################
[1m                           Learning iteration 54/250                            [0m 

                            Total steps: 675840 
                       Steps per second: 24057 
                        Collection time: 0.431s 
                          Learning time: 0.079s 
                        Mean value loss: 0.1644
                    Mean surrogate loss: -0.0079
                      Mean entropy loss: 6.5449
                            Mean reward: 2.12
                    Mean episode length: 82.13
                        Mean action std: 0.47
                reward/tracking_lin_vel: 1.0895
                reward/tracking_ang_vel: 0.1189
                      reward/feet_phase: 0.4747
             reward/feet_phase_contrast: 0.8075
             reward/feet_contact_number: 0.4553
                   reward/feet_air_time: 0.0112
                     reward/under_speed: -0.1328
                       reward/feet_slip: -0.0031
                  reward/feet_clearance: -0.0083
                       reward/lin_vel_z: -0.0138
                      reward/ang_vel_xy: -0.2677
                     reward/base_height: -0.6749
                     reward/orientation: -0.3462
                            reward/pose: -0.0218
                     reward/action_rate: -0.0511
                      reward/action_acc: -0.1519
             Metrics/twist/error_vel_xy: 0.2935
            Metrics/twist/error_vel_yaw: 0.2727
        Episode_Reward/tracking_lin_vel: 0.0901
        Episode_Reward/tracking_ang_vel: 0.0088
              Episode_Reward/feet_phase: 0.0545
     Episode_Reward/feet_phase_contrast: 0.0871
     Episode_Reward/feet_contact_number: 0.0355
           Episode_Reward/feet_air_time: 0.0018
             Episode_Reward/under_speed: -0.0076
               Episode_Reward/feet_slip: -0.0003
          Episode_Reward/feet_clearance: -0.0008
               Episode_Reward/lin_vel_z: -0.0017
              Episode_Reward/ang_vel_xy: -0.0312
             Episode_Reward/base_height: -0.0826
             Episode_Reward/orientation: -0.0430
                    Episode_Reward/pose: -0.0016
             Episode_Reward/action_rate: -0.0040
              Episode_Reward/action_acc: -0.0119
           Episode_Termination/time_out: 0.0000
    Episode_Termination/bad_orientation: 4.2174
--------------------------------------------------------------------------------
                         Iteration time: 0.51s
                           Time elapsed: 00:00:25
                                    ETA: 00:01:29

################################################################################
[1m                           Learning iteration 55/250                            [0m 

                            Total steps: 688128 
                       Steps per second: 22827 
                        Collection time: 0.471s 
                          Learning time: 0.068s 
                        Mean value loss: 0.1555
                    Mean surrogate loss: -0.0087
                      Mean entropy loss: 6.5402
                            Mean reward: 1.76
                    Mean episode length: 76.40
                        Mean action std: 0.47
                reward/tracking_lin_vel: 1.0596
                reward/tracking_ang_vel: 0.1202
                      reward/feet_phase: 0.3922
             reward/feet_phase_contrast: 0.7043
             reward/feet_contact_number: 0.4594
                   reward/feet_air_time: 0.0105
                     reward/under_speed: -0.1447
                       reward/feet_slip: -0.0027
                  reward/feet_clearance: -0.0079
                       reward/lin_vel_z: -0.0130
                      reward/ang_vel_xy: -0.2400
                     reward/base_height: -0.5829
                     reward/orientation: -0.2972
                            reward/pose: -0.0208
                     reward/action_rate: -0.0512
                      reward/action_acc: -0.1528
             Metrics/twist/error_vel_xy: 0.2833
            Metrics/twist/error_vel_yaw: 0.2663
        Episode_Reward/tracking_lin_vel: 0.0876
        Episode_Reward/tracking_ang_vel: 0.0086
              Episode_Reward/feet_phase: 0.0546
     Episode_Reward/feet_phase_contrast: 0.0892
     Episode_Reward/feet_contact_number: 0.0363
           Episode_Reward/feet_air_time: 0.0018
             Episode_Reward/under_speed: -0.0073
               Episode_Reward/feet_slip: -0.0003
          Episode_Reward/feet_clearance: -0.0008
               Episode_Reward/lin_vel_z: -0.0018
              Episode_Reward/ang_vel_xy: -0.0309
             Episode_Reward/base_height: -0.0799
             Episode_Reward/orientation: -0.0421
                    Episode_Reward/pose: -0.0017
             Episode_Reward/action_rate: -0.0040
              Episode_Reward/action_acc: -0.0117
           Episode_Termination/time_out: 0.0000
    Episode_Termination/bad_orientation: 3.8261
--------------------------------------------------------------------------------
                         Iteration time: 0.54s
                           Time elapsed: 00:00:25
                                    ETA: 00:01:29

################################################################################
[1m                           Learning iteration 56/250                            [0m 

                            Total steps: 700416 
                       Steps per second: 22172 
                        Collection time: 0.490s 
                          Learning time: 0.064s 
                        Mean value loss: 0.1338
                    Mean surrogate loss: -0.0082
                      Mean entropy loss: 6.5275
                            Mean reward: 1.52
                    Mean episode length: 69.91
                        Mean action std: 0.46
                reward/tracking_lin_vel: 1.0841
                reward/tracking_ang_vel: 0.1234
                      reward/feet_phase: 0.3909
             reward/feet_phase_contrast: 0.6390
             reward/feet_contact_number: 0.4623
                   reward/feet_air_time: 0.0102
                     reward/under_speed: -0.1537
                       reward/feet_slip: -0.0021
                  reward/feet_clearance: -0.0075
                       reward/lin_vel_z: -0.0078
                      reward/ang_vel_xy: -0.1729
                     reward/base_height: -0.3574
                     reward/orientation: -0.2038
                            reward/pose: -0.0209
                     reward/action_rate: -0.0504
                      reward/action_acc: -0.1499
             Metrics/twist/error_vel_xy: 0.2776
            Metrics/twist/error_vel_yaw: 0.2353
        Episode_Reward/tracking_lin_vel: 0.0706
        Episode_Reward/tracking_ang_vel: 0.0074
              Episode_Reward/feet_phase: 0.0463
     Episode_Reward/feet_phase_contrast: 0.0774
     Episode_Reward/feet_contact_number: 0.0300
           Episode_Reward/feet_air_time: 0.0031
             Episode_Reward/under_speed: -0.0062
               Episode_Reward/feet_slip: -0.0003
          Episode_Reward/feet_clearance: -0.0008
               Episode_Reward/lin_vel_z: -0.0016
              Episode_Reward/ang_vel_xy: -0.0316
             Episode_Reward/base_height: -0.0771
             Episode_Reward/orientation: -0.0407
                    Episode_Reward/pose: -0.0013
             Episode_Reward/action_rate: -0.0035
              Episode_Reward/action_acc: -0.0103
           Episode_Termination/time_out: 0.0000
    Episode_Termination/bad_orientation: 2.8571
--------------------------------------------------------------------------------
                         Iteration time: 0.55s
                           Time elapsed: 00:00:26
                                    ETA: 00:01:28

################################################################################
[1m                           Learning iteration 57/250                            [0m 

                            Total steps: 712704 
                       Steps per second: 23464 
                        Collection time: 0.461s 
                          Learning time: 0.063s 
                        Mean value loss: 0.1229
                    Mean surrogate loss: -0.0067
                      Mean entropy loss: 6.5172
                            Mean reward: 1.11
                    Mean episode length: 67.31
                        Mean action std: 0.46
                reward/tracking_lin_vel: 1.0713
                reward/tracking_ang_vel: 0.1239
                      reward/feet_phase: 0.3987
             reward/feet_phase_contrast: 0.5988
             reward/feet_contact_number: 0.4595
                   reward/feet_air_time: 0.0086
                     reward/under_speed: -0.1582
                       reward/feet_slip: -0.0020
                  reward/feet_clearance: -0.0071
                       reward/lin_vel_z: -0.0078
                      reward/ang_vel_xy: -0.1683
                     reward/base_height: -0.3552
                     reward/orientation: -0.2026
                            reward/pose: -0.0201
                     reward/action_rate: -0.0501
                      reward/action_acc: -0.1489
--------------------------------------------------------------------------------
                         Iteration time: 0.52s
                           Time elapsed: 00:00:26
                                    ETA: 00:01:28

################################################################################
[1m                           Learning iteration 58/250                            [0m 

                            Total steps: 724992 
                       Steps per second: 24583 
                        Collection time: 0.434s 
                          Learning time: 0.066s 
                        Mean value loss: 0.1058
                    Mean surrogate loss: -0.0086
                      Mean entropy loss: 6.5100
                            Mean reward: 1.68
                    Mean episode length: 78.45
                        Mean action std: 0.46
                reward/tracking_lin_vel: 1.0572
                reward/tracking_ang_vel: 0.1252
                      reward/feet_phase: 0.3091
             reward/feet_phase_contrast: 0.5729
             reward/feet_contact_number: 0.4590
                   reward/feet_air_time: 0.0066
                     reward/under_speed: -0.1597
                       reward/feet_slip: -0.0020
                  reward/feet_clearance: -0.0069
                       reward/lin_vel_z: -0.0083
                      reward/ang_vel_xy: -0.1671
                     reward/base_height: -0.3461
                     reward/orientation: -0.1955
                            reward/pose: -0.0192
                     reward/action_rate: -0.0505
                      reward/action_acc: -0.1504
             Metrics/twist/error_vel_xy: 0.2873
            Metrics/twist/error_vel_yaw: 0.2481
        Episode_Reward/tracking_lin_vel: 0.1005
        Episode_Reward/tracking_ang_vel: 0.0104
              Episode_Reward/feet_phase: 0.0549
     Episode_Reward/feet_phase_contrast: 0.0881
     Episode_Reward/feet_contact_number: 0.0420
           Episode_Reward/feet_air_time: 0.0025
             Episode_Reward/under_speed: -0.0105
               Episode_Reward/feet_slip: -0.0003
          Episode_Reward/feet_clearance: -0.0009
               Episode_Reward/lin_vel_z: -0.0017
              Episode_Reward/ang_vel_xy: -0.0318
             Episode_Reward/base_height: -0.0748
             Episode_Reward/orientation: -0.0427
                    Episode_Reward/pose: -0.0017
             Episode_Reward/action_rate: -0.0046
              Episode_Reward/action_acc: -0.0137
           Episode_Termination/time_out: 0.0476
    Episode_Termination/bad_orientation: 2.6190
--------------------------------------------------------------------------------
                         Iteration time: 0.50s
                           Time elapsed: 00:00:27
                                    ETA: 00:01:28

################################################################################
[1m                           Learning iteration 59/250                            [0m 

                            Total steps: 737280 
                       Steps per second: 22795 
                        Collection time: 0.473s 
                          Learning time: 0.066s 
                        Mean value loss: 0.0888
                    Mean surrogate loss: -0.0088
                      Mean entropy loss: 6.5007
                            Mean reward: 1.87
                    Mean episode length: 81.86
                        Mean action std: 0.46
                reward/tracking_lin_vel: 1.0633
                reward/tracking_ang_vel: 0.1267
                      reward/feet_phase: 0.2908
             reward/feet_phase_contrast: 0.5415
             reward/feet_contact_number: 0.4621
                   reward/feet_air_time: 0.0085
                     reward/under_speed: -0.1655
                       reward/feet_slip: -0.0016
                  reward/feet_clearance: -0.0066
                       reward/lin_vel_z: -0.0061
                      reward/ang_vel_xy: -0.1349
                     reward/base_height: -0.2613
                     reward/orientation: -0.1537
                            reward/pose: -0.0180
                     reward/action_rate: -0.0508
                      reward/action_acc: -0.1517
             Metrics/twist/error_vel_xy: 0.2867
            Metrics/twist/error_vel_yaw: 0.2518
        Episode_Reward/tracking_lin_vel: 0.0798
        Episode_Reward/tracking_ang_vel: 0.0081
              Episode_Reward/feet_phase: 0.0475
     Episode_Reward/feet_phase_contrast: 0.0785
     Episode_Reward/feet_contact_number: 0.0333
           Episode_Reward/feet_air_time: 0.0027
             Episode_Reward/under_speed: -0.0073
               Episode_Reward/feet_slip: -0.0003
          Episode_Reward/feet_clearance: -0.0008
               Episode_Reward/lin_vel_z: -0.0016
              Episode_Reward/ang_vel_xy: -0.0297
             Episode_Reward/base_height: -0.0803
             Episode_Reward/orientation: -0.0425
                    Episode_Reward/pose: -0.0014
             Episode_Reward/action_rate: -0.0037
              Episode_Reward/action_acc: -0.0110
           Episode_Termination/time_out: 0.0000
    Episode_Termination/bad_orientation: 1.8095
--------------------------------------------------------------------------------
                         Iteration time: 0.54s
                           Time elapsed: 00:00:27
                                    ETA: 00:01:28

################################################################################
[1m                           Learning iteration 60/250                            [0m 

                            Total steps: 749568 
                       Steps per second: 24965 
                        Collection time: 0.427s 
                          Learning time: 0.065s 
                        Mean value loss: 0.0786
                    Mean surrogate loss: -0.0095
                      Mean entropy loss: 6.4604
                            Mean reward: 1.94
                    Mean episode length: 85.04
                        Mean action std: 0.46
                reward/tracking_lin_vel: 1.0729
                reward/tracking_ang_vel: 0.1271
                      reward/feet_phase: 0.3462
             reward/feet_phase_contrast: 0.5144
             reward/feet_contact_number: 0.4634
                   reward/feet_air_time: 0.0051
                     reward/under_speed: -0.1694
                       reward/feet_slip: -0.0016
                  reward/feet_clearance: -0.0064
                       reward/lin_vel_z: -0.0054
                      reward/ang_vel_xy: -0.1150
                     reward/base_height: -0.2072
                     reward/orientation: -0.1285
                            reward/pose: -0.0175
                     reward/action_rate: -0.0509
                      reward/action_acc: -0.1517
             Metrics/twist/error_vel_xy: 0.2921
            Metrics/twist/error_vel_yaw: 0.2278
        Episode_Reward/tracking_lin_vel: 0.0677
        Episode_Reward/tracking_ang_vel: 0.0076
              Episode_Reward/feet_phase: 0.0419
     Episode_Reward/feet_phase_contrast: 0.0690
     Episode_Reward/feet_contact_number: 0.0308
           Episode_Reward/feet_air_time: 0.0030
             Episode_Reward/under_speed: -0.0072
               Episode_Reward/feet_slip: -0.0003
          Episode_Reward/feet_clearance: -0.0007
               Episode_Reward/lin_vel_z: -0.0017
              Episode_Reward/ang_vel_xy: -0.0313
             Episode_Reward/base_height: -0.0853
             Episode_Reward/orientation: -0.0422
                    Episode_Reward/pose: -0.0012
             Episode_Reward/action_rate: -0.0035
              Episode_Reward/action_acc: -0.0104
           Episode_Termination/time_out: 0.0000
    Episode_Termination/bad_orientation: 1.7500
--------------------------------------------------------------------------------
                         Iteration time: 0.49s
                           Time elapsed: 00:00:28
                                    ETA: 00:01:27

################################################################################
[1m                           Learning iteration 61/250                            [0m 

                            Total steps: 761856 
                       Steps per second: 23879 
                        Collection time: 0.447s 
                          Learning time: 0.067s 
                        Mean value loss: 0.0898
                    Mean surrogate loss: -0.0073
                      Mean entropy loss: 6.4431
                            Mean reward: 1.77
                    Mean episode length: 81.06
                        Mean action std: 0.46
                reward/tracking_lin_vel: 1.0736
                reward/tracking_ang_vel: 0.1285
                      reward/feet_phase: 0.3060
             reward/feet_phase_contrast: 0.5113
             reward/feet_contact_number: 0.4613
                   reward/feet_air_time: 0.0023
                     reward/under_speed: -0.1704
                       reward/feet_slip: -0.0015
                  reward/feet_clearance: -0.0062
                       reward/lin_vel_z: -0.0051
                      reward/ang_vel_xy: -0.1141
                     reward/base_height: -0.1946
                     reward/orientation: -0.1196
                            reward/pose: -0.0163
                     reward/action_rate: -0.0503
                      reward/action_acc: -0.1502
             Metrics/twist/error_vel_xy: 0.2566
            Metrics/twist/error_vel_yaw: 0.2290
        Episode_Reward/tracking_lin_vel: 0.1009
        Episode_Reward/tracking_ang_vel: 0.0101
              Episode_Reward/feet_phase: 0.0586
     Episode_Reward/feet_phase_contrast: 0.0960
     Episode_Reward/feet_contact_number: 0.0410
           Episode_Reward/feet_air_time: 0.0004
             Episode_Reward/under_speed: -0.0095
               Episode_Reward/feet_slip: -0.0004
          Episode_Reward/feet_clearance: -0.0008
               Episode_Reward/lin_vel_z: -0.0018
              Episode_Reward/ang_vel_xy: -0.0317
             Episode_Reward/base_height: -0.0774
             Episode_Reward/orientation: -0.0449
                    Episode_Reward/pose: -0.0019
             Episode_Reward/action_rate: -0.0045
              Episode_Reward/action_acc: -0.0133
           Episode_Termination/time_out: 0.0000
    Episode_Termination/bad_orientation: 1.5263
--------------------------------------------------------------------------------
                         Iteration time: 0.51s
                           Time elapsed: 00:00:28
                                    ETA: 00:01:27

################################################################################
[1m                           Learning iteration 62/250                            [0m 

                            Total steps: 774144 
                       Steps per second: 23810 
                        Collection time: 0.451s 
                          Learning time: 0.065s 
                        Mean value loss: 0.0576
                    Mean surrogate loss: -0.0090
                      Mean entropy loss: 6.4210
                            Mean reward: 1.54
                    Mean episode length: 77.41
                        Mean action std: 0.46
                reward/tracking_lin_vel: 1.0817
                reward/tracking_ang_vel: 0.1283
                      reward/feet_phase: 0.2561
             reward/feet_phase_contrast: 0.4965
             reward/feet_contact_number: 0.4673
                   reward/feet_air_time: 0.0040
                     reward/under_speed: -0.1725
                       reward/feet_slip: -0.0014
                  reward/feet_clearance: -0.0061
                       reward/lin_vel_z: -0.0036
                      reward/ang_vel_xy: -0.0971
                     reward/base_height: -0.1480
                     reward/orientation: -0.0959
                            reward/pose: -0.0160
                     reward/action_rate: -0.0505
                      reward/action_acc: -0.1505
             Metrics/twist/error_vel_xy: 0.2557
            Metrics/twist/error_vel_yaw: 0.2271
        Episode_Reward/tracking_lin_vel: 0.0785
        Episode_Reward/tracking_ang_vel: 0.0080
              Episode_Reward/feet_phase: 0.0506
     Episode_Reward/feet_phase_contrast: 0.0821
     Episode_Reward/feet_contact_number: 0.0339
           Episode_Reward/feet_air_time: 0.0014
             Episode_Reward/under_speed: -0.0072
               Episode_Reward/feet_slip: -0.0003
          Episode_Reward/feet_clearance: -0.0007
               Episode_Reward/lin_vel_z: -0.0017
              Episode_Reward/ang_vel_xy: -0.0298
             Episode_Reward/base_height: -0.0799
             Episode_Reward/orientation: -0.0424
                    Episode_Reward/pose: -0.0012
             Episode_Reward/action_rate: -0.0037
              Episode_Reward/action_acc: -0.0110
           Episode_Termination/time_out: 0.0000
    Episode_Termination/bad_orientation: 1.4667
--------------------------------------------------------------------------------
                         Iteration time: 0.52s
                           Time elapsed: 00:00:29
                                    ETA: 00:01:27

################################################################################
[1m                           Learning iteration 63/250                            [0m 

                            Total steps: 786432 
                       Steps per second: 25066 
                        Collection time: 0.424s 
                          Learning time: 0.067s 
                        Mean value loss: 0.0535
                    Mean surrogate loss: -0.0094
                      Mean entropy loss: 6.3958
                            Mean reward: 1.80
                    Mean episode length: 79.70
                        Mean action std: 0.46
                reward/tracking_lin_vel: 1.0731
                reward/tracking_ang_vel: 0.1287
                      reward/feet_phase: 0.2752
             reward/feet_phase_contrast: 0.4763
             reward/feet_contact_number: 0.4646
                   reward/feet_air_time: 0.0035
                     reward/under_speed: -0.1746
                       reward/feet_slip: -0.0013
                  reward/feet_clearance: -0.0060
                       reward/lin_vel_z: -0.0038
                      reward/ang_vel_xy: -0.0873
                     reward/base_height: -0.1087
                     reward/orientation: -0.0862
                            reward/pose: -0.0158
                     reward/action_rate: -0.0502
                      reward/action_acc: -0.1496
--------------------------------------------------------------------------------
                         Iteration time: 0.49s
                           Time elapsed: 00:00:29
                                    ETA: 00:01:26

################################################################################
[1m                           Learning iteration 64/250                            [0m 

                            Total steps: 798720 
                       Steps per second: 24712 
                        Collection time: 0.432s 
                          Learning time: 0.065s 
                        Mean value loss: 0.0419
                    Mean surrogate loss: -0.0081
                      Mean entropy loss: 6.3773
                            Mean reward: 2.00
                    Mean episode length: 83.37
                        Mean action std: 0.46
                reward/tracking_lin_vel: 1.0571
                reward/tracking_ang_vel: 0.1307
                      reward/feet_phase: 0.2939
             reward/feet_phase_contrast: 0.4299
             reward/feet_contact_number: 0.4655
                   reward/feet_air_time: 0.0026
                     reward/under_speed: -0.1787
                       reward/feet_slip: -0.0013
                  reward/feet_clearance: -0.0059
                       reward/lin_vel_z: -0.0029
                      reward/ang_vel_xy: -0.0791
                     reward/base_height: -0.1038
                     reward/orientation: -0.0695
                            reward/pose: -0.0154
                     reward/action_rate: -0.0509
                      reward/action_acc: -0.1522
--------------------------------------------------------------------------------
                         Iteration time: 0.50s
                           Time elapsed: 00:00:30
                                    ETA: 00:01:26

################################################################################
[1m                           Learning iteration 65/250                            [0m 

                            Total steps: 811008 
                       Steps per second: 25298 
                        Collection time: 0.422s 
                          Learning time: 0.064s 
                        Mean value loss: 0.0382
                    Mean surrogate loss: -0.0109
                      Mean entropy loss: 6.3263
                            Mean reward: 2.00
                    Mean episode length: 82.52
                        Mean action std: 0.46
                reward/tracking_lin_vel: 1.0779
                reward/tracking_ang_vel: 0.1307
                      reward/feet_phase: 0.2457
             reward/feet_phase_contrast: 0.4626
             reward/feet_contact_number: 0.4649
                   reward/feet_air_time: 0.0013
                     reward/under_speed: -0.1790
                       reward/feet_slip: -0.0011
                  reward/feet_clearance: -0.0056
                       reward/lin_vel_z: -0.0021
                      reward/ang_vel_xy: -0.0647
                     reward/base_height: -0.0529
                     reward/orientation: -0.0493
                            reward/pose: -0.0152
                     reward/action_rate: -0.0503
                      reward/action_acc: -0.1507
--------------------------------------------------------------------------------
                         Iteration time: 0.49s
                           Time elapsed: 00:00:30
                                    ETA: 00:01:25

################################################################################
[1m                           Learning iteration 66/250                            [0m 

                            Total steps: 823296 
                       Steps per second: 25450 
                        Collection time: 0.415s 
                          Learning time: 0.068s 
                        Mean value loss: 3.7946
                    Mean surrogate loss: -0.0086
                      Mean entropy loss: 6.2978
                            Mean reward: 2.05
                    Mean episode length: 83.40
                        Mean action std: 0.45
                reward/tracking_lin_vel: 0.8433
                reward/tracking_ang_vel: 0.1274
                      reward/feet_phase: 0.2833
             reward/feet_phase_contrast: 0.5436
             reward/feet_contact_number: 0.4544
                   reward/feet_air_time: 0.0082
                     reward/under_speed: -0.1586
                       reward/feet_slip: -0.0036
                  reward/feet_clearance: -0.0130
                       reward/lin_vel_z: -0.0084
                      reward/ang_vel_xy: -0.1643
                     reward/base_height: -0.0456
                     reward/orientation: -0.0655
                            reward/pose: -0.0156
                     reward/action_rate: -0.0511
                      reward/action_acc: -0.1520
--------------------------------------------------------------------------------
                         Iteration time: 0.48s
                           Time elapsed: 00:00:31
                                    ETA: 00:01:25

################################################################################
[1m                           Learning iteration 67/250                            [0m 

                            Total steps: 835584 
                       Steps per second: 31853 
                        Collection time: 0.319s 
                          Learning time: 0.066s 
                        Mean value loss: 0.1944
                    Mean surrogate loss: -0.0073
                      Mean entropy loss: 6.2767
                            Mean reward: 9.97
                    Mean episode length: 344.84
                        Mean action std: 0.45
                reward/tracking_lin_vel: 0.5577
                reward/tracking_ang_vel: 0.0963
                      reward/feet_phase: 0.4776
             reward/feet_phase_contrast: 0.7425
             reward/feet_contact_number: 0.4472
                   reward/feet_air_time: 0.1673
                     reward/under_speed: -0.1164
                       reward/feet_slip: -0.0044
                  reward/feet_clearance: -0.0139
                       reward/lin_vel_z: -0.0388
                      reward/ang_vel_xy: -0.7305
                     reward/base_height: -1.5687
                     reward/orientation: -0.7739
                            reward/pose: -0.0166
                     reward/action_rate: -0.0510
                      reward/action_acc: -0.1500
--------------------------------------------------------------------------------
                         Iteration time: 0.39s
                           Time elapsed: 00:00:31
                                    ETA: 00:01:24

################################################################################
[1m                           Learning iteration 68/250                            [0m 

                            Total steps: 847872 
                       Steps per second: 28914 
                        Collection time: 0.361s 
                          Learning time: 0.064s 
                        Mean value loss: 0.2503
                    Mean surrogate loss: -0.0091
                      Mean entropy loss: 6.2661
                            Mean reward: 9.87
                    Mean episode length: 350.66
                        Mean action std: 0.45
                reward/tracking_lin_vel: 1.0558
                reward/tracking_ang_vel: 0.1145
                      reward/feet_phase: 0.5668
             reward/feet_phase_contrast: 0.8600
             reward/feet_contact_number: 0.4437
                   reward/feet_air_time: 0.0383
                     reward/under_speed: -0.1269
                       reward/feet_slip: -0.0028
                  reward/feet_clearance: -0.0103
                       reward/lin_vel_z: -0.0141
                      reward/ang_vel_xy: -0.3379
                     reward/base_height: -1.0178
                     reward/orientation: -0.3822
                            reward/pose: -0.0124
                     reward/action_rate: -0.0500
                      reward/action_acc: -0.1477
             Metrics/twist/error_vel_xy: 0.4421
            Metrics/twist/error_vel_yaw: 0.3127
        Episode_Reward/tracking_lin_vel: 0.3311
        Episode_Reward/tracking_ang_vel: 0.0414
              Episode_Reward/feet_phase: 0.0993
     Episode_Reward/feet_phase_contrast: 0.1683
     Episode_Reward/feet_contact_number: 0.1523
           Episode_Reward/feet_air_time: 0.0063
             Episode_Reward/under_speed: -0.0558
               Episode_Reward/feet_slip: -0.0006
          Episode_Reward/feet_clearance: -0.0024
               Episode_Reward/lin_vel_z: -0.0018
              Episode_Reward/ang_vel_xy: -0.0478
             Episode_Reward/base_height: -0.0993
             Episode_Reward/orientation: -0.0501
                    Episode_Reward/pose: -0.0064
             Episode_Reward/action_rate: -0.0167
              Episode_Reward/action_acc: -0.0498
           Episode_Termination/time_out: 0.0417
    Episode_Termination/bad_orientation: 6.6250
--------------------------------------------------------------------------------
                         Iteration time: 0.42s
                           Time elapsed: 00:00:32
                                    ETA: 00:01:24

################################################################################
[1m                           Learning iteration 69/250                            [0m 

                            Total steps: 860160 
                       Steps per second: 26358 
                        Collection time: 0.402s 
                          Learning time: 0.064s 
                        Mean value loss: 0.1451
                    Mean surrogate loss: -0.0108
                      Mean entropy loss: 6.2507
                            Mean reward: 4.03
                    Mean episode length: 170.75
                        Mean action std: 0.45
                reward/tracking_lin_vel: 1.0990
                reward/tracking_ang_vel: 0.1181
                      reward/feet_phase: 0.4363
             reward/feet_phase_contrast: 0.7979
             reward/feet_contact_number: 0.4590
                   reward/feet_air_time: 0.0174
                     reward/under_speed: -0.1374
                       reward/feet_slip: -0.0028
                  reward/feet_clearance: -0.0084
                       reward/lin_vel_z: -0.0119
                      reward/ang_vel_xy: -0.2398
                     reward/base_height: -0.5534
                     reward/orientation: -0.3132
                            reward/pose: -0.0158
                     reward/action_rate: -0.0502
                      reward/action_acc: -0.1487
             Metrics/twist/error_vel_xy: 0.3239
            Metrics/twist/error_vel_yaw: 0.2537
        Episode_Reward/tracking_lin_vel: 0.1378
        Episode_Reward/tracking_ang_vel: 0.0164
              Episode_Reward/feet_phase: 0.0540
     Episode_Reward/feet_phase_contrast: 0.0879
     Episode_Reward/feet_contact_number: 0.0639
           Episode_Reward/feet_air_time: 0.0027
             Episode_Reward/under_speed: -0.0206
               Episode_Reward/feet_slip: -0.0004
          Episode_Reward/feet_clearance: -0.0012
               Episode_Reward/lin_vel_z: -0.0017
              Episode_Reward/ang_vel_xy: -0.0357
             Episode_Reward/base_height: -0.0806
             Episode_Reward/orientation: -0.0434
                    Episode_Reward/pose: -0.0024
             Episode_Reward/action_rate: -0.0071
              Episode_Reward/action_acc: -0.0210
           Episode_Termination/time_out: 0.0000
    Episode_Termination/bad_orientation: 3.3333
--------------------------------------------------------------------------------
                         Iteration time: 0.47s
                           Time elapsed: 00:00:32
                                    ETA: 00:01:23

################################################################################
[1m                           Learning iteration 70/250                            [0m 

                            Total steps: 872448 
                       Steps per second: 25403 
                        Collection time: 0.418s 
                          Learning time: 0.065s 
                        Mean value loss: 0.1153
                    Mean surrogate loss: -0.0089
                      Mean entropy loss: 6.2417
                            Mean reward: 1.53
                    Mean episode length: 83.19
                        Mean action std: 0.45
                reward/tracking_lin_vel: 1.0369
                reward/tracking_ang_vel: 0.1208
                      reward/feet_phase: 0.3905
             reward/feet_phase_contrast: 0.6686
             reward/feet_contact_number: 0.4578
                   reward/feet_air_time: 0.0094
                     reward/under_speed: -0.1455
                       reward/feet_slip: -0.0027
                  reward/feet_clearance: -0.0078
                       reward/lin_vel_z: -0.0134
                      reward/ang_vel_xy: -0.2405
                     reward/base_height: -0.5409
                     reward/orientation: -0.3085
                            reward/pose: -0.0150
                     reward/action_rate: -0.0496
                      reward/action_acc: -0.1465
             Metrics/twist/error_vel_xy: 0.2722
            Metrics/twist/error_vel_yaw: 0.2381
        Episode_Reward/tracking_lin_vel: 0.0820
        Episode_Reward/tracking_ang_vel: 0.0087
              Episode_Reward/feet_phase: 0.0438
     Episode_Reward/feet_phase_contrast: 0.0722
     Episode_Reward/feet_contact_number: 0.0356
           Episode_Reward/feet_air_time: 0.0028
             Episode_Reward/under_speed: -0.0089
               Episode_Reward/feet_slip: -0.0003
          Episode_Reward/feet_clearance: -0.0008
               Episode_Reward/lin_vel_z: -0.0018
              Episode_Reward/ang_vel_xy: -0.0307
             Episode_Reward/base_height: -0.0772
             Episode_Reward/orientation: -0.0430
                    Episode_Reward/pose: -0.0012
             Episode_Reward/action_rate: -0.0040
              Episode_Reward/action_acc: -0.0119
           Episode_Termination/time_out: 0.0000
    Episode_Termination/bad_orientation: 3.8696
--------------------------------------------------------------------------------
                         Iteration time: 0.48s
                           Time elapsed: 00:00:33
                                    ETA: 00:01:23

################################################################################
[1m                           Learning iteration 71/250                            [0m 

                            Total steps: 884736 
                       Steps per second: 26172 
                        Collection time: 0.403s 
                          Learning time: 0.067s 
                        Mean value loss: 0.1340
                    Mean surrogate loss: -0.0073
                      Mean entropy loss: 6.2338
                            Mean reward: 1.79
                    Mean episode length: 74.65
                        Mean action std: 0.45
                reward/tracking_lin_vel: 1.0641
                reward/tracking_ang_vel: 0.1234
                      reward/feet_phase: 0.4183
             reward/feet_phase_contrast: 0.6078
             reward/feet_contact_number: 0.4632
                   reward/feet_air_time: 0.0092
                     reward/under_speed: -0.1559
                       reward/feet_slip: -0.0020
                  reward/feet_clearance: -0.0071
                       reward/lin_vel_z: -0.0086
                      reward/ang_vel_xy: -0.1750
                     reward/base_height: -0.3434
                     reward/orientation: -0.2003
                            reward/pose: -0.0135
                     reward/action_rate: -0.0499
                      reward/action_acc: -0.1482
             Metrics/twist/error_vel_xy: 0.2834
            Metrics/twist/error_vel_yaw: 0.2483
        Episode_Reward/tracking_lin_vel: 0.0760
        Episode_Reward/tracking_ang_vel: 0.0078
              Episode_Reward/feet_phase: 0.0481
     Episode_Reward/feet_phase_contrast: 0.0785
     Episode_Reward/feet_contact_number: 0.0326
           Episode_Reward/feet_air_time: 0.0019
             Episode_Reward/under_speed: -0.0068
               Episode_Reward/feet_slip: -0.0003
          Episode_Reward/feet_clearance: -0.0008
               Episode_Reward/lin_vel_z: -0.0018
              Episode_Reward/ang_vel_xy: -0.0307
             Episode_Reward/base_height: -0.0752
             Episode_Reward/orientation: -0.0425
                    Episode_Reward/pose: -0.0011
             Episode_Reward/action_rate: -0.0036
              Episode_Reward/action_acc: -0.0106
           Episode_Termination/time_out: 0.0000
    Episode_Termination/bad_orientation: 3.2000
--------------------------------------------------------------------------------
                         Iteration time: 0.47s
                           Time elapsed: 00:00:33
                                    ETA: 00:01:22

################################################################################
[1m                           Learning iteration 72/250                            [0m 

                            Total steps: 897024 
                       Steps per second: 24499 
                        Collection time: 0.416s 
                          Learning time: 0.086s 
                        Mean value loss: 0.1019
                    Mean surrogate loss: -0.0099
                      Mean entropy loss: 6.2235
                            Mean reward: 0.81
                    Mean episode length: 64.02
                        Mean action std: 0.45
                reward/tracking_lin_vel: 1.0456
                reward/tracking_ang_vel: 0.1234
                      reward/feet_phase: 0.3167
             reward/feet_phase_contrast: 0.5648
             reward/feet_contact_number: 0.4650
                   reward/feet_air_time: 0.0118
                     reward/under_speed: -0.1615
                       reward/feet_slip: -0.0020
                  reward/feet_clearance: -0.0071
                       reward/lin_vel_z: -0.0084
                      reward/ang_vel_xy: -0.1709
                     reward/base_height: -0.3432
                     reward/orientation: -0.1959
                            reward/pose: -0.0137
                     reward/action_rate: -0.0500
                      reward/action_acc: -0.1482
             Metrics/twist/error_vel_xy: 0.2704
            Metrics/twist/error_vel_yaw: 0.2083
        Episode_Reward/tracking_lin_vel: 0.0544
        Episode_Reward/tracking_ang_vel: 0.0060
              Episode_Reward/feet_phase: 0.0365
     Episode_Reward/feet_phase_contrast: 0.0574
     Episode_Reward/feet_contact_number: 0.0260
           Episode_Reward/feet_air_time: 0.0027
             Episode_Reward/under_speed: -0.0053
               Episode_Reward/feet_slip: -0.0003
          Episode_Reward/feet_clearance: -0.0006
               Episode_Reward/lin_vel_z: -0.0017
              Episode_Reward/ang_vel_xy: -0.0303
             Episode_Reward/base_height: -0.0776
             Episode_Reward/orientation: -0.0407
                    Episode_Reward/pose: -0.0008
             Episode_Reward/action_rate: -0.0029
              Episode_Reward/action_acc: -0.0084
           Episode_Termination/time_out: 0.0000
    Episode_Termination/bad_orientation: 2.3182
--------------------------------------------------------------------------------
                         Iteration time: 0.50s
                           Time elapsed: 00:00:34
                                    ETA: 00:01:22

################################################################################
[1m                           Learning iteration 73/250                            [0m 

                            Total steps: 909312 
                       Steps per second: 24705 
                        Collection time: 0.432s 
                          Learning time: 0.066s 
                        Mean value loss: 0.0768
                    Mean surrogate loss: -0.0094
                      Mean entropy loss: 6.2125
                            Mean reward: 0.86
                    Mean episode length: 65.65
                        Mean action std: 0.45
                reward/tracking_lin_vel: 1.0735
                reward/tracking_ang_vel: 0.1266
                      reward/feet_phase: 0.2804
             reward/feet_phase_contrast: 0.5327
             reward/feet_contact_number: 0.4618
                   reward/feet_air_time: 0.0060
                     reward/under_speed: -0.1668
                       reward/feet_slip: -0.0016
                  reward/feet_clearance: -0.0066
                       reward/lin_vel_z: -0.0058
                      reward/ang_vel_xy: -0.1214
                     reward/base_height: -0.1919
                     reward/orientation: -0.1291
                            reward/pose: -0.0131
                     reward/action_rate: -0.0495
                      reward/action_acc: -0.1472
             Metrics/twist/error_vel_xy: 0.2907
            Metrics/twist/error_vel_yaw: 0.2481
        Episode_Reward/tracking_lin_vel: 0.0830
        Episode_Reward/tracking_ang_vel: 0.0088
              Episode_Reward/feet_phase: 0.0478
     Episode_Reward/feet_phase_contrast: 0.0777
     Episode_Reward/feet_contact_number: 0.0355
           Episode_Reward/feet_air_time: 0.0030
             Episode_Reward/under_speed: -0.0079
               Episode_Reward/feet_slip: -0.0003
          Episode_Reward/feet_clearance: -0.0008
               Episode_Reward/lin_vel_z: -0.0020
              Episode_Reward/ang_vel_xy: -0.0304
             Episode_Reward/base_height: -0.0689
             Episode_Reward/orientation: -0.0430
                    Episode_Reward/pose: -0.0010
             Episode_Reward/action_rate: -0.0039
              Episode_Reward/action_acc: -0.0115
           Episode_Termination/time_out: 0.0000
    Episode_Termination/bad_orientation: 2.3333
--------------------------------------------------------------------------------
                         Iteration time: 0.50s
                           Time elapsed: 00:00:34
                                    ETA: 00:01:22

################################################################################
[1m                           Learning iteration 74/250                            [0m 

                            Total steps: 921600 
                       Steps per second: 25043 
                        Collection time: 0.424s 
                          Learning time: 0.067s 
                        Mean value loss: 0.0676
                    Mean surrogate loss: -0.0064
                      Mean entropy loss: 6.2001
                            Mean reward: 0.84
                    Mean episode length: 64.99
                        Mean action std: 0.45
                reward/tracking_lin_vel: 1.0552
                reward/tracking_ang_vel: 0.1256
                      reward/feet_phase: 0.3048
             reward/feet_phase_contrast: 0.4843
             reward/feet_contact_number: 0.4670
                   reward/feet_air_time: 0.0058
                     reward/under_speed: -0.1708
                       reward/feet_slip: -0.0015
                  reward/feet_clearance: -0.0063
                       reward/lin_vel_z: -0.0051
                      reward/ang_vel_xy: -0.1203
                     reward/base_height: -0.1947
                     reward/orientation: -0.1208
                            reward/pose: -0.0124
                     reward/action_rate: -0.0498
                      reward/action_acc: -0.1482
             Metrics/twist/error_vel_xy: 0.2716
            Metrics/twist/error_vel_yaw: 0.2343
        Episode_Reward/tracking_lin_vel: 0.0708
        Episode_Reward/tracking_ang_vel: 0.0073
              Episode_Reward/feet_phase: 0.0448
     Episode_Reward/feet_phase_contrast: 0.0730
     Episode_Reward/feet_contact_number: 0.0305
           Episode_Reward/feet_air_time: 0.0038
             Episode_Reward/under_speed: -0.0065
               Episode_Reward/feet_slip: -0.0003
          Episode_Reward/feet_clearance: -0.0008
               Episode_Reward/lin_vel_z: -0.0017
              Episode_Reward/ang_vel_xy: -0.0309
             Episode_Reward/base_height: -0.0753
             Episode_Reward/orientation: -0.0425
                    Episode_Reward/pose: -0.0011
             Episode_Reward/action_rate: -0.0034
              Episode_Reward/action_acc: -0.0099
           Episode_Termination/time_out: 0.0000
    Episode_Termination/bad_orientation: 1.5500
--------------------------------------------------------------------------------
                         Iteration time: 0.49s
                           Time elapsed: 00:00:35
                                    ETA: 00:01:21

################################################################################
[1m                           Learning iteration 75/250                            [0m 

                            Total steps: 933888 
                       Steps per second: 25763 
                        Collection time: 0.412s 
                          Learning time: 0.065s 
                        Mean value loss: 0.0574
                    Mean surrogate loss: -0.0082
                      Mean entropy loss: 6.1864
                            Mean reward: 0.91
                    Mean episode length: 69.05
                        Mean action std: 0.45
                reward/tracking_lin_vel: 1.0662
                reward/tracking_ang_vel: 0.1293
                      reward/feet_phase: 0.2965
             reward/feet_phase_contrast: 0.4622
             reward/feet_contact_number: 0.4632
                   reward/feet_air_time: 0.0041
                     reward/under_speed: -0.1751
                       reward/feet_slip: -0.0013
                  reward/feet_clearance: -0.0059
                       reward/lin_vel_z: -0.0036
                      reward/ang_vel_xy: -0.0955
                     reward/base_height: -0.1445
                     reward/orientation: -0.0890
                            reward/pose: -0.0118
                     reward/action_rate: -0.0495
                      reward/action_acc: -0.1476
             Metrics/twist/error_vel_xy: 0.2961
            Metrics/twist/error_vel_yaw: 0.2278
        Episode_Reward/tracking_lin_vel: 0.0608
        Episode_Reward/tracking_ang_vel: 0.0072
              Episode_Reward/feet_phase: 0.0388
     Episode_Reward/feet_phase_contrast: 0.0618
     Episode_Reward/feet_contact_number: 0.0307
           Episode_Reward/feet_air_time: 0.0055
             Episode_Reward/under_speed: -0.0080
               Episode_Reward/feet_slip: -0.0003
          Episode_Reward/feet_clearance: -0.0007
               Episode_Reward/lin_vel_z: -0.0015
              Episode_Reward/ang_vel_xy: -0.0312
             Episode_Reward/base_height: -0.0877
             Episode_Reward/orientation: -0.0435
                    Episode_Reward/pose: -0.0009
             Episode_Reward/action_rate: -0.0034
              Episode_Reward/action_acc: -0.0101
           Episode_Termination/time_out: 0.0000
    Episode_Termination/bad_orientation: 1.4286
--------------------------------------------------------------------------------
                         Iteration time: 0.48s
                           Time elapsed: 00:00:35
                                    ETA: 00:01:21

################################################################################
[1m                           Learning iteration 76/250                            [0m 

                            Total steps: 946176 
                       Steps per second: 25773 
                        Collection time: 0.413s 
                          Learning time: 0.064s 
                        Mean value loss: 0.0384
                    Mean surrogate loss: -0.0101
                      Mean entropy loss: 6.1637
                            Mean reward: 1.54
                    Mean episode length: 82.02
                        Mean action std: 0.45
                reward/tracking_lin_vel: 1.0748
                reward/tracking_ang_vel: 0.1273
                      reward/feet_phase: 0.2418
             reward/feet_phase_contrast: 0.4640
             reward/feet_contact_number: 0.4664
                   reward/feet_air_time: 0.0016
                     reward/under_speed: -0.1754
                       reward/feet_slip: -0.0013
                  reward/feet_clearance: -0.0059
                       reward/lin_vel_z: -0.0034
                      reward/ang_vel_xy: -0.0954
                     reward/base_height: -0.1151
                     reward/orientation: -0.0802
                            reward/pose: -0.0112
                     reward/action_rate: -0.0499
                      reward/action_acc: -0.1487
             Metrics/twist/error_vel_xy: 0.3139
            Metrics/twist/error_vel_yaw: 0.2607
        Episode_Reward/tracking_lin_vel: 0.1248
        Episode_Reward/tracking_ang_vel: 0.0134
              Episode_Reward/feet_phase: 0.0568
     Episode_Reward/feet_phase_contrast: 0.0934
     Episode_Reward/feet_contact_number: 0.0534
           Episode_Reward/feet_air_time: 0.0009
             Episode_Reward/under_speed: -0.0149
               Episode_Reward/feet_slip: -0.0004
          Episode_Reward/feet_clearance: -0.0009
               Episode_Reward/lin_vel_z: -0.0016
              Episode_Reward/ang_vel_xy: -0.0330
             Episode_Reward/base_height: -0.0702
             Episode_Reward/orientation: -0.0422
                    Episode_Reward/pose: -0.0020
             Episode_Reward/action_rate: -0.0056
              Episode_Reward/action_acc: -0.0165
           Episode_Termination/time_out: 0.0667
    Episode_Termination/bad_orientation: 1.2000
--------------------------------------------------------------------------------
                         Iteration time: 0.48s
                           Time elapsed: 00:00:35
                                    ETA: 00:01:20

################################################################################
[1m                           Learning iteration 77/250                            [0m 

                            Total steps: 958464 
                       Steps per second: 23494 
                        Collection time: 0.456s 
                          Learning time: 0.067s 
                        Mean value loss: 0.0342
                    Mean surrogate loss: -0.0094
                      Mean entropy loss: 6.1437
                            Mean reward: 1.90
                    Mean episode length: 93.06
                        Mean action std: 0.45
                reward/tracking_lin_vel: 1.0829
                reward/tracking_ang_vel: 0.1302
                      reward/feet_phase: 0.2362
             reward/feet_phase_contrast: 0.4383
             reward/feet_contact_number: 0.4660
                   reward/feet_air_time: 0.0004
                     reward/under_speed: -0.1789
                       reward/feet_slip: -0.0012
                  reward/feet_clearance: -0.0058
                       reward/lin_vel_z: -0.0022
                      reward/ang_vel_xy: -0.0683
                     reward/base_height: -0.0475
                     reward/orientation: -0.0507
                            reward/pose: -0.0117
                     reward/action_rate: -0.0499
                      reward/action_acc: -0.1490
--------------------------------------------------------------------------------
                         Iteration time: 0.52s
                           Time elapsed: 00:00:36
                                    ETA: 00:01:20

################################################################################
[1m                           Learning iteration 78/250                            [0m 

                            Total steps: 970752 
                       Steps per second: 23443 
                        Collection time: 0.451s 
                          Learning time: 0.073s 
                        Mean value loss: 0.0332
                    Mean surrogate loss: -0.0102
                      Mean entropy loss: 6.0973
                            Mean reward: 2.26
                    Mean episode length: 101.50
                        Mean action std: 0.44
                reward/tracking_lin_vel: 1.0716
                reward/tracking_ang_vel: 0.1288
                      reward/feet_phase: 0.2900
             reward/feet_phase_contrast: 0.4230
             reward/feet_contact_number: 0.4684
                   reward/feet_air_time: 0.0006
                     reward/under_speed: -0.1799
                       reward/feet_slip: -0.0012
                  reward/feet_clearance: -0.0057
                       reward/lin_vel_z: -0.0021
                      reward/ang_vel_xy: -0.0662
                     reward/base_height: -0.0421
                     reward/orientation: -0.0501
                            reward/pose: -0.0115
                     reward/action_rate: -0.0504
                      reward/action_acc: -0.1508
--------------------------------------------------------------------------------
                         Iteration time: 0.52s
                           Time elapsed: 00:00:37
                                    ETA: 00:01:20

################################################################################
[1m                           Learning iteration 79/250                            [0m 

                            Total steps: 983040 
                       Steps per second: 23082 
                        Collection time: 0.469s 
                          Learning time: 0.064s 
                        Mean value loss: 0.0272
                    Mean surrogate loss: -0.0095
                      Mean entropy loss: 6.0741
                            Mean reward: 2.88
                    Mean episode length: 119.74
                        Mean action std: 0.44
                reward/tracking_lin_vel: 1.0807
                reward/tracking_ang_vel: 0.1300
                      reward/feet_phase: 0.2528
             reward/feet_phase_contrast: 0.4455
             reward/feet_contact_number: 0.4673
                   reward/feet_air_time: 0.0007
                     reward/under_speed: -0.1787
                       reward/feet_slip: -0.0012
                  reward/feet_clearance: -0.0056
                       reward/lin_vel_z: -0.0024
                      reward/ang_vel_xy: -0.0710
                     reward/base_height: -0.0572
                     reward/orientation: -0.0530
                            reward/pose: -0.0113
                     reward/action_rate: -0.0497
                      reward/action_acc: -0.1484
--------------------------------------------------------------------------------
                         Iteration time: 0.53s
                           Time elapsed: 00:00:37
                                    ETA: 00:01:19

################################################################################
[1m                           Learning iteration 80/250                            [0m 

                            Total steps: 995328 
                       Steps per second: 25835 
                        Collection time: 0.410s 
                          Learning time: 0.066s 
                        Mean value loss: 0.0220
                    Mean surrogate loss: -0.0109
                      Mean entropy loss: 6.0513
                            Mean reward: 3.35
                    Mean episode length: 130.66
                        Mean action std: 0.44
                reward/tracking_lin_vel: 1.0822
                reward/tracking_ang_vel: 0.1317
                      reward/feet_phase: 0.2181
             reward/feet_phase_contrast: 0.4405
             reward/feet_contact_number: 0.4671
                   reward/feet_air_time: 0.0016
                     reward/under_speed: -0.1797
                       reward/feet_slip: -0.0011
                  reward/feet_clearance: -0.0057
                       reward/lin_vel_z: -0.0021
                      reward/ang_vel_xy: -0.0651
                     reward/base_height: -0.0307
                     reward/orientation: -0.0441
                            reward/pose: -0.0113
                     reward/action_rate: -0.0501
                      reward/action_acc: -0.1493
             Metrics/twist/error_vel_xy: 0.2782
            Metrics/twist/error_vel_yaw: 0.2783
        Episode_Reward/tracking_lin_vel: 0.2909
        Episode_Reward/tracking_ang_vel: 0.0355
              Episode_Reward/feet_phase: 0.1042
     Episode_Reward/feet_phase_contrast: 0.1787
     Episode_Reward/feet_contact_number: 0.1272
           Episode_Reward/feet_air_time: 0.0002
             Episode_Reward/under_speed: -0.0435
               Episode_Reward/feet_slip: -0.0006
          Episode_Reward/feet_clearance: -0.0021
               Episode_Reward/lin_vel_z: -0.0019
              Episode_Reward/ang_vel_xy: -0.0381
             Episode_Reward/base_height: -0.0577
             Episode_Reward/orientation: -0.0429
                    Episode_Reward/pose: -0.0055
             Episode_Reward/action_rate: -0.0137
              Episode_Reward/action_acc: -0.0404
           Episode_Termination/time_out: 0.2000
    Episode_Termination/bad_orientation: 0.8000
--------------------------------------------------------------------------------
                         Iteration time: 0.48s
                           Time elapsed: 00:00:38
                                    ETA: 00:01:19

################################################################################
[1m                           Learning iteration 81/250                            [0m 

                            Total steps: 1007616 
                       Steps per second: 25268 
                        Collection time: 0.423s 
                          Learning time: 0.064s 
                        Mean value loss: 0.0240
                    Mean surrogate loss: -0.0099
                      Mean entropy loss: 6.0229
                            Mean reward: 3.43
                    Mean episode length: 131.32
                        Mean action std: 0.44
                reward/tracking_lin_vel: 1.0769
                reward/tracking_ang_vel: 0.1307
                      reward/feet_phase: 0.2583
             reward/feet_phase_contrast: 0.4332
             reward/feet_contact_number: 0.4676
                   reward/feet_air_time: 0.0002
                     reward/under_speed: -0.1807
                       reward/feet_slip: -0.0011
                  reward/feet_clearance: -0.0057
                       reward/lin_vel_z: -0.0021
                      reward/ang_vel_xy: -0.0656
                     reward/base_height: -0.0390
                     reward/orientation: -0.0425
                            reward/pose: -0.0115
                     reward/action_rate: -0.0499
                      reward/action_acc: -0.1489
--------------------------------------------------------------------------------
                         Iteration time: 0.49s
                           Time elapsed: 00:00:38
                                    ETA: 00:01:18

################################################################################
[1m                           Learning iteration 82/250                            [0m 

                            Total steps: 1019904 
                       Steps per second: 25811 
                        Collection time: 0.411s 
                          Learning time: 0.065s 
                        Mean value loss: 0.0187
                    Mean surrogate loss: -0.0106
                      Mean entropy loss: 5.9945
                            Mean reward: 3.37
                    Mean episode length: 130.92
                        Mean action std: 0.44
                reward/tracking_lin_vel: 1.0681
                reward/tracking_ang_vel: 0.1310
                      reward/feet_phase: 0.2662
             reward/feet_phase_contrast: 0.3985
             reward/feet_contact_number: 0.4685
                   reward/feet_air_time: 0.0010
                     reward/under_speed: -0.1829
                       reward/feet_slip: -0.0010
                  reward/feet_clearance: -0.0055
                       reward/lin_vel_z: -0.0015
                      reward/ang_vel_xy: -0.0577
                     reward/base_height: -0.0169
                     reward/orientation: -0.0337
                            reward/pose: -0.0111
                     reward/action_rate: -0.0500
                      reward/action_acc: -0.1497
--------------------------------------------------------------------------------
                         Iteration time: 0.48s
                           Time elapsed: 00:00:39
                                    ETA: 00:01:18

################################################################################
[1m                           Learning iteration 83/250                            [0m 

                            Total steps: 1032192 
                       Steps per second: 30693 
                        Collection time: 0.337s 
                          Learning time: 0.063s 
                        Mean value loss: 3.2616
                    Mean surrogate loss: -0.0095
                      Mean entropy loss: 5.9826
                            Mean reward: 3.37
                    Mean episode length: 130.92
                        Mean action std: 0.44
                reward/tracking_lin_vel: 0.6692
                reward/tracking_ang_vel: 0.1183
                      reward/feet_phase: 0.3170
             reward/feet_phase_contrast: 0.5990
             reward/feet_contact_number: 0.4557
                   reward/feet_air_time: 0.0717
                     reward/under_speed: -0.1436
                       reward/feet_slip: -0.0040
                  reward/feet_clearance: -0.0142
                       reward/lin_vel_z: -0.0134
                      reward/ang_vel_xy: -0.2848
                     reward/base_height: -0.0491
                     reward/orientation: -0.1544
                            reward/pose: -0.0123
                     reward/action_rate: -0.0512
                      reward/action_acc: -0.1518
--------------------------------------------------------------------------------
                         Iteration time: 0.40s
                           Time elapsed: 00:00:39
                                    ETA: 00:01:17

################################################################################
[1m                           Learning iteration 84/250                            [0m 

                            Total steps: 1044480 
                       Steps per second: 27307 
                        Collection time: 0.368s 
                          Learning time: 0.082s 
                        Mean value loss: 0.2030
                    Mean surrogate loss: -0.0084
                      Mean entropy loss: 5.9764
                            Mean reward: 12.40
                    Mean episode length: 417.65
                        Mean action std: 0.44
                reward/tracking_lin_vel: 0.7113
                reward/tracking_ang_vel: 0.1053
                      reward/feet_phase: 0.4133
             reward/feet_phase_contrast: 0.7349
             reward/feet_contact_number: 0.4333
                   reward/feet_air_time: 0.1504
                     reward/under_speed: -0.1203
                       reward/feet_slip: -0.0041
                  reward/feet_clearance: -0.0153
                       reward/lin_vel_z: -0.0377
                      reward/ang_vel_xy: -0.7270
                     reward/base_height: -2.0269
                     reward/orientation: -0.8143
                            reward/pose: -0.0129
                     reward/action_rate: -0.0503
                      reward/action_acc: -0.1474
             Metrics/twist/error_vel_xy: 0.3810
            Metrics/twist/error_vel_yaw: 0.2362
        Episode_Reward/tracking_lin_vel: 0.4134
        Episode_Reward/tracking_ang_vel: 0.0520
              Episode_Reward/feet_phase: 0.1147
     Episode_Reward/feet_phase_contrast: 0.1970
     Episode_Reward/feet_contact_number: 0.1893
           Episode_Reward/feet_air_time: 0.0063
             Episode_Reward/under_speed: -0.0705
               Episode_Reward/feet_slip: -0.0007
          Episode_Reward/feet_clearance: -0.0029
               Episode_Reward/lin_vel_z: -0.0027
              Episode_Reward/ang_vel_xy: -0.0581
             Episode_Reward/base_height: -0.0808
             Episode_Reward/orientation: -0.0451
                    Episode_Reward/pose: -0.0054
             Episode_Reward/action_rate: -0.0205
              Episode_Reward/action_acc: -0.0611
           Episode_Termination/time_out: 0.0000
    Episode_Termination/bad_orientation: 12.3333
--------------------------------------------------------------------------------
                         Iteration time: 0.45s
                           Time elapsed: 00:00:39
                                    ETA: 00:01:17

################################################################################
[1m                           Learning iteration 85/250                            [0m 

                            Total steps: 1056768 
                       Steps per second: 26633 
                        Collection time: 0.395s 
                          Learning time: 0.066s 
                        Mean value loss: 0.2042
                    Mean surrogate loss: -0.0107
                      Mean entropy loss: 5.9682
                            Mean reward: 12.65
                    Mean episode length: 413.38
                        Mean action std: 0.44
                reward/tracking_lin_vel: 1.1163
                reward/tracking_ang_vel: 0.1210
                      reward/feet_phase: 0.5785
             reward/feet_phase_contrast: 0.8432
             reward/feet_contact_number: 0.4597
                   reward/feet_air_time: 0.0286
                     reward/under_speed: -0.1353
                       reward/feet_slip: -0.0024
                  reward/feet_clearance: -0.0087
                       reward/lin_vel_z: -0.0090
                      reward/ang_vel_xy: -0.2227
                     reward/base_height: -0.5292
                     reward/orientation: -0.2557
                            reward/pose: -0.0114
                     reward/action_rate: -0.0505
                      reward/action_acc: -0.1498
             Metrics/twist/error_vel_xy: 0.4012
            Metrics/twist/error_vel_yaw: 0.2834
        Episode_Reward/tracking_lin_vel: 0.4468
        Episode_Reward/tracking_ang_vel: 0.0542
              Episode_Reward/feet_phase: 0.1265
     Episode_Reward/feet_phase_contrast: 0.2152
     Episode_Reward/feet_contact_number: 0.1973
           Episode_Reward/feet_air_time: 0.0059
             Episode_Reward/under_speed: -0.0729
               Episode_Reward/feet_slip: -0.0007
          Episode_Reward/feet_clearance: -0.0029
               Episode_Reward/lin_vel_z: -0.0019
              Episode_Reward/ang_vel_xy: -0.0524
             Episode_Reward/base_height: -0.0914
             Episode_Reward/orientation: -0.0548
                    Episode_Reward/pose: -0.0056
             Episode_Reward/action_rate: -0.0215
              Episode_Reward/action_acc: -0.0642
           Episode_Termination/time_out: 0.0000
    Episode_Termination/bad_orientation: 3.6522
--------------------------------------------------------------------------------
                         Iteration time: 0.46s
                           Time elapsed: 00:00:40
                                    ETA: 00:01:16

################################################################################
[1m                           Learning iteration 86/250                            [0m 

                            Total steps: 1069056 
                       Steps per second: 26468 
                        Collection time: 0.399s 
                          Learning time: 0.065s 
                        Mean value loss: 0.1386
                    Mean surrogate loss: -0.0094
                      Mean entropy loss: 5.9635
                            Mean reward: 4.16
                    Mean episode length: 173.50
                        Mean action std: 0.44
                reward/tracking_lin_vel: 1.0597
                reward/tracking_ang_vel: 0.1211
                      reward/feet_phase: 0.4164
             reward/feet_phase_contrast: 0.6941
             reward/feet_contact_number: 0.4635
                   reward/feet_air_time: 0.0187
                     reward/under_speed: -0.1464
                       reward/feet_slip: -0.0025
                  reward/feet_clearance: -0.0081
                       reward/lin_vel_z: -0.0112
                      reward/ang_vel_xy: -0.2282
                     reward/base_height: -0.5241
                     reward/orientation: -0.2864
                            reward/pose: -0.0134
                     reward/action_rate: -0.0505
                      reward/action_acc: -0.1494
             Metrics/twist/error_vel_xy: 0.2760
            Metrics/twist/error_vel_yaw: 0.2015
        Episode_Reward/tracking_lin_vel: 0.0933
        Episode_Reward/tracking_ang_vel: 0.0108
              Episode_Reward/feet_phase: 0.0421
     Episode_Reward/feet_phase_contrast: 0.0684
     Episode_Reward/feet_contact_number: 0.0436
           Episode_Reward/feet_air_time: 0.0041
             Episode_Reward/under_speed: -0.0124
               Episode_Reward/feet_slip: -0.0003
          Episode_Reward/feet_clearance: -0.0009
               Episode_Reward/lin_vel_z: -0.0017
              Episode_Reward/ang_vel_xy: -0.0333
             Episode_Reward/base_height: -0.0824
             Episode_Reward/orientation: -0.0418
                    Episode_Reward/pose: -0.0014
             Episode_Reward/action_rate: -0.0048
              Episode_Reward/action_acc: -0.0141
           Episode_Termination/time_out: 0.0000
    Episode_Termination/bad_orientation: 3.4545
--------------------------------------------------------------------------------
                         Iteration time: 0.46s
                           Time elapsed: 00:00:40
                                    ETA: 00:01:16

################################################################################
[1m                           Learning iteration 87/250                            [0m 

                            Total steps: 1081344 
                       Steps per second: 24694 
                        Collection time: 0.434s 
                          Learning time: 0.064s 
                        Mean value loss: 0.1137
                    Mean surrogate loss: -0.0093
                      Mean entropy loss: 5.9552
                            Mean reward: 1.26
                    Mean episode length: 77.29
                        Mean action std: 0.44
                reward/tracking_lin_vel: 1.0423
                reward/tracking_ang_vel: 0.1250
                      reward/feet_phase: 0.3359
             reward/feet_phase_contrast: 0.6046
             reward/feet_contact_number: 0.4598
                   reward/feet_air_time: 0.0133
                     reward/under_speed: -0.1555
                       reward/feet_slip: -0.0020
                  reward/feet_clearance: -0.0072
                       reward/lin_vel_z: -0.0092
                      reward/ang_vel_xy: -0.1907
                     reward/base_height: -0.3856
                     reward/orientation: -0.2232
                            reward/pose: -0.0120
                     reward/action_rate: -0.0504
                      reward/action_acc: -0.1500
             Metrics/twist/error_vel_xy: 0.2809
            Metrics/twist/error_vel_yaw: 0.2219
        Episode_Reward/tracking_lin_vel: 0.0747
        Episode_Reward/tracking_ang_vel: 0.0079
              Episode_Reward/feet_phase: 0.0470
     Episode_Reward/feet_phase_contrast: 0.0748
     Episode_Reward/feet_contact_number: 0.0326
           Episode_Reward/feet_air_time: 0.0026
             Episode_Reward/under_speed: -0.0067
               Episode_Reward/feet_slip: -0.0003
          Episode_Reward/feet_clearance: -0.0007
               Episode_Reward/lin_vel_z: -0.0016
              Episode_Reward/ang_vel_xy: -0.0311
             Episode_Reward/base_height: -0.0736
             Episode_Reward/orientation: -0.0422
                    Episode_Reward/pose: -0.0009
             Episode_Reward/action_rate: -0.0035
              Episode_Reward/action_acc: -0.0103
           Episode_Termination/time_out: 0.0000
    Episode_Termination/bad_orientation: 2.9130
--------------------------------------------------------------------------------
                         Iteration time: 0.50s
                           Time elapsed: 00:00:41
                                    ETA: 00:01:15

################################################################################
[1m                           Learning iteration 88/250                            [0m 

                            Total steps: 1093632 
                       Steps per second: 25720 
                        Collection time: 0.414s 
                          Learning time: 0.064s 
                        Mean value loss: 0.0949
                    Mean surrogate loss: -0.0080
                      Mean entropy loss: 5.9506
                            Mean reward: 1.67
                    Mean episode length: 73.98
                        Mean action std: 0.44
                reward/tracking_lin_vel: 1.0511
                reward/tracking_ang_vel: 0.1283
                      reward/feet_phase: 0.3245
             reward/feet_phase_contrast: 0.5586
             reward/feet_contact_number: 0.4642
                   reward/feet_air_time: 0.0103
                     reward/under_speed: -0.1635
                       reward/feet_slip: -0.0020
                  reward/feet_clearance: -0.0070
                       reward/lin_vel_z: -0.0079
                      reward/ang_vel_xy: -0.1588
                     reward/base_height: -0.2993
                     reward/orientation: -0.1712
                            reward/pose: -0.0115
                     reward/action_rate: -0.0500
                      reward/action_acc: -0.1491
             Metrics/twist/error_vel_xy: 0.2739
            Metrics/twist/error_vel_yaw: 0.2222
        Episode_Reward/tracking_lin_vel: 0.0760
        Episode_Reward/tracking_ang_vel: 0.0081
              Episode_Reward/feet_phase: 0.0457
     Episode_Reward/feet_phase_contrast: 0.0751
     Episode_Reward/feet_contact_number: 0.0329
           Episode_Reward/feet_air_time: 0.0033
             Episode_Reward/under_speed: -0.0070
               Episode_Reward/feet_slip: -0.0003
          Episode_Reward/feet_clearance: -0.0008
               Episode_Reward/lin_vel_z: -0.0018
              Episode_Reward/ang_vel_xy: -0.0314
             Episode_Reward/base_height: -0.0693
             Episode_Reward/orientation: -0.0414
                    Episode_Reward/pose: -0.0009
             Episode_Reward/action_rate: -0.0037
              Episode_Reward/action_acc: -0.0108
           Episode_Termination/time_out: 0.0000
    Episode_Termination/bad_orientation: 2.6000
--------------------------------------------------------------------------------
                         Iteration time: 0.48s
                           Time elapsed: 00:00:41
                                    ETA: 00:01:15

################################################################################
[1m                           Learning iteration 89/250                            [0m 

                            Total steps: 1105920 
                       Steps per second: 26390 
                        Collection time: 0.402s 
                          Learning time: 0.064s 
                        Mean value loss: 0.0730
                    Mean surrogate loss: -0.0079
                      Mean entropy loss: 5.9445
                            Mean reward: 1.28
                    Mean episode length: 72.95
                        Mean action std: 0.44
                reward/tracking_lin_vel: 1.0514
                reward/tracking_ang_vel: 0.1296
                      reward/feet_phase: 0.3289
             reward/feet_phase_contrast: 0.4825
             reward/feet_contact_number: 0.4648
                   reward/feet_air_time: 0.0082
                     reward/under_speed: -0.1715
                       reward/feet_slip: -0.0015
                  reward/feet_clearance: -0.0065
                       reward/lin_vel_z: -0.0050
                      reward/ang_vel_xy: -0.1141
                     reward/base_height: -0.1899
                     reward/orientation: -0.1139
                            reward/pose: -0.0115
                     reward/action_rate: -0.0500
                      reward/action_acc: -0.1492
             Metrics/twist/error_vel_xy: 0.3074
            Metrics/twist/error_vel_yaw: 0.2269
        Episode_Reward/tracking_lin_vel: 0.0508
        Episode_Reward/tracking_ang_vel: 0.0060
              Episode_Reward/feet_phase: 0.0316
     Episode_Reward/feet_phase_contrast: 0.0512
     Episode_Reward/feet_contact_number: 0.0269
           Episode_Reward/feet_air_time: 0.0031
             Episode_Reward/under_speed: -0.0070
               Episode_Reward/feet_slip: -0.0003
          Episode_Reward/feet_clearance: -0.0006
               Episode_Reward/lin_vel_z: -0.0014
              Episode_Reward/ang_vel_xy: -0.0319
             Episode_Reward/base_height: -0.0856
             Episode_Reward/orientation: -0.0403
                    Episode_Reward/pose: -0.0007
             Episode_Reward/action_rate: -0.0031
              Episode_Reward/action_acc: -0.0091
           Episode_Termination/time_out: 0.0000
    Episode_Termination/bad_orientation: 1.7059
--------------------------------------------------------------------------------
                         Iteration time: 0.47s
                           Time elapsed: 00:00:42
                                    ETA: 00:01:15

################################################################################
[1m                           Learning iteration 90/250                            [0m 

                            Total steps: 1118208 
                       Steps per second: 25557 
                        Collection time: 0.416s 
                          Learning time: 0.065s 
                        Mean value loss: 0.0543
                    Mean surrogate loss: -0.0078
                      Mean entropy loss: 5.9306
                            Mean reward: 1.04
                    Mean episode length: 69.20
                        Mean action std: 0.44
                reward/tracking_lin_vel: 1.0645
                reward/tracking_ang_vel: 0.1307
                      reward/feet_phase: 0.2562
             reward/feet_phase_contrast: 0.4779
             reward/feet_contact_number: 0.4615
                   reward/feet_air_time: 0.0032
                     reward/under_speed: -0.1739
                       reward/feet_slip: -0.0013
                  reward/feet_clearance: -0.0061
                       reward/lin_vel_z: -0.0036
                      reward/ang_vel_xy: -0.0931
                     reward/base_height: -0.1232
                     reward/orientation: -0.0910
                            reward/pose: -0.0109
                     reward/action_rate: -0.0500
                      reward/action_acc: -0.1495
             Metrics/twist/error_vel_xy: 0.2671
            Metrics/twist/error_vel_yaw: 0.1961
        Episode_Reward/tracking_lin_vel: 0.0667
        Episode_Reward/tracking_ang_vel: 0.0075
              Episode_Reward/feet_phase: 0.0431
     Episode_Reward/feet_phase_contrast: 0.0677
     Episode_Reward/feet_contact_number: 0.0279
           Episode_Reward/feet_air_time: 0.0062
             Episode_Reward/under_speed: -0.0065
               Episode_Reward/feet_slip: -0.0002
          Episode_Reward/feet_clearance: -0.0008
               Episode_Reward/lin_vel_z: -0.0017
              Episode_Reward/ang_vel_xy: -0.0295
             Episode_Reward/base_height: -0.0786
             Episode_Reward/orientation: -0.0411
                    Episode_Reward/pose: -0.0009
             Episode_Reward/action_rate: -0.0033
              Episode_Reward/action_acc: -0.0100
           Episode_Termination/time_out: 0.0000
    Episode_Termination/bad_orientation: 1.2000
--------------------------------------------------------------------------------
                         Iteration time: 0.48s
                           Time elapsed: 00:00:42
                                    ETA: 00:01:14

################################################################################
[1m                           Learning iteration 91/250                            [0m 

                            Total steps: 1130496 
                       Steps per second: 26029 
                        Collection time: 0.409s 
                          Learning time: 0.063s 
                        Mean value loss: 0.0456
                    Mean surrogate loss: -0.0071
                      Mean entropy loss: 5.9201
                            Mean reward: 1.04
                    Mean episode length: 70.25
                        Mean action std: 0.44
                reward/tracking_lin_vel: 1.0621
                reward/tracking_ang_vel: 0.1323
                      reward/feet_phase: 0.2392
             reward/feet_phase_contrast: 0.4610
             reward/feet_contact_number: 0.4652
                   reward/feet_air_time: 0.0027
                     reward/under_speed: -0.1760
                       reward/feet_slip: -0.0013
                  reward/feet_clearance: -0.0060
                       reward/lin_vel_z: -0.0038
                      reward/ang_vel_xy: -0.0922
                     reward/base_height: -0.1231
                     reward/orientation: -0.0862
                            reward/pose: -0.0108
                     reward/action_rate: -0.0505
                      reward/action_acc: -0.1517
             Metrics/twist/error_vel_xy: 0.2515
            Metrics/twist/error_vel_yaw: 0.1869
        Episode_Reward/tracking_lin_vel: 0.0737
        Episode_Reward/tracking_ang_vel: 0.0079
              Episode_Reward/feet_phase: 0.0456
     Episode_Reward/feet_phase_contrast: 0.0735
     Episode_Reward/feet_contact_number: 0.0313
           Episode_Reward/feet_air_time: 0.0011
             Episode_Reward/under_speed: -0.0067
               Episode_Reward/feet_slip: -0.0003
          Episode_Reward/feet_clearance: -0.0007
               Episode_Reward/lin_vel_z: -0.0017
              Episode_Reward/ang_vel_xy: -0.0310
             Episode_Reward/base_height: -0.0692
             Episode_Reward/orientation: -0.0408
                    Episode_Reward/pose: -0.0007
             Episode_Reward/action_rate: -0.0035
              Episode_Reward/action_acc: -0.0103
           Episode_Termination/time_out: 0.0000
    Episode_Termination/bad_orientation: 1.4286
--------------------------------------------------------------------------------
                         Iteration time: 0.47s
                           Time elapsed: 00:00:43
                                    ETA: 00:01:14

################################################################################
[1m                           Learning iteration 92/250                            [0m 

                            Total steps: 1142784 
                       Steps per second: 25584 
                        Collection time: 0.416s 
                          Learning time: 0.064s 
                        Mean value loss: 0.0449
                    Mean surrogate loss: -0.0079
                      Mean entropy loss: 5.9064
                            Mean reward: 3.33
                    Mean episode length: 127.39
                        Mean action std: 0.44
                reward/tracking_lin_vel: 1.0602
                reward/tracking_ang_vel: 0.1337
                      reward/feet_phase: 0.2886
             reward/feet_phase_contrast: 0.4400
             reward/feet_contact_number: 0.4683
                   reward/feet_air_time: 0.0033
                     reward/under_speed: -0.1787
                       reward/feet_slip: -0.0013
                  reward/feet_clearance: -0.0059
                       reward/lin_vel_z: -0.0027
                      reward/ang_vel_xy: -0.0752
                     reward/base_height: -0.0668
                     reward/orientation: -0.0647
                            reward/pose: -0.0109
                     reward/action_rate: -0.0506
                      reward/action_acc: -0.1521
             Metrics/twist/error_vel_xy: 0.4042
            Metrics/twist/error_vel_yaw: 0.3119
        Episode_Reward/tracking_lin_vel: 0.4087
        Episode_Reward/tracking_ang_vel: 0.0490
              Episode_Reward/feet_phase: 0.1248
     Episode_Reward/feet_phase_contrast: 0.2122
     Episode_Reward/feet_contact_number: 0.1755
           Episode_Reward/feet_air_time: 0.0024
             Episode_Reward/under_speed: -0.0635
               Episode_Reward/feet_slip: -0.0006
          Episode_Reward/feet_clearance: -0.0024
               Episode_Reward/lin_vel_z: -0.0017
              Episode_Reward/ang_vel_xy: -0.0412
             Episode_Reward/base_height: -0.0486
             Episode_Reward/orientation: -0.0400
                    Episode_Reward/pose: -0.0052
             Episode_Reward/action_rate: -0.0193
              Episode_Reward/action_acc: -0.0576
           Episode_Termination/time_out: 0.5455
    Episode_Termination/bad_orientation: 1.0000
--------------------------------------------------------------------------------
                         Iteration time: 0.48s
                           Time elapsed: 00:00:43
                                    ETA: 00:01:13

################################################################################
[1m                           Learning iteration 93/250                            [0m 

                            Total steps: 1155072 
                       Steps per second: 26055 
                        Collection time: 0.407s 
                          Learning time: 0.065s 
                        Mean value loss: 0.0353
                    Mean surrogate loss: -0.0077
                      Mean entropy loss: 5.8874
                            Mean reward: 3.81
                    Mean episode length: 142.82
                        Mean action std: 0.44
                reward/tracking_lin_vel: 1.0606
                reward/tracking_ang_vel: 0.1322
                      reward/feet_phase: 0.2680
             reward/feet_phase_contrast: 0.4301
             reward/feet_contact_number: 0.4627
                   reward/feet_air_time: 0.0027
                     reward/under_speed: -0.1798
                       reward/feet_slip: -0.0013
                  reward/feet_clearance: -0.0060
                       reward/lin_vel_z: -0.0025
                      reward/ang_vel_xy: -0.0752
                     reward/base_height: -0.0915
                     reward/orientation: -0.0627
                            reward/pose: -0.0108
                     reward/action_rate: -0.0502
                      reward/action_acc: -0.1500
--------------------------------------------------------------------------------
                         Iteration time: 0.47s
                           Time elapsed: 00:00:44
                                    ETA: 00:01:13

################################################################################
[1m                           Learning iteration 94/250                            [0m 

                            Total steps: 1167360 
                       Steps per second: 26268 
                        Collection time: 0.402s 
                          Learning time: 0.065s 
                        Mean value loss: 0.0312
                    Mean surrogate loss: -0.0075
                      Mean entropy loss: 5.8699
                            Mean reward: 3.83
                    Mean episode length: 144.41
                        Mean action std: 0.44
                reward/tracking_lin_vel: 1.0622
                reward/tracking_ang_vel: 0.1340
                      reward/feet_phase: 0.2104
             reward/feet_phase_contrast: 0.4182
             reward/feet_contact_number: 0.4634
                   reward/feet_air_time: 0.0014
                     reward/under_speed: -0.1801
                       reward/feet_slip: -0.0011
                  reward/feet_clearance: -0.0057
                       reward/lin_vel_z: -0.0020
                      reward/ang_vel_xy: -0.0681
                     reward/base_height: -0.0445
                     reward/orientation: -0.0516
                            reward/pose: -0.0106
                     reward/action_rate: -0.0497
                      reward/action_acc: -0.1489
             Metrics/twist/error_vel_xy: 0.3685
            Metrics/twist/error_vel_yaw: 0.2272
        Episode_Reward/tracking_lin_vel: 0.1001
        Episode_Reward/tracking_ang_vel: 0.0138
              Episode_Reward/feet_phase: 0.0370
     Episode_Reward/feet_phase_contrast: 0.0588
     Episode_Reward/feet_contact_number: 0.0478
           Episode_Reward/feet_air_time: 0.0038
             Episode_Reward/under_speed: -0.0164
               Episode_Reward/feet_slip: -0.0002
          Episode_Reward/feet_clearance: -0.0010
               Episode_Reward/lin_vel_z: -0.0013
              Episode_Reward/ang_vel_xy: -0.0323
             Episode_Reward/base_height: -0.0829
             Episode_Reward/orientation: -0.0425
                    Episode_Reward/pose: -0.0010
             Episode_Reward/action_rate: -0.0056
              Episode_Reward/action_acc: -0.0166
           Episode_Termination/time_out: 0.0000
    Episode_Termination/bad_orientation: 1.2500
--------------------------------------------------------------------------------
                         Iteration time: 0.47s
                           Time elapsed: 00:00:44
                                    ETA: 00:01:12

################################################################################
[1m                           Learning iteration 95/250                            [0m 

                            Total steps: 1179648 
                       Steps per second: 26070 
                        Collection time: 0.405s 
                          Learning time: 0.066s 
                        Mean value loss: 0.0265
                    Mean surrogate loss: -0.0094
                      Mean entropy loss: 5.8491
                            Mean reward: 3.99
                    Mean episode length: 145.85
                        Mean action std: 0.43
                reward/tracking_lin_vel: 1.0757
                reward/tracking_ang_vel: 0.1329
                      reward/feet_phase: 0.2500
             reward/feet_phase_contrast: 0.4503
             reward/feet_contact_number: 0.4676
                   reward/feet_air_time: 0.0000
                     reward/under_speed: -0.1797
                       reward/feet_slip: -0.0011
                  reward/feet_clearance: -0.0057
                       reward/lin_vel_z: -0.0020
                      reward/ang_vel_xy: -0.0654
                     reward/base_height: -0.0353
                     reward/orientation: -0.0437
                            reward/pose: -0.0110
                     reward/action_rate: -0.0497
                      reward/action_acc: -0.1484
             Metrics/twist/error_vel_xy: 0.2444
            Metrics/twist/error_vel_yaw: 0.1707
        Episode_Reward/tracking_lin_vel: 0.0820
        Episode_Reward/tracking_ang_vel: 0.0098
              Episode_Reward/feet_phase: 0.0505
     Episode_Reward/feet_phase_contrast: 0.0817
     Episode_Reward/feet_contact_number: 0.0347
           Episode_Reward/feet_air_time: 0.0027
             Episode_Reward/under_speed: -0.0090
               Episode_Reward/feet_slip: -0.0003
          Episode_Reward/feet_clearance: -0.0009
               Episode_Reward/lin_vel_z: -0.0018
              Episode_Reward/ang_vel_xy: -0.0325
             Episode_Reward/base_height: -0.0728
             Episode_Reward/orientation: -0.0413
                    Episode_Reward/pose: -0.0012
             Episode_Reward/action_rate: -0.0042
              Episode_Reward/action_acc: -0.0124
           Episode_Termination/time_out: 0.0000
    Episode_Termination/bad_orientation: 1.0000
--------------------------------------------------------------------------------
                         Iteration time: 0.47s
                           Time elapsed: 00:00:45
                                    ETA: 00:01:12

################################################################################
[1m                           Learning iteration 96/250                            [0m 

                            Total steps: 1191936 
                       Steps per second: 24362 
                        Collection time: 0.397s 
                          Learning time: 0.107s 
                        Mean value loss: 0.0201
                    Mean surrogate loss: -0.0116
                      Mean entropy loss: 5.8117
                            Mean reward: 4.33
                    Mean episode length: 154.53
                        Mean action std: 0.43
                reward/tracking_lin_vel: 1.0661
                reward/tracking_ang_vel: 0.1328
                      reward/feet_phase: 0.3009
             reward/feet_phase_contrast: 0.4362
             reward/feet_contact_number: 0.4630
                   reward/feet_air_time: 0.0005
                     reward/under_speed: -0.1804
                       reward/feet_slip: -0.0011
                  reward/feet_clearance: -0.0056
                       reward/lin_vel_z: -0.0019
                      reward/ang_vel_xy: -0.0626
                     reward/base_height: -0.0216
                     reward/orientation: -0.0419
                            reward/pose: -0.0114
                     reward/action_rate: -0.0494
                      reward/action_acc: -0.1476
--------------------------------------------------------------------------------
                         Iteration time: 0.50s
                           Time elapsed: 00:00:45
                                    ETA: 00:01:11

################################################################################
[1m                           Learning iteration 97/250                            [0m 

                            Total steps: 1204224 
                       Steps per second: 25691 
                        Collection time: 0.412s 
                          Learning time: 0.066s 
                        Mean value loss: 0.0208
                    Mean surrogate loss: -0.0112
                      Mean entropy loss: 5.7646
                            Mean reward: 5.67
                    Mean episode length: 184.24
                        Mean action std: 0.43
                reward/tracking_lin_vel: 1.0530
                reward/tracking_ang_vel: 0.1336
                      reward/feet_phase: 0.2232
             reward/feet_phase_contrast: 0.4163
             reward/feet_contact_number: 0.4684
                   reward/feet_air_time: 0.0002
                     reward/under_speed: -0.1814
                       reward/feet_slip: -0.0011
                  reward/feet_clearance: -0.0057
                       reward/lin_vel_z: -0.0020
                      reward/ang_vel_xy: -0.0641
                     reward/base_height: -0.0313
                     reward/orientation: -0.0424
                            reward/pose: -0.0114
                     reward/action_rate: -0.0489
                      reward/action_acc: -0.1454
--------------------------------------------------------------------------------
                         Iteration time: 0.48s
                           Time elapsed: 00:00:46
                                    ETA: 00:01:11

################################################################################
[1m                           Learning iteration 98/250                            [0m 

                            Total steps: 1216512 
                       Steps per second: 26536 
                        Collection time: 0.399s 
                          Learning time: 0.065s 
                        Mean value loss: 0.0185
                    Mean surrogate loss: -0.0092
                      Mean entropy loss: 5.7437
                            Mean reward: 5.68
                    Mean episode length: 184.43
                        Mean action std: 0.43
                reward/tracking_lin_vel: 1.0567
                reward/tracking_ang_vel: 0.1330
                      reward/feet_phase: 0.2099
             reward/feet_phase_contrast: 0.4208
             reward/feet_contact_number: 0.4668
                   reward/feet_air_time: 0.0002
                     reward/under_speed: -0.1814
                       reward/feet_slip: -0.0010
                  reward/feet_clearance: -0.0054
                       reward/lin_vel_z: -0.0017
                      reward/ang_vel_xy: -0.0620
                     reward/base_height: -0.0224
                     reward/orientation: -0.0402
                            reward/pose: -0.0115
                     reward/action_rate: -0.0488
                      reward/action_acc: -0.1452
--------------------------------------------------------------------------------
                         Iteration time: 0.46s
                           Time elapsed: 00:00:46
                                    ETA: 00:01:10

################################################################################
[1m                           Learning iteration 99/250                            [0m 

                            Total steps: 1228800 
                       Steps per second: 25572 
                        Collection time: 0.415s 
                          Learning time: 0.065s 
                        Mean value loss: 2.1023
                    Mean surrogate loss: -0.0085
                      Mean entropy loss: 5.7283
                            Mean reward: 6.03
                    Mean episode length: 193.87
                        Mean action std: 0.43
                reward/tracking_lin_vel: 1.0545
                reward/tracking_ang_vel: 0.1337
                      reward/feet_phase: 0.2657
             reward/feet_phase_contrast: 0.4213
             reward/feet_contact_number: 0.4692
                   reward/feet_air_time: 0.0001
                     reward/under_speed: -0.1825
                       reward/feet_slip: -0.0011
                  reward/feet_clearance: -0.0056
                       reward/lin_vel_z: -0.0015
                      reward/ang_vel_xy: -0.0599
                     reward/base_height: -0.0238
                     reward/orientation: -0.0357
                            reward/pose: -0.0115
                     reward/action_rate: -0.0486
                      reward/action_acc: -0.1450
--------------------------------------------------------------------------------
                         Iteration time: 0.48s
                           Time elapsed: 00:00:46
                                    ETA: 00:01:10

################################################################################
[1m                           Learning iteration 100/250                           [0m 

                            Total steps: 1241088 
                       Steps per second: 31424 
                        Collection time: 0.322s 
                          Learning time: 0.069s 
                        Mean value loss: 0.3499
                    Mean surrogate loss: -0.0105
                      Mean entropy loss: 5.7241
                            Mean reward: 11.57
                    Mean episode length: 351.01
                        Mean action std: 0.43
                reward/tracking_lin_vel: 0.4841
                reward/tracking_ang_vel: 0.1029
                      reward/feet_phase: 0.4233
             reward/feet_phase_contrast: 0.7085
             reward/feet_contact_number: 0.4426
                   reward/feet_air_time: 0.1602
                     reward/under_speed: -0.1216
                       reward/feet_slip: -0.0053
                  reward/feet_clearance: -0.0180
                       reward/lin_vel_z: -0.0273
                      reward/ang_vel_xy: -0.5262
                     reward/base_height: -0.5228
                     reward/orientation: -0.4368
                            reward/pose: -0.0141
                     reward/action_rate: -0.0497
                      reward/action_acc: -0.1456
--------------------------------------------------------------------------------
                         Iteration time: 0.39s
                           Time elapsed: 00:00:47
                                    ETA: 00:01:09

################################################################################
[1m                           Learning iteration 101/250                           [0m 

                            Total steps: 1253376 
                       Steps per second: 25575 
                        Collection time: 0.408s 
                          Learning time: 0.072s 
                        Mean value loss: 0.2480
                    Mean surrogate loss: -0.0085
                      Mean entropy loss: 5.7228
                            Mean reward: 14.20
                    Mean episode length: 456.45
                        Mean action std: 0.43
                reward/tracking_lin_vel: 0.8386
                reward/tracking_ang_vel: 0.1096
                      reward/feet_phase: 0.4676
             reward/feet_phase_contrast: 0.7748
             reward/feet_contact_number: 0.4342
                   reward/feet_air_time: 0.0789
                     reward/under_speed: -0.1255
                       reward/feet_slip: -0.0035
                  reward/feet_clearance: -0.0146
                       reward/lin_vel_z: -0.0247
                      reward/ang_vel_xy: -0.5688
                     reward/base_height: -1.7831
                     reward/orientation: -0.6241
                            reward/pose: -0.0112
                     reward/action_rate: -0.0490
                      reward/action_acc: -0.1420
             Metrics/twist/error_vel_xy: 0.4222
            Metrics/twist/error_vel_yaw: 0.2580
        Episode_Reward/tracking_lin_vel: 0.4624
        Episode_Reward/tracking_ang_vel: 0.0580
              Episode_Reward/feet_phase: 0.1249
     Episode_Reward/feet_phase_contrast: 0.2130
     Episode_Reward/feet_contact_number: 0.2084
           Episode_Reward/feet_air_time: 0.0083
             Episode_Reward/under_speed: -0.0779
               Episode_Reward/feet_slip: -0.0007
          Episode_Reward/feet_clearance: -0.0033
               Episode_Reward/lin_vel_z: -0.0020
              Episode_Reward/ang_vel_xy: -0.0569
             Episode_Reward/base_height: -0.0920
             Episode_Reward/orientation: -0.0489
                    Episode_Reward/pose: -0.0053
             Episode_Reward/action_rate: -0.0224
              Episode_Reward/action_acc: -0.0669
           Episode_Termination/time_out: 0.0000
    Episode_Termination/bad_orientation: 11.4583
--------------------------------------------------------------------------------
                         Iteration time: 0.48s
                           Time elapsed: 00:00:47
                                    ETA: 00:01:09

################################################################################
[1m                           Learning iteration 102/250                           [0m 

                            Total steps: 1265664 
                       Steps per second: 24165 
                        Collection time: 0.433s 
                          Learning time: 0.075s 
                        Mean value loss: 0.1468
                    Mean surrogate loss: -0.0075
                      Mean entropy loss: 5.7223
                            Mean reward: 10.10
                    Mean episode length: 352.36
                        Mean action std: 0.43
                reward/tracking_lin_vel: 1.0987
                reward/tracking_ang_vel: 0.1206
                      reward/feet_phase: 0.4637
             reward/feet_phase_contrast: 0.8150
             reward/feet_contact_number: 0.4617
                   reward/feet_air_time: 0.0243
                     reward/under_speed: -0.1395
                       reward/feet_slip: -0.0024
                  reward/feet_clearance: -0.0086
                       reward/lin_vel_z: -0.0097
                      reward/ang_vel_xy: -0.2443
                     reward/base_height: -0.5620
                     reward/orientation: -0.2803
                            reward/pose: -0.0116
                     reward/action_rate: -0.0494
                      reward/action_acc: -0.1451
             Metrics/twist/error_vel_xy: 0.4112
            Metrics/twist/error_vel_yaw: 0.2735
        Episode_Reward/tracking_lin_vel: 0.3190
        Episode_Reward/tracking_ang_vel: 0.0403
              Episode_Reward/feet_phase: 0.0935
     Episode_Reward/feet_phase_contrast: 0.1579
     Episode_Reward/feet_contact_number: 0.1464
           Episode_Reward/feet_air_time: 0.0054
             Episode_Reward/under_speed: -0.0538
               Episode_Reward/feet_slip: -0.0006
          Episode_Reward/feet_clearance: -0.0023
               Episode_Reward/lin_vel_z: -0.0017
              Episode_Reward/ang_vel_xy: -0.0474
             Episode_Reward/base_height: -0.0896
             Episode_Reward/orientation: -0.0497
                    Episode_Reward/pose: -0.0038
             Episode_Reward/action_rate: -0.0160
              Episode_Reward/action_acc: -0.0476
           Episode_Termination/time_out: 0.0000
    Episode_Termination/bad_orientation: 3.3333
--------------------------------------------------------------------------------
                         Iteration time: 0.51s
                           Time elapsed: 00:00:48
                                    ETA: 00:01:09

################################################################################
[1m                           Learning iteration 103/250                           [0m 

                            Total steps: 1277952 
                       Steps per second: 24890 
                        Collection time: 0.429s 
                          Learning time: 0.065s 
                        Mean value loss: 0.1353
                    Mean surrogate loss: -0.0071
                      Mean entropy loss: 5.7186
                            Mean reward: 2.68
                    Mean episode length: 132.57
                        Mean action std: 0.43
                reward/tracking_lin_vel: 1.0846
                reward/tracking_ang_vel: 0.1245
                      reward/feet_phase: 0.4736
             reward/feet_phase_contrast: 0.6919
             reward/feet_contact_number: 0.4609
                   reward/feet_air_time: 0.0063
                     reward/under_speed: -0.1491
                       reward/feet_slip: -0.0023
                  reward/feet_clearance: -0.0078
                       reward/lin_vel_z: -0.0095
                      reward/ang_vel_xy: -0.2005
                     reward/base_height: -0.4142
                     reward/orientation: -0.2328
                            reward/pose: -0.0125
                     reward/action_rate: -0.0494
                      reward/action_acc: -0.1457
             Metrics/twist/error_vel_xy: 0.2809
            Metrics/twist/error_vel_yaw: 0.2066
        Episode_Reward/tracking_lin_vel: 0.0979
        Episode_Reward/tracking_ang_vel: 0.0114
              Episode_Reward/feet_phase: 0.0467
     Episode_Reward/feet_phase_contrast: 0.0776
     Episode_Reward/feet_contact_number: 0.0432
           Episode_Reward/feet_air_time: 0.0035
             Episode_Reward/under_speed: -0.0121
               Episode_Reward/feet_slip: -0.0003
          Episode_Reward/feet_clearance: -0.0009
               Episode_Reward/lin_vel_z: -0.0017
              Episode_Reward/ang_vel_xy: -0.0335
             Episode_Reward/base_height: -0.0750
             Episode_Reward/orientation: -0.0416
                    Episode_Reward/pose: -0.0011
             Episode_Reward/action_rate: -0.0048
              Episode_Reward/action_acc: -0.0141
           Episode_Termination/time_out: 0.0000
    Episode_Termination/bad_orientation: 2.9565
--------------------------------------------------------------------------------
                         Iteration time: 0.49s
                           Time elapsed: 00:00:48
                                    ETA: 00:01:08

################################################################################
[1m                           Learning iteration 104/250                           [0m 

                            Total steps: 1290240 
                       Steps per second: 25791 
                        Collection time: 0.411s 
                          Learning time: 0.066s 
                        Mean value loss: 0.0965
                    Mean surrogate loss: -0.0075
                      Mean entropy loss: 5.7115
                            Mean reward: 2.50
                    Mean episode length: 107.54
                        Mean action std: 0.43
                reward/tracking_lin_vel: 1.0574
                reward/tracking_ang_vel: 0.1273
                      reward/feet_phase: 0.3434
             reward/feet_phase_contrast: 0.5894
             reward/feet_contact_number: 0.4608
                   reward/feet_air_time: 0.0064
                     reward/under_speed: -0.1580
                       reward/feet_slip: -0.0021
                  reward/feet_clearance: -0.0069
                       reward/lin_vel_z: -0.0080
                      reward/ang_vel_xy: -0.1817
                     reward/base_height: -0.3611
                     reward/orientation: -0.2050
                            reward/pose: -0.0121
                     reward/action_rate: -0.0489
                      reward/action_acc: -0.1447
             Metrics/twist/error_vel_xy: 0.3040
            Metrics/twist/error_vel_yaw: 0.2346
        Episode_Reward/tracking_lin_vel: 0.0950
        Episode_Reward/tracking_ang_vel: 0.0106
              Episode_Reward/feet_phase: 0.0482
     Episode_Reward/feet_phase_contrast: 0.0777
     Episode_Reward/feet_contact_number: 0.0417
           Episode_Reward/feet_air_time: 0.0012
             Episode_Reward/under_speed: -0.0117
               Episode_Reward/feet_slip: -0.0003
          Episode_Reward/feet_clearance: -0.0008
               Episode_Reward/lin_vel_z: -0.0015
              Episode_Reward/ang_vel_xy: -0.0323
             Episode_Reward/base_height: -0.0749
             Episode_Reward/orientation: -0.0424
                    Episode_Reward/pose: -0.0011
             Episode_Reward/action_rate: -0.0046
              Episode_Reward/action_acc: -0.0134
           Episode_Termination/time_out: 0.0000
    Episode_Termination/bad_orientation: 2.8182
--------------------------------------------------------------------------------
                         Iteration time: 0.48s
                           Time elapsed: 00:00:49
                                    ETA: 00:01:08

################################################################################
[1m                           Learning iteration 105/250                           [0m 

                            Total steps: 1302528 
                       Steps per second: 24646 
                        Collection time: 0.433s 
                          Learning time: 0.066s 
                        Mean value loss: 0.0774
                    Mean surrogate loss: -0.0082
                      Mean entropy loss: 5.7023
                            Mean reward: 2.31
                    Mean episode length: 91.44
                        Mean action std: 0.43
                reward/tracking_lin_vel: 1.0770
                reward/tracking_ang_vel: 0.1293
                      reward/feet_phase: 0.3056
             reward/feet_phase_contrast: 0.5688
             reward/feet_contact_number: 0.4600
                   reward/feet_air_time: 0.0043
                     reward/under_speed: -0.1627
                       reward/feet_slip: -0.0018
                  reward/feet_clearance: -0.0065
                       reward/lin_vel_z: -0.0070
                      reward/ang_vel_xy: -0.1393
                     reward/base_height: -0.2164
                     reward/orientation: -0.1453
                            reward/pose: -0.0115
                     reward/action_rate: -0.0490
                      reward/action_acc: -0.1447
             Metrics/twist/error_vel_xy: 0.2638
            Metrics/twist/error_vel_yaw: 0.2210
        Episode_Reward/tracking_lin_vel: 0.1030
        Episode_Reward/tracking_ang_vel: 0.0110
              Episode_Reward/feet_phase: 0.0590
     Episode_Reward/feet_phase_contrast: 0.0952
     Episode_Reward/feet_contact_number: 0.0421
           Episode_Reward/feet_air_time: 0.0020
             Episode_Reward/under_speed: -0.0091
               Episode_Reward/feet_slip: -0.0004
          Episode_Reward/feet_clearance: -0.0008
               Episode_Reward/lin_vel_z: -0.0019
              Episode_Reward/ang_vel_xy: -0.0324
             Episode_Reward/base_height: -0.0657
             Episode_Reward/orientation: -0.0420
                    Episode_Reward/pose: -0.0012
             Episode_Reward/action_rate: -0.0045
              Episode_Reward/action_acc: -0.0132
           Episode_Termination/time_out: 0.0000
    Episode_Termination/bad_orientation: 2.0500
--------------------------------------------------------------------------------
                         Iteration time: 0.50s
                           Time elapsed: 00:00:49
                                    ETA: 00:01:07

################################################################################
[1m                           Learning iteration 106/250                           [0m 

                            Total steps: 1314816 
                       Steps per second: 25206 
                        Collection time: 0.424s 
                          Learning time: 0.063s 
                        Mean value loss: 0.0726
                    Mean surrogate loss: -0.0091
                      Mean entropy loss: 5.6924
                            Mean reward: 2.27
                    Mean episode length: 83.46
                        Mean action std: 0.43
                reward/tracking_lin_vel: 1.0665
                reward/tracking_ang_vel: 0.1293
                      reward/feet_phase: 0.3032
             reward/feet_phase_contrast: 0.5014
             reward/feet_contact_number: 0.4670
                   reward/feet_air_time: 0.0042
                     reward/under_speed: -0.1695
                       reward/feet_slip: -0.0015
                  reward/feet_clearance: -0.0061
                       reward/lin_vel_z: -0.0050
                      reward/ang_vel_xy: -0.1160
                     reward/base_height: -0.1548
                     reward/orientation: -0.1163
                            reward/pose: -0.0109
                     reward/action_rate: -0.0487
                      reward/action_acc: -0.1437
             Metrics/twist/error_vel_xy: 0.2308
            Metrics/twist/error_vel_yaw: 0.1976
        Episode_Reward/tracking_lin_vel: 0.0849
        Episode_Reward/tracking_ang_vel: 0.0086
              Episode_Reward/feet_phase: 0.0494
     Episode_Reward/feet_phase_contrast: 0.0831
     Episode_Reward/feet_contact_number: 0.0342
           Episode_Reward/feet_air_time: 0.0011
             Episode_Reward/under_speed: -0.0068
               Episode_Reward/feet_slip: -0.0003
          Episode_Reward/feet_clearance: -0.0007
               Episode_Reward/lin_vel_z: -0.0017
              Episode_Reward/ang_vel_xy: -0.0306
             Episode_Reward/base_height: -0.0683
             Episode_Reward/orientation: -0.0414
                    Episode_Reward/pose: -0.0010
             Episode_Reward/action_rate: -0.0037
              Episode_Reward/action_acc: -0.0109
           Episode_Termination/time_out: 0.0000
    Episode_Termination/bad_orientation: 1.8125
--------------------------------------------------------------------------------
                         Iteration time: 0.49s
                           Time elapsed: 00:00:50
                                    ETA: 00:01:07

################################################################################
[1m                           Learning iteration 107/250                           [0m 

                            Total steps: 1327104 
                       Steps per second: 23690 
                        Collection time: 0.454s 
                          Learning time: 0.064s 
                        Mean value loss: 0.0488
                    Mean surrogate loss: -0.0084
                      Mean entropy loss: 5.6795
                            Mean reward: 2.12
                    Mean episode length: 80.36
                        Mean action std: 0.43
                reward/tracking_lin_vel: 1.0664
                reward/tracking_ang_vel: 0.1308
                      reward/feet_phase: 0.3275
             reward/feet_phase_contrast: 0.4923
             reward/feet_contact_number: 0.4644
                   reward/feet_air_time: 0.0010
                     reward/under_speed: -0.1728
                       reward/feet_slip: -0.0014
                  reward/feet_clearance: -0.0061
                       reward/lin_vel_z: -0.0047
                      reward/ang_vel_xy: -0.1132
                     reward/base_height: -0.1735
                     reward/orientation: -0.1036
                            reward/pose: -0.0102
                     reward/action_rate: -0.0486
                      reward/action_acc: -0.1434
--------------------------------------------------------------------------------
                         Iteration time: 0.52s
                           Time elapsed: 00:00:50
                                    ETA: 00:01:06

################################################################################
[1m                           Learning iteration 108/250                           [0m 

                            Total steps: 1339392 
                       Steps per second: 26082 
                        Collection time: 0.405s 
                          Learning time: 0.066s 
                        Mean value loss: 0.0482
                    Mean surrogate loss: -0.0081
                      Mean entropy loss: 5.6681
                            Mean reward: 2.12
                    Mean episode length: 79.96
                        Mean action std: 0.43
                reward/tracking_lin_vel: 1.0707
                reward/tracking_ang_vel: 0.1331
                      reward/feet_phase: 0.2326
             reward/feet_phase_contrast: 0.4525
             reward/feet_contact_number: 0.4620
                   reward/feet_air_time: 0.0010
                     reward/under_speed: -0.1783
                       reward/feet_slip: -0.0012
                  reward/feet_clearance: -0.0058
                       reward/lin_vel_z: -0.0024
                      reward/ang_vel_xy: -0.0749
                     reward/base_height: -0.0563
                     reward/orientation: -0.0556
                            reward/pose: -0.0099
                     reward/action_rate: -0.0486
                      reward/action_acc: -0.1439
             Metrics/twist/error_vel_xy: 0.2366
            Metrics/twist/error_vel_yaw: 0.1847
        Episode_Reward/tracking_lin_vel: 0.0706
        Episode_Reward/tracking_ang_vel: 0.0077
              Episode_Reward/feet_phase: 0.0448
     Episode_Reward/feet_phase_contrast: 0.0711
     Episode_Reward/feet_contact_number: 0.0301
           Episode_Reward/feet_air_time: 0.0001
             Episode_Reward/under_speed: -0.0060
               Episode_Reward/feet_slip: -0.0003
          Episode_Reward/feet_clearance: -0.0006
               Episode_Reward/lin_vel_z: -0.0016
              Episode_Reward/ang_vel_xy: -0.0328
             Episode_Reward/base_height: -0.0654
             Episode_Reward/orientation: -0.0400
                    Episode_Reward/pose: -0.0006
             Episode_Reward/action_rate: -0.0034
              Episode_Reward/action_acc: -0.0097
           Episode_Termination/time_out: 0.0000
    Episode_Termination/bad_orientation: 1.1250
--------------------------------------------------------------------------------
                         Iteration time: 0.47s
                           Time elapsed: 00:00:51
                                    ETA: 00:01:06

################################################################################
[1m                           Learning iteration 109/250                           [0m 

                            Total steps: 1351680 
                       Steps per second: 23037 
                        Collection time: 0.470s 
                          Learning time: 0.063s 
                        Mean value loss: 0.0245
                    Mean surrogate loss: -0.0082
                      Mean entropy loss: 5.6548
                            Mean reward: 3.65
                    Mean episode length: 124.89
                        Mean action std: 0.43
                reward/tracking_lin_vel: 1.0837
                reward/tracking_ang_vel: 0.1324
                      reward/feet_phase: 0.2330
             reward/feet_phase_contrast: 0.4620
             reward/feet_contact_number: 0.4656
                   reward/feet_air_time: 0.0031
                     reward/under_speed: -0.1783
                       reward/feet_slip: -0.0011
                  reward/feet_clearance: -0.0055
                       reward/lin_vel_z: -0.0019
                      reward/ang_vel_xy: -0.0703
                     reward/base_height: -0.0515
                     reward/orientation: -0.0479
                            reward/pose: -0.0098
                     reward/action_rate: -0.0484
                      reward/action_acc: -0.1432
--------------------------------------------------------------------------------
                         Iteration time: 0.53s
                           Time elapsed: 00:00:51
                                    ETA: 00:01:05

################################################################################
[1m                           Learning iteration 110/250                           [0m 

                            Total steps: 1363968 
                       Steps per second: 25134 
                        Collection time: 0.424s 
                          Learning time: 0.065s 
                        Mean value loss: 0.0268
                    Mean surrogate loss: -0.0088
                      Mean entropy loss: 5.6326
                            Mean reward: 4.06
                    Mean episode length: 136.87
                        Mean action std: 0.42
                reward/tracking_lin_vel: 1.0569
                reward/tracking_ang_vel: 0.1313
                      reward/feet_phase: 0.2852
             reward/feet_phase_contrast: 0.4277
             reward/feet_contact_number: 0.4667
                   reward/feet_air_time: 0.0008
                     reward/under_speed: -0.1795
                       reward/feet_slip: -0.0011
                  reward/feet_clearance: -0.0057
                       reward/lin_vel_z: -0.0028
                      reward/ang_vel_xy: -0.0797
                     reward/base_height: -0.0663
                     reward/orientation: -0.0616
                            reward/pose: -0.0095
                     reward/action_rate: -0.0483
                      reward/action_acc: -0.1426
--------------------------------------------------------------------------------
                         Iteration time: 0.49s
                           Time elapsed: 00:00:52
                                    ETA: 00:01:05

################################################################################
[1m                           Learning iteration 111/250                           [0m 

                            Total steps: 1376256 
                       Steps per second: 25749 
                        Collection time: 0.412s 
                          Learning time: 0.065s 
                        Mean value loss: 0.0404
                    Mean surrogate loss: -0.0110
                      Mean entropy loss: 5.6031
                            Mean reward: 4.81
                    Mean episode length: 158.08
                        Mean action std: 0.42
                reward/tracking_lin_vel: 1.0780
                reward/tracking_ang_vel: 0.1336
                      reward/feet_phase: 0.2564
             reward/feet_phase_contrast: 0.4293
             reward/feet_contact_number: 0.4646
                   reward/feet_air_time: 0.0014
                     reward/under_speed: -0.1801
                       reward/feet_slip: -0.0010
                  reward/feet_clearance: -0.0054
                       reward/lin_vel_z: -0.0020
                      reward/ang_vel_xy: -0.0696
                     reward/base_height: -0.0522
                     reward/orientation: -0.0475
                            reward/pose: -0.0091
                     reward/action_rate: -0.0485
                      reward/action_acc: -0.1434
--------------------------------------------------------------------------------
                         Iteration time: 0.48s
                           Time elapsed: 00:00:52
                                    ETA: 00:01:05

################################################################################
[1m                           Learning iteration 112/250                           [0m 

                            Total steps: 1388544 
                       Steps per second: 26510 
                        Collection time: 0.399s 
                          Learning time: 0.064s 
                        Mean value loss: 0.0220
                    Mean surrogate loss: -0.0090
                      Mean entropy loss: 5.5847
                            Mean reward: 4.82
                    Mean episode length: 158.28
                        Mean action std: 0.42
                reward/tracking_lin_vel: 1.0890
                reward/tracking_ang_vel: 0.1341
                      reward/feet_phase: 0.2271
             reward/feet_phase_contrast: 0.4599
             reward/feet_contact_number: 0.4658
                   reward/feet_air_time: 0.0001
                     reward/under_speed: -0.1793
                       reward/feet_slip: -0.0010
                  reward/feet_clearance: -0.0053
                       reward/lin_vel_z: -0.0019
                      reward/ang_vel_xy: -0.0701
                     reward/base_height: -0.0334
                     reward/orientation: -0.0410
                            reward/pose: -0.0093
                     reward/action_rate: -0.0487
                      reward/action_acc: -0.1437
--------------------------------------------------------------------------------
                         Iteration time: 0.46s
                           Time elapsed: 00:00:53
                                    ETA: 00:01:04

################################################################################
[1m                           Learning iteration 113/250                           [0m 

                            Total steps: 1400832 
                       Steps per second: 24689 
                        Collection time: 0.433s 
                          Learning time: 0.065s 
                        Mean value loss: 0.0260
                    Mean surrogate loss: -0.0091
                      Mean entropy loss: 5.5629
                            Mean reward: 6.08
                    Mean episode length: 189.10
                        Mean action std: 0.42
                reward/tracking_lin_vel: 1.0745
                reward/tracking_ang_vel: 0.1350
                      reward/feet_phase: 0.2460
             reward/feet_phase_contrast: 0.4262
             reward/feet_contact_number: 0.4665
                   reward/feet_air_time: 0.0000
                     reward/under_speed: -0.1805
                       reward/feet_slip: -0.0010
                  reward/feet_clearance: -0.0053
                       reward/lin_vel_z: -0.0018
                      reward/ang_vel_xy: -0.0650
                     reward/base_height: -0.0167
                     reward/orientation: -0.0354
                            reward/pose: -0.0092
                     reward/action_rate: -0.0484
                      reward/action_acc: -0.1431
             Metrics/twist/error_vel_xy: 0.3881
            Metrics/twist/error_vel_yaw: 0.3329
        Episode_Reward/tracking_lin_vel: 0.7555
        Episode_Reward/tracking_ang_vel: 0.0888
              Episode_Reward/feet_phase: 0.1958
     Episode_Reward/feet_phase_contrast: 0.3336
     Episode_Reward/feet_contact_number: 0.3156
           Episode_Reward/feet_air_time: 0.0003
             Episode_Reward/under_speed: -0.1165
               Episode_Reward/feet_slip: -0.0009
          Episode_Reward/feet_clearance: -0.0044
               Episode_Reward/lin_vel_z: -0.0020
              Episode_Reward/ang_vel_xy: -0.0515
             Episode_Reward/base_height: -0.0286
             Episode_Reward/orientation: -0.0382
                    Episode_Reward/pose: -0.0076
             Episode_Reward/action_rate: -0.0331
              Episode_Reward/action_acc: -0.0986
           Episode_Termination/time_out: 0.6000
    Episode_Termination/bad_orientation: 0.4000
--------------------------------------------------------------------------------
                         Iteration time: 0.50s
                           Time elapsed: 00:00:53
                                    ETA: 00:01:04

################################################################################
[1m                           Learning iteration 114/250                           [0m 

                            Total steps: 1413120 
                       Steps per second: 25535 
                        Collection time: 0.416s 
                          Learning time: 0.065s 
                        Mean value loss: 0.0209
                    Mean surrogate loss: -0.0098
                      Mean entropy loss: 5.5477
                            Mean reward: 6.45
                    Mean episode length: 198.31
                        Mean action std: 0.42
                reward/tracking_lin_vel: 1.0756
                reward/tracking_ang_vel: 0.1346
                      reward/feet_phase: 0.3010
             reward/feet_phase_contrast: 0.4395
             reward/feet_contact_number: 0.4674
                   reward/feet_air_time: 0.0003
                     reward/under_speed: -0.1806
                       reward/feet_slip: -0.0009
                  reward/feet_clearance: -0.0052
                       reward/lin_vel_z: -0.0018
                      reward/ang_vel_xy: -0.0658
                     reward/base_height: -0.0259
                     reward/orientation: -0.0384
                            reward/pose: -0.0089
                     reward/action_rate: -0.0480
                      reward/action_acc: -0.1417
--------------------------------------------------------------------------------
                         Iteration time: 0.48s
                           Time elapsed: 00:00:54
                                    ETA: 00:01:03

################################################################################
[1m                           Learning iteration 115/250                           [0m 

                            Total steps: 1425408 
                       Steps per second: 25731 
                        Collection time: 0.412s 
                          Learning time: 0.065s 
                        Mean value loss: 0.0177
                    Mean surrogate loss: -0.0097
                      Mean entropy loss: 5.5264
                            Mean reward: 6.41
                    Mean episode length: 198.53
                        Mean action std: 0.42
                reward/tracking_lin_vel: 1.0717
                reward/tracking_ang_vel: 0.1339
                      reward/feet_phase: 0.2216
             reward/feet_phase_contrast: 0.4307
             reward/feet_contact_number: 0.4684
                   reward/feet_air_time: 0.0000
                     reward/under_speed: -0.1813
                       reward/feet_slip: -0.0010
                  reward/feet_clearance: -0.0054
                       reward/lin_vel_z: -0.0015
                      reward/ang_vel_xy: -0.0643
                     reward/base_height: -0.0187
                     reward/orientation: -0.0333
                            reward/pose: -0.0091
                     reward/action_rate: -0.0485
                      reward/action_acc: -0.1428
--------------------------------------------------------------------------------
                         Iteration time: 0.48s
                           Time elapsed: 00:00:54
                                    ETA: 00:01:03

################################################################################
[1m                           Learning iteration 116/250                           [0m 

                            Total steps: 1437696 
                       Steps per second: 27883 
                        Collection time: 0.374s 
                          Learning time: 0.066s 
                        Mean value loss: 4.4045
                    Mean surrogate loss: -0.0073
                      Mean entropy loss: 5.5195
                            Mean reward: 6.58
                    Mean episode length: 203.05
                        Mean action std: 0.42
                reward/tracking_lin_vel: 0.8556
                reward/tracking_ang_vel: 0.1279
                      reward/feet_phase: 0.2687
             reward/feet_phase_contrast: 0.5249
             reward/feet_contact_number: 0.4574
                   reward/feet_air_time: 0.0076
                     reward/under_speed: -0.1618
                       reward/feet_slip: -0.0032
                  reward/feet_clearance: -0.0125
                       reward/lin_vel_z: -0.0081
                      reward/ang_vel_xy: -0.1542
                     reward/base_height: -0.0157
                     reward/orientation: -0.0477
                            reward/pose: -0.0094
                     reward/action_rate: -0.0491
                      reward/action_acc: -0.1438
--------------------------------------------------------------------------------
                         Iteration time: 0.44s
                           Time elapsed: 00:00:55
                                    ETA: 00:01:02

################################################################################
[1m                           Learning iteration 117/250                           [0m 

                            Total steps: 1449984 
                       Steps per second: 32052 
                        Collection time: 0.321s 
                          Learning time: 0.063s 
                        Mean value loss: 0.1940
                    Mean surrogate loss: -0.0087
                      Mean entropy loss: 5.5325
                            Mean reward: 12.41
                    Mean episode length: 400.96
                        Mean action std: 0.42
                reward/tracking_lin_vel: 0.5722
                reward/tracking_ang_vel: 0.1016
                      reward/feet_phase: 0.4506
             reward/feet_phase_contrast: 0.7003
             reward/feet_contact_number: 0.4391
                   reward/feet_air_time: 0.2141
                     reward/under_speed: -0.1226
                       reward/feet_slip: -0.0038
                  reward/feet_clearance: -0.0152
                       reward/lin_vel_z: -0.0357
                      reward/ang_vel_xy: -0.7045
                     reward/base_height: -1.3483
                     reward/orientation: -0.7440
                            reward/pose: -0.0128
                     reward/action_rate: -0.0491
                      reward/action_acc: -0.1426
--------------------------------------------------------------------------------
                         Iteration time: 0.38s
                           Time elapsed: 00:00:55
                                    ETA: 00:01:02

################################################################################
[1m                           Learning iteration 118/250                           [0m 

                            Total steps: 1462272 
                       Steps per second: 27231 
                        Collection time: 0.388s 
                          Learning time: 0.064s 
                        Mean value loss: 0.2591
                    Mean surrogate loss: -0.0105
                      Mean entropy loss: 5.5299
                            Mean reward: 13.22
                    Mean episode length: 423.99
                        Mean action std: 0.42
                reward/tracking_lin_vel: 0.9979
                reward/tracking_ang_vel: 0.1167
                      reward/feet_phase: 0.5193
             reward/feet_phase_contrast: 0.7898
             reward/feet_contact_number: 0.4572
                   reward/feet_air_time: 0.0324
                     reward/under_speed: -0.1353
                       reward/feet_slip: -0.0027
                  reward/feet_clearance: -0.0118
                       reward/lin_vel_z: -0.0145
                      reward/ang_vel_xy: -0.3502
                     reward/base_height: -1.0312
                     reward/orientation: -0.3709
                            reward/pose: -0.0087
                     reward/action_rate: -0.0495
                      reward/action_acc: -0.1432
             Metrics/twist/error_vel_xy: 0.4347
            Metrics/twist/error_vel_yaw: 0.2724
        Episode_Reward/tracking_lin_vel: 0.4156
        Episode_Reward/tracking_ang_vel: 0.0525
              Episode_Reward/feet_phase: 0.1170
     Episode_Reward/feet_phase_contrast: 0.1983
     Episode_Reward/feet_contact_number: 0.1879
           Episode_Reward/feet_air_time: 0.0077
             Episode_Reward/under_speed: -0.0698
               Episode_Reward/feet_slip: -0.0006
          Episode_Reward/feet_clearance: -0.0029
               Episode_Reward/lin_vel_z: -0.0019
              Episode_Reward/ang_vel_xy: -0.0532
             Episode_Reward/base_height: -0.0895
             Episode_Reward/orientation: -0.0501
                    Episode_Reward/pose: -0.0042
             Episode_Reward/action_rate: -0.0197
              Episode_Reward/action_acc: -0.0582
           Episode_Termination/time_out: 0.0000
    Episode_Termination/bad_orientation: 7.5000
--------------------------------------------------------------------------------
                         Iteration time: 0.45s
                           Time elapsed: 00:00:56
                                    ETA: 00:01:01

################################################################################
[1m                           Learning iteration 119/250                           [0m 

                            Total steps: 1474560 
                       Steps per second: 26627 
                        Collection time: 0.396s 
                          Learning time: 0.065s 
                        Mean value loss: 0.1633
                    Mean surrogate loss: -0.0087
                      Mean entropy loss: 5.5207
                            Mean reward: 6.65
                    Mean episode length: 240.99
                        Mean action std: 0.42
                reward/tracking_lin_vel: 1.0283
                reward/tracking_ang_vel: 0.1242
                      reward/feet_phase: 0.3724
             reward/feet_phase_contrast: 0.6860
             reward/feet_contact_number: 0.4617
                   reward/feet_air_time: 0.0157
                     reward/under_speed: -0.1515
                       reward/feet_slip: -0.0023
                  reward/feet_clearance: -0.0079
                       reward/lin_vel_z: -0.0089
                      reward/ang_vel_xy: -0.2179
                     reward/base_height: -0.4527
                     reward/orientation: -0.2455
                            reward/pose: -0.0101
                     reward/action_rate: -0.0496
                      reward/action_acc: -0.1449
             Metrics/twist/error_vel_xy: 0.3538
            Metrics/twist/error_vel_yaw: 0.2226
        Episode_Reward/tracking_lin_vel: 0.1860
        Episode_Reward/tracking_ang_vel: 0.0225
              Episode_Reward/feet_phase: 0.0617
     Episode_Reward/feet_phase_contrast: 0.1033
     Episode_Reward/feet_contact_number: 0.0830
           Episode_Reward/feet_air_time: 0.0032
             Episode_Reward/under_speed: -0.0281
               Episode_Reward/feet_slip: -0.0004
          Episode_Reward/feet_clearance: -0.0013
               Episode_Reward/lin_vel_z: -0.0017
              Episode_Reward/ang_vel_xy: -0.0392
             Episode_Reward/base_height: -0.0799
             Episode_Reward/orientation: -0.0430
                    Episode_Reward/pose: -0.0019
             Episode_Reward/action_rate: -0.0089
              Episode_Reward/action_acc: -0.0260
           Episode_Termination/time_out: 0.0000
    Episode_Termination/bad_orientation: 2.7826
--------------------------------------------------------------------------------
                         Iteration time: 0.46s
                           Time elapsed: 00:00:56
                                    ETA: 00:01:01

################################################################################
[1m                           Learning iteration 120/250                           [0m 

                            Total steps: 1486848 
                       Steps per second: 25809 
                        Collection time: 0.412s 
                          Learning time: 0.064s 
                        Mean value loss: 0.0991
                    Mean surrogate loss: -0.0083
                      Mean entropy loss: 5.5110
                            Mean reward: 1.56
                    Mean episode length: 106.30
                        Mean action std: 0.42
                reward/tracking_lin_vel: 1.0419
                reward/tracking_ang_vel: 0.1286
                      reward/feet_phase: 0.3402
             reward/feet_phase_contrast: 0.6023
             reward/feet_contact_number: 0.4600
                   reward/feet_air_time: 0.0082
                     reward/under_speed: -0.1607
                       reward/feet_slip: -0.0019
                  reward/feet_clearance: -0.0073
                       reward/lin_vel_z: -0.0073
                      reward/ang_vel_xy: -0.1746
                     reward/base_height: -0.3492
                     reward/orientation: -0.1848
                            reward/pose: -0.0100
                     reward/action_rate: -0.0496
                      reward/action_acc: -0.1456
             Metrics/twist/error_vel_xy: 0.3113
            Metrics/twist/error_vel_yaw: 0.2127
        Episode_Reward/tracking_lin_vel: 0.0910
        Episode_Reward/tracking_ang_vel: 0.0115
              Episode_Reward/feet_phase: 0.0424
     Episode_Reward/feet_phase_contrast: 0.0687
     Episode_Reward/feet_contact_number: 0.0432
           Episode_Reward/feet_air_time: 0.0030
             Episode_Reward/under_speed: -0.0129
               Episode_Reward/feet_slip: -0.0003
          Episode_Reward/feet_clearance: -0.0009
               Episode_Reward/lin_vel_z: -0.0015
              Episode_Reward/ang_vel_xy: -0.0332
             Episode_Reward/base_height: -0.0780
             Episode_Reward/orientation: -0.0423
                    Episode_Reward/pose: -0.0009
             Episode_Reward/action_rate: -0.0048
              Episode_Reward/action_acc: -0.0140
           Episode_Termination/time_out: 0.0000
    Episode_Termination/bad_orientation: 3.1053
--------------------------------------------------------------------------------
                         Iteration time: 0.48s
                           Time elapsed: 00:00:56
                                    ETA: 00:01:00

################################################################################
[1m                           Learning iteration 121/250                           [0m 

                            Total steps: 1499136 
                       Steps per second: 24631 
                        Collection time: 0.429s 
                          Learning time: 0.070s 
                        Mean value loss: 0.0593
                    Mean surrogate loss: -0.0103
                      Mean entropy loss: 5.4983
                            Mean reward: 2.03
                    Mean episode length: 108.90
                        Mean action std: 0.42
                reward/tracking_lin_vel: 1.0640
                reward/tracking_ang_vel: 0.1316
                      reward/feet_phase: 0.3726
             reward/feet_phase_contrast: 0.5431
             reward/feet_contact_number: 0.4668
                   reward/feet_air_time: 0.0047
                     reward/under_speed: -0.1685
                       reward/feet_slip: -0.0015
                  reward/feet_clearance: -0.0066
                       reward/lin_vel_z: -0.0051
                      reward/ang_vel_xy: -0.1241
                     reward/base_height: -0.1899
                     reward/orientation: -0.1149
                            reward/pose: -0.0099
                     reward/action_rate: -0.0491
                      reward/action_acc: -0.1435
             Metrics/twist/error_vel_xy: 0.3631
            Metrics/twist/error_vel_yaw: 0.2488
        Episode_Reward/tracking_lin_vel: 0.1373
        Episode_Reward/tracking_ang_vel: 0.0171
              Episode_Reward/feet_phase: 0.0572
     Episode_Reward/feet_phase_contrast: 0.0934
     Episode_Reward/feet_contact_number: 0.0658
           Episode_Reward/feet_air_time: 0.0048
             Episode_Reward/under_speed: -0.0210
               Episode_Reward/feet_slip: -0.0004
          Episode_Reward/feet_clearance: -0.0012
               Episode_Reward/lin_vel_z: -0.0016
              Episode_Reward/ang_vel_xy: -0.0376
             Episode_Reward/base_height: -0.0842
             Episode_Reward/orientation: -0.0429
                    Episode_Reward/pose: -0.0014
             Episode_Reward/action_rate: -0.0071
              Episode_Reward/action_acc: -0.0207
           Episode_Termination/time_out: 0.0000
    Episode_Termination/bad_orientation: 1.7778
--------------------------------------------------------------------------------
                         Iteration time: 0.50s
                           Time elapsed: 00:00:57
                                    ETA: 00:01:00

################################################################################
[1m                           Learning iteration 122/250                           [0m 

                            Total steps: 1511424 
                       Steps per second: 25200 
                        Collection time: 0.423s 
                          Learning time: 0.065s 
                        Mean value loss: 0.0414
                    Mean surrogate loss: -0.0093
                      Mean entropy loss: 5.4720
                            Mean reward: 2.21
                    Mean episode length: 105.84
                        Mean action std: 0.42
                reward/tracking_lin_vel: 1.0683
                reward/tracking_ang_vel: 0.1327
                      reward/feet_phase: 0.2723
             reward/feet_phase_contrast: 0.4931
             reward/feet_contact_number: 0.4612
                   reward/feet_air_time: 0.0025
                     reward/under_speed: -0.1738
                       reward/feet_slip: -0.0013
                  reward/feet_clearance: -0.0060
                       reward/lin_vel_z: -0.0035
                      reward/ang_vel_xy: -0.1003
                     reward/base_height: -0.1105
                     reward/orientation: -0.0833
                            reward/pose: -0.0099
                     reward/action_rate: -0.0493
                      reward/action_acc: -0.1447
--------------------------------------------------------------------------------
                         Iteration time: 0.49s
                           Time elapsed: 00:00:57
                                    ETA: 00:00:59

################################################################################
[1m                           Learning iteration 123/250                           [0m 

                            Total steps: 1523712 
                       Steps per second: 25366 
                        Collection time: 0.420s 
                          Learning time: 0.064s 
                        Mean value loss: 0.0304
                    Mean surrogate loss: -0.0101
                      Mean entropy loss: 5.4545
                            Mean reward: 2.32
                    Mean episode length: 104.32
                        Mean action std: 0.42
                reward/tracking_lin_vel: 1.0570
                reward/tracking_ang_vel: 0.1332
                      reward/feet_phase: 0.2330
             reward/feet_phase_contrast: 0.4580
             reward/feet_contact_number: 0.4646
                   reward/feet_air_time: 0.0023
                     reward/under_speed: -0.1775
                       reward/feet_slip: -0.0012
                  reward/feet_clearance: -0.0058
                       reward/lin_vel_z: -0.0026
                      reward/ang_vel_xy: -0.0849
                     reward/base_height: -0.0728
                     reward/orientation: -0.0627
                            reward/pose: -0.0097
                     reward/action_rate: -0.0493
                      reward/action_acc: -0.1443
             Metrics/twist/error_vel_xy: 0.2119
            Metrics/twist/error_vel_yaw: 0.1666
        Episode_Reward/tracking_lin_vel: 0.0746
        Episode_Reward/tracking_ang_vel: 0.0079
              Episode_Reward/feet_phase: 0.0509
     Episode_Reward/feet_phase_contrast: 0.0824
     Episode_Reward/feet_contact_number: 0.0299
           Episode_Reward/feet_air_time: 0.0020
             Episode_Reward/under_speed: -0.0053
               Episode_Reward/feet_slip: -0.0003
          Episode_Reward/feet_clearance: -0.0008
               Episode_Reward/lin_vel_z: -0.0015
              Episode_Reward/ang_vel_xy: -0.0314
             Episode_Reward/base_height: -0.0728
             Episode_Reward/orientation: -0.0418
                    Episode_Reward/pose: -0.0008
             Episode_Reward/action_rate: -0.0033
              Episode_Reward/action_acc: -0.0094
           Episode_Termination/time_out: 0.0000
    Episode_Termination/bad_orientation: 1.4444
--------------------------------------------------------------------------------
                         Iteration time: 0.48s
                           Time elapsed: 00:00:58
                                    ETA: 00:00:59

################################################################################
[1m                           Learning iteration 124/250                           [0m 

                            Total steps: 1536000 
                       Steps per second: 22198 
                        Collection time: 0.484s 
                          Learning time: 0.070s 
                        Mean value loss: 0.0338
                    Mean surrogate loss: -0.0075
                      Mean entropy loss: 5.4437
                            Mean reward: 2.36
                    Mean episode length: 106.18
                        Mean action std: 0.42
                reward/tracking_lin_vel: 1.0477
                reward/tracking_ang_vel: 0.1330
                      reward/feet_phase: 0.2843
             reward/feet_phase_contrast: 0.4507
             reward/feet_contact_number: 0.4666
                   reward/feet_air_time: 0.0011
                     reward/under_speed: -0.1782
                       reward/feet_slip: -0.0012
                  reward/feet_clearance: -0.0058
                       reward/lin_vel_z: -0.0028
                      reward/ang_vel_xy: -0.0888
                     reward/base_height: -0.0738
                     reward/orientation: -0.0613
                            reward/pose: -0.0093
                     reward/action_rate: -0.0490
                      reward/action_acc: -0.1433
--------------------------------------------------------------------------------
                         Iteration time: 0.55s
                           Time elapsed: 00:00:58
                                    ETA: 00:00:58

################################################################################
[1m                           Learning iteration 125/250                           [0m 

                            Total steps: 1548288 
                       Steps per second: 23046 
                        Collection time: 0.465s 
                          Learning time: 0.068s 
                        Mean value loss: 0.0246
                    Mean surrogate loss: -0.0079
                      Mean entropy loss: 5.4165
                            Mean reward: 3.47
                    Mean episode length: 131.44
                        Mean action std: 0.42
                reward/tracking_lin_vel: 1.0620
                reward/tracking_ang_vel: 0.1352
                      reward/feet_phase: 0.2871
             reward/feet_phase_contrast: 0.4412
             reward/feet_contact_number: 0.4658
                   reward/feet_air_time: 0.0000
                     reward/under_speed: -0.1802
                       reward/feet_slip: -0.0010
                  reward/feet_clearance: -0.0056
                       reward/lin_vel_z: -0.0017
                      reward/ang_vel_xy: -0.0709
                     reward/base_height: -0.0261
                     reward/orientation: -0.0362
                            reward/pose: -0.0089
                     reward/action_rate: -0.0491
                      reward/action_acc: -0.1438
             Metrics/twist/error_vel_xy: 0.3957
            Metrics/twist/error_vel_yaw: 0.2778
        Episode_Reward/tracking_lin_vel: 0.4599
        Episode_Reward/tracking_ang_vel: 0.0569
              Episode_Reward/feet_phase: 0.1280
     Episode_Reward/feet_phase_contrast: 0.2115
     Episode_Reward/feet_contact_number: 0.2056
           Episode_Reward/feet_air_time: 0.0030
             Episode_Reward/under_speed: -0.0759
               Episode_Reward/feet_slip: -0.0006
          Episode_Reward/feet_clearance: -0.0030
               Episode_Reward/lin_vel_z: -0.0016
              Episode_Reward/ang_vel_xy: -0.0423
             Episode_Reward/base_height: -0.0499
             Episode_Reward/orientation: -0.0383
                    Episode_Reward/pose: -0.0043
             Episode_Reward/action_rate: -0.0220
              Episode_Reward/action_acc: -0.0653
           Episode_Termination/time_out: 0.6000
    Episode_Termination/bad_orientation: 0.6000
--------------------------------------------------------------------------------
                         Iteration time: 0.53s
                           Time elapsed: 00:00:59
                                    ETA: 00:00:58

################################################################################
[1m                           Learning iteration 126/250                           [0m 

                            Total steps: 1560576 
                       Steps per second: 22867 
                        Collection time: 0.473s 
                          Learning time: 0.064s 
                        Mean value loss: 0.0210
                    Mean surrogate loss: -0.0068
                      Mean entropy loss: 5.4014
                            Mean reward: 7.01
                    Mean episode length: 217.25
                        Mean action std: 0.42
                reward/tracking_lin_vel: 1.0714
                reward/tracking_ang_vel: 0.1360
                      reward/feet_phase: 0.2376
             reward/feet_phase_contrast: 0.4727
             reward/feet_contact_number: 0.4645
                   reward/feet_air_time: 0.0003
                     reward/under_speed: -0.1790
                       reward/feet_slip: -0.0011
                  reward/feet_clearance: -0.0058
                       reward/lin_vel_z: -0.0019
                      reward/ang_vel_xy: -0.0718
                     reward/base_height: -0.0261
                     reward/orientation: -0.0371
                            reward/pose: -0.0091
                     reward/action_rate: -0.0488
                      reward/action_acc: -0.1424
             Metrics/twist/error_vel_xy: 0.4931
            Metrics/twist/error_vel_yaw: 0.3998
        Episode_Reward/tracking_lin_vel: 0.7703
        Episode_Reward/tracking_ang_vel: 0.0982
              Episode_Reward/feet_phase: 0.2182
     Episode_Reward/feet_phase_contrast: 0.3754
     Episode_Reward/feet_contact_number: 0.3461
           Episode_Reward/feet_air_time: 0.0023
             Episode_Reward/under_speed: -0.1310
               Episode_Reward/feet_slip: -0.0010
          Episode_Reward/feet_clearance: -0.0049
               Episode_Reward/lin_vel_z: -0.0016
              Episode_Reward/ang_vel_xy: -0.0586
             Episode_Reward/base_height: -0.0245
             Episode_Reward/orientation: -0.0318
                    Episode_Reward/pose: -0.0077
             Episode_Reward/action_rate: -0.0370
              Episode_Reward/action_acc: -0.1093
           Episode_Termination/time_out: 0.9091
    Episode_Termination/bad_orientation: 0.3636
--------------------------------------------------------------------------------
                         Iteration time: 0.54s
                           Time elapsed: 00:01:00
                                    ETA: 00:00:58

################################################################################
[1m                           Learning iteration 127/250                           [0m 

                            Total steps: 1572864 
                       Steps per second: 26030 
                        Collection time: 0.407s 
                          Learning time: 0.065s 
                        Mean value loss: 0.0199
                    Mean surrogate loss: -0.0064
                      Mean entropy loss: 5.3904
                            Mean reward: 7.66
                    Mean episode length: 234.80
                        Mean action std: 0.41
                reward/tracking_lin_vel: 1.0633
                reward/tracking_ang_vel: 0.1354
                      reward/feet_phase: 0.2425
             reward/feet_phase_contrast: 0.4555
             reward/feet_contact_number: 0.4648
                   reward/feet_air_time: 0.0019
                     reward/under_speed: -0.1795
                       reward/feet_slip: -0.0011
                  reward/feet_clearance: -0.0056
                       reward/lin_vel_z: -0.0019
                      reward/ang_vel_xy: -0.0725
                     reward/base_height: -0.0233
                     reward/orientation: -0.0382
                            reward/pose: -0.0094
                     reward/action_rate: -0.0487
                      reward/action_acc: -0.1426
--------------------------------------------------------------------------------
                         Iteration time: 0.47s
                           Time elapsed: 00:01:00
                                    ETA: 00:00:57

################################################################################
[1m                           Learning iteration 128/250                           [0m 

                            Total steps: 1585152 
                       Steps per second: 25533 
                        Collection time: 0.415s 
                          Learning time: 0.066s 
                        Mean value loss: 0.0290
                    Mean surrogate loss: -0.0089
                      Mean entropy loss: 5.3761
                            Mean reward: 7.67
                    Mean episode length: 234.19
                        Mean action std: 0.41
                reward/tracking_lin_vel: 1.0683
                reward/tracking_ang_vel: 0.1352
                      reward/feet_phase: 0.3205
             reward/feet_phase_contrast: 0.4679
             reward/feet_contact_number: 0.4658
                   reward/feet_air_time: 0.0002
                     reward/under_speed: -0.1794
                       reward/feet_slip: -0.0010
                  reward/feet_clearance: -0.0056
                       reward/lin_vel_z: -0.0018
                      reward/ang_vel_xy: -0.0735
                     reward/base_height: -0.0222
                     reward/orientation: -0.0371
                            reward/pose: -0.0093
                     reward/action_rate: -0.0483
                      reward/action_acc: -0.1409
--------------------------------------------------------------------------------
                         Iteration time: 0.48s
                           Time elapsed: 00:01:00
                                    ETA: 00:00:57

################################################################################
[1m                           Learning iteration 129/250                           [0m 

                            Total steps: 1597440 
                       Steps per second: 24746 
                        Collection time: 0.431s 
                          Learning time: 0.065s 
                        Mean value loss: 0.0222
                    Mean surrogate loss: -0.0063
                      Mean entropy loss: 5.3627
                            Mean reward: 8.23
                    Mean episode length: 247.05
                        Mean action std: 0.41
                reward/tracking_lin_vel: 1.0627
                reward/tracking_ang_vel: 0.1364
                      reward/feet_phase: 0.2505
             reward/feet_phase_contrast: 0.4437
             reward/feet_contact_number: 0.4677
                   reward/feet_air_time: 0.0012
                     reward/under_speed: -0.1806
                       reward/feet_slip: -0.0011
                  reward/feet_clearance: -0.0057
                       reward/lin_vel_z: -0.0017
                      reward/ang_vel_xy: -0.0702
                     reward/base_height: -0.0146
                     reward/orientation: -0.0343
                            reward/pose: -0.0091
                     reward/action_rate: -0.0487
                      reward/action_acc: -0.1419
             Metrics/twist/error_vel_xy: 0.3850
            Metrics/twist/error_vel_yaw: 0.2715
        Episode_Reward/tracking_lin_vel: 0.5923
        Episode_Reward/tracking_ang_vel: 0.0764
              Episode_Reward/feet_phase: 0.1633
     Episode_Reward/feet_phase_contrast: 0.2823
     Episode_Reward/feet_contact_number: 0.2653
           Episode_Reward/feet_air_time: 0.0052
             Episode_Reward/under_speed: -0.1004
               Episode_Reward/feet_slip: -0.0007
          Episode_Reward/feet_clearance: -0.0037
               Episode_Reward/lin_vel_z: -0.0015
              Episode_Reward/ang_vel_xy: -0.0511
             Episode_Reward/base_height: -0.0484
             Episode_Reward/orientation: -0.0327
                    Episode_Reward/pose: -0.0053
             Episode_Reward/action_rate: -0.0276
              Episode_Reward/action_acc: -0.0814
           Episode_Termination/time_out: 0.6667
    Episode_Termination/bad_orientation: 0.6667
--------------------------------------------------------------------------------
                         Iteration time: 0.50s
                           Time elapsed: 00:01:01
                                    ETA: 00:00:56

################################################################################
[1m                           Learning iteration 130/250                           [0m 

                            Total steps: 1609728 
                       Steps per second: 26499 
                        Collection time: 0.397s 
                          Learning time: 0.066s 
                        Mean value loss: 0.0154
                    Mean surrogate loss: -0.0079
                      Mean entropy loss: 5.3524
                            Mean reward: 8.61
                    Mean episode length: 256.74
                        Mean action std: 0.41
                reward/tracking_lin_vel: 1.0709
                reward/tracking_ang_vel: 0.1363
                      reward/feet_phase: 0.2264
             reward/feet_phase_contrast: 0.4617
             reward/feet_contact_number: 0.4664
                   reward/feet_air_time: 0.0000
                     reward/under_speed: -0.1799
                       reward/feet_slip: -0.0011
                  reward/feet_clearance: -0.0057
                       reward/lin_vel_z: -0.0017
                      reward/ang_vel_xy: -0.0732
                     reward/base_height: -0.0121
                     reward/orientation: -0.0314
                            reward/pose: -0.0089
                     reward/action_rate: -0.0490
                      reward/action_acc: -0.1426
--------------------------------------------------------------------------------
                         Iteration time: 0.46s
                           Time elapsed: 00:01:01
                                    ETA: 00:00:56

################################################################################
[1m                           Learning iteration 131/250                           [0m 

                            Total steps: 1622016 
                       Steps per second: 26949 
                        Collection time: 0.391s 
                          Learning time: 0.065s 
                        Mean value loss: 0.0182
                    Mean surrogate loss: -0.0087
                      Mean entropy loss: 5.3308
                            Mean reward: 8.95
                    Mean episode length: 266.11
                        Mean action std: 0.41
                reward/tracking_lin_vel: 1.0565
                reward/tracking_ang_vel: 0.1366
                      reward/feet_phase: 0.2633
             reward/feet_phase_contrast: 0.4346
             reward/feet_contact_number: 0.4670
                   reward/feet_air_time: 0.0000
                     reward/under_speed: -0.1810
                       reward/feet_slip: -0.0011
                  reward/feet_clearance: -0.0056
                       reward/lin_vel_z: -0.0015
                      reward/ang_vel_xy: -0.0707
                     reward/base_height: -0.0084
                     reward/orientation: -0.0307
                            reward/pose: -0.0087
                     reward/action_rate: -0.0487
                      reward/action_acc: -0.1422
--------------------------------------------------------------------------------
                         Iteration time: 0.46s
                           Time elapsed: 00:01:02
                                    ETA: 00:00:55

################################################################################
[1m                           Learning iteration 132/250                           [0m 

                            Total steps: 1634304 
                       Steps per second: 26371 
                        Collection time: 0.402s 
                          Learning time: 0.064s 
                        Mean value loss: 0.0164
                    Mean surrogate loss: -0.0097
                      Mean entropy loss: 5.3012
                            Mean reward: 9.62
                    Mean episode length: 284.51
                        Mean action std: 0.41
                reward/tracking_lin_vel: 1.0638
                reward/tracking_ang_vel: 0.1365
                      reward/feet_phase: 0.3081
             reward/feet_phase_contrast: 0.4594
             reward/feet_contact_number: 0.4677
                   reward/feet_air_time: 0.0000
                     reward/under_speed: -0.1802
                       reward/feet_slip: -0.0011
                  reward/feet_clearance: -0.0056
                       reward/lin_vel_z: -0.0015
                      reward/ang_vel_xy: -0.0739
                     reward/base_height: -0.0132
                     reward/orientation: -0.0309
                            reward/pose: -0.0084
                     reward/action_rate: -0.0487
                      reward/action_acc: -0.1415
             Metrics/twist/error_vel_xy: 0.4497
            Metrics/twist/error_vel_yaw: 0.3386
        Episode_Reward/tracking_lin_vel: 0.7426
        Episode_Reward/tracking_ang_vel: 0.0898
              Episode_Reward/feet_phase: 0.1821
     Episode_Reward/feet_phase_contrast: 0.3116
     Episode_Reward/feet_contact_number: 0.3232
           Episode_Reward/feet_air_time: 0.0104
             Episode_Reward/under_speed: -0.1250
               Episode_Reward/feet_slip: -0.0005
          Episode_Reward/feet_clearance: -0.0032
               Episode_Reward/lin_vel_z: -0.0013
              Episode_Reward/ang_vel_xy: -0.0542
             Episode_Reward/base_height: -0.0381
             Episode_Reward/orientation: -0.0311
                    Episode_Reward/pose: -0.0063
             Episode_Reward/action_rate: -0.0339
              Episode_Reward/action_acc: -0.0998
           Episode_Termination/time_out: 0.6667
    Episode_Termination/bad_orientation: 0.3333
--------------------------------------------------------------------------------
                         Iteration time: 0.47s
                           Time elapsed: 00:01:02
                                    ETA: 00:00:55

################################################################################
[1m                           Learning iteration 133/250                           [0m 

                            Total steps: 1646592 
                       Steps per second: 32261 
                        Collection time: 0.313s 
                          Learning time: 0.068s 
                        Mean value loss: 3.3080
                    Mean surrogate loss: -0.0092
                      Mean entropy loss: 5.2779
                            Mean reward: 9.66
                    Mean episode length: 286.67
                        Mean action std: 0.41
                reward/tracking_lin_vel: 0.6917
                reward/tracking_ang_vel: 0.1196
                      reward/feet_phase: 0.3441
             reward/feet_phase_contrast: 0.6530
             reward/feet_contact_number: 0.4481
                   reward/feet_air_time: 0.0744
                     reward/under_speed: -0.1399
                       reward/feet_slip: -0.0042
                  reward/feet_clearance: -0.0154
                       reward/lin_vel_z: -0.0153
                      reward/ang_vel_xy: -0.2909
                     reward/base_height: -0.0402
                     reward/orientation: -0.1525
                            reward/pose: -0.0101
                     reward/action_rate: -0.0494
                      reward/action_acc: -0.1416
--------------------------------------------------------------------------------
                         Iteration time: 0.38s
                           Time elapsed: 00:01:03
                                    ETA: 00:00:54

################################################################################
[1m                           Learning iteration 134/250                           [0m 

                            Total steps: 1658880 
                       Steps per second: 29562 
                        Collection time: 0.352s 
                          Learning time: 0.064s 
                        Mean value loss: 0.1795
                    Mean surrogate loss: -0.0100
                      Mean entropy loss: 5.2668
                            Mean reward: 14.13
                    Mean episode length: 451.08
                        Mean action std: 0.41
                reward/tracking_lin_vel: 0.7334
                reward/tracking_ang_vel: 0.1106
                      reward/feet_phase: 0.4236
             reward/feet_phase_contrast: 0.7665
             reward/feet_contact_number: 0.4427
                   reward/feet_air_time: 0.1376
                     reward/under_speed: -0.1213
                       reward/feet_slip: -0.0039
                  reward/feet_clearance: -0.0148
                       reward/lin_vel_z: -0.0354
                      reward/ang_vel_xy: -0.7154
                     reward/base_height: -1.7718
                     reward/orientation: -0.7686
                            reward/pose: -0.0107
                     reward/action_rate: -0.0488
                      reward/action_acc: -0.1383
--------------------------------------------------------------------------------
                         Iteration time: 0.42s
                           Time elapsed: 00:01:03
                                    ETA: 00:00:54

################################################################################
[1m                           Learning iteration 135/250                           [0m 

                            Total steps: 1671168 
                       Steps per second: 25567 
                        Collection time: 0.415s 
                          Learning time: 0.066s 
                        Mean value loss: 0.2111
                    Mean surrogate loss: -0.0082
                      Mean entropy loss: 5.2603
                            Mean reward: 12.94
                    Mean episode length: 405.74
                        Mean action std: 0.41
                reward/tracking_lin_vel: 1.0702
                reward/tracking_ang_vel: 0.1246
                      reward/feet_phase: 0.5315
             reward/feet_phase_contrast: 0.7781
             reward/feet_contact_number: 0.4499
                   reward/feet_air_time: 0.0205
                     reward/under_speed: -0.1435
                       reward/feet_slip: -0.0023
                  reward/feet_clearance: -0.0090
                       reward/lin_vel_z: -0.0089
                      reward/ang_vel_xy: -0.2415
                     reward/base_height: -0.5172
                     reward/orientation: -0.2487
                            reward/pose: -0.0087
                     reward/action_rate: -0.0487
                      reward/action_acc: -0.1396
             Metrics/twist/error_vel_xy: 0.4086
            Metrics/twist/error_vel_yaw: 0.2626
        Episode_Reward/tracking_lin_vel: 0.3828
        Episode_Reward/tracking_ang_vel: 0.0494
              Episode_Reward/feet_phase: 0.1205
     Episode_Reward/feet_phase_contrast: 0.2042
     Episode_Reward/feet_contact_number: 0.1760
           Episode_Reward/feet_air_time: 0.0070
             Episode_Reward/under_speed: -0.0637
               Episode_Reward/feet_slip: -0.0006
          Episode_Reward/feet_clearance: -0.0029
               Episode_Reward/lin_vel_z: -0.0019
              Episode_Reward/ang_vel_xy: -0.0533
             Episode_Reward/base_height: -0.0829
             Episode_Reward/orientation: -0.0503
                    Episode_Reward/pose: -0.0035
             Episode_Reward/action_rate: -0.0186
              Episode_Reward/action_acc: -0.0543
           Episode_Termination/time_out: 0.0000
    Episode_Termination/bad_orientation: 3.7826
--------------------------------------------------------------------------------
                         Iteration time: 0.48s
                           Time elapsed: 00:01:04
                                    ETA: 00:00:53

################################################################################
[1m                           Learning iteration 136/250                           [0m 

                            Total steps: 1683456 
                       Steps per second: 25227 
                        Collection time: 0.421s 
                          Learning time: 0.067s 
                        Mean value loss: 0.1260
                    Mean surrogate loss: -0.0071
                      Mean entropy loss: 5.2608
                            Mean reward: 5.24
                    Mean episode length: 192.75
                        Mean action std: 0.41
                reward/tracking_lin_vel: 1.0347
                reward/tracking_ang_vel: 0.1278
                      reward/feet_phase: 0.3770
             reward/feet_phase_contrast: 0.6316
             reward/feet_contact_number: 0.4601
                   reward/feet_air_time: 0.0117
                     reward/under_speed: -0.1571
                       reward/feet_slip: -0.0021
                  reward/feet_clearance: -0.0075
                       reward/lin_vel_z: -0.0086
                      reward/ang_vel_xy: -0.2137
                     reward/base_height: -0.4047
                     reward/orientation: -0.2144
                            reward/pose: -0.0093
                     reward/action_rate: -0.0489
                      reward/action_acc: -0.1399
             Metrics/twist/error_vel_xy: 0.3084
            Metrics/twist/error_vel_yaw: 0.1884
        Episode_Reward/tracking_lin_vel: 0.1106
        Episode_Reward/tracking_ang_vel: 0.0144
              Episode_Reward/feet_phase: 0.0465
     Episode_Reward/feet_phase_contrast: 0.0767
     Episode_Reward/feet_contact_number: 0.0532
           Episode_Reward/feet_air_time: 0.0023
             Episode_Reward/under_speed: -0.0168
               Episode_Reward/feet_slip: -0.0003
          Episode_Reward/feet_clearance: -0.0010
               Episode_Reward/lin_vel_z: -0.0016
              Episode_Reward/ang_vel_xy: -0.0360
             Episode_Reward/base_height: -0.0724
             Episode_Reward/orientation: -0.0405
                    Episode_Reward/pose: -0.0012
             Episode_Reward/action_rate: -0.0057
              Episode_Reward/action_acc: -0.0164
           Episode_Termination/time_out: 0.0000
    Episode_Termination/bad_orientation: 2.9167
--------------------------------------------------------------------------------
                         Iteration time: 0.49s
                           Time elapsed: 00:01:04
                                    ETA: 00:00:53

################################################################################
[1m                           Learning iteration 137/250                           [0m 

                            Total steps: 1695744 
                       Steps per second: 25284 
                        Collection time: 0.421s 
                          Learning time: 0.065s 
                        Mean value loss: 0.0773
                    Mean surrogate loss: -0.0085
                      Mean entropy loss: 5.2625
                            Mean reward: 1.97
                    Mean episode length: 108.92
                        Mean action std: 0.41
                reward/tracking_lin_vel: 1.0823
                reward/tracking_ang_vel: 0.1320
                      reward/feet_phase: 0.3162
             reward/feet_phase_contrast: 0.6070
             reward/feet_contact_number: 0.4649
                   reward/feet_air_time: 0.0039
                     reward/under_speed: -0.1638
                       reward/feet_slip: -0.0016
                  reward/feet_clearance: -0.0068
                       reward/lin_vel_z: -0.0051
                      reward/ang_vel_xy: -0.1465
                     reward/base_height: -0.1993
                     reward/orientation: -0.1277
                            reward/pose: -0.0090
                     reward/action_rate: -0.0486
                      reward/action_acc: -0.1399
             Metrics/twist/error_vel_xy: 0.3221
            Metrics/twist/error_vel_yaw: 0.1930
        Episode_Reward/tracking_lin_vel: 0.0490
        Episode_Reward/tracking_ang_vel: 0.0068
              Episode_Reward/feet_phase: 0.0307
     Episode_Reward/feet_phase_contrast: 0.0494
     Episode_Reward/feet_contact_number: 0.0267
           Episode_Reward/feet_air_time: 0.0035
             Episode_Reward/under_speed: -0.0070
               Episode_Reward/feet_slip: -0.0002
          Episode_Reward/feet_clearance: -0.0006
               Episode_Reward/lin_vel_z: -0.0014
              Episode_Reward/ang_vel_xy: -0.0319
             Episode_Reward/base_height: -0.0779
             Episode_Reward/orientation: -0.0397
                    Episode_Reward/pose: -0.0005
             Episode_Reward/action_rate: -0.0030
              Episode_Reward/action_acc: -0.0083
           Episode_Termination/time_out: 0.0000
    Episode_Termination/bad_orientation: 1.5714
--------------------------------------------------------------------------------
                         Iteration time: 0.49s
                           Time elapsed: 00:01:05
                                    ETA: 00:00:52

################################################################################
[1m                           Learning iteration 138/250                           [0m 

                            Total steps: 1708032 
                       Steps per second: 25471 
                        Collection time: 0.414s 
                          Learning time: 0.069s 
                        Mean value loss: 0.0431
                    Mean surrogate loss: -0.0098
                      Mean entropy loss: 5.2570
                            Mean reward: 1.65
                    Mean episode length: 93.28
                        Mean action std: 0.41
                reward/tracking_lin_vel: 1.0804
                reward/tracking_ang_vel: 0.1332
                      reward/feet_phase: 0.3219
             reward/feet_phase_contrast: 0.5460
             reward/feet_contact_number: 0.4626
                   reward/feet_air_time: 0.0030
                     reward/under_speed: -0.1682
                       reward/feet_slip: -0.0015
                  reward/feet_clearance: -0.0064
                       reward/lin_vel_z: -0.0044
                      reward/ang_vel_xy: -0.1204
                     reward/base_height: -0.1246
                     reward/orientation: -0.0986
                            reward/pose: -0.0090
                     reward/action_rate: -0.0486
                      reward/action_acc: -0.1406
--------------------------------------------------------------------------------
                         Iteration time: 0.48s
                           Time elapsed: 00:01:05
                                    ETA: 00:00:52

################################################################################
[1m                           Learning iteration 139/250                           [0m 

                            Total steps: 1720320 
                       Steps per second: 24658 
                        Collection time: 0.432s 
                          Learning time: 0.066s 
                        Mean value loss: 0.0291
                    Mean surrogate loss: -0.0090
                      Mean entropy loss: 5.2479
                            Mean reward: 2.15
                    Mean episode length: 94.72
                        Mean action std: 0.41
                reward/tracking_lin_vel: 1.0717
                reward/tracking_ang_vel: 0.1333
                      reward/feet_phase: 0.3466
             reward/feet_phase_contrast: 0.5110
             reward/feet_contact_number: 0.4678
                   reward/feet_air_time: 0.0024
                     reward/under_speed: -0.1727
                       reward/feet_slip: -0.0014
                  reward/feet_clearance: -0.0061
                       reward/lin_vel_z: -0.0040
                      reward/ang_vel_xy: -0.1097
                     reward/base_height: -0.0952
                     reward/orientation: -0.0779
                            reward/pose: -0.0085
                     reward/action_rate: -0.0488
                      reward/action_acc: -0.1417
--------------------------------------------------------------------------------
                         Iteration time: 0.50s
                           Time elapsed: 00:01:06
                                    ETA: 00:00:51

################################################################################
[1m                           Learning iteration 140/250                           [0m 

                            Total steps: 1732608 
                       Steps per second: 24756 
                        Collection time: 0.428s 
                          Learning time: 0.068s 
                        Mean value loss: 0.0464
                    Mean surrogate loss: -0.0072
                      Mean entropy loss: 5.2394
                            Mean reward: 1.67
                    Mean episode length: 76.77
                        Mean action std: 0.41
                reward/tracking_lin_vel: 1.0634
                reward/tracking_ang_vel: 0.1358
                      reward/feet_phase: 0.2399
             reward/feet_phase_contrast: 0.4628
             reward/feet_contact_number: 0.4683
                   reward/feet_air_time: 0.0016
                     reward/under_speed: -0.1774
                       reward/feet_slip: -0.0012
                  reward/feet_clearance: -0.0059
                       reward/lin_vel_z: -0.0028
                      reward/ang_vel_xy: -0.0911
                     reward/base_height: -0.0575
                     reward/orientation: -0.0536
                            reward/pose: -0.0082
                     reward/action_rate: -0.0491
                      reward/action_acc: -0.1425
             Metrics/twist/error_vel_xy: 0.1667
            Metrics/twist/error_vel_yaw: 0.1586
        Episode_Reward/tracking_lin_vel: 0.0806
        Episode_Reward/tracking_ang_vel: 0.0075
              Episode_Reward/feet_phase: 0.0556
     Episode_Reward/feet_phase_contrast: 0.0882
     Episode_Reward/feet_contact_number: 0.0303
           Episode_Reward/feet_air_time: 0.0030
             Episode_Reward/under_speed: -0.0040
               Episode_Reward/feet_slip: -0.0003
          Episode_Reward/feet_clearance: -0.0006
               Episode_Reward/lin_vel_z: -0.0020
              Episode_Reward/ang_vel_xy: -0.0311
             Episode_Reward/base_height: -0.0570
             Episode_Reward/orientation: -0.0419
                    Episode_Reward/pose: -0.0007
             Episode_Reward/action_rate: -0.0031
              Episode_Reward/action_acc: -0.0085
           Episode_Termination/time_out: 0.0000
    Episode_Termination/bad_orientation: 1.3000
--------------------------------------------------------------------------------
                         Iteration time: 0.50s
                           Time elapsed: 00:01:06
                                    ETA: 00:00:51

################################################################################
[1m                           Learning iteration 141/250                           [0m 

                            Total steps: 1744896 
                       Steps per second: 25760 
                        Collection time: 0.411s 
                          Learning time: 0.066s 
                        Mean value loss: 0.0232
                    Mean surrogate loss: -0.0077
                      Mean entropy loss: 5.2266
                            Mean reward: 1.40
                    Mean episode length: 73.49
                        Mean action std: 0.41
                reward/tracking_lin_vel: 1.0740
                reward/tracking_ang_vel: 0.1342
                      reward/feet_phase: 0.2372
             reward/feet_phase_contrast: 0.4676
             reward/feet_contact_number: 0.4654
                   reward/feet_air_time: 0.0001
                     reward/under_speed: -0.1782
                       reward/feet_slip: -0.0011
                  reward/feet_clearance: -0.0057
                       reward/lin_vel_z: -0.0018
                      reward/ang_vel_xy: -0.0859
                     reward/base_height: -0.0443
                     reward/orientation: -0.0444
                            reward/pose: -0.0076
                     reward/action_rate: -0.0487
                      reward/action_acc: -0.1409
--------------------------------------------------------------------------------
                         Iteration time: 0.48s
                           Time elapsed: 00:01:07
                                    ETA: 00:00:51

################################################################################
[1m                           Learning iteration 142/250                           [0m 

                            Total steps: 1757184 
                       Steps per second: 24295 
                        Collection time: 0.438s 
                          Learning time: 0.068s 
                        Mean value loss: 0.0155
                    Mean surrogate loss: -0.0079
                      Mean entropy loss: 5.2085
                            Mean reward: 4.91
                    Mean episode length: 161.39
                        Mean action std: 0.41
                reward/tracking_lin_vel: 1.0687
                reward/tracking_ang_vel: 0.1343
                      reward/feet_phase: 0.2994
             reward/feet_phase_contrast: 0.4615
             reward/feet_contact_number: 0.4647
                   reward/feet_air_time: 0.0000
                     reward/under_speed: -0.1793
                       reward/feet_slip: -0.0011
                  reward/feet_clearance: -0.0057
                       reward/lin_vel_z: -0.0018
                      reward/ang_vel_xy: -0.0815
                     reward/base_height: -0.0279
                     reward/orientation: -0.0350
                            reward/pose: -0.0075
                     reward/action_rate: -0.0483
                      reward/action_acc: -0.1401
--------------------------------------------------------------------------------
                         Iteration time: 0.51s
                           Time elapsed: 00:01:07
                                    ETA: 00:00:50

################################################################################
[1m                           Learning iteration 143/250                           [0m 

                            Total steps: 1769472 
                       Steps per second: 26564 
                        Collection time: 0.396s 
                          Learning time: 0.067s 
                        Mean value loss: 0.0145
                    Mean surrogate loss: -0.0098
                      Mean entropy loss: 5.1681
                            Mean reward: 5.35
                    Mean episode length: 170.78
                        Mean action std: 0.41
                reward/tracking_lin_vel: 1.0860
                reward/tracking_ang_vel: 0.1339
                      reward/feet_phase: 0.2991
             reward/feet_phase_contrast: 0.4810
             reward/feet_contact_number: 0.4656
                   reward/feet_air_time: 0.0000
                     reward/under_speed: -0.1785
                       reward/feet_slip: -0.0011
                  reward/feet_clearance: -0.0057
                       reward/lin_vel_z: -0.0014
                      reward/ang_vel_xy: -0.0780
                     reward/base_height: -0.0063
                     reward/orientation: -0.0262
                            reward/pose: -0.0072
                     reward/action_rate: -0.0485
                      reward/action_acc: -0.1399
--------------------------------------------------------------------------------
                         Iteration time: 0.46s
                           Time elapsed: 00:01:08
                                    ETA: 00:00:50

################################################################################
[1m                           Learning iteration 144/250                           [0m 

                            Total steps: 1781760 
                       Steps per second: 25468 
                        Collection time: 0.413s 
                          Learning time: 0.069s 
                        Mean value loss: 0.0225
                    Mean surrogate loss: -0.0106
                      Mean entropy loss: 5.1436
                            Mean reward: 6.49
                    Mean episode length: 199.03
                        Mean action std: 0.40
                reward/tracking_lin_vel: 1.0870
                reward/tracking_ang_vel: 0.1335
                      reward/feet_phase: 0.2411
             reward/feet_phase_contrast: 0.4910
             reward/feet_contact_number: 0.4645
                   reward/feet_air_time: 0.0002
                     reward/under_speed: -0.1782
                       reward/feet_slip: -0.0011
                  reward/feet_clearance: -0.0057
                       reward/lin_vel_z: -0.0014
                      reward/ang_vel_xy: -0.0815
                     reward/base_height: -0.0063
                     reward/orientation: -0.0263
                            reward/pose: -0.0071
                     reward/action_rate: -0.0483
                      reward/action_acc: -0.1385
--------------------------------------------------------------------------------
                         Iteration time: 0.48s
                           Time elapsed: 00:01:08
                                    ETA: 00:00:49

################################################################################
[1m                           Learning iteration 145/250                           [0m 

                            Total steps: 1794048 
                       Steps per second: 24034 
                        Collection time: 0.422s 
                          Learning time: 0.089s 
                        Mean value loss: 0.0210
                    Mean surrogate loss: -0.0113
                      Mean entropy loss: 5.1268
                            Mean reward: 7.25
                    Mean episode length: 218.00
                        Mean action std: 0.40
                reward/tracking_lin_vel: 1.0819
                reward/tracking_ang_vel: 0.1331
                      reward/feet_phase: 0.2606
             reward/feet_phase_contrast: 0.4780
             reward/feet_contact_number: 0.4666
                   reward/feet_air_time: 0.0000
                     reward/under_speed: -0.1787
                       reward/feet_slip: -0.0012
                  reward/feet_clearance: -0.0058
                       reward/lin_vel_z: -0.0015
                      reward/ang_vel_xy: -0.0820
                     reward/base_height: -0.0061
                     reward/orientation: -0.0274
                            reward/pose: -0.0071
                     reward/action_rate: -0.0482
                      reward/action_acc: -0.1381
--------------------------------------------------------------------------------
                         Iteration time: 0.51s
                           Time elapsed: 00:01:09
                                    ETA: 00:00:49

################################################################################
[1m                           Learning iteration 146/250                           [0m 

                            Total steps: 1806336 
                       Steps per second: 25495 
                        Collection time: 0.414s 
                          Learning time: 0.068s 
                        Mean value loss: 0.0167
                    Mean surrogate loss: -0.0114
                      Mean entropy loss: 5.1074
                            Mean reward: 8.03
                    Mean episode length: 236.71
                        Mean action std: 0.40
                reward/tracking_lin_vel: 1.0797
                reward/tracking_ang_vel: 0.1332
                      reward/feet_phase: 0.3340
             reward/feet_phase_contrast: 0.4833
             reward/feet_contact_number: 0.4687
                   reward/feet_air_time: 0.0003
                     reward/under_speed: -0.1781
                       reward/feet_slip: -0.0012
                  reward/feet_clearance: -0.0059
                       reward/lin_vel_z: -0.0018
                      reward/ang_vel_xy: -0.0897
                     reward/base_height: -0.0127
                     reward/orientation: -0.0325
                            reward/pose: -0.0070
                     reward/action_rate: -0.0480
                      reward/action_acc: -0.1367
--------------------------------------------------------------------------------
                         Iteration time: 0.48s
                           Time elapsed: 00:01:09
                                    ETA: 00:00:48

################################################################################
[1m                           Learning iteration 147/250                           [0m 

                            Total steps: 1818624 
                       Steps per second: 23041 
                        Collection time: 0.453s 
                          Learning time: 0.081s 
                        Mean value loss: 0.0176
                    Mean surrogate loss: -0.0096
                      Mean entropy loss: 5.0911
                            Mean reward: 8.04
                    Mean episode length: 237.02
                        Mean action std: 0.40
                reward/tracking_lin_vel: 1.0855
                reward/tracking_ang_vel: 0.1320
                      reward/feet_phase: 0.2720
             reward/feet_phase_contrast: 0.5004
             reward/feet_contact_number: 0.4670
                   reward/feet_air_time: 0.0002
                     reward/under_speed: -0.1770
                       reward/feet_slip: -0.0011
                  reward/feet_clearance: -0.0059
                       reward/lin_vel_z: -0.0017
                      reward/ang_vel_xy: -0.0926
                     reward/base_height: -0.0151
                     reward/orientation: -0.0296
                            reward/pose: -0.0070
                     reward/action_rate: -0.0482
                      reward/action_acc: -0.1373
             Metrics/twist/error_vel_xy: 0.2045
            Metrics/twist/error_vel_yaw: 0.1102
        Episode_Reward/tracking_lin_vel: 0.0693
        Episode_Reward/tracking_ang_vel: 0.0088
              Episode_Reward/feet_phase: 0.0378
     Episode_Reward/feet_phase_contrast: 0.0644
     Episode_Reward/feet_contact_number: 0.0337
           Episode_Reward/feet_air_time: 0.0000
             Episode_Reward/under_speed: -0.0091
               Episode_Reward/feet_slip: -0.0003
          Episode_Reward/feet_clearance: -0.0007
               Episode_Reward/lin_vel_z: -0.0017
              Episode_Reward/ang_vel_xy: -0.0333
             Episode_Reward/base_height: -0.0777
             Episode_Reward/orientation: -0.0408
                    Episode_Reward/pose: -0.0006
             Episode_Reward/action_rate: -0.0037
              Episode_Reward/action_acc: -0.0100
           Episode_Termination/time_out: 0.0000
    Episode_Termination/bad_orientation: 1.0000
--------------------------------------------------------------------------------
                         Iteration time: 0.53s
                           Time elapsed: 00:01:10
                                    ETA: 00:00:48

################################################################################
[1m                           Learning iteration 148/250                           [0m 

                            Total steps: 1830912 
                       Steps per second: 21748 
                        Collection time: 0.493s 
                          Learning time: 0.072s 
                        Mean value loss: 0.0115
                    Mean surrogate loss: -0.0097
                      Mean entropy loss: 5.0708
                            Mean reward: 8.38
                    Mean episode length: 245.93
                        Mean action std: 0.40
                reward/tracking_lin_vel: 1.0828
                reward/tracking_ang_vel: 0.1308
                      reward/feet_phase: 0.2512
             reward/feet_phase_contrast: 0.5055
             reward/feet_contact_number: 0.4642
                   reward/feet_air_time: 0.0000
                     reward/under_speed: -0.1772
                       reward/feet_slip: -0.0012
                  reward/feet_clearance: -0.0059
                       reward/lin_vel_z: -0.0017
                      reward/ang_vel_xy: -0.0932
                     reward/base_height: -0.0164
                     reward/orientation: -0.0315
                            reward/pose: -0.0073
                     reward/action_rate: -0.0477
                      reward/action_acc: -0.1352
--------------------------------------------------------------------------------
                         Iteration time: 0.57s
                           Time elapsed: 00:01:10
                                    ETA: 00:00:47

################################################################################
[1m                           Learning iteration 149/250                           [0m 

                            Total steps: 1843200 
                       Steps per second: 22284 
                        Collection time: 0.476s 
                          Learning time: 0.075s 
                        Mean value loss: 2.8263
                    Mean surrogate loss: -0.0090
                      Mean entropy loss: 5.0387
                            Mean reward: 9.14
                    Mean episode length: 264.80
                        Mean action std: 0.40
                reward/tracking_lin_vel: 1.0706
                reward/tracking_ang_vel: 0.1301
                      reward/feet_phase: 0.3150
             reward/feet_phase_contrast: 0.5020
             reward/feet_contact_number: 0.4623
                   reward/feet_air_time: 0.0000
                     reward/under_speed: -0.1775
                       reward/feet_slip: -0.0012
                  reward/feet_clearance: -0.0060
                       reward/lin_vel_z: -0.0017
                      reward/ang_vel_xy: -0.0982
                     reward/base_height: -0.0060
                     reward/orientation: -0.0272
                            reward/pose: -0.0073
                     reward/action_rate: -0.0478
                      reward/action_acc: -0.1350
--------------------------------------------------------------------------------
                         Iteration time: 0.55s
                           Time elapsed: 00:01:11
                                    ETA: 00:00:47

################################################################################
[1m                           Learning iteration 150/250                           [0m 

                            Total steps: 1855488 
                       Steps per second: 34805 
                        Collection time: 0.287s 
                          Learning time: 0.066s 
                        Mean value loss: 0.3367
                    Mean surrogate loss: -0.0115
                      Mean entropy loss: 5.0422
                            Mean reward: 14.64
                    Mean episode length: 414.16
                        Mean action std: 0.40
                reward/tracking_lin_vel: 0.5085
                reward/tracking_ang_vel: 0.1060
                      reward/feet_phase: 0.3955
             reward/feet_phase_contrast: 0.6565
             reward/feet_contact_number: 0.4416
                   reward/feet_air_time: 0.1813
                     reward/under_speed: -0.1294
                       reward/feet_slip: -0.0047
                  reward/feet_clearance: -0.0176
                       reward/lin_vel_z: -0.0294
                      reward/ang_vel_xy: -0.5172
                     reward/base_height: -0.4135
                     reward/orientation: -0.4145
                            reward/pose: -0.0107
                     reward/action_rate: -0.0489
                      reward/action_acc: -0.1372
--------------------------------------------------------------------------------
                         Iteration time: 0.35s
                           Time elapsed: 00:01:11
                                    ETA: 00:00:46

################################################################################
[1m                           Learning iteration 151/250                           [0m 

                            Total steps: 1867776 
                       Steps per second: 27220 
                        Collection time: 0.383s 
                          Learning time: 0.069s 
                        Mean value loss: 0.2267
                    Mean surrogate loss: -0.0116
                      Mean entropy loss: 5.0415
                            Mean reward: 14.91
                    Mean episode length: 459.03
                        Mean action std: 0.40
                reward/tracking_lin_vel: 0.8513
                reward/tracking_ang_vel: 0.1126
                      reward/feet_phase: 0.4463
             reward/feet_phase_contrast: 0.7407
             reward/feet_contact_number: 0.4333
                   reward/feet_air_time: 0.0671
                     reward/under_speed: -0.1323
                       reward/feet_slip: -0.0034
                  reward/feet_clearance: -0.0144
                       reward/lin_vel_z: -0.0251
                      reward/ang_vel_xy: -0.5774
                     reward/base_height: -1.5720
                     reward/orientation: -0.5945
                            reward/pose: -0.0078
                     reward/action_rate: -0.0487
                      reward/action_acc: -0.1351
             Metrics/twist/error_vel_xy: 0.4142
            Metrics/twist/error_vel_yaw: 0.2429
        Episode_Reward/tracking_lin_vel: 0.4776
        Episode_Reward/tracking_ang_vel: 0.0602
              Episode_Reward/feet_phase: 0.1369
     Episode_Reward/feet_phase_contrast: 0.2345
     Episode_Reward/feet_contact_number: 0.2136
           Episode_Reward/feet_air_time: 0.0082
             Episode_Reward/under_speed: -0.0798
               Episode_Reward/feet_slip: -0.0007
          Episode_Reward/feet_clearance: -0.0034
               Episode_Reward/lin_vel_z: -0.0022
              Episode_Reward/ang_vel_xy: -0.0674
             Episode_Reward/base_height: -0.0816
             Episode_Reward/orientation: -0.0480
                    Episode_Reward/pose: -0.0038
             Episode_Reward/action_rate: -0.0225
              Episode_Reward/action_acc: -0.0647
           Episode_Termination/time_out: 0.0000
    Episode_Termination/bad_orientation: 11.5417
--------------------------------------------------------------------------------
                         Iteration time: 0.45s
                           Time elapsed: 00:01:11
                                    ETA: 00:00:46

################################################################################
[1m                           Learning iteration 152/250                           [0m 

                            Total steps: 1880064 
                       Steps per second: 27062 
                        Collection time: 0.386s 
                          Learning time: 0.068s 
                        Mean value loss: 0.1749
                    Mean surrogate loss: -0.0095
                      Mean entropy loss: 5.0320
                            Mean reward: 11.64
                    Mean episode length: 366.98
                        Mean action std: 0.40
                reward/tracking_lin_vel: 1.0717
                reward/tracking_ang_vel: 0.1233
                      reward/feet_phase: 0.4311
             reward/feet_phase_contrast: 0.7586
             reward/feet_contact_number: 0.4599
                   reward/feet_air_time: 0.0173
                     reward/under_speed: -0.1466
                       reward/feet_slip: -0.0024
                  reward/feet_clearance: -0.0088
                       reward/lin_vel_z: -0.0086
                      reward/ang_vel_xy: -0.2338
                     reward/base_height: -0.3688
                     reward/orientation: -0.2177
                            reward/pose: -0.0079
                     reward/action_rate: -0.0492
                      reward/action_acc: -0.1376
             Metrics/twist/error_vel_xy: 0.3731
            Metrics/twist/error_vel_yaw: 0.2347
        Episode_Reward/tracking_lin_vel: 0.3069
        Episode_Reward/tracking_ang_vel: 0.0396
              Episode_Reward/feet_phase: 0.0988
     Episode_Reward/feet_phase_contrast: 0.1682
     Episode_Reward/feet_contact_number: 0.1391
           Episode_Reward/feet_air_time: 0.0049
             Episode_Reward/under_speed: -0.0498
               Episode_Reward/feet_slip: -0.0005
          Episode_Reward/feet_clearance: -0.0022
               Episode_Reward/lin_vel_z: -0.0017
              Episode_Reward/ang_vel_xy: -0.0525
             Episode_Reward/base_height: -0.0741
             Episode_Reward/orientation: -0.0460
                    Episode_Reward/pose: -0.0025
             Episode_Reward/action_rate: -0.0147
              Episode_Reward/action_acc: -0.0419
           Episode_Termination/time_out: 0.0000
    Episode_Termination/bad_orientation: 2.8261
--------------------------------------------------------------------------------
                         Iteration time: 0.45s
                           Time elapsed: 00:01:12
                                    ETA: 00:00:45

################################################################################
[1m                           Learning iteration 153/250                           [0m 

                            Total steps: 1892352 
                       Steps per second: 24459 
                        Collection time: 0.437s 
                          Learning time: 0.065s 
                        Mean value loss: 0.1075
                    Mean surrogate loss: -0.0066
                      Mean entropy loss: 5.0288
                            Mean reward: 4.57
                    Mean episode length: 174.90
                        Mean action std: 0.40
                reward/tracking_lin_vel: 1.0391
                reward/tracking_ang_vel: 0.1277
                      reward/feet_phase: 0.4274
             reward/feet_phase_contrast: 0.6288
             reward/feet_contact_number: 0.4637
                   reward/feet_air_time: 0.0124
                     reward/under_speed: -0.1605
                       reward/feet_slip: -0.0020
                  reward/feet_clearance: -0.0078
                       reward/lin_vel_z: -0.0077
                      reward/ang_vel_xy: -0.1972
                     reward/base_height: -0.2738
                     reward/orientation: -0.1586
                            reward/pose: -0.0080
                     reward/action_rate: -0.0486
                      reward/action_acc: -0.1356
--------------------------------------------------------------------------------
                         Iteration time: 0.50s
                           Time elapsed: 00:01:12
                                    ETA: 00:00:45

################################################################################
[1m                           Learning iteration 154/250                           [0m 

                            Total steps: 1904640 
                       Steps per second: 22710 
                        Collection time: 0.472s 
                          Learning time: 0.069s 
                        Mean value loss: 0.0551
                    Mean surrogate loss: -0.0083
                      Mean entropy loss: 5.0233
                            Mean reward: 2.34
                    Mean episode length: 117.12
                        Mean action std: 0.40
                reward/tracking_lin_vel: 1.0499
                reward/tracking_ang_vel: 0.1291
                      reward/feet_phase: 0.3297
             reward/feet_phase_contrast: 0.5725
             reward/feet_contact_number: 0.4622
                   reward/feet_air_time: 0.0050
                     reward/under_speed: -0.1689
                       reward/feet_slip: -0.0015
                  reward/feet_clearance: -0.0069
                       reward/lin_vel_z: -0.0042
                      reward/ang_vel_xy: -0.1496
                     reward/base_height: -0.1417
                     reward/orientation: -0.0935
                            reward/pose: -0.0078
                     reward/action_rate: -0.0479
                      reward/action_acc: -0.1348
--------------------------------------------------------------------------------
                         Iteration time: 0.54s
                           Time elapsed: 00:01:13
                                    ETA: 00:00:45

################################################################################
[1m                           Learning iteration 155/250                           [0m 

                            Total steps: 1916928 
                       Steps per second: 26238 
                        Collection time: 0.403s 
                          Learning time: 0.065s 
                        Mean value loss: 0.0498
                    Mean surrogate loss: -0.0098
                      Mean entropy loss: 5.0049
                            Mean reward: 2.27
                    Mean episode length: 113.26
                        Mean action std: 0.40
                reward/tracking_lin_vel: 1.0620
                reward/tracking_ang_vel: 0.1298
                      reward/feet_phase: 0.2846
             reward/feet_phase_contrast: 0.5609
             reward/feet_contact_number: 0.4649
                   reward/feet_air_time: 0.0012
                     reward/under_speed: -0.1709
                       reward/feet_slip: -0.0015
                  reward/feet_clearance: -0.0067
                       reward/lin_vel_z: -0.0037
                      reward/ang_vel_xy: -0.1346
                     reward/base_height: -0.0836
                     reward/orientation: -0.0722
                            reward/pose: -0.0077
                     reward/action_rate: -0.0475
                      reward/action_acc: -0.1331
             Metrics/twist/error_vel_xy: 0.2656
            Metrics/twist/error_vel_yaw: 0.1886
        Episode_Reward/tracking_lin_vel: 0.0793
        Episode_Reward/tracking_ang_vel: 0.0094
              Episode_Reward/feet_phase: 0.0413
     Episode_Reward/feet_phase_contrast: 0.0659
     Episode_Reward/feet_contact_number: 0.0376
           Episode_Reward/feet_air_time: 0.0071
             Episode_Reward/under_speed: -0.0109
               Episode_Reward/feet_slip: -0.0002
          Episode_Reward/feet_clearance: -0.0011
               Episode_Reward/lin_vel_z: -0.0017
              Episode_Reward/ang_vel_xy: -0.0359
             Episode_Reward/base_height: -0.0717
             Episode_Reward/orientation: -0.0414
                    Episode_Reward/pose: -0.0008
             Episode_Reward/action_rate: -0.0042
              Episode_Reward/action_acc: -0.0115
           Episode_Termination/time_out: 0.0000
    Episode_Termination/bad_orientation: 1.5556
--------------------------------------------------------------------------------
                         Iteration time: 0.47s
                           Time elapsed: 00:01:13
                                    ETA: 00:00:44

################################################################################
[1m                           Learning iteration 156/250                           [0m 

                            Total steps: 1929216 
                       Steps per second: 25160 
                        Collection time: 0.422s 
                          Learning time: 0.067s 
                        Mean value loss: 0.0397
                    Mean surrogate loss: -0.0087
                      Mean entropy loss: 4.9909
                            Mean reward: 2.19
                    Mean episode length: 108.59
                        Mean action std: 0.40
                reward/tracking_lin_vel: 1.0672
                reward/tracking_ang_vel: 0.1310
                      reward/feet_phase: 0.3204
             reward/feet_phase_contrast: 0.5364
             reward/feet_contact_number: 0.4643
                   reward/feet_air_time: 0.0005
                     reward/under_speed: -0.1739
                       reward/feet_slip: -0.0013
                  reward/feet_clearance: -0.0063
                       reward/lin_vel_z: -0.0030
                      reward/ang_vel_xy: -0.1235
                     reward/base_height: -0.0705
                     reward/orientation: -0.0555
                            reward/pose: -0.0077
                     reward/action_rate: -0.0474
                      reward/action_acc: -0.1335
--------------------------------------------------------------------------------
                         Iteration time: 0.49s
                           Time elapsed: 00:01:14
                                    ETA: 00:00:44

################################################################################
[1m                           Learning iteration 157/250                           [0m 

                            Total steps: 1941504 
                       Steps per second: 26022 
                        Collection time: 0.406s 
                          Learning time: 0.067s 
                        Mean value loss: 0.0195
                    Mean surrogate loss: -0.0104
                      Mean entropy loss: 4.9758
                            Mean reward: 2.16
                    Mean episode length: 110.21
                        Mean action std: 0.40
                reward/tracking_lin_vel: 1.0773
                reward/tracking_ang_vel: 0.1331
                      reward/feet_phase: 0.3593
             reward/feet_phase_contrast: 0.5356
             reward/feet_contact_number: 0.4638
                   reward/feet_air_time: 0.0012
                     reward/under_speed: -0.1741
                       reward/feet_slip: -0.0013
                  reward/feet_clearance: -0.0062
                       reward/lin_vel_z: -0.0025
                      reward/ang_vel_xy: -0.1156
                     reward/base_height: -0.0407
                     reward/orientation: -0.0446
                            reward/pose: -0.0077
                     reward/action_rate: -0.0473
                      reward/action_acc: -0.1331
--------------------------------------------------------------------------------
                         Iteration time: 0.47s
                           Time elapsed: 00:01:14
                                    ETA: 00:00:43

################################################################################
[1m                           Learning iteration 158/250                           [0m 

                            Total steps: 1953792 
                       Steps per second: 26642 
                        Collection time: 0.394s 
                          Learning time: 0.067s 
                        Mean value loss: 0.0180
                    Mean surrogate loss: -0.0096
                      Mean entropy loss: 4.9433
                            Mean reward: 2.34
                    Mean episode length: 111.03
                        Mean action std: 0.40
                reward/tracking_lin_vel: 1.0757
                reward/tracking_ang_vel: 0.1322
                      reward/feet_phase: 0.2689
             reward/feet_phase_contrast: 0.5300
             reward/feet_contact_number: 0.4658
                   reward/feet_air_time: 0.0001
                     reward/under_speed: -0.1752
                       reward/feet_slip: -0.0013
                  reward/feet_clearance: -0.0064
                       reward/lin_vel_z: -0.0024
                      reward/ang_vel_xy: -0.1077
                     reward/base_height: -0.0229
                     reward/orientation: -0.0359
                            reward/pose: -0.0077
                     reward/action_rate: -0.0470
                      reward/action_acc: -0.1313
--------------------------------------------------------------------------------
                         Iteration time: 0.46s
                           Time elapsed: 00:01:15
                                    ETA: 00:00:43

################################################################################
[1m                           Learning iteration 159/250                           [0m 

                            Total steps: 1966080 
                       Steps per second: 25369 
                        Collection time: 0.420s 
                          Learning time: 0.064s 
                        Mean value loss: 0.0137
                    Mean surrogate loss: -0.0103
                      Mean entropy loss: 4.9068
                            Mean reward: 6.99
                    Mean episode length: 223.96
                        Mean action std: 0.39
                reward/tracking_lin_vel: 1.0700
                reward/tracking_ang_vel: 0.1308
                      reward/feet_phase: 0.2619
             reward/feet_phase_contrast: 0.5112
             reward/feet_contact_number: 0.4657
                   reward/feet_air_time: 0.0001
                     reward/under_speed: -0.1765
                       reward/feet_slip: -0.0013
                  reward/feet_clearance: -0.0064
                       reward/lin_vel_z: -0.0019
                      reward/ang_vel_xy: -0.1025
                     reward/base_height: -0.0137
                     reward/orientation: -0.0296
                            reward/pose: -0.0076
                     reward/action_rate: -0.0471
                      reward/action_acc: -0.1321
--------------------------------------------------------------------------------
                         Iteration time: 0.48s
                           Time elapsed: 00:01:15
                                    ETA: 00:00:42

################################################################################
[1m                           Learning iteration 160/250                           [0m 

                            Total steps: 1978368 
                       Steps per second: 25818 
                        Collection time: 0.409s 
                          Learning time: 0.067s 
                        Mean value loss: 0.0185
                    Mean surrogate loss: -0.0093
                      Mean entropy loss: 4.8778
                            Mean reward: 8.83
                    Mean episode length: 267.51
                        Mean action std: 0.39
                reward/tracking_lin_vel: 1.0855
                reward/tracking_ang_vel: 0.1309
                      reward/feet_phase: 0.3703
             reward/feet_phase_contrast: 0.5525
             reward/feet_contact_number: 0.4689
                   reward/feet_air_time: 0.0001
                     reward/under_speed: -0.1741
                       reward/feet_slip: -0.0013
                  reward/feet_clearance: -0.0063
                       reward/lin_vel_z: -0.0021
                      reward/ang_vel_xy: -0.1116
                     reward/base_height: -0.0116
                     reward/orientation: -0.0307
                            reward/pose: -0.0073
                     reward/action_rate: -0.0466
                      reward/action_acc: -0.1291
--------------------------------------------------------------------------------
                         Iteration time: 0.48s
                           Time elapsed: 00:01:16
                                    ETA: 00:00:42

################################################################################
[1m                           Learning iteration 161/250                           [0m 

                            Total steps: 1990656 
                       Steps per second: 25075 
                        Collection time: 0.426s 
                          Learning time: 0.064s 
                        Mean value loss: 0.0328
                    Mean surrogate loss: -0.0104
                      Mean entropy loss: 4.8730
                            Mean reward: 10.60
                    Mean episode length: 308.03
                        Mean action std: 0.39
                reward/tracking_lin_vel: 1.0849
                reward/tracking_ang_vel: 0.1297
                      reward/feet_phase: 0.3292
             reward/feet_phase_contrast: 0.5548
             reward/feet_contact_number: 0.4651
                   reward/feet_air_time: 0.0012
                     reward/under_speed: -0.1737
                       reward/feet_slip: -0.0014
                  reward/feet_clearance: -0.0066
                       reward/lin_vel_z: -0.0021
                      reward/ang_vel_xy: -0.1148
                     reward/base_height: -0.0141
                     reward/orientation: -0.0300
                            reward/pose: -0.0074
                     reward/action_rate: -0.0473
                      reward/action_acc: -0.1310
             Metrics/twist/error_vel_xy: 0.5119
            Metrics/twist/error_vel_yaw: 0.4245
        Episode_Reward/tracking_lin_vel: 0.8996
        Episode_Reward/tracking_ang_vel: 0.1111
              Episode_Reward/feet_phase: 0.2409
     Episode_Reward/feet_phase_contrast: 0.4207
     Episode_Reward/feet_contact_number: 0.3900
           Episode_Reward/feet_air_time: 0.0016
             Episode_Reward/under_speed: -0.1475
               Episode_Reward/feet_slip: -0.0011
          Episode_Reward/feet_clearance: -0.0055
               Episode_Reward/lin_vel_z: -0.0018
              Episode_Reward/ang_vel_xy: -0.0739
             Episode_Reward/base_height: -0.0169
             Episode_Reward/orientation: -0.0324
                    Episode_Reward/pose: -0.0062
             Episode_Reward/action_rate: -0.0402
              Episode_Reward/action_acc: -0.1152
           Episode_Termination/time_out: 1.2000
    Episode_Termination/bad_orientation: 0.4000
--------------------------------------------------------------------------------
                         Iteration time: 0.49s
                           Time elapsed: 00:01:16
                                    ETA: 00:00:41

################################################################################
[1m                           Learning iteration 162/250                           [0m 

                            Total steps: 2002944 
                       Steps per second: 24644 
                        Collection time: 0.433s 
                          Learning time: 0.066s 
                        Mean value loss: 0.0182
                    Mean surrogate loss: -0.0093
                      Mean entropy loss: 4.8788
                            Mean reward: 12.61
                    Mean episode length: 355.12
                        Mean action std: 0.39
                reward/tracking_lin_vel: 1.0880
                reward/tracking_ang_vel: 0.1290
                      reward/feet_phase: 0.2744
             reward/feet_phase_contrast: 0.5596
             reward/feet_contact_number: 0.4654
                   reward/feet_air_time: 0.0008
                     reward/under_speed: -0.1729
                       reward/feet_slip: -0.0014
                  reward/feet_clearance: -0.0066
                       reward/lin_vel_z: -0.0021
                      reward/ang_vel_xy: -0.1206
                     reward/base_height: -0.0056
                     reward/orientation: -0.0279
                            reward/pose: -0.0074
                     reward/action_rate: -0.0470
                      reward/action_acc: -0.1291
--------------------------------------------------------------------------------
                         Iteration time: 0.50s
                           Time elapsed: 00:01:17
                                    ETA: 00:00:41

################################################################################
[1m                           Learning iteration 163/250                           [0m 

                            Total steps: 2015232 
                       Steps per second: 24860 
                        Collection time: 0.428s 
                          Learning time: 0.066s 
                        Mean value loss: 0.0172
                    Mean surrogate loss: -0.0089
                      Mean entropy loss: 4.8663
                            Mean reward: 12.69
                    Mean episode length: 355.29
                        Mean action std: 0.39
                reward/tracking_lin_vel: 1.0941
                reward/tracking_ang_vel: 0.1261
                      reward/feet_phase: 0.3385
             reward/feet_phase_contrast: 0.5925
             reward/feet_contact_number: 0.4641
                   reward/feet_air_time: 0.0016
                     reward/under_speed: -0.1714
                       reward/feet_slip: -0.0015
                  reward/feet_clearance: -0.0070
                       reward/lin_vel_z: -0.0026
                      reward/ang_vel_xy: -0.1376
                     reward/base_height: -0.0127
                     reward/orientation: -0.0331
                            reward/pose: -0.0074
                     reward/action_rate: -0.0478
                      reward/action_acc: -0.1299
--------------------------------------------------------------------------------
                         Iteration time: 0.49s
                           Time elapsed: 00:01:17
                                    ETA: 00:00:40

################################################################################
[1m                           Learning iteration 164/250                           [0m 

                            Total steps: 2027520 
                       Steps per second: 25593 
                        Collection time: 0.415s 
                          Learning time: 0.066s 
                        Mean value loss: 0.0155
                    Mean surrogate loss: -0.0100
                      Mean entropy loss: 4.8399
                            Mean reward: 13.10
                    Mean episode length: 364.88
                        Mean action std: 0.39
                reward/tracking_lin_vel: 1.0953
                reward/tracking_ang_vel: 0.1268
                      reward/feet_phase: 0.4000
             reward/feet_phase_contrast: 0.5903
             reward/feet_contact_number: 0.4634
                   reward/feet_air_time: 0.0008
                     reward/under_speed: -0.1715
                       reward/feet_slip: -0.0016
                  reward/feet_clearance: -0.0071
                       reward/lin_vel_z: -0.0026
                      reward/ang_vel_xy: -0.1388
                     reward/base_height: -0.0123
                     reward/orientation: -0.0320
                            reward/pose: -0.0074
                     reward/action_rate: -0.0481
                      reward/action_acc: -0.1303
--------------------------------------------------------------------------------
                         Iteration time: 0.48s
                           Time elapsed: 00:01:18
                                    ETA: 00:00:40

################################################################################
[1m                           Learning iteration 165/250                           [0m 

                            Total steps: 2039808 
                       Steps per second: 25283 
                        Collection time: 0.423s 
                          Learning time: 0.063s 
                        Mean value loss: 0.0125
                    Mean surrogate loss: -0.0103
                      Mean entropy loss: 4.8005
                            Mean reward: 13.32
                    Mean episode length: 370.16
                        Mean action std: 0.39
                reward/tracking_lin_vel: 1.1025
                reward/tracking_ang_vel: 0.1257
                      reward/feet_phase: 0.3056
             reward/feet_phase_contrast: 0.5907
             reward/feet_contact_number: 0.4641
                   reward/feet_air_time: 0.0005
                     reward/under_speed: -0.1712
                       reward/feet_slip: -0.0016
                  reward/feet_clearance: -0.0071
                       reward/lin_vel_z: -0.0025
                      reward/ang_vel_xy: -0.1398
                     reward/base_height: -0.0154
                     reward/orientation: -0.0307
                            reward/pose: -0.0072
                     reward/action_rate: -0.0477
                      reward/action_acc: -0.1291
--------------------------------------------------------------------------------
                         Iteration time: 0.49s
                           Time elapsed: 00:01:18
                                    ETA: 00:00:39

################################################################################
[1m                           Learning iteration 166/250                           [0m 

                            Total steps: 2052096 
                       Steps per second: 26696 
                        Collection time: 0.398s 
                          Learning time: 0.063s 
                        Mean value loss: 3.5691
                    Mean surrogate loss: -0.0082
                      Mean entropy loss: 4.7700
                            Mean reward: 13.32
                    Mean episode length: 370.16
                        Mean action std: 0.39
                reward/tracking_lin_vel: 0.8715
                reward/tracking_ang_vel: 0.1206
                      reward/feet_phase: 0.3342
             reward/feet_phase_contrast: 0.6484
             reward/feet_contact_number: 0.4536
                   reward/feet_air_time: 0.0082
                     reward/under_speed: -0.1543
                       reward/feet_slip: -0.0039
                  reward/feet_clearance: -0.0142
                       reward/lin_vel_z: -0.0096
                      reward/ang_vel_xy: -0.2259
                     reward/base_height: -0.0051
                     reward/orientation: -0.0416
                            reward/pose: -0.0076
                     reward/action_rate: -0.0482
                      reward/action_acc: -0.1290
--------------------------------------------------------------------------------
                         Iteration time: 0.46s
                           Time elapsed: 00:01:19
                                    ETA: 00:00:39

################################################################################
[1m                           Learning iteration 167/250                           [0m 

                            Total steps: 2064384 
                       Steps per second: 32894 
                        Collection time: 0.308s 
                          Learning time: 0.065s 
                        Mean value loss: 0.2499
                    Mean surrogate loss: -0.0112
                      Mean entropy loss: 4.7676
                            Mean reward: 17.21
                    Mean episode length: 488.07
                        Mean action std: 0.39
                reward/tracking_lin_vel: 0.6167
                reward/tracking_ang_vel: 0.1022
                      reward/feet_phase: 0.4448
             reward/feet_phase_contrast: 0.7030
             reward/feet_contact_number: 0.4290
                   reward/feet_air_time: 0.2175
                     reward/under_speed: -0.1275
                       reward/feet_slip: -0.0038
                  reward/feet_clearance: -0.0147
                       reward/lin_vel_z: -0.0378
                      reward/ang_vel_xy: -0.6741
                     reward/base_height: -1.0342
                     reward/orientation: -0.6511
                            reward/pose: -0.0102
                     reward/action_rate: -0.0467
                      reward/action_acc: -0.1265
--------------------------------------------------------------------------------
                         Iteration time: 0.37s
                           Time elapsed: 00:01:19
                                    ETA: 00:00:38

################################################################################
[1m                           Learning iteration 168/250                           [0m 

                            Total steps: 2076672 
                       Steps per second: 27201 
                        Collection time: 0.388s 
                          Learning time: 0.064s 
                        Mean value loss: 0.2854
                    Mean surrogate loss: -0.0100
                      Mean entropy loss: 4.7614
                            Mean reward: 16.03
                    Mean episode length: 468.88
                        Mean action std: 0.39
                reward/tracking_lin_vel: 1.0395
                reward/tracking_ang_vel: 0.1169
                      reward/feet_phase: 0.5344
             reward/feet_phase_contrast: 0.8130
             reward/feet_contact_number: 0.4543
                   reward/feet_air_time: 0.0354
                     reward/under_speed: -0.1375
                       reward/feet_slip: -0.0028
                  reward/feet_clearance: -0.0123
                       reward/lin_vel_z: -0.0134
                      reward/ang_vel_xy: -0.3549
                     reward/base_height: -0.8124
                     reward/orientation: -0.3305
                            reward/pose: -0.0069
                     reward/action_rate: -0.0480
                      reward/action_acc: -0.1287
             Metrics/twist/error_vel_xy: 0.4404
            Metrics/twist/error_vel_yaw: 0.2740
        Episode_Reward/tracking_lin_vel: 0.4781
        Episode_Reward/tracking_ang_vel: 0.0594
              Episode_Reward/feet_phase: 0.1541
     Episode_Reward/feet_phase_contrast: 0.2611
     Episode_Reward/feet_contact_number: 0.2161
           Episode_Reward/feet_air_time: 0.0097
             Episode_Reward/under_speed: -0.0789
               Episode_Reward/feet_slip: -0.0008
          Episode_Reward/feet_clearance: -0.0037
               Episode_Reward/lin_vel_z: -0.0022
              Episode_Reward/ang_vel_xy: -0.0773
             Episode_Reward/base_height: -0.0842
             Episode_Reward/orientation: -0.0501
                    Episode_Reward/pose: -0.0037
             Episode_Reward/action_rate: -0.0221
              Episode_Reward/action_acc: -0.0617
           Episode_Termination/time_out: 0.0000
    Episode_Termination/bad_orientation: 6.5455
--------------------------------------------------------------------------------
                         Iteration time: 0.45s
                           Time elapsed: 00:01:20
                                    ETA: 00:00:38

################################################################################
[1m                           Learning iteration 169/250                           [0m 

                            Total steps: 2088960 
                       Steps per second: 25759 
                        Collection time: 0.415s 
                          Learning time: 0.062s 
                        Mean value loss: 0.1174
                    Mean surrogate loss: -0.0097
                      Mean entropy loss: 4.7550
                            Mean reward: 9.50
                    Mean episode length: 310.16
                        Mean action std: 0.39
                reward/tracking_lin_vel: 1.0819
                reward/tracking_ang_vel: 0.1194
                      reward/feet_phase: 0.3908
             reward/feet_phase_contrast: 0.7304
             reward/feet_contact_number: 0.4522
                   reward/feet_air_time: 0.0200
                     reward/under_speed: -0.1503
                       reward/feet_slip: -0.0026
                  reward/feet_clearance: -0.0094
                       reward/lin_vel_z: -0.0087
                      reward/ang_vel_xy: -0.2576
                     reward/base_height: -0.3809
                     reward/orientation: -0.2095
                            reward/pose: -0.0073
                     reward/action_rate: -0.0491
                      reward/action_acc: -0.1306
             Metrics/twist/error_vel_xy: 0.3709
            Metrics/twist/error_vel_yaw: 0.2183
        Episode_Reward/tracking_lin_vel: 0.1946
        Episode_Reward/tracking_ang_vel: 0.0266
              Episode_Reward/feet_phase: 0.0702
     Episode_Reward/feet_phase_contrast: 0.1175
     Episode_Reward/feet_contact_number: 0.0965
           Episode_Reward/feet_air_time: 0.0050
             Episode_Reward/under_speed: -0.0349
               Episode_Reward/feet_slip: -0.0004
          Episode_Reward/feet_clearance: -0.0015
               Episode_Reward/lin_vel_z: -0.0015
              Episode_Reward/ang_vel_xy: -0.0488
             Episode_Reward/base_height: -0.0813
             Episode_Reward/orientation: -0.0426
                    Episode_Reward/pose: -0.0019
             Episode_Reward/action_rate: -0.0100
              Episode_Reward/action_acc: -0.0277
           Episode_Termination/time_out: 0.0000
    Episode_Termination/bad_orientation: 2.9048
--------------------------------------------------------------------------------
                         Iteration time: 0.48s
                           Time elapsed: 00:01:20
                                    ETA: 00:00:37

################################################################################
[1m                           Learning iteration 170/250                           [0m 

                            Total steps: 2101248 
                       Steps per second: 24323 
                        Collection time: 0.440s 
                          Learning time: 0.065s 
                        Mean value loss: 0.0880
                    Mean surrogate loss: -0.0093
                      Mean entropy loss: 4.7500
                            Mean reward: 4.24
                    Mean episode length: 167.53
                        Mean action std: 0.39
                reward/tracking_lin_vel: 1.0820
                reward/tracking_ang_vel: 0.1229
                      reward/feet_phase: 0.3619
             reward/feet_phase_contrast: 0.6574
             reward/feet_contact_number: 0.4666
                   reward/feet_air_time: 0.0070
                     reward/under_speed: -0.1609
                       reward/feet_slip: -0.0021
                  reward/feet_clearance: -0.0084
                       reward/lin_vel_z: -0.0073
                      reward/ang_vel_xy: -0.2088
                     reward/base_height: -0.1993
                     reward/orientation: -0.1260
                            reward/pose: -0.0068
                     reward/action_rate: -0.0482
                      reward/action_acc: -0.1290
             Metrics/twist/error_vel_xy: 0.2560
            Metrics/twist/error_vel_yaw: 0.2044
        Episode_Reward/tracking_lin_vel: 0.1121
        Episode_Reward/tracking_ang_vel: 0.0126
              Episode_Reward/feet_phase: 0.0533
     Episode_Reward/feet_phase_contrast: 0.0898
     Episode_Reward/feet_contact_number: 0.0464
           Episode_Reward/feet_air_time: 0.0038
             Episode_Reward/under_speed: -0.0130
               Episode_Reward/feet_slip: -0.0004
          Episode_Reward/feet_clearance: -0.0012
               Episode_Reward/lin_vel_z: -0.0021
              Episode_Reward/ang_vel_xy: -0.0410
             Episode_Reward/base_height: -0.0617
             Episode_Reward/orientation: -0.0419
                    Episode_Reward/pose: -0.0010
             Episode_Reward/action_rate: -0.0053
              Episode_Reward/action_acc: -0.0139
           Episode_Termination/time_out: 0.0000
    Episode_Termination/bad_orientation: 2.2778
--------------------------------------------------------------------------------
                         Iteration time: 0.51s
                           Time elapsed: 00:01:21
                                    ETA: 00:00:37

################################################################################
[1m                           Learning iteration 171/250                           [0m 

                            Total steps: 2113536 
                       Steps per second: 21979 
                        Collection time: 0.492s 
                          Learning time: 0.067s 
                        Mean value loss: 0.0525
                    Mean surrogate loss: -0.0086
                      Mean entropy loss: 4.7458
                            Mean reward: 2.47
                    Mean episode length: 118.72
                        Mean action std: 0.39
                reward/tracking_lin_vel: 1.1022
                reward/tracking_ang_vel: 0.1279
                      reward/feet_phase: 0.4238
             reward/feet_phase_contrast: 0.6146
             reward/feet_contact_number: 0.4647
                   reward/feet_air_time: 0.0049
                     reward/under_speed: -0.1676
                       reward/feet_slip: -0.0017
                  reward/feet_clearance: -0.0073
                       reward/lin_vel_z: -0.0043
                      reward/ang_vel_xy: -0.1493
                     reward/base_height: -0.0901
                     reward/orientation: -0.0738
                            reward/pose: -0.0064
                     reward/action_rate: -0.0474
                      reward/action_acc: -0.1283
             Metrics/twist/error_vel_xy: 0.2729
            Metrics/twist/error_vel_yaw: 0.1906
        Episode_Reward/tracking_lin_vel: 0.0713
        Episode_Reward/tracking_ang_vel: 0.0091
              Episode_Reward/feet_phase: 0.0406
     Episode_Reward/feet_phase_contrast: 0.0651
     Episode_Reward/feet_contact_number: 0.0356
           Episode_Reward/feet_air_time: 0.0040
             Episode_Reward/under_speed: -0.0094
               Episode_Reward/feet_slip: -0.0004
          Episode_Reward/feet_clearance: -0.0009
               Episode_Reward/lin_vel_z: -0.0018
              Episode_Reward/ang_vel_xy: -0.0379
             Episode_Reward/base_height: -0.0686
             Episode_Reward/orientation: -0.0415
                    Episode_Reward/pose: -0.0007
             Episode_Reward/action_rate: -0.0042
              Episode_Reward/action_acc: -0.0109
           Episode_Termination/time_out: 0.0000
    Episode_Termination/bad_orientation: 1.4545
--------------------------------------------------------------------------------
                         Iteration time: 0.56s
                           Time elapsed: 00:01:21
                                    ETA: 00:00:37

################################################################################
[1m                           Learning iteration 172/250                           [0m 

                            Total steps: 2125824 
                       Steps per second: 22181 
                        Collection time: 0.487s 
                          Learning time: 0.067s 
                        Mean value loss: 0.0455
                    Mean surrogate loss: -0.0085
                      Mean entropy loss: 4.7387
                            Mean reward: 1.64
                    Mean episode length: 95.77
                        Mean action std: 0.39
                reward/tracking_lin_vel: 1.1091
                reward/tracking_ang_vel: 0.1264
                      reward/feet_phase: 0.3235
             reward/feet_phase_contrast: 0.5920
             reward/feet_contact_number: 0.4637
                   reward/feet_air_time: 0.0014
                     reward/under_speed: -0.1706
                       reward/feet_slip: -0.0016
                  reward/feet_clearance: -0.0070
                       reward/lin_vel_z: -0.0032
                      reward/ang_vel_xy: -0.1395
                     reward/base_height: -0.0590
                     reward/orientation: -0.0489
                            reward/pose: -0.0063
                     reward/action_rate: -0.0470
                      reward/action_acc: -0.1266
             Metrics/twist/error_vel_xy: 0.2446
            Metrics/twist/error_vel_yaw: 0.1547
        Episode_Reward/tracking_lin_vel: 0.0523
        Episode_Reward/tracking_ang_vel: 0.0067
              Episode_Reward/feet_phase: 0.0338
     Episode_Reward/feet_phase_contrast: 0.0532
     Episode_Reward/feet_contact_number: 0.0262
           Episode_Reward/feet_air_time: 0.0008
             Episode_Reward/under_speed: -0.0064
               Episode_Reward/feet_slip: -0.0003
          Episode_Reward/feet_clearance: -0.0006
               Episode_Reward/lin_vel_z: -0.0017
              Episode_Reward/ang_vel_xy: -0.0357
             Episode_Reward/base_height: -0.0673
             Episode_Reward/orientation: -0.0381
                    Episode_Reward/pose: -0.0005
             Episode_Reward/action_rate: -0.0029
              Episode_Reward/action_acc: -0.0075
           Episode_Termination/time_out: 0.0000
    Episode_Termination/bad_orientation: 1.2000
--------------------------------------------------------------------------------
                         Iteration time: 0.55s
                           Time elapsed: 00:01:22
                                    ETA: 00:00:36

################################################################################
[1m                           Learning iteration 173/250                           [0m 

                            Total steps: 2138112 
                       Steps per second: 22034 
                        Collection time: 0.481s 
                          Learning time: 0.077s 
                        Mean value loss: 0.0236
                    Mean surrogate loss: -0.0084
                      Mean entropy loss: 4.7209
                            Mean reward: 1.90
                    Mean episode length: 101.37
                        Mean action std: 0.39
                reward/tracking_lin_vel: 1.1148
                reward/tracking_ang_vel: 0.1260
                      reward/feet_phase: 0.2923
             reward/feet_phase_contrast: 0.5889
             reward/feet_contact_number: 0.4649
                   reward/feet_air_time: 0.0001
                     reward/under_speed: -0.1716
                       reward/feet_slip: -0.0015
                  reward/feet_clearance: -0.0068
                       reward/lin_vel_z: -0.0025
                      reward/ang_vel_xy: -0.1289
                     reward/base_height: -0.0302
                     reward/orientation: -0.0386
                            reward/pose: -0.0061
                     reward/action_rate: -0.0479
                      reward/action_acc: -0.1293
--------------------------------------------------------------------------------
                         Iteration time: 0.56s
                           Time elapsed: 00:01:22
                                    ETA: 00:00:36

################################################################################
[1m                           Learning iteration 174/250                           [0m 

                            Total steps: 2150400 
                       Steps per second: 24453 
                        Collection time: 0.438s 
                          Learning time: 0.065s 
                        Mean value loss: 0.0150
                    Mean surrogate loss: -0.0097
                      Mean entropy loss: 4.7030
                            Mean reward: 1.85
                    Mean episode length: 99.21
                        Mean action std: 0.39
                reward/tracking_lin_vel: 1.1171
                reward/tracking_ang_vel: 0.1249
                      reward/feet_phase: 0.3725
             reward/feet_phase_contrast: 0.5947
             reward/feet_contact_number: 0.4633
                   reward/feet_air_time: 0.0005
                     reward/under_speed: -0.1715
                       reward/feet_slip: -0.0016
                  reward/feet_clearance: -0.0069
                       reward/lin_vel_z: -0.0025
                      reward/ang_vel_xy: -0.1313
                     reward/base_height: -0.0328
                     reward/orientation: -0.0360
                            reward/pose: -0.0060
                     reward/action_rate: -0.0476
                      reward/action_acc: -0.1279
--------------------------------------------------------------------------------
                         Iteration time: 0.50s
                           Time elapsed: 00:01:23
                                    ETA: 00:00:35

################################################################################
[1m                           Learning iteration 175/250                           [0m 

                            Total steps: 2162688 
                       Steps per second: 24367 
                        Collection time: 0.439s 
                          Learning time: 0.065s 
                        Mean value loss: 0.0247
                    Mean surrogate loss: -0.0092
                      Mean entropy loss: 4.6756
                            Mean reward: 1.70
                    Mean episode length: 95.73
                        Mean action std: 0.39
                reward/tracking_lin_vel: 1.1216
                reward/tracking_ang_vel: 0.1243
                      reward/feet_phase: 0.3843
             reward/feet_phase_contrast: 0.5934
             reward/feet_contact_number: 0.4680
                   reward/feet_air_time: 0.0002
                     reward/under_speed: -0.1713
                       reward/feet_slip: -0.0016
                  reward/feet_clearance: -0.0069
                       reward/lin_vel_z: -0.0023
                      reward/ang_vel_xy: -0.1325
                     reward/base_height: -0.0126
                     reward/orientation: -0.0296
                            reward/pose: -0.0058
                     reward/action_rate: -0.0478
                      reward/action_acc: -0.1270
--------------------------------------------------------------------------------
                         Iteration time: 0.50s
                           Time elapsed: 00:01:23
                                    ETA: 00:00:35

################################################################################
[1m                           Learning iteration 176/250                           [0m 

                            Total steps: 2174976 
                       Steps per second: 22775 
                        Collection time: 0.473s 
                          Learning time: 0.067s 
                        Mean value loss: 0.0223
                    Mean surrogate loss: -0.0085
                      Mean entropy loss: 4.6603
                            Mean reward: 8.06
                    Mean episode length: 240.13
                        Mean action std: 0.39
                reward/tracking_lin_vel: 1.1390
                reward/tracking_ang_vel: 0.1228
                      reward/feet_phase: 0.3219
             reward/feet_phase_contrast: 0.6456
             reward/feet_contact_number: 0.4656
                   reward/feet_air_time: 0.0012
                     reward/under_speed: -0.1677
                       reward/feet_slip: -0.0017
                  reward/feet_clearance: -0.0073
                       reward/lin_vel_z: -0.0028
                      reward/ang_vel_xy: -0.1445
                     reward/base_height: -0.0165
                     reward/orientation: -0.0333
                            reward/pose: -0.0056
                     reward/action_rate: -0.0484
                      reward/action_acc: -0.1275
--------------------------------------------------------------------------------
                         Iteration time: 0.54s
                           Time elapsed: 00:01:24
                                    ETA: 00:00:34

################################################################################
[1m                           Learning iteration 177/250                           [0m 

                            Total steps: 2187264 
                       Steps per second: 24428 
                        Collection time: 0.440s 
                          Learning time: 0.063s 
                        Mean value loss: 0.0164
                    Mean surrogate loss: -0.0108
                      Mean entropy loss: 4.6350
                            Mean reward: 9.00
                    Mean episode length: 259.23
                        Mean action std: 0.38
                reward/tracking_lin_vel: 1.1494
                reward/tracking_ang_vel: 0.1183
                      reward/feet_phase: 0.3459
             reward/feet_phase_contrast: 0.6601
             reward/feet_contact_number: 0.4624
                   reward/feet_air_time: 0.0004
                     reward/under_speed: -0.1659
                       reward/feet_slip: -0.0020
                  reward/feet_clearance: -0.0080
                       reward/lin_vel_z: -0.0029
                      reward/ang_vel_xy: -0.1630
                     reward/base_height: -0.0079
                     reward/orientation: -0.0299
                            reward/pose: -0.0056
                     reward/action_rate: -0.0504
                      reward/action_acc: -0.1306
--------------------------------------------------------------------------------
                         Iteration time: 0.50s
                           Time elapsed: 00:01:24
                                    ETA: 00:00:34

################################################################################
[1m                           Learning iteration 178/250                           [0m 

                            Total steps: 2199552 
                       Steps per second: 23951 
                        Collection time: 0.447s 
                          Learning time: 0.066s 
                        Mean value loss: 0.0324
                    Mean surrogate loss: -0.0103
                      Mean entropy loss: 4.6024
                            Mean reward: 9.97
                    Mean episode length: 279.06
                        Mean action std: 0.38
                reward/tracking_lin_vel: 1.1527
                reward/tracking_ang_vel: 0.1161
                      reward/feet_phase: 0.4768
             reward/feet_phase_contrast: 0.6989
             reward/feet_contact_number: 0.4654
                   reward/feet_air_time: 0.0000
                     reward/under_speed: -0.1625
                       reward/feet_slip: -0.0023
                  reward/feet_clearance: -0.0087
                       reward/lin_vel_z: -0.0034
                      reward/ang_vel_xy: -0.1852
                     reward/base_height: -0.0140
                     reward/orientation: -0.0321
                            reward/pose: -0.0057
                     reward/action_rate: -0.0518
                      reward/action_acc: -0.1325
--------------------------------------------------------------------------------
                         Iteration time: 0.51s
                           Time elapsed: 00:01:25
                                    ETA: 00:00:33

################################################################################
[1m                           Learning iteration 179/250                           [0m 

                            Total steps: 2211840 
                       Steps per second: 24307 
                        Collection time: 0.441s 
                          Learning time: 0.065s 
                        Mean value loss: 0.0180
                    Mean surrogate loss: -0.0086
                      Mean entropy loss: 4.5812
                            Mean reward: 10.47
                    Mean episode length: 292.42
                        Mean action std: 0.38
                reward/tracking_lin_vel: 1.1577
                reward/tracking_ang_vel: 0.1132
                      reward/feet_phase: 0.4062
             reward/feet_phase_contrast: 0.7212
             reward/feet_contact_number: 0.4651
                   reward/feet_air_time: 0.0004
                     reward/under_speed: -0.1613
                       reward/feet_slip: -0.0025
                  reward/feet_clearance: -0.0093
                       reward/lin_vel_z: -0.0035
                      reward/ang_vel_xy: -0.1884
                     reward/base_height: -0.0119
                     reward/orientation: -0.0296
                            reward/pose: -0.0056
                     reward/action_rate: -0.0523
                      reward/action_acc: -0.1320
--------------------------------------------------------------------------------
                         Iteration time: 0.51s
                           Time elapsed: 00:01:25
                                    ETA: 00:00:33

################################################################################
[1m                           Learning iteration 180/250                           [0m 

                            Total steps: 2224128 
                       Steps per second: 23525 
                        Collection time: 0.457s 
                          Learning time: 0.065s 
                        Mean value loss: 0.0180
                    Mean surrogate loss: -0.0093
                      Mean entropy loss: 4.5642
                            Mean reward: 10.89
                    Mean episode length: 301.86
                        Mean action std: 0.38
                reward/tracking_lin_vel: 1.1638
                reward/tracking_ang_vel: 0.1142
                      reward/feet_phase: 0.3690
             reward/feet_phase_contrast: 0.7477
             reward/feet_contact_number: 0.4611
                   reward/feet_air_time: 0.0000
                     reward/under_speed: -0.1611
                       reward/feet_slip: -0.0026
                  reward/feet_clearance: -0.0096
                       reward/lin_vel_z: -0.0036
                      reward/ang_vel_xy: -0.1863
                     reward/base_height: -0.0044
                     reward/orientation: -0.0269
                            reward/pose: -0.0058
                     reward/action_rate: -0.0533
                      reward/action_acc: -0.1333
--------------------------------------------------------------------------------
                         Iteration time: 0.52s
                           Time elapsed: 00:01:26
                                    ETA: 00:00:32

################################################################################
[1m                           Learning iteration 181/250                           [0m 

                            Total steps: 2236416 
                       Steps per second: 23924 
                        Collection time: 0.442s 
                          Learning time: 0.072s 
                        Mean value loss: 0.0168
                    Mean surrogate loss: -0.0092
                      Mean entropy loss: 4.5424
                            Mean reward: 10.89
                    Mean episode length: 301.86
                        Mean action std: 0.38
                reward/tracking_lin_vel: 1.1726
                reward/tracking_ang_vel: 0.1118
                      reward/feet_phase: 0.4519
             reward/feet_phase_contrast: 0.7578
             reward/feet_contact_number: 0.4607
                   reward/feet_air_time: 0.0000
                     reward/under_speed: -0.1592
                       reward/feet_slip: -0.0028
                  reward/feet_clearance: -0.0100
                       reward/lin_vel_z: -0.0038
                      reward/ang_vel_xy: -0.1870
                     reward/base_height: -0.0043
                     reward/orientation: -0.0275
                            reward/pose: -0.0058
                     reward/action_rate: -0.0534
                      reward/action_acc: -0.1330
--------------------------------------------------------------------------------
                         Iteration time: 0.51s
                           Time elapsed: 00:01:26
                                    ETA: 00:00:32

################################################################################
[1m                           Learning iteration 182/250                           [0m 

                            Total steps: 2248704 
                       Steps per second: 24373 
                        Collection time: 0.436s 
                          Learning time: 0.068s 
                        Mean value loss: 0.0200
                    Mean surrogate loss: -0.0119
                      Mean entropy loss: 4.5325
                            Mean reward: 11.30
                    Mean episode length: 311.26
                        Mean action std: 0.38
                reward/tracking_lin_vel: 1.1775
                reward/tracking_ang_vel: 0.1117
                      reward/feet_phase: 0.5127
             reward/feet_phase_contrast: 0.7682
             reward/feet_contact_number: 0.4635
                   reward/feet_air_time: 0.0000
                     reward/under_speed: -0.1586
                       reward/feet_slip: -0.0030
                  reward/feet_clearance: -0.0106
                       reward/lin_vel_z: -0.0043
                      reward/ang_vel_xy: -0.1917
                     reward/base_height: -0.0042
                     reward/orientation: -0.0279
                            reward/pose: -0.0059
                     reward/action_rate: -0.0552
                      reward/action_acc: -0.1355
--------------------------------------------------------------------------------
                         Iteration time: 0.50s
                           Time elapsed: 00:01:27
                                    ETA: 00:00:31

################################################################################
[1m                           Learning iteration 183/250                           [0m 

                            Total steps: 2260992 
                       Steps per second: 28848 
                        Collection time: 0.362s 
                          Learning time: 0.064s 
                        Mean value loss: 3.4026
                    Mean surrogate loss: -0.0086
                      Mean entropy loss: 4.5212
                            Mean reward: 11.30
                    Mean episode length: 311.26
                        Mean action std: 0.38
                reward/tracking_lin_vel: 0.7261
                reward/tracking_ang_vel: 0.0993
                      reward/feet_phase: 0.3774
             reward/feet_phase_contrast: 0.7470
             reward/feet_contact_number: 0.4466
                   reward/feet_air_time: 0.0868
                     reward/under_speed: -0.1348
                       reward/feet_slip: -0.0057
                  reward/feet_clearance: -0.0184
                       reward/lin_vel_z: -0.0186
                      reward/ang_vel_xy: -0.3558
                     reward/base_height: -0.0228
                     reward/orientation: -0.1345
                            reward/pose: -0.0075
                     reward/action_rate: -0.0564
                      reward/action_acc: -0.1384
--------------------------------------------------------------------------------
                         Iteration time: 0.43s
                           Time elapsed: 00:01:27
                                    ETA: 00:00:31

################################################################################
[1m                           Learning iteration 184/250                           [0m 

                            Total steps: 2273280 
                       Steps per second: 29815 
                        Collection time: 0.349s 
                          Learning time: 0.064s 
                        Mean value loss: 0.2072
                    Mean surrogate loss: -0.0116
                      Mean entropy loss: 4.5151
                            Mean reward: 17.82
                    Mean episode length: 471.73
                        Mean action std: 0.38
                reward/tracking_lin_vel: 0.7277
                reward/tracking_ang_vel: 0.0965
                      reward/feet_phase: 0.4171
             reward/feet_phase_contrast: 0.7435
             reward/feet_contact_number: 0.4289
                   reward/feet_air_time: 0.1793
                     reward/under_speed: -0.1284
                       reward/feet_slip: -0.0046
                  reward/feet_clearance: -0.0178
                       reward/lin_vel_z: -0.0378
                      reward/ang_vel_xy: -0.7515
                     reward/base_height: -1.4883
                     reward/orientation: -0.7287
                            reward/pose: -0.0090
                     reward/action_rate: -0.0533
                      reward/action_acc: -0.1315
             Metrics/twist/error_vel_xy: 0.3609
            Metrics/twist/error_vel_yaw: 0.2596
        Episode_Reward/tracking_lin_vel: 0.4976
        Episode_Reward/tracking_ang_vel: 0.0550
              Episode_Reward/feet_phase: 0.1782
     Episode_Reward/feet_phase_contrast: 0.3086
     Episode_Reward/feet_contact_number: 0.2107
           Episode_Reward/feet_air_time: 0.0092
             Episode_Reward/under_speed: -0.0734
               Episode_Reward/feet_slip: -0.0011
          Episode_Reward/feet_clearance: -0.0043
               Episode_Reward/lin_vel_z: -0.0037
              Episode_Reward/ang_vel_xy: -0.1018
             Episode_Reward/base_height: -0.0649
             Episode_Reward/orientation: -0.0441
                    Episode_Reward/pose: -0.0030
             Episode_Reward/action_rate: -0.0230
              Episode_Reward/action_acc: -0.0599
           Episode_Termination/time_out: 0.0435
    Episode_Termination/bad_orientation: 11.3043
--------------------------------------------------------------------------------
                         Iteration time: 0.41s
                           Time elapsed: 00:01:28
                                    ETA: 00:00:30

################################################################################
[1m                           Learning iteration 185/250                           [0m 

                            Total steps: 2285568 
                       Steps per second: 25197 
                        Collection time: 0.422s 
                          Learning time: 0.065s 
                        Mean value loss: 0.2132
                    Mean surrogate loss: -0.0122
                      Mean entropy loss: 4.5041
                            Mean reward: 16.94
                    Mean episode length: 466.92
                        Mean action std: 0.38
                reward/tracking_lin_vel: 1.1003
                reward/tracking_ang_vel: 0.1080
                      reward/feet_phase: 0.5769
             reward/feet_phase_contrast: 0.8516
             reward/feet_contact_number: 0.4624
                   reward/feet_air_time: 0.0264
                     reward/under_speed: -0.1400
                       reward/feet_slip: -0.0038
                  reward/feet_clearance: -0.0143
                       reward/lin_vel_z: -0.0123
                      reward/ang_vel_xy: -0.3274
                     reward/base_height: -0.5075
                     reward/orientation: -0.2286
                            reward/pose: -0.0065
                     reward/action_rate: -0.0560
                      reward/action_acc: -0.1368
             Metrics/twist/error_vel_xy: 0.4024
            Metrics/twist/error_vel_yaw: 0.3057
        Episode_Reward/tracking_lin_vel: 0.5046
        Episode_Reward/tracking_ang_vel: 0.0568
              Episode_Reward/feet_phase: 0.1780
     Episode_Reward/feet_phase_contrast: 0.3028
     Episode_Reward/feet_contact_number: 0.2180
           Episode_Reward/feet_air_time: 0.0088
             Episode_Reward/under_speed: -0.0772
               Episode_Reward/feet_slip: -0.0010
          Episode_Reward/feet_clearance: -0.0040
               Episode_Reward/lin_vel_z: -0.0027
              Episode_Reward/ang_vel_xy: -0.0951
             Episode_Reward/base_height: -0.0815
             Episode_Reward/orientation: -0.0519
                    Episode_Reward/pose: -0.0032
             Episode_Reward/action_rate: -0.0234
              Episode_Reward/action_acc: -0.0617
           Episode_Termination/time_out: 0.0000
    Episode_Termination/bad_orientation: 4.1364
--------------------------------------------------------------------------------
                         Iteration time: 0.49s
                           Time elapsed: 00:01:28
                                    ETA: 00:00:30

################################################################################
[1m                           Learning iteration 186/250                           [0m 

                            Total steps: 2297856 
                       Steps per second: 25447 
                        Collection time: 0.418s 
                          Learning time: 0.065s 
                        Mean value loss: 0.1107
                    Mean surrogate loss: -0.0118
                      Mean entropy loss: 4.4953
                            Mean reward: 12.26
                    Mean episode length: 361.78
                        Mean action std: 0.38
                reward/tracking_lin_vel: 1.1449
                reward/tracking_ang_vel: 0.1070
                      reward/feet_phase: 0.4782
             reward/feet_phase_contrast: 0.7981
             reward/feet_contact_number: 0.4588
                   reward/feet_air_time: 0.0140
                     reward/under_speed: -0.1491
                       reward/feet_slip: -0.0036
                  reward/feet_clearance: -0.0132
                       reward/lin_vel_z: -0.0084
                      reward/ang_vel_xy: -0.2672
                     reward/base_height: -0.2657
                     reward/orientation: -0.1376
                            reward/pose: -0.0066
                     reward/action_rate: -0.0578
                      reward/action_acc: -0.1390
             Metrics/twist/error_vel_xy: 0.3970
            Metrics/twist/error_vel_yaw: 0.2591
        Episode_Reward/tracking_lin_vel: 0.2191
        Episode_Reward/tracking_ang_vel: 0.0255
              Episode_Reward/feet_phase: 0.0810
     Episode_Reward/feet_phase_contrast: 0.1357
     Episode_Reward/feet_contact_number: 0.1004
           Episode_Reward/feet_air_time: 0.0076
             Episode_Reward/under_speed: -0.0355
               Episode_Reward/feet_slip: -0.0005
          Episode_Reward/feet_clearance: -0.0022
               Episode_Reward/lin_vel_z: -0.0018
              Episode_Reward/ang_vel_xy: -0.0583
             Episode_Reward/base_height: -0.0849
             Episode_Reward/orientation: -0.0447
                    Episode_Reward/pose: -0.0016
             Episode_Reward/action_rate: -0.0112
              Episode_Reward/action_acc: -0.0292
           Episode_Termination/time_out: 0.0000
    Episode_Termination/bad_orientation: 1.8571
--------------------------------------------------------------------------------
                         Iteration time: 0.48s
                           Time elapsed: 00:01:29
                                    ETA: 00:00:30

################################################################################
[1m                           Learning iteration 187/250                           [0m 

                            Total steps: 2310144 
                       Steps per second: 24632 
                        Collection time: 0.434s 
                          Learning time: 0.065s 
                        Mean value loss: 0.0997
                    Mean surrogate loss: -0.0099
                      Mean entropy loss: 4.4915
                            Mean reward: 8.39
                    Mean episode length: 275.14
                        Mean action std: 0.38
                reward/tracking_lin_vel: 1.1989
                reward/tracking_ang_vel: 0.1073
                      reward/feet_phase: 0.4254
             reward/feet_phase_contrast: 0.8370
             reward/feet_contact_number: 0.4580
                   reward/feet_air_time: 0.0048
                     reward/under_speed: -0.1489
                       reward/feet_slip: -0.0039
                  reward/feet_clearance: -0.0120
                       reward/lin_vel_z: -0.0073
                      reward/ang_vel_xy: -0.2294
                     reward/base_height: -0.1090
                     reward/orientation: -0.0761
                            reward/pose: -0.0061
                     reward/action_rate: -0.0576
                      reward/action_acc: -0.1384
             Metrics/twist/error_vel_xy: 0.3289
            Metrics/twist/error_vel_yaw: 0.2515
        Episode_Reward/tracking_lin_vel: 0.0690
        Episode_Reward/tracking_ang_vel: 0.0084
              Episode_Reward/feet_phase: 0.0350
     Episode_Reward/feet_phase_contrast: 0.0560
     Episode_Reward/feet_contact_number: 0.0369
           Episode_Reward/feet_air_time: 0.0045
             Episode_Reward/under_speed: -0.0108
               Episode_Reward/feet_slip: -0.0004
          Episode_Reward/feet_clearance: -0.0011
               Episode_Reward/lin_vel_z: -0.0019
              Episode_Reward/ang_vel_xy: -0.0435
             Episode_Reward/base_height: -0.0761
             Episode_Reward/orientation: -0.0399
                    Episode_Reward/pose: -0.0007
             Episode_Reward/action_rate: -0.0047
              Episode_Reward/action_acc: -0.0111
           Episode_Termination/time_out: 0.0000
    Episode_Termination/bad_orientation: 1.3333
--------------------------------------------------------------------------------
                         Iteration time: 0.50s
                           Time elapsed: 00:01:29
                                    ETA: 00:00:29

################################################################################
[1m                           Learning iteration 188/250                           [0m 

                            Total steps: 2322432 
                       Steps per second: 23433 
                        Collection time: 0.459s 
                          Learning time: 0.065s 
                        Mean value loss: 0.0387
                    Mean surrogate loss: -0.0115
                      Mean entropy loss: 4.4840
                            Mean reward: 5.75
                    Mean episode length: 212.37
                        Mean action std: 0.38
                reward/tracking_lin_vel: 1.1989
                reward/tracking_ang_vel: 0.1079
                      reward/feet_phase: 0.4716
             reward/feet_phase_contrast: 0.8288
             reward/feet_contact_number: 0.4619
                   reward/feet_air_time: 0.0014
                     reward/under_speed: -0.1513
                       reward/feet_slip: -0.0038
                  reward/feet_clearance: -0.0125
                       reward/lin_vel_z: -0.0068
                      reward/ang_vel_xy: -0.2363
                     reward/base_height: -0.0942
                     reward/orientation: -0.0658
                            reward/pose: -0.0061
                     reward/action_rate: -0.0596
                      reward/action_acc: -0.1416
             Metrics/twist/error_vel_xy: 0.3599
            Metrics/twist/error_vel_yaw: 0.3060
        Episode_Reward/tracking_lin_vel: 0.1272
        Episode_Reward/tracking_ang_vel: 0.0149
              Episode_Reward/feet_phase: 0.0569
     Episode_Reward/feet_phase_contrast: 0.0935
     Episode_Reward/feet_contact_number: 0.0640
           Episode_Reward/feet_air_time: 0.0060
             Episode_Reward/under_speed: -0.0203
               Episode_Reward/feet_slip: -0.0006
          Episode_Reward/feet_clearance: -0.0017
               Episode_Reward/lin_vel_z: -0.0024
              Episode_Reward/ang_vel_xy: -0.0541
             Episode_Reward/base_height: -0.0726
             Episode_Reward/orientation: -0.0437
                    Episode_Reward/pose: -0.0010
             Episode_Reward/action_rate: -0.0081
              Episode_Reward/action_acc: -0.0195
           Episode_Termination/time_out: 0.0000
    Episode_Termination/bad_orientation: 1.4167
--------------------------------------------------------------------------------
                         Iteration time: 0.52s
                           Time elapsed: 00:01:30
                                    ETA: 00:00:29

################################################################################
[1m                           Learning iteration 189/250                           [0m 

                            Total steps: 2334720 
                       Steps per second: 25061 
                        Collection time: 0.425s 
                          Learning time: 0.065s 
                        Mean value loss: 0.0548
                    Mean surrogate loss: -0.0090
                      Mean entropy loss: 4.4655
                            Mean reward: 5.12
                    Mean episode length: 197.10
                        Mean action std: 0.38
                reward/tracking_lin_vel: 1.2261
                reward/tracking_ang_vel: 0.1062
                      reward/feet_phase: 0.5739
             reward/feet_phase_contrast: 0.8402
             reward/feet_contact_number: 0.4625
                   reward/feet_air_time: 0.0020
                     reward/under_speed: -0.1498
                       reward/feet_slip: -0.0038
                  reward/feet_clearance: -0.0126
                       reward/lin_vel_z: -0.0062
                      reward/ang_vel_xy: -0.2190
                     reward/base_height: -0.0280
                     reward/orientation: -0.0407
                            reward/pose: -0.0060
                     reward/action_rate: -0.0597
                      reward/action_acc: -0.1401
--------------------------------------------------------------------------------
                         Iteration time: 0.49s
                           Time elapsed: 00:01:30
                                    ETA: 00:00:28

################################################################################
[1m                           Learning iteration 190/250                           [0m 

                            Total steps: 2347008 
                       Steps per second: 24282 
                        Collection time: 0.441s 
                          Learning time: 0.065s 
                        Mean value loss: 0.0432
                    Mean surrogate loss: -0.0113
                      Mean entropy loss: 4.4491
                            Mean reward: 4.92
                    Mean episode length: 189.73
                        Mean action std: 0.38
                reward/tracking_lin_vel: 1.2276
                reward/tracking_ang_vel: 0.1052
                      reward/feet_phase: 0.4399
             reward/feet_phase_contrast: 0.8419
             reward/feet_contact_number: 0.4621
                   reward/feet_air_time: 0.0004
                     reward/under_speed: -0.1503
                       reward/feet_slip: -0.0039
                  reward/feet_clearance: -0.0127
                       reward/lin_vel_z: -0.0065
                      reward/ang_vel_xy: -0.2173
                     reward/base_height: -0.0210
                     reward/orientation: -0.0370
                            reward/pose: -0.0059
                     reward/action_rate: -0.0610
                      reward/action_acc: -0.1438
--------------------------------------------------------------------------------
                         Iteration time: 0.51s
                           Time elapsed: 00:01:31
                                    ETA: 00:00:28

################################################################################
[1m                           Learning iteration 191/250                           [0m 

                            Total steps: 2359296 
                       Steps per second: 24690 
                        Collection time: 0.434s 
                          Learning time: 0.064s 
                        Mean value loss: 0.0306
                    Mean surrogate loss: -0.0099
                      Mean entropy loss: 4.4316
                            Mean reward: 4.71
                    Mean episode length: 184.58
                        Mean action std: 0.38
                reward/tracking_lin_vel: 1.2376
                reward/tracking_ang_vel: 0.1045
                      reward/feet_phase: 0.4286
             reward/feet_phase_contrast: 0.8542
             reward/feet_contact_number: 0.4590
                   reward/feet_air_time: 0.0000
                     reward/under_speed: -0.1485
                       reward/feet_slip: -0.0041
                  reward/feet_clearance: -0.0131
                       reward/lin_vel_z: -0.0063
                      reward/ang_vel_xy: -0.2311
                     reward/base_height: -0.0225
                     reward/orientation: -0.0367
                            reward/pose: -0.0057
                     reward/action_rate: -0.0615
                      reward/action_acc: -0.1440
--------------------------------------------------------------------------------
                         Iteration time: 0.50s
                           Time elapsed: 00:01:31
                                    ETA: 00:00:27

################################################################################
[1m                           Learning iteration 192/250                           [0m 

                            Total steps: 2371584 
                       Steps per second: 24161 
                        Collection time: 0.445s 
                          Learning time: 0.064s 
                        Mean value loss: 0.0273
                    Mean surrogate loss: -0.0078
                      Mean entropy loss: 4.4110
                            Mean reward: 7.16
                    Mean episode length: 235.34
                        Mean action std: 0.38
                reward/tracking_lin_vel: 1.2494
                reward/tracking_ang_vel: 0.1030
                      reward/feet_phase: 0.5622
             reward/feet_phase_contrast: 0.8621
             reward/feet_contact_number: 0.4575
                   reward/feet_air_time: 0.0002
                     reward/under_speed: -0.1472
                       reward/feet_slip: -0.0045
                  reward/feet_clearance: -0.0137
                       reward/lin_vel_z: -0.0069
                      reward/ang_vel_xy: -0.2300
                     reward/base_height: -0.0086
                     reward/orientation: -0.0314
                            reward/pose: -0.0057
                     reward/action_rate: -0.0634
                      reward/action_acc: -0.1471
--------------------------------------------------------------------------------
                         Iteration time: 0.51s
                           Time elapsed: 00:01:32
                                    ETA: 00:00:27

################################################################################
[1m                           Learning iteration 193/250                           [0m 

                            Total steps: 2383872 
                       Steps per second: 22375 
                        Collection time: 0.473s 
                          Learning time: 0.076s 
                        Mean value loss: 0.0483
                    Mean surrogate loss: -0.0089
                      Mean entropy loss: 4.3924
                            Mean reward: 11.43
                    Mean episode length: 315.10
                        Mean action std: 0.38
                reward/tracking_lin_vel: 1.2586
                reward/tracking_ang_vel: 0.1012
                      reward/feet_phase: 0.5520
             reward/feet_phase_contrast: 0.8820
             reward/feet_contact_number: 0.4564
                   reward/feet_air_time: 0.0012
                     reward/under_speed: -0.1447
                       reward/feet_slip: -0.0043
                  reward/feet_clearance: -0.0140
                       reward/lin_vel_z: -0.0072
                      reward/ang_vel_xy: -0.2378
                     reward/base_height: -0.0106
                     reward/orientation: -0.0323
                            reward/pose: -0.0057
                     reward/action_rate: -0.0628
                      reward/action_acc: -0.1452
--------------------------------------------------------------------------------
                         Iteration time: 0.55s
                           Time elapsed: 00:01:32
                                    ETA: 00:00:26

################################################################################
[1m                           Learning iteration 194/250                           [0m 

                            Total steps: 2396160 
                       Steps per second: 21802 
                        Collection time: 0.492s 
                          Learning time: 0.072s 
                        Mean value loss: 0.0524
                    Mean surrogate loss: -0.0090
                      Mean entropy loss: 4.3678
                            Mean reward: 13.79
                    Mean episode length: 364.91
                        Mean action std: 0.37
                reward/tracking_lin_vel: 1.2652
                reward/tracking_ang_vel: 0.1022
                      reward/feet_phase: 0.4438
             reward/feet_phase_contrast: 0.8911
             reward/feet_contact_number: 0.4540
                   reward/feet_air_time: 0.0008
                     reward/under_speed: -0.1434
                       reward/feet_slip: -0.0045
                  reward/feet_clearance: -0.0148
                       reward/lin_vel_z: -0.0077
                      reward/ang_vel_xy: -0.2445
                     reward/base_height: -0.0269
                     reward/orientation: -0.0388
                            reward/pose: -0.0058
                     reward/action_rate: -0.0652
                      reward/action_acc: -0.1491
             Metrics/twist/error_vel_xy: 0.4832
            Metrics/twist/error_vel_yaw: 0.5037
        Episode_Reward/tracking_lin_vel: 0.7791
        Episode_Reward/tracking_ang_vel: 0.0824
              Episode_Reward/feet_phase: 0.2578
     Episode_Reward/feet_phase_contrast: 0.4425
     Episode_Reward/feet_contact_number: 0.3252
           Episode_Reward/feet_air_time: 0.0060
             Episode_Reward/under_speed: -0.1184
               Episode_Reward/feet_slip: -0.0012
          Episode_Reward/feet_clearance: -0.0049
               Episode_Reward/lin_vel_z: -0.0019
              Episode_Reward/ang_vel_xy: -0.1083
             Episode_Reward/base_height: -0.0301
             Episode_Reward/orientation: -0.0281
                    Episode_Reward/pose: -0.0053
             Episode_Reward/action_rate: -0.0343
              Episode_Reward/action_acc: -0.0910
           Episode_Termination/time_out: 0.7500
    Episode_Termination/bad_orientation: 0.3750
--------------------------------------------------------------------------------
                         Iteration time: 0.56s
                           Time elapsed: 00:01:33
                                    ETA: 00:00:26

################################################################################
[1m                           Learning iteration 195/250                           [0m 

                            Total steps: 2408448 
                       Steps per second: 21787 
                        Collection time: 0.493s 
                          Learning time: 0.071s 
                        Mean value loss: 0.0345
                    Mean surrogate loss: -0.0073
                      Mean entropy loss: 4.3479
                            Mean reward: 13.86
                    Mean episode length: 366.98
                        Mean action std: 0.37
                reward/tracking_lin_vel: 1.2783
                reward/tracking_ang_vel: 0.1000
                      reward/feet_phase: 0.4984
             reward/feet_phase_contrast: 0.9047
             reward/feet_contact_number: 0.4560
                   reward/feet_air_time: 0.0003
                     reward/under_speed: -0.1423
                       reward/feet_slip: -0.0049
                  reward/feet_clearance: -0.0151
                       reward/lin_vel_z: -0.0079
                      reward/ang_vel_xy: -0.2490
                     reward/base_height: -0.0265
                     reward/orientation: -0.0353
                            reward/pose: -0.0058
                     reward/action_rate: -0.0659
                      reward/action_acc: -0.1500
             Metrics/twist/error_vel_xy: 0.4010
            Metrics/twist/error_vel_yaw: 0.3130
        Episode_Reward/tracking_lin_vel: 0.3287
        Episode_Reward/tracking_ang_vel: 0.0413
              Episode_Reward/feet_phase: 0.1210
     Episode_Reward/feet_phase_contrast: 0.2065
     Episode_Reward/feet_contact_number: 0.1726
           Episode_Reward/feet_air_time: 0.0025
             Episode_Reward/under_speed: -0.0660
               Episode_Reward/feet_slip: -0.0005
          Episode_Reward/feet_clearance: -0.0023
               Episode_Reward/lin_vel_z: -0.0016
              Episode_Reward/ang_vel_xy: -0.0634
             Episode_Reward/base_height: -0.0675
             Episode_Reward/orientation: -0.0328
                    Episode_Reward/pose: -0.0027
             Episode_Reward/action_rate: -0.0180
              Episode_Reward/action_acc: -0.0479
           Episode_Termination/time_out: 0.3333
    Episode_Termination/bad_orientation: 1.0000
--------------------------------------------------------------------------------
                         Iteration time: 0.56s
                           Time elapsed: 00:01:33
                                    ETA: 00:00:25

################################################################################
[1m                           Learning iteration 196/250                           [0m 

                            Total steps: 2420736 
                       Steps per second: 23971 
                        Collection time: 0.446s 
                          Learning time: 0.066s 
                        Mean value loss: 0.0205
                    Mean surrogate loss: -0.0073
                      Mean entropy loss: 4.3444
                            Mean reward: 16.10
                    Mean episode length: 407.59
                        Mean action std: 0.37
                reward/tracking_lin_vel: 1.2926
                reward/tracking_ang_vel: 0.0994
                      reward/feet_phase: 0.6366
             reward/feet_phase_contrast: 0.9246
             reward/feet_contact_number: 0.4549
                   reward/feet_air_time: 0.0003
                     reward/under_speed: -0.1417
                       reward/feet_slip: -0.0045
                  reward/feet_clearance: -0.0151
                       reward/lin_vel_z: -0.0080
                      reward/ang_vel_xy: -0.2355
                     reward/base_height: -0.0078
                     reward/orientation: -0.0307
                            reward/pose: -0.0058
                     reward/action_rate: -0.0659
                      reward/action_acc: -0.1508
             Metrics/twist/error_vel_xy: 0.3915
            Metrics/twist/error_vel_yaw: 0.4666
        Episode_Reward/tracking_lin_vel: 1.0715
        Episode_Reward/tracking_ang_vel: 0.1078
              Episode_Reward/feet_phase: 0.3762
     Episode_Reward/feet_phase_contrast: 0.6446
     Episode_Reward/feet_contact_number: 0.3931
           Episode_Reward/feet_air_time: 0.0029
             Episode_Reward/under_speed: -0.1331
               Episode_Reward/feet_slip: -0.0025
          Episode_Reward/feet_clearance: -0.0097
               Episode_Reward/lin_vel_z: -0.0058
              Episode_Reward/ang_vel_xy: -0.1220
             Episode_Reward/base_height: -0.0120
             Episode_Reward/orientation: -0.0318
                    Episode_Reward/pose: -0.0050
             Episode_Reward/action_rate: -0.0461
              Episode_Reward/action_acc: -0.1171
           Episode_Termination/time_out: 0.8000
    Episode_Termination/bad_orientation: 0.2000
--------------------------------------------------------------------------------
                         Iteration time: 0.51s
                           Time elapsed: 00:01:34
                                    ETA: 00:00:25

################################################################################
[1m                           Learning iteration 197/250                           [0m 

                            Total steps: 2433024 
                       Steps per second: 25068 
                        Collection time: 0.425s 
                          Learning time: 0.065s 
                        Mean value loss: 0.0201
                    Mean surrogate loss: -0.0111
                      Mean entropy loss: 4.3287
                            Mean reward: 16.35
                    Mean episode length: 413.31
                        Mean action std: 0.37
                reward/tracking_lin_vel: 1.2931
                reward/tracking_ang_vel: 0.1004
                      reward/feet_phase: 0.4982
             reward/feet_phase_contrast: 0.9216
             reward/feet_contact_number: 0.4618
                   reward/feet_air_time: 0.0001
                     reward/under_speed: -0.1417
                       reward/feet_slip: -0.0051
                  reward/feet_clearance: -0.0154
                       reward/lin_vel_z: -0.0080
                      reward/ang_vel_xy: -0.2435
                     reward/base_height: -0.0049
                     reward/orientation: -0.0291
                            reward/pose: -0.0062
                     reward/action_rate: -0.0672
                      reward/action_acc: -0.1515
--------------------------------------------------------------------------------
                         Iteration time: 0.49s
                           Time elapsed: 00:01:34
                                    ETA: 00:00:24

################################################################################
[1m                           Learning iteration 198/250                           [0m 

                            Total steps: 2445312 
                       Steps per second: 24629 
                        Collection time: 0.431s 
                          Learning time: 0.068s 
                        Mean value loss: 0.0208
                    Mean surrogate loss: -0.0092
                      Mean entropy loss: 4.3055
                            Mean reward: 16.42
                    Mean episode length: 414.74
                        Mean action std: 0.37
                reward/tracking_lin_vel: 1.3066
                reward/tracking_ang_vel: 0.0975
                      reward/feet_phase: 0.4686
             reward/feet_phase_contrast: 0.9378
             reward/feet_contact_number: 0.4569
                   reward/feet_air_time: 0.0002
                     reward/under_speed: -0.1391
                       reward/feet_slip: -0.0052
                  reward/feet_clearance: -0.0160
                       reward/lin_vel_z: -0.0083
                      reward/ang_vel_xy: -0.2507
                     reward/base_height: -0.0049
                     reward/orientation: -0.0291
                            reward/pose: -0.0063
                     reward/action_rate: -0.0679
                      reward/action_acc: -0.1532
--------------------------------------------------------------------------------
                         Iteration time: 0.50s
                           Time elapsed: 00:01:35
                                    ETA: 00:00:24

################################################################################
[1m                           Learning iteration 199/250                           [0m 

                            Total steps: 2457600 
                       Steps per second: 24867 
                        Collection time: 0.428s 
                          Learning time: 0.066s 
                        Mean value loss: 2.6232
                    Mean surrogate loss: -0.0080
                      Mean entropy loss: 4.2927
                            Mean reward: 16.42
                    Mean episode length: 414.74
                        Mean action std: 0.37
                reward/tracking_lin_vel: 1.3172
                reward/tracking_ang_vel: 0.0982
                      reward/feet_phase: 0.5968
             reward/feet_phase_contrast: 0.9472
             reward/feet_contact_number: 0.4572
                   reward/feet_air_time: 0.0008
                     reward/under_speed: -0.1375
                       reward/feet_slip: -0.0051
                  reward/feet_clearance: -0.0161
                       reward/lin_vel_z: -0.0083
                      reward/ang_vel_xy: -0.2485
                     reward/base_height: -0.0049
                     reward/orientation: -0.0299
                            reward/pose: -0.0064
                     reward/action_rate: -0.0680
                      reward/action_acc: -0.1534
--------------------------------------------------------------------------------
                         Iteration time: 0.49s
                           Time elapsed: 00:01:35
                                    ETA: 00:00:23

################################################################################
[1m                           Learning iteration 200/250                           [0m 

                            Total steps: 2469888 
                       Steps per second: 32914 
                        Collection time: 0.308s 
                          Learning time: 0.065s 
                        Mean value loss: 0.9869
                    Mean surrogate loss: -0.0122
                      Mean entropy loss: 4.3039
                            Mean reward: 27.68
                    Mean episode length: 623.70
                        Mean action std: 0.37
                reward/tracking_lin_vel: 0.5305
                reward/tracking_ang_vel: 0.0869
                      reward/feet_phase: 0.4923
             reward/feet_phase_contrast: 0.8110
             reward/feet_contact_number: 0.4420
                   reward/feet_air_time: 0.1898
                     reward/under_speed: -0.1115
                       reward/feet_slip: -0.0082
                  reward/feet_clearance: -0.0232
                       reward/lin_vel_z: -0.0432
                      reward/ang_vel_xy: -0.6351
                     reward/base_height: -0.3564
                     reward/orientation: -0.4122
                            reward/pose: -0.0097
                     reward/action_rate: -0.0652
                      reward/action_acc: -0.1470
--------------------------------------------------------------------------------
                         Iteration time: 0.37s
                           Time elapsed: 00:01:36
                                    ETA: 00:00:23

################################################################################
[1m                           Learning iteration 201/250                           [0m 

                            Total steps: 2482176 
                       Steps per second: 28521 
                        Collection time: 0.365s 
                          Learning time: 0.066s 
                        Mean value loss: 0.2123
                    Mean surrogate loss: -0.0085
                      Mean entropy loss: 4.3089
                            Mean reward: 18.26
                    Mean episode length: 428.89
                        Mean action std: 0.37
                reward/tracking_lin_vel: 0.9321
                reward/tracking_ang_vel: 0.0944
                      reward/feet_phase: 0.5057
             reward/feet_phase_contrast: 0.8512
             reward/feet_contact_number: 0.4342
                   reward/feet_air_time: 0.0900
                     reward/under_speed: -0.1216
                       reward/feet_slip: -0.0056
                  reward/feet_clearance: -0.0205
                       reward/lin_vel_z: -0.0334
                      reward/ang_vel_xy: -0.6554
                     reward/base_height: -1.3292
                     reward/orientation: -0.5471
                            reward/pose: -0.0080
                     reward/action_rate: -0.0622
                      reward/action_acc: -0.1421
             Metrics/twist/error_vel_xy: 0.3998
            Metrics/twist/error_vel_yaw: 0.3478
        Episode_Reward/tracking_lin_vel: 0.5048
        Episode_Reward/tracking_ang_vel: 0.0456
              Episode_Reward/feet_phase: 0.2137
     Episode_Reward/feet_phase_contrast: 0.3658
     Episode_Reward/feet_contact_number: 0.2002
           Episode_Reward/feet_air_time: 0.0105
             Episode_Reward/under_speed: -0.0635
               Episode_Reward/feet_slip: -0.0019
          Episode_Reward/feet_clearance: -0.0061
               Episode_Reward/lin_vel_z: -0.0044
              Episode_Reward/ang_vel_xy: -0.1205
             Episode_Reward/base_height: -0.0718
             Episode_Reward/orientation: -0.0467
                    Episode_Reward/pose: -0.0028
             Episode_Reward/action_rate: -0.0264
              Episode_Reward/action_acc: -0.0623
           Episode_Termination/time_out: 0.0417
    Episode_Termination/bad_orientation: 11.0417
--------------------------------------------------------------------------------
                         Iteration time: 0.43s
                           Time elapsed: 00:01:36
                                    ETA: 00:00:22

################################################################################
[1m                           Learning iteration 202/250                           [0m 

                            Total steps: 2494464 
                       Steps per second: 26852 
                        Collection time: 0.392s 
                          Learning time: 0.066s 
                        Mean value loss: 0.1677
                    Mean surrogate loss: -0.0116
                      Mean entropy loss: 4.3152
                            Mean reward: 18.54
                    Mean episode length: 438.03
                        Mean action std: 0.37
                reward/tracking_lin_vel: 1.2372
                reward/tracking_ang_vel: 0.0983
                      reward/feet_phase: 0.5106
             reward/feet_phase_contrast: 0.9462
             reward/feet_contact_number: 0.4583
                   reward/feet_air_time: 0.0204
                     reward/under_speed: -0.1299
                       reward/feet_slip: -0.0053
                  reward/feet_clearance: -0.0167
                       reward/lin_vel_z: -0.0123
                      reward/ang_vel_xy: -0.3195
                     reward/base_height: -0.2220
                     reward/orientation: -0.1360
                            reward/pose: -0.0066
                     reward/action_rate: -0.0668
                      reward/action_acc: -0.1503
             Metrics/twist/error_vel_xy: 0.3829
            Metrics/twist/error_vel_yaw: 0.3543
        Episode_Reward/tracking_lin_vel: 0.4777
        Episode_Reward/tracking_ang_vel: 0.0422
              Episode_Reward/feet_phase: 0.1981
     Episode_Reward/feet_phase_contrast: 0.3377
     Episode_Reward/feet_contact_number: 0.1881
           Episode_Reward/feet_air_time: 0.0094
             Episode_Reward/under_speed: -0.0584
               Episode_Reward/feet_slip: -0.0017
          Episode_Reward/feet_clearance: -0.0057
               Episode_Reward/lin_vel_z: -0.0043
              Episode_Reward/ang_vel_xy: -0.1162
             Episode_Reward/base_height: -0.0712
             Episode_Reward/orientation: -0.0512
                    Episode_Reward/pose: -0.0026
             Episode_Reward/action_rate: -0.0250
              Episode_Reward/action_acc: -0.0588
           Episode_Termination/time_out: 0.0000
    Episode_Termination/bad_orientation: 1.8500
--------------------------------------------------------------------------------
                         Iteration time: 0.46s
                           Time elapsed: 00:01:37
                                    ETA: 00:00:22

################################################################################
[1m                           Learning iteration 203/250                           [0m 

                            Total steps: 2506752 
                       Steps per second: 25097 
                        Collection time: 0.424s 
                          Learning time: 0.066s 
                        Mean value loss: 0.0824
                    Mean surrogate loss: -0.0108
                      Mean entropy loss: 4.3191
                            Mean reward: 13.47
                    Mean episode length: 338.25
                        Mean action std: 0.37
                reward/tracking_lin_vel: 1.2852
                reward/tracking_ang_vel: 0.1003
                      reward/feet_phase: 0.6509
             reward/feet_phase_contrast: 0.9432
             reward/feet_contact_number: 0.4591
                   reward/feet_air_time: 0.0040
                     reward/under_speed: -0.1327
                       reward/feet_slip: -0.0054
                  reward/feet_clearance: -0.0171
                       reward/lin_vel_z: -0.0116
                      reward/ang_vel_xy: -0.3010
                     reward/base_height: -0.1856
                     reward/orientation: -0.0995
                            reward/pose: -0.0066
                     reward/action_rate: -0.0688
                      reward/action_acc: -0.1528
             Metrics/twist/error_vel_xy: 0.3635
            Metrics/twist/error_vel_yaw: 0.2141
        Episode_Reward/tracking_lin_vel: 0.0858
        Episode_Reward/tracking_ang_vel: 0.0105
              Episode_Reward/feet_phase: 0.0410
     Episode_Reward/feet_phase_contrast: 0.0679
     Episode_Reward/feet_contact_number: 0.0465
           Episode_Reward/feet_air_time: 0.0055
             Episode_Reward/under_speed: -0.0157
               Episode_Reward/feet_slip: -0.0004
          Episode_Reward/feet_clearance: -0.0015
               Episode_Reward/lin_vel_z: -0.0019
              Episode_Reward/ang_vel_xy: -0.0449
             Episode_Reward/base_height: -0.0817
             Episode_Reward/orientation: -0.0403
                    Episode_Reward/pose: -0.0007
             Episode_Reward/action_rate: -0.0060
              Episode_Reward/action_acc: -0.0141
           Episode_Termination/time_out: 0.0000
    Episode_Termination/bad_orientation: 1.7647
--------------------------------------------------------------------------------
                         Iteration time: 0.49s
                           Time elapsed: 00:01:37
                                    ETA: 00:00:22

################################################################################
[1m                           Learning iteration 204/250                           [0m 

                            Total steps: 2519040 
                       Steps per second: 24417 
                        Collection time: 0.431s 
                          Learning time: 0.072s 
                        Mean value loss: 0.0573
                    Mean surrogate loss: -0.0087
                      Mean entropy loss: 4.3116
                            Mean reward: 11.73
                    Mean episode length: 306.84
                        Mean action std: 0.37
                reward/tracking_lin_vel: 1.3145
                reward/tracking_ang_vel: 0.0996
                      reward/feet_phase: 0.5405
             reward/feet_phase_contrast: 0.9539
             reward/feet_contact_number: 0.4569
                   reward/feet_air_time: 0.0035
                     reward/under_speed: -0.1358
                       reward/feet_slip: -0.0052
                  reward/feet_clearance: -0.0168
                       reward/lin_vel_z: -0.0100
                      reward/ang_vel_xy: -0.2643
                     reward/base_height: -0.0586
                     reward/orientation: -0.0513
                            reward/pose: -0.0065
                     reward/action_rate: -0.0701
                      reward/action_acc: -0.1557
             Metrics/twist/error_vel_xy: 0.3949
            Metrics/twist/error_vel_yaw: 0.3145
        Episode_Reward/tracking_lin_vel: 0.1151
        Episode_Reward/tracking_ang_vel: 0.0138
              Episode_Reward/feet_phase: 0.0522
     Episode_Reward/feet_phase_contrast: 0.0864
     Episode_Reward/feet_contact_number: 0.0605
           Episode_Reward/feet_air_time: 0.0060
             Episode_Reward/under_speed: -0.0205
               Episode_Reward/feet_slip: -0.0006
          Episode_Reward/feet_clearance: -0.0016
               Episode_Reward/lin_vel_z: -0.0019
              Episode_Reward/ang_vel_xy: -0.0498
             Episode_Reward/base_height: -0.0772
             Episode_Reward/orientation: -0.0429
                    Episode_Reward/pose: -0.0010
             Episode_Reward/action_rate: -0.0077
              Episode_Reward/action_acc: -0.0182
           Episode_Termination/time_out: 0.0000
    Episode_Termination/bad_orientation: 1.2222
--------------------------------------------------------------------------------
                         Iteration time: 0.50s
                           Time elapsed: 00:01:38
                                    ETA: 00:00:21

################################################################################
[1m                           Learning iteration 205/250                           [0m 

                            Total steps: 2531328 
                       Steps per second: 25346 
                        Collection time: 0.419s 
                          Learning time: 0.066s 
                        Mean value loss: 0.0337
                    Mean surrogate loss: -0.0093
                      Mean entropy loss: 4.3029
                            Mean reward: 11.24
                    Mean episode length: 298.37
                        Mean action std: 0.37
                reward/tracking_lin_vel: 1.3322
                reward/tracking_ang_vel: 0.0981
                      reward/feet_phase: 0.4795
             reward/feet_phase_contrast: 0.9594
             reward/feet_contact_number: 0.4529
                   reward/feet_air_time: 0.0036
                     reward/under_speed: -0.1364
                       reward/feet_slip: -0.0050
                  reward/feet_clearance: -0.0164
                       reward/lin_vel_z: -0.0091
                      reward/ang_vel_xy: -0.2489
                     reward/base_height: -0.0251
                     reward/orientation: -0.0395
                            reward/pose: -0.0065
                     reward/action_rate: -0.0694
                      reward/action_acc: -0.1547
--------------------------------------------------------------------------------
                         Iteration time: 0.48s
                           Time elapsed: 00:01:38
                                    ETA: 00:00:21

################################################################################
[1m                           Learning iteration 206/250                           [0m 

                            Total steps: 2543616 
                       Steps per second: 24209 
                        Collection time: 0.444s 
                          Learning time: 0.064s 
                        Mean value loss: 0.0246
                    Mean surrogate loss: -0.0119
                      Mean entropy loss: 4.2821
                            Mean reward: 10.88
                    Mean episode length: 291.32
                        Mean action std: 0.37
                reward/tracking_lin_vel: 1.3439
                reward/tracking_ang_vel: 0.0982
                      reward/feet_phase: 0.5796
             reward/feet_phase_contrast: 0.9630
             reward/feet_contact_number: 0.4598
                   reward/feet_air_time: 0.0013
                     reward/under_speed: -0.1356
                       reward/feet_slip: -0.0054
                  reward/feet_clearance: -0.0170
                       reward/lin_vel_z: -0.0098
                      reward/ang_vel_xy: -0.2509
                     reward/base_height: -0.0176
                     reward/orientation: -0.0349
                            reward/pose: -0.0069
                     reward/action_rate: -0.0713
                      reward/action_acc: -0.1581
--------------------------------------------------------------------------------
                         Iteration time: 0.51s
                           Time elapsed: 00:01:39
                                    ETA: 00:00:20

################################################################################
[1m                           Learning iteration 207/250                           [0m 

                            Total steps: 2555904 
                       Steps per second: 23944 
                        Collection time: 0.448s 
                          Learning time: 0.065s 
                        Mean value loss: 0.0230
                    Mean surrogate loss: -0.0114
                      Mean entropy loss: 4.2511
                            Mean reward: 10.88
                    Mean episode length: 291.32
                        Mean action std: 0.37
                reward/tracking_lin_vel: 1.3554
                reward/tracking_ang_vel: 0.0988
                      reward/feet_phase: 0.6585
             reward/feet_phase_contrast: 0.9795
             reward/feet_contact_number: 0.4568
                   reward/feet_air_time: 0.0000
                     reward/under_speed: -0.1339
                       reward/feet_slip: -0.0053
                  reward/feet_clearance: -0.0168
                       reward/lin_vel_z: -0.0095
                      reward/ang_vel_xy: -0.2431
                     reward/base_height: -0.0060
                     reward/orientation: -0.0312
                            reward/pose: -0.0070
                     reward/action_rate: -0.0707
                      reward/action_acc: -0.1572
--------------------------------------------------------------------------------
                         Iteration time: 0.51s
                           Time elapsed: 00:01:39
                                    ETA: 00:00:20

################################################################################
[1m                           Learning iteration 208/250                           [0m 

                            Total steps: 2568192 
                       Steps per second: 24957 
                        Collection time: 0.427s 
                          Learning time: 0.065s 
                        Mean value loss: 0.0181
                    Mean surrogate loss: -0.0095
                      Mean entropy loss: 4.2316
                            Mean reward: 10.64
                    Mean episode length: 287.95
                        Mean action std: 0.37
                reward/tracking_lin_vel: 1.3648
                reward/tracking_ang_vel: 0.0996
                      reward/feet_phase: 0.5098
             reward/feet_phase_contrast: 0.9891
             reward/feet_contact_number: 0.4573
                   reward/feet_air_time: 0.0000
                     reward/under_speed: -0.1315
                       reward/feet_slip: -0.0054
                  reward/feet_clearance: -0.0175
                       reward/lin_vel_z: -0.0103
                      reward/ang_vel_xy: -0.2615
                     reward/base_height: -0.0109
                     reward/orientation: -0.0327
                            reward/pose: -0.0073
                     reward/action_rate: -0.0736
                      reward/action_acc: -0.1610
--------------------------------------------------------------------------------
                         Iteration time: 0.49s
                           Time elapsed: 00:01:40
                                    ETA: 00:00:19

################################################################################
[1m                           Learning iteration 209/250                           [0m 

                            Total steps: 2580480 
                       Steps per second: 23998 
                        Collection time: 0.449s 
                          Learning time: 0.063s 
                        Mean value loss: 0.0239
                    Mean surrogate loss: -0.0098
                      Mean entropy loss: 4.2281
                            Mean reward: 16.63
                    Mean episode length: 397.11
                        Mean action std: 0.37
                reward/tracking_lin_vel: 1.3798
                reward/tracking_ang_vel: 0.0983
                      reward/feet_phase: 0.5172
             reward/feet_phase_contrast: 1.0009
             reward/feet_contact_number: 0.4488
                   reward/feet_air_time: 0.0007
                     reward/under_speed: -0.1287
                       reward/feet_slip: -0.0062
                  reward/feet_clearance: -0.0188
                       reward/lin_vel_z: -0.0115
                      reward/ang_vel_xy: -0.2664
                     reward/base_height: -0.0062
                     reward/orientation: -0.0308
                            reward/pose: -0.0073
                     reward/action_rate: -0.0761
                      reward/action_acc: -0.1653
--------------------------------------------------------------------------------
                         Iteration time: 0.51s
                           Time elapsed: 00:01:40
                                    ETA: 00:00:19

################################################################################
[1m                           Learning iteration 210/250                           [0m 

                            Total steps: 2592768 
                       Steps per second: 25124 
                        Collection time: 0.424s 
                          Learning time: 0.065s 
                        Mean value loss: 0.0396
                    Mean surrogate loss: -0.0101
                      Mean entropy loss: 4.2146
                            Mean reward: 17.28
                    Mean episode length: 408.90
                        Mean action std: 0.37
                reward/tracking_lin_vel: 1.3755
                reward/tracking_ang_vel: 0.0953
                      reward/feet_phase: 0.6799
             reward/feet_phase_contrast: 1.0034
             reward/feet_contact_number: 0.4512
                   reward/feet_air_time: 0.0001
                     reward/under_speed: -0.1268
                       reward/feet_slip: -0.0058
                  reward/feet_clearance: -0.0193
                       reward/lin_vel_z: -0.0130
                      reward/ang_vel_xy: -0.2976
                     reward/base_height: -0.0074
                     reward/orientation: -0.0329
                            reward/pose: -0.0074
                     reward/action_rate: -0.0793
                      reward/action_acc: -0.1683
--------------------------------------------------------------------------------
                         Iteration time: 0.49s
                           Time elapsed: 00:01:41
                                    ETA: 00:00:18

################################################################################
[1m                           Learning iteration 211/250                           [0m 

                            Total steps: 2605056 
                       Steps per second: 25437 
                        Collection time: 0.419s 
                          Learning time: 0.064s 
                        Mean value loss: 0.0358
                    Mean surrogate loss: -0.0090
                      Mean entropy loss: 4.2062
                            Mean reward: 17.28
                    Mean episode length: 408.84
                        Mean action std: 0.37
                reward/tracking_lin_vel: 1.3947
                reward/tracking_ang_vel: 0.0946
                      reward/feet_phase: 0.6142
             reward/feet_phase_contrast: 1.0259
             reward/feet_contact_number: 0.4576
                   reward/feet_air_time: 0.0008
                     reward/under_speed: -0.1230
                       reward/feet_slip: -0.0066
                  reward/feet_clearance: -0.0202
                       reward/lin_vel_z: -0.0136
                      reward/ang_vel_xy: -0.3100
                     reward/base_height: -0.0273
                     reward/orientation: -0.0372
                            reward/pose: -0.0071
                     reward/action_rate: -0.0799
                      reward/action_acc: -0.1691
--------------------------------------------------------------------------------
                         Iteration time: 0.48s
                           Time elapsed: 00:01:41
                                    ETA: 00:00:18

################################################################################
[1m                           Learning iteration 212/250                           [0m 

                            Total steps: 2617344 
                       Steps per second: 25901 
                        Collection time: 0.411s 
                          Learning time: 0.063s 
                        Mean value loss: 0.0284
                    Mean surrogate loss: -0.0104
                      Mean entropy loss: 4.1931
                            Mean reward: 18.14
                    Mean episode length: 424.56
                        Mean action std: 0.37
                reward/tracking_lin_vel: 1.4092
                reward/tracking_ang_vel: 0.0951
                      reward/feet_phase: 0.5338
             reward/feet_phase_contrast: 1.0566
             reward/feet_contact_number: 0.4544
                   reward/feet_air_time: 0.0025
                     reward/under_speed: -0.1202
                       reward/feet_slip: -0.0065
                  reward/feet_clearance: -0.0205
                       reward/lin_vel_z: -0.0138
                      reward/ang_vel_xy: -0.2937
                     reward/base_height: -0.0092
                     reward/orientation: -0.0328
                            reward/pose: -0.0076
                     reward/action_rate: -0.0798
                      reward/action_acc: -0.1686
             Metrics/twist/error_vel_xy: 0.3934
            Metrics/twist/error_vel_yaw: 0.6190
        Episode_Reward/tracking_lin_vel: 1.1506
        Episode_Reward/tracking_ang_vel: 0.1002
              Episode_Reward/feet_phase: 0.4407
     Episode_Reward/feet_phase_contrast: 0.7642
     Episode_Reward/feet_contact_number: 0.4171
           Episode_Reward/feet_air_time: 0.0088
             Episode_Reward/under_speed: -0.1352
               Episode_Reward/feet_slip: -0.0033
          Episode_Reward/feet_clearance: -0.0118
               Episode_Reward/lin_vel_z: -0.0059
              Episode_Reward/ang_vel_xy: -0.1985
             Episode_Reward/base_height: -0.0107
             Episode_Reward/orientation: -0.0317
                    Episode_Reward/pose: -0.0055
             Episode_Reward/action_rate: -0.0557
              Episode_Reward/action_acc: -0.1320
           Episode_Termination/time_out: 1.0000
    Episode_Termination/bad_orientation: 0.1667
--------------------------------------------------------------------------------
                         Iteration time: 0.47s
                           Time elapsed: 00:01:42
                                    ETA: 00:00:17

################################################################################
[1m                           Learning iteration 213/250                           [0m 

                            Total steps: 2629632 
                       Steps per second: 24648 
                        Collection time: 0.433s 
                          Learning time: 0.065s 
                        Mean value loss: 0.0380
                    Mean surrogate loss: -0.0079
                      Mean entropy loss: 4.1837
                            Mean reward: 17.82
                    Mean episode length: 417.22
                        Mean action std: 0.37
                reward/tracking_lin_vel: 1.4193
                reward/tracking_ang_vel: 0.0952
                      reward/feet_phase: 0.6206
             reward/feet_phase_contrast: 1.0749
             reward/feet_contact_number: 0.4492
                   reward/feet_air_time: 0.0021
                     reward/under_speed: -0.1180
                       reward/feet_slip: -0.0062
                  reward/feet_clearance: -0.0208
                       reward/lin_vel_z: -0.0145
                      reward/ang_vel_xy: -0.3007
                     reward/base_height: -0.0155
                     reward/orientation: -0.0358
                            reward/pose: -0.0080
                     reward/action_rate: -0.0812
                      reward/action_acc: -0.1702
--------------------------------------------------------------------------------
                         Iteration time: 0.50s
                           Time elapsed: 00:01:42
                                    ETA: 00:00:17

################################################################################
[1m                           Learning iteration 214/250                           [0m 

                            Total steps: 2641920 
                       Steps per second: 25041 
                        Collection time: 0.426s 
                          Learning time: 0.065s 
                        Mean value loss: 0.0226
                    Mean surrogate loss: -0.0090
                      Mean entropy loss: 4.1783
                            Mean reward: 17.64
                    Mean episode length: 412.46
                        Mean action std: 0.37
                reward/tracking_lin_vel: 1.4234
                reward/tracking_ang_vel: 0.0949
                      reward/feet_phase: 0.7454
             reward/feet_phase_contrast: 1.0844
             reward/feet_contact_number: 0.4502
                   reward/feet_air_time: 0.0005
                     reward/under_speed: -0.1175
                       reward/feet_slip: -0.0070
                  reward/feet_clearance: -0.0217
                       reward/lin_vel_z: -0.0152
                      reward/ang_vel_xy: -0.3037
                     reward/base_height: -0.0160
                     reward/orientation: -0.0377
                            reward/pose: -0.0084
                     reward/action_rate: -0.0823
                      reward/action_acc: -0.1721
--------------------------------------------------------------------------------
                         Iteration time: 0.49s
                           Time elapsed: 00:01:43
                                    ETA: 00:00:16

################################################################################
[1m                           Learning iteration 215/250                           [0m 

                            Total steps: 2654208 
                       Steps per second: 26251 
                        Collection time: 0.403s 
                          Learning time: 0.065s 
                        Mean value loss: 0.0217
                    Mean surrogate loss: -0.0101
                      Mean entropy loss: 4.1667
                            Mean reward: 17.64
                    Mean episode length: 412.46
                        Mean action std: 0.37
                reward/tracking_lin_vel: 1.4333
                reward/tracking_ang_vel: 0.0923
                      reward/feet_phase: 0.5809
             reward/feet_phase_contrast: 1.0905
             reward/feet_contact_number: 0.4492
                   reward/feet_air_time: 0.0002
                     reward/under_speed: -0.1164
                       reward/feet_slip: -0.0072
                  reward/feet_clearance: -0.0224
                       reward/lin_vel_z: -0.0162
                      reward/ang_vel_xy: -0.3094
                     reward/base_height: -0.0081
                     reward/orientation: -0.0333
                            reward/pose: -0.0086
                     reward/action_rate: -0.0837
                      reward/action_acc: -0.1719
--------------------------------------------------------------------------------
                         Iteration time: 0.47s
                           Time elapsed: 00:01:43
                                    ETA: 00:00:16

################################################################################
[1m                           Learning iteration 216/250                           [0m 

                            Total steps: 2666496 
                       Steps per second: 25225 
                        Collection time: 0.406s 
                          Learning time: 0.081s 
                        Mean value loss: 4.8062
                    Mean surrogate loss: -0.0083
                      Mean entropy loss: 4.1472
                            Mean reward: 17.64
                    Mean episode length: 412.46
                        Mean action std: 0.37
                reward/tracking_lin_vel: 1.1021
                reward/tracking_ang_vel: 0.0885
                      reward/feet_phase: 0.5511
             reward/feet_phase_contrast: 1.0240
             reward/feet_contact_number: 0.4562
                   reward/feet_air_time: 0.0081
                     reward/under_speed: -0.1102
                       reward/feet_slip: -0.0093
                  reward/feet_clearance: -0.0272
                       reward/lin_vel_z: -0.0247
                      reward/ang_vel_xy: -0.3972
                     reward/base_height: -0.0095
                     reward/orientation: -0.0480
                            reward/pose: -0.0091
                     reward/action_rate: -0.0847
                      reward/action_acc: -0.1744
--------------------------------------------------------------------------------
                         Iteration time: 0.49s
                           Time elapsed: 00:01:43
                                    ETA: 00:00:15

################################################################################
[1m                           Learning iteration 217/250                           [0m 

                            Total steps: 2678784 
                       Steps per second: 27982 
                        Collection time: 0.366s 
                          Learning time: 0.073s 
                        Mean value loss: 0.6272
                    Mean surrogate loss: -0.0108
                      Mean entropy loss: 4.1427
                            Mean reward: 23.51
                    Mean episode length: 483.84
                        Mean action std: 0.37
                reward/tracking_lin_vel: 0.7100
                reward/tracking_ang_vel: 0.0846
                      reward/feet_phase: 0.5808
             reward/feet_phase_contrast: 0.9100
             reward/feet_contact_number: 0.4344
                   reward/feet_air_time: 0.2087
                     reward/under_speed: -0.1004
                       reward/feet_slip: -0.0079
                  reward/feet_clearance: -0.0222
                       reward/lin_vel_z: -0.0604
                      reward/ang_vel_xy: -0.8212
                     reward/base_height: -0.8891
                     reward/orientation: -0.6365
                            reward/pose: -0.0128
                     reward/action_rate: -0.0750
                      reward/action_acc: -0.1548
--------------------------------------------------------------------------------
                         Iteration time: 0.44s
                           Time elapsed: 00:01:44
                                    ETA: 00:00:15

################################################################################
[1m                           Learning iteration 218/250                           [0m 

                            Total steps: 2691072 
                       Steps per second: 23569 
                        Collection time: 0.445s 
                          Learning time: 0.076s 
                        Mean value loss: 0.2951
                    Mean surrogate loss: -0.0119
                      Mean entropy loss: 4.1384
                            Mean reward: 23.36
                    Mean episode length: 494.21
                        Mean action std: 0.37
                reward/tracking_lin_vel: 1.1616
                reward/tracking_ang_vel: 0.0944
                      reward/feet_phase: 0.6462
             reward/feet_phase_contrast: 0.9832
             reward/feet_contact_number: 0.4451
                   reward/feet_air_time: 0.0258
                     reward/under_speed: -0.1157
                       reward/feet_slip: -0.0067
                  reward/feet_clearance: -0.0211
                       reward/lin_vel_z: -0.0253
                      reward/ang_vel_xy: -0.4648
                     reward/base_height: -0.6818
                     reward/orientation: -0.2917
                            reward/pose: -0.0081
                     reward/action_rate: -0.0714
                      reward/action_acc: -0.1524
             Metrics/twist/error_vel_xy: 0.4074
            Metrics/twist/error_vel_yaw: 0.4002
        Episode_Reward/tracking_lin_vel: 0.6371
        Episode_Reward/tracking_ang_vel: 0.0489
              Episode_Reward/feet_phase: 0.2808
     Episode_Reward/feet_phase_contrast: 0.4775
     Episode_Reward/feet_contact_number: 0.2291
           Episode_Reward/feet_air_time: 0.0101
             Episode_Reward/under_speed: -0.0658
               Episode_Reward/feet_slip: -0.0029
          Episode_Reward/feet_clearance: -0.0092
               Episode_Reward/lin_vel_z: -0.0072
              Episode_Reward/ang_vel_xy: -0.1622
             Episode_Reward/base_height: -0.0748
             Episode_Reward/orientation: -0.0529
                    Episode_Reward/pose: -0.0037
             Episode_Reward/action_rate: -0.0367
              Episode_Reward/action_acc: -0.0802
           Episode_Termination/time_out: 0.0833
    Episode_Termination/bad_orientation: 5.9583
--------------------------------------------------------------------------------
                         Iteration time: 0.52s
                           Time elapsed: 00:01:44
                                    ETA: 00:00:14

################################################################################
[1m                           Learning iteration 219/250                           [0m 

                            Total steps: 2703360 
                       Steps per second: 24461 
                        Collection time: 0.434s 
                          Learning time: 0.068s 
                        Mean value loss: 0.0820
                    Mean surrogate loss: -0.0109
                      Mean entropy loss: 4.1327
                            Mean reward: 19.16
                    Mean episode length: 421.83
                        Mean action std: 0.37
                reward/tracking_lin_vel: 1.3574
                reward/tracking_ang_vel: 0.0948
                      reward/feet_phase: 0.5613
             reward/feet_phase_contrast: 1.0807
             reward/feet_contact_number: 0.4465
                   reward/feet_air_time: 0.0167
                     reward/under_speed: -0.1131
                       reward/feet_slip: -0.0067
                  reward/feet_clearance: -0.0217
                       reward/lin_vel_z: -0.0169
                      reward/ang_vel_xy: -0.3499
                     reward/base_height: -0.1944
                     reward/orientation: -0.1179
                            reward/pose: -0.0083
                     reward/action_rate: -0.0794
                      reward/action_acc: -0.1662
--------------------------------------------------------------------------------
                         Iteration time: 0.50s
                           Time elapsed: 00:01:45
                                    ETA: 00:00:14

################################################################################
[1m                           Learning iteration 220/250                           [0m 

                            Total steps: 2715648 
                       Steps per second: 26517 
                        Collection time: 0.398s 
                          Learning time: 0.065s 
                        Mean value loss: 0.0572
                    Mean surrogate loss: -0.0097
                      Mean entropy loss: 4.1267
                            Mean reward: 16.63
                    Mean episode length: 377.71
                        Mean action std: 0.37
                reward/tracking_lin_vel: 1.4315
                reward/tracking_ang_vel: 0.0933
                      reward/feet_phase: 0.6190
             reward/feet_phase_contrast: 1.1148
             reward/feet_contact_number: 0.4472
                   reward/feet_air_time: 0.0037
                     reward/under_speed: -0.1098
                       reward/feet_slip: -0.0080
                  reward/feet_clearance: -0.0233
                       reward/lin_vel_z: -0.0167
                      reward/ang_vel_xy: -0.3205
                     reward/base_height: -0.0742
                     reward/orientation: -0.0640
                            reward/pose: -0.0084
                     reward/action_rate: -0.0841
                      reward/action_acc: -0.1729
--------------------------------------------------------------------------------
                         Iteration time: 0.46s
                           Time elapsed: 00:01:45
                                    ETA: 00:00:13

################################################################################
[1m                           Learning iteration 221/250                           [0m 

                            Total steps: 2727936 
                       Steps per second: 23368 
                        Collection time: 0.438s 
                          Learning time: 0.088s 
                        Mean value loss: 0.0660
                    Mean surrogate loss: -0.0085
                      Mean entropy loss: 4.1102
                            Mean reward: 15.26
                    Mean episode length: 353.38
                        Mean action std: 0.37
                reward/tracking_lin_vel: 1.4515
                reward/tracking_ang_vel: 0.0931
                      reward/feet_phase: 0.7798
             reward/feet_phase_contrast: 1.1238
             reward/feet_contact_number: 0.4477
                   reward/feet_air_time: 0.0005
                     reward/under_speed: -0.1088
                       reward/feet_slip: -0.0073
                  reward/feet_clearance: -0.0238
                       reward/lin_vel_z: -0.0176
                      reward/ang_vel_xy: -0.3214
                     reward/base_height: -0.0580
                     reward/orientation: -0.0547
                            reward/pose: -0.0092
                     reward/action_rate: -0.0855
                      reward/action_acc: -0.1765
--------------------------------------------------------------------------------
                         Iteration time: 0.53s
                           Time elapsed: 00:01:46
                                    ETA: 00:00:13

################################################################################
[1m                           Learning iteration 222/250                           [0m 

                            Total steps: 2740224 
                       Steps per second: 26124 
                        Collection time: 0.405s 
                          Learning time: 0.065s 
                        Mean value loss: 0.0302
                    Mean surrogate loss: -0.0093
                      Mean entropy loss: 4.0967
                            Mean reward: 14.05
                    Mean episode length: 333.82
                        Mean action std: 0.36
                reward/tracking_lin_vel: 1.4579
                reward/tracking_ang_vel: 0.0929
                      reward/feet_phase: 0.6222
             reward/feet_phase_contrast: 1.1268
             reward/feet_contact_number: 0.4485
                   reward/feet_air_time: 0.0007
                     reward/under_speed: -0.1094
                       reward/feet_slip: -0.0078
                  reward/feet_clearance: -0.0243
                       reward/lin_vel_z: -0.0179
                      reward/ang_vel_xy: -0.3290
                     reward/base_height: -0.0428
                     reward/orientation: -0.0474
                            reward/pose: -0.0094
                     reward/action_rate: -0.0871
                      reward/action_acc: -0.1784
--------------------------------------------------------------------------------
                         Iteration time: 0.47s
                           Time elapsed: 00:01:46
                                    ETA: 00:00:12

################################################################################
[1m                           Learning iteration 223/250                           [0m 

                            Total steps: 2752512 
                       Steps per second: 26625 
                        Collection time: 0.398s 
                          Learning time: 0.063s 
                        Mean value loss: 0.0204
                    Mean surrogate loss: -0.0097
                      Mean entropy loss: 4.0618
                            Mean reward: 13.64
                    Mean episode length: 326.34
                        Mean action std: 0.36
                reward/tracking_lin_vel: 1.4812
                reward/tracking_ang_vel: 0.0929
                      reward/feet_phase: 0.5860
             reward/feet_phase_contrast: 1.1434
             reward/feet_contact_number: 0.4495
                   reward/feet_air_time: 0.0008
                     reward/under_speed: -0.1077
                       reward/feet_slip: -0.0074
                  reward/feet_clearance: -0.0237
                       reward/lin_vel_z: -0.0167
                      reward/ang_vel_xy: -0.3054
                     reward/base_height: -0.0163
                     reward/orientation: -0.0363
                            reward/pose: -0.0095
                     reward/action_rate: -0.0843
                      reward/action_acc: -0.1741
--------------------------------------------------------------------------------
                         Iteration time: 0.46s
                           Time elapsed: 00:01:47
                                    ETA: 00:00:12

################################################################################
[1m                           Learning iteration 224/250                           [0m 

                            Total steps: 2764800 
                       Steps per second: 26318 
                        Collection time: 0.401s 
                          Learning time: 0.066s 
                        Mean value loss: 0.0289
                    Mean surrogate loss: -0.0088
                      Mean entropy loss: 4.0065
                            Mean reward: 13.64
                    Mean episode length: 326.34
                        Mean action std: 0.36
                reward/tracking_lin_vel: 1.4761
                reward/tracking_ang_vel: 0.0931
                      reward/feet_phase: 0.7184
             reward/feet_phase_contrast: 1.1339
             reward/feet_contact_number: 0.4488
                   reward/feet_air_time: 0.0008
                     reward/under_speed: -0.1082
                       reward/feet_slip: -0.0077
                  reward/feet_clearance: -0.0245
                       reward/lin_vel_z: -0.0176
                      reward/ang_vel_xy: -0.3084
                     reward/base_height: -0.0099
                     reward/orientation: -0.0369
                            reward/pose: -0.0097
                     reward/action_rate: -0.0852
                      reward/action_acc: -0.1742
--------------------------------------------------------------------------------
                         Iteration time: 0.47s
                           Time elapsed: 00:01:47
                                    ETA: 00:00:11

################################################################################
[1m                           Learning iteration 225/250                           [0m 

                            Total steps: 2777088 
                       Steps per second: 25023 
                        Collection time: 0.423s 
                          Learning time: 0.068s 
                        Mean value loss: 0.0228
                    Mean surrogate loss: -0.0095
                      Mean entropy loss: 3.9793
                            Mean reward: 14.16
                    Mean episode length: 332.92
                        Mean action std: 0.36
                reward/tracking_lin_vel: 1.4990
                reward/tracking_ang_vel: 0.0936
                      reward/feet_phase: 0.7579
             reward/feet_phase_contrast: 1.1602
             reward/feet_contact_number: 0.4516
                   reward/feet_air_time: 0.0008
                     reward/under_speed: -0.1051
                       reward/feet_slip: -0.0081
                  reward/feet_clearance: -0.0251
                       reward/lin_vel_z: -0.0182
                      reward/ang_vel_xy: -0.3066
                     reward/base_height: -0.0129
                     reward/orientation: -0.0369
                            reward/pose: -0.0098
                     reward/action_rate: -0.0854
                      reward/action_acc: -0.1732
             Metrics/twist/error_vel_xy: 0.3058
            Metrics/twist/error_vel_yaw: 0.4844
        Episode_Reward/tracking_lin_vel: 0.9521
        Episode_Reward/tracking_ang_vel: 0.0680
              Episode_Reward/feet_phase: 0.3966
     Episode_Reward/feet_phase_contrast: 0.6698
     Episode_Reward/feet_contact_number: 0.3130
           Episode_Reward/feet_air_time: 0.0006
             Episode_Reward/under_speed: -0.0858
               Episode_Reward/feet_slip: -0.0036
          Episode_Reward/feet_clearance: -0.0119
               Episode_Reward/lin_vel_z: -0.0133
              Episode_Reward/ang_vel_xy: -0.1657
             Episode_Reward/base_height: -0.0247
             Episode_Reward/orientation: -0.0424
                    Episode_Reward/pose: -0.0059
             Episode_Reward/action_rate: -0.0501
              Episode_Reward/action_acc: -0.1073
           Episode_Termination/time_out: 0.7500
    Episode_Termination/bad_orientation: 0.5000
--------------------------------------------------------------------------------
                         Iteration time: 0.49s
                           Time elapsed: 00:01:48
                                    ETA: 00:00:11

################################################################################
[1m                           Learning iteration 226/250                           [0m 

                            Total steps: 2789376 
                       Steps per second: 25537 
                        Collection time: 0.416s 
                          Learning time: 0.065s 
                        Mean value loss: 0.0324
                    Mean surrogate loss: -0.0113
                      Mean entropy loss: 3.9530
                            Mean reward: 19.42
                    Mean episode length: 417.68
                        Mean action std: 0.36
                reward/tracking_lin_vel: 1.5011
                reward/tracking_ang_vel: 0.0941
                      reward/feet_phase: 0.5966
             reward/feet_phase_contrast: 1.1593
             reward/feet_contact_number: 0.4467
                   reward/feet_air_time: 0.0016
                     reward/under_speed: -0.1033
                       reward/feet_slip: -0.0084
                  reward/feet_clearance: -0.0250
                       reward/lin_vel_z: -0.0176
                      reward/ang_vel_xy: -0.3009
                     reward/base_height: -0.0081
                     reward/orientation: -0.0337
                            reward/pose: -0.0095
                     reward/action_rate: -0.0849
                      reward/action_acc: -0.1735
--------------------------------------------------------------------------------
                         Iteration time: 0.48s
                           Time elapsed: 00:01:48
                                    ETA: 00:00:11

################################################################################
[1m                           Learning iteration 227/250                           [0m 

                            Total steps: 2801664 
                       Steps per second: 27123 
                        Collection time: 0.389s 
                          Learning time: 0.064s 
                        Mean value loss: 0.0209
                    Mean surrogate loss: -0.0067
                      Mean entropy loss: 3.9257
                            Mean reward: 20.34
                    Mean episode length: 430.21
                        Mean action std: 0.36
                reward/tracking_lin_vel: 1.5160
                reward/tracking_ang_vel: 0.0950
                      reward/feet_phase: 0.6310
             reward/feet_phase_contrast: 1.1745
             reward/feet_contact_number: 0.4485
                   reward/feet_air_time: 0.0008
                     reward/under_speed: -0.1014
                       reward/feet_slip: -0.0080
                  reward/feet_clearance: -0.0255
                       reward/lin_vel_z: -0.0178
                      reward/ang_vel_xy: -0.2979
                     reward/base_height: -0.0154
                     reward/orientation: -0.0386
                            reward/pose: -0.0104
                     reward/action_rate: -0.0856
                      reward/action_acc: -0.1745
--------------------------------------------------------------------------------
                         Iteration time: 0.45s
                           Time elapsed: 00:01:49
                                    ETA: 00:00:10

################################################################################
[1m                           Learning iteration 228/250                           [0m 

                            Total steps: 2813952 
                       Steps per second: 27029 
                        Collection time: 0.388s 
                          Learning time: 0.067s 
                        Mean value loss: 0.0296
                    Mean surrogate loss: -0.0097
                      Mean entropy loss: 3.9029
                            Mean reward: 20.08
                    Mean episode length: 424.37
                        Mean action std: 0.36
                reward/tracking_lin_vel: 1.5276
                reward/tracking_ang_vel: 0.0934
                      reward/feet_phase: 0.8180
             reward/feet_phase_contrast: 1.1840
             reward/feet_contact_number: 0.4506
                   reward/feet_air_time: 0.0010
                     reward/under_speed: -0.1001
                       reward/feet_slip: -0.0082
                  reward/feet_clearance: -0.0259
                       reward/lin_vel_z: -0.0184
                      reward/ang_vel_xy: -0.2986
                     reward/base_height: -0.0144
                     reward/orientation: -0.0375
                            reward/pose: -0.0111
                     reward/action_rate: -0.0867
                      reward/action_acc: -0.1756
--------------------------------------------------------------------------------
                         Iteration time: 0.45s
                           Time elapsed: 00:01:49
                                    ETA: 00:00:10

################################################################################
[1m                           Learning iteration 229/250                           [0m 

                            Total steps: 2826240 
                       Steps per second: 27454 
                        Collection time: 0.383s 
                          Learning time: 0.065s 
                        Mean value loss: 0.0467
                    Mean surrogate loss: -0.0096
                      Mean entropy loss: 3.8893
                            Mean reward: 20.48
                    Mean episode length: 430.88
                        Mean action std: 0.36
                reward/tracking_lin_vel: 1.5318
                reward/tracking_ang_vel: 0.0941
                      reward/feet_phase: 0.6809
             reward/feet_phase_contrast: 1.1867
             reward/feet_contact_number: 0.4506
                   reward/feet_air_time: 0.0008
                     reward/under_speed: -0.0992
                       reward/feet_slip: -0.0086
                  reward/feet_clearance: -0.0262
                       reward/lin_vel_z: -0.0186
                      reward/ang_vel_xy: -0.3038
                     reward/base_height: -0.0086
                     reward/orientation: -0.0394
                            reward/pose: -0.0116
                     reward/action_rate: -0.0879
                      reward/action_acc: -0.1763
--------------------------------------------------------------------------------
                         Iteration time: 0.45s
                           Time elapsed: 00:01:50
                                    ETA: 00:00:09

################################################################################
[1m                           Learning iteration 230/250                           [0m 

                            Total steps: 2838528 
                       Steps per second: 25448 
                        Collection time: 0.416s 
                          Learning time: 0.067s 
                        Mean value loss: 0.0311
                    Mean surrogate loss: -0.0052
                      Mean entropy loss: 3.8840
                            Mean reward: 20.72
                    Mean episode length: 431.87
                        Mean action std: 0.36
                reward/tracking_lin_vel: 1.5300
                reward/tracking_ang_vel: 0.0933
                      reward/feet_phase: 0.6133
             reward/feet_phase_contrast: 1.1921
             reward/feet_contact_number: 0.4484
                   reward/feet_air_time: 0.0003
                     reward/under_speed: -0.0986
                       reward/feet_slip: -0.0088
                  reward/feet_clearance: -0.0270
                       reward/lin_vel_z: -0.0200
                      reward/ang_vel_xy: -0.3095
                     reward/base_height: -0.0215
                     reward/orientation: -0.0443
                            reward/pose: -0.0118
                     reward/action_rate: -0.0894
                      reward/action_acc: -0.1798
--------------------------------------------------------------------------------
                         Iteration time: 0.48s
                           Time elapsed: 00:01:50
                                    ETA: 00:00:09

################################################################################
[1m                           Learning iteration 231/250                           [0m 

                            Total steps: 2850816 
                       Steps per second: 27079 
                        Collection time: 0.389s 
                          Learning time: 0.065s 
                        Mean value loss: 0.0184
                    Mean surrogate loss: -0.0078
                      Mean entropy loss: 3.8728
                            Mean reward: 20.71
                    Mean episode length: 431.27
                        Mean action std: 0.36
                reward/tracking_lin_vel: 1.5459
                reward/tracking_ang_vel: 0.0934
                      reward/feet_phase: 0.7357
             reward/feet_phase_contrast: 1.2098
             reward/feet_contact_number: 0.4479
                   reward/feet_air_time: 0.0005
                     reward/under_speed: -0.0967
                       reward/feet_slip: -0.0088
                  reward/feet_clearance: -0.0273
                       reward/lin_vel_z: -0.0194
                      reward/ang_vel_xy: -0.2975
                     reward/base_height: -0.0119
                     reward/orientation: -0.0386
                            reward/pose: -0.0116
                     reward/action_rate: -0.0888
                      reward/action_acc: -0.1798
--------------------------------------------------------------------------------
                         Iteration time: 0.45s
                           Time elapsed: 00:01:51
                                    ETA: 00:00:08

################################################################################
[1m                           Learning iteration 232/250                           [0m 

                            Total steps: 2863104 
                       Steps per second: 26523 
                        Collection time: 0.396s 
                          Learning time: 0.067s 
                        Mean value loss: 0.0260
                    Mean surrogate loss: -0.0098
                      Mean entropy loss: 3.8601
                            Mean reward: 21.03
                    Mean episode length: 435.58
                        Mean action std: 0.36
                reward/tracking_lin_vel: 1.5633
                reward/tracking_ang_vel: 0.0927
                      reward/feet_phase: 0.8228
             reward/feet_phase_contrast: 1.2164
             reward/feet_contact_number: 0.4514
                   reward/feet_air_time: 0.0005
                     reward/under_speed: -0.0940
                       reward/feet_slip: -0.0087
                  reward/feet_clearance: -0.0272
                       reward/lin_vel_z: -0.0191
                      reward/ang_vel_xy: -0.2936
                     reward/base_height: -0.0085
                     reward/orientation: -0.0384
                            reward/pose: -0.0120
                     reward/action_rate: -0.0888
                      reward/action_acc: -0.1782
--------------------------------------------------------------------------------
                         Iteration time: 0.46s
                           Time elapsed: 00:01:51
                                    ETA: 00:00:08

################################################################################
[1m                           Learning iteration 233/250                           [0m 

                            Total steps: 2875392 
                       Steps per second: 31754 
                        Collection time: 0.323s 
                          Learning time: 0.064s 
                        Mean value loss: 5.8993
                    Mean surrogate loss: -0.0072
                      Mean entropy loss: 3.8569
                            Mean reward: 21.46
                    Mean episode length: 437.59
                        Mean action std: 0.36
                reward/tracking_lin_vel: 0.8621
                reward/tracking_ang_vel: 0.0869
                      reward/feet_phase: 0.5443
             reward/feet_phase_contrast: 1.0590
             reward/feet_contact_number: 0.4258
                   reward/feet_air_time: 0.0731
                     reward/under_speed: -0.0891
                       reward/feet_slip: -0.0122
                  reward/feet_clearance: -0.0304
                       reward/lin_vel_z: -0.0422
                      reward/ang_vel_xy: -0.5004
                     reward/base_height: -0.0417
                     reward/orientation: -0.1581
                            reward/pose: -0.0129
                     reward/action_rate: -0.0896
                      reward/action_acc: -0.1768
--------------------------------------------------------------------------------
                         Iteration time: 0.39s
                           Time elapsed: 00:01:51
                                    ETA: 00:00:07

################################################################################
[1m                           Learning iteration 234/250                           [0m 

                            Total steps: 2887680 
                       Steps per second: 30254 
                        Collection time: 0.342s 
                          Learning time: 0.064s 
                        Mean value loss: 0.4062
                    Mean surrogate loss: -0.0116
                      Mean entropy loss: 3.8531
                            Mean reward: 25.70
                    Mean episode length: 486.67
                        Mean action std: 0.36
                reward/tracking_lin_vel: 0.8832
                reward/tracking_ang_vel: 0.0876
                      reward/feet_phase: 0.5504
             reward/feet_phase_contrast: 1.0112
             reward/feet_contact_number: 0.4382
                   reward/feet_air_time: 0.1433
                     reward/under_speed: -0.0889
                       reward/feet_slip: -0.0102
                  reward/feet_clearance: -0.0249
                       reward/lin_vel_z: -0.0622
                      reward/ang_vel_xy: -0.8429
                     reward/base_height: -1.1908
                     reward/orientation: -0.6748
                            reward/pose: -0.0130
                     reward/action_rate: -0.0737
                      reward/action_acc: -0.1511
             Metrics/twist/error_vel_xy: 0.3164
            Metrics/twist/error_vel_yaw: 0.3490
        Episode_Reward/tracking_lin_vel: 0.6737
        Episode_Reward/tracking_ang_vel: 0.0455
              Episode_Reward/feet_phase: 0.3185
     Episode_Reward/feet_phase_contrast: 0.5434
     Episode_Reward/feet_contact_number: 0.2189
           Episode_Reward/feet_air_time: 0.0073
             Episode_Reward/under_speed: -0.0521
               Episode_Reward/feet_slip: -0.0039
          Episode_Reward/feet_clearance: -0.0117
               Episode_Reward/lin_vel_z: -0.0108
              Episode_Reward/ang_vel_xy: -0.1761
             Episode_Reward/base_height: -0.0559
             Episode_Reward/orientation: -0.0470
                    Episode_Reward/pose: -0.0047
             Episode_Reward/action_rate: -0.0403
              Episode_Reward/action_acc: -0.0831
           Episode_Termination/time_out: 0.0417
    Episode_Termination/bad_orientation: 10.9167
--------------------------------------------------------------------------------
                         Iteration time: 0.41s
                           Time elapsed: 00:01:52
                                    ETA: 00:00:07

################################################################################
[1m                           Learning iteration 235/250                           [0m 

                            Total steps: 2899968 
                       Steps per second: 27273 
                        Collection time: 0.388s 
                          Learning time: 0.063s 
                        Mean value loss: 0.2317
                    Mean surrogate loss: -0.0112
                      Mean entropy loss: 3.8480
                            Mean reward: 26.55
                    Mean episode length: 496.99
                        Mean action std: 0.36
                reward/tracking_lin_vel: 1.3406
                reward/tracking_ang_vel: 0.0938
                      reward/feet_phase: 0.7460
             reward/feet_phase_contrast: 1.1020
             reward/feet_contact_number: 0.4486
                   reward/feet_air_time: 0.0232
                     reward/under_speed: -0.1005
                       reward/feet_slip: -0.0078
                  reward/feet_clearance: -0.0236
                       reward/lin_vel_z: -0.0214
                      reward/ang_vel_xy: -0.3860
                     reward/base_height: -0.3542
                     reward/orientation: -0.1846
                            reward/pose: -0.0100
                     reward/action_rate: -0.0783
                      reward/action_acc: -0.1605
             Metrics/twist/error_vel_xy: 0.4012
            Metrics/twist/error_vel_yaw: 0.4496
        Episode_Reward/tracking_lin_vel: 0.7280
        Episode_Reward/tracking_ang_vel: 0.0481
              Episode_Reward/feet_phase: 0.3435
     Episode_Reward/feet_phase_contrast: 0.5804
     Episode_Reward/feet_contact_number: 0.2350
           Episode_Reward/feet_air_time: 0.0100
             Episode_Reward/under_speed: -0.0565
               Episode_Reward/feet_slip: -0.0042
          Episode_Reward/feet_clearance: -0.0128
               Episode_Reward/lin_vel_z: -0.0099
              Episode_Reward/ang_vel_xy: -0.1788
             Episode_Reward/base_height: -0.0734
             Episode_Reward/orientation: -0.0549
                    Episode_Reward/pose: -0.0049
             Episode_Reward/action_rate: -0.0442
              Episode_Reward/action_acc: -0.0905
           Episode_Termination/time_out: 0.1000
    Episode_Termination/bad_orientation: 3.4000
--------------------------------------------------------------------------------
                         Iteration time: 0.45s
                           Time elapsed: 00:01:52
                                    ETA: 00:00:06

################################################################################
[1m                           Learning iteration 236/250                           [0m 

                            Total steps: 2912256 
                       Steps per second: 26487 
                        Collection time: 0.398s 
                          Learning time: 0.066s 
                        Mean value loss: 0.1434
                    Mean surrogate loss: -0.0098
                      Mean entropy loss: 3.8402
                            Mean reward: 21.07
                    Mean episode length: 412.89
                        Mean action std: 0.36
                reward/tracking_lin_vel: 1.4583
                reward/tracking_ang_vel: 0.0917
                      reward/feet_phase: 0.7090
             reward/feet_phase_contrast: 1.1639
             reward/feet_contact_number: 0.4481
                   reward/feet_air_time: 0.0098
                     reward/under_speed: -0.0965
                       reward/feet_slip: -0.0085
                  reward/feet_clearance: -0.0259
                       reward/lin_vel_z: -0.0210
                      reward/ang_vel_xy: -0.3599
                     reward/base_height: -0.1956
                     reward/orientation: -0.1126
                            reward/pose: -0.0114
                     reward/action_rate: -0.0859
                      reward/action_acc: -0.1718
             Metrics/twist/error_vel_xy: 0.3885
            Metrics/twist/error_vel_yaw: 0.2425
        Episode_Reward/tracking_lin_vel: 0.1835
        Episode_Reward/tracking_ang_vel: 0.0156
              Episode_Reward/feet_phase: 0.0840
     Episode_Reward/feet_phase_contrast: 0.1415
     Episode_Reward/feet_contact_number: 0.0723
           Episode_Reward/feet_air_time: 0.0041
             Episode_Reward/under_speed: -0.0197
               Episode_Reward/feet_slip: -0.0012
          Episode_Reward/feet_clearance: -0.0032
               Episode_Reward/lin_vel_z: -0.0034
              Episode_Reward/ang_vel_xy: -0.0720
             Episode_Reward/base_height: -0.0819
             Episode_Reward/orientation: -0.0428
                    Episode_Reward/pose: -0.0017
             Episode_Reward/action_rate: -0.0124
              Episode_Reward/action_acc: -0.0260
           Episode_Termination/time_out: 0.0000
    Episode_Termination/bad_orientation: 1.8235
--------------------------------------------------------------------------------
                         Iteration time: 0.46s
                           Time elapsed: 00:01:53
                                    ETA: 00:00:06

################################################################################
[1m                           Learning iteration 237/250                           [0m 

                            Total steps: 2924544 
                       Steps per second: 26046 
                        Collection time: 0.407s 
                          Learning time: 0.065s 
                        Mean value loss: 0.0665
                    Mean surrogate loss: -0.0080
                      Mean entropy loss: 3.8295
                            Mean reward: 16.67
                    Mean episode length: 338.20
                        Mean action std: 0.36
                reward/tracking_lin_vel: 1.5267
                reward/tracking_ang_vel: 0.0919
                      reward/feet_phase: 0.6360
             reward/feet_phase_contrast: 1.2188
             reward/feet_contact_number: 0.4402
                   reward/feet_air_time: 0.0041
                     reward/under_speed: -0.0911
                       reward/feet_slip: -0.0092
                  reward/feet_clearance: -0.0275
                       reward/lin_vel_z: -0.0210
                      reward/ang_vel_xy: -0.3402
                     reward/base_height: -0.0943
                     reward/orientation: -0.0754
                            reward/pose: -0.0117
                     reward/action_rate: -0.0885
                      reward/action_acc: -0.1757
             Metrics/twist/error_vel_xy: 0.3149
            Metrics/twist/error_vel_yaw: 0.2096
        Episode_Reward/tracking_lin_vel: 0.0856
        Episode_Reward/tracking_ang_vel: 0.0083
              Episode_Reward/feet_phase: 0.0505
     Episode_Reward/feet_phase_contrast: 0.0795
     Episode_Reward/feet_contact_number: 0.0374
           Episode_Reward/feet_air_time: 0.0064
             Episode_Reward/under_speed: -0.0088
               Episode_Reward/feet_slip: -0.0007
          Episode_Reward/feet_clearance: -0.0021
               Episode_Reward/lin_vel_z: -0.0036
              Episode_Reward/ang_vel_xy: -0.0517
             Episode_Reward/base_height: -0.0695
             Episode_Reward/orientation: -0.0400
                    Episode_Reward/pose: -0.0008
             Episode_Reward/action_rate: -0.0072
              Episode_Reward/action_acc: -0.0142
           Episode_Termination/time_out: 0.0000
    Episode_Termination/bad_orientation: 1.2857
--------------------------------------------------------------------------------
                         Iteration time: 0.47s
                           Time elapsed: 00:01:53
                                    ETA: 00:00:05

################################################################################
[1m                           Learning iteration 238/250                           [0m 

                            Total steps: 2936832 
                       Steps per second: 26563 
                        Collection time: 0.399s 
                          Learning time: 0.064s 
                        Mean value loss: 0.0324
                    Mean surrogate loss: -0.0080
                      Mean entropy loss: 3.8030
                            Mean reward: 15.76
                    Mean episode length: 324.00
                        Mean action std: 0.35
                reward/tracking_lin_vel: 1.5565
                reward/tracking_ang_vel: 0.0909
                      reward/feet_phase: 0.7145
             reward/feet_phase_contrast: 1.2280
             reward/feet_contact_number: 0.4442
                   reward/feet_air_time: 0.0026
                     reward/under_speed: -0.0897
                       reward/feet_slip: -0.0097
                  reward/feet_clearance: -0.0284
                       reward/lin_vel_z: -0.0219
                      reward/ang_vel_xy: -0.3247
                     reward/base_height: -0.0354
                     reward/orientation: -0.0521
                            reward/pose: -0.0122
                     reward/action_rate: -0.0910
                      reward/action_acc: -0.1797
--------------------------------------------------------------------------------
                         Iteration time: 0.46s
                           Time elapsed: 00:01:54
                                    ETA: 00:00:05

################################################################################
[1m                           Learning iteration 239/250                           [0m 

                            Total steps: 2949120 
                       Steps per second: 26960 
                        Collection time: 0.393s 
                          Learning time: 0.063s 
                        Mean value loss: 0.0235
                    Mean surrogate loss: -0.0082
                      Mean entropy loss: 3.7885
                            Mean reward: 14.97
                    Mean episode length: 312.92
                        Mean action std: 0.35
                reward/tracking_lin_vel: 1.5799
                reward/tracking_ang_vel: 0.0898
                      reward/feet_phase: 0.8533
             reward/feet_phase_contrast: 1.2333
             reward/feet_contact_number: 0.4478
                   reward/feet_air_time: 0.0003
                     reward/under_speed: -0.0886
                       reward/feet_slip: -0.0095
                  reward/feet_clearance: -0.0291
                       reward/lin_vel_z: -0.0208
                      reward/ang_vel_xy: -0.3184
                     reward/base_height: -0.0174
                     reward/orientation: -0.0393
                            reward/pose: -0.0124
                     reward/action_rate: -0.0924
                      reward/action_acc: -0.1808
             Metrics/twist/error_vel_xy: 0.2813
            Metrics/twist/error_vel_yaw: 0.1992
        Episode_Reward/tracking_lin_vel: 0.0357
        Episode_Reward/tracking_ang_vel: 0.0067
              Episode_Reward/feet_phase: 0.0156
     Episode_Reward/feet_phase_contrast: 0.0218
     Episode_Reward/feet_contact_number: 0.0291
           Episode_Reward/feet_air_time: 0.0152
             Episode_Reward/under_speed: -0.0117
               Episode_Reward/feet_slip: -0.0001
          Episode_Reward/feet_clearance: -0.0009
               Episode_Reward/lin_vel_z: -0.0014
              Episode_Reward/ang_vel_xy: -0.0332
             Episode_Reward/base_height: -0.0785
             Episode_Reward/orientation: -0.0432
                    Episode_Reward/pose: -0.0006
             Episode_Reward/action_rate: -0.0033
              Episode_Reward/action_acc: -0.0078
           Episode_Termination/time_out: 0.0000
    Episode_Termination/bad_orientation: 1.0000
--------------------------------------------------------------------------------
                         Iteration time: 0.46s
                           Time elapsed: 00:01:54
                                    ETA: 00:00:04

################################################################################
[1m                           Learning iteration 240/250                           [0m 

                            Total steps: 2961408 
                       Steps per second: 25996 
                        Collection time: 0.401s 
                          Learning time: 0.071s 
                        Mean value loss: 0.0207
                    Mean surrogate loss: -0.0101
                      Mean entropy loss: 3.7609
                            Mean reward: 14.97
                    Mean episode length: 312.92
                        Mean action std: 0.35
                reward/tracking_lin_vel: 1.5780
                reward/tracking_ang_vel: 0.0912
                      reward/feet_phase: 0.6666
             reward/feet_phase_contrast: 1.2382
             reward/feet_contact_number: 0.4497
                   reward/feet_air_time: 0.0008
                     reward/under_speed: -0.0888
                       reward/feet_slip: -0.0106
                  reward/feet_clearance: -0.0295
                       reward/lin_vel_z: -0.0210
                      reward/ang_vel_xy: -0.3198
                     reward/base_height: -0.0092
                     reward/orientation: -0.0373
                            reward/pose: -0.0127
                     reward/action_rate: -0.0934
                      reward/action_acc: -0.1834
--------------------------------------------------------------------------------
                         Iteration time: 0.47s
                           Time elapsed: 00:01:55
                                    ETA: 00:00:04

################################################################################
[1m                           Learning iteration 241/250                           [0m 

                            Total steps: 2973696 
                       Steps per second: 22949 
                        Collection time: 0.469s 
                          Learning time: 0.067s 
                        Mean value loss: 0.0184
                    Mean surrogate loss: -0.0096
                      Mean entropy loss: 3.7419
                            Mean reward: 14.97
                    Mean episode length: 312.92
                        Mean action std: 0.35
                reward/tracking_lin_vel: 1.5949
                reward/tracking_ang_vel: 0.0896
                      reward/feet_phase: 0.6544
             reward/feet_phase_contrast: 1.2486
             reward/feet_contact_number: 0.4455
                   reward/feet_air_time: 0.0002
                     reward/under_speed: -0.0853
                       reward/feet_slip: -0.0105
                  reward/feet_clearance: -0.0299
                       reward/lin_vel_z: -0.0209
                      reward/ang_vel_xy: -0.3184
                     reward/base_height: -0.0091
                     reward/orientation: -0.0385
                            reward/pose: -0.0130
                     reward/action_rate: -0.0937
                      reward/action_acc: -0.1847
--------------------------------------------------------------------------------
                         Iteration time: 0.54s
                           Time elapsed: 00:01:55
                                    ETA: 00:00:03

################################################################################
[1m                           Learning iteration 242/250                           [0m 

                            Total steps: 2985984 
                       Steps per second: 23938 
                        Collection time: 0.431s 
                          Learning time: 0.082s 
                        Mean value loss: 0.0384
                    Mean surrogate loss: -0.0085
                      Mean entropy loss: 3.7341
                            Mean reward: 21.82
                    Mean episode length: 415.49
                        Mean action std: 0.35
                reward/tracking_lin_vel: 1.5922
                reward/tracking_ang_vel: 0.0900
                      reward/feet_phase: 0.8288
             reward/feet_phase_contrast: 1.2504
             reward/feet_contact_number: 0.4460
                   reward/feet_air_time: 0.0008
                     reward/under_speed: -0.0832
                       reward/feet_slip: -0.0108
                  reward/feet_clearance: -0.0307
                       reward/lin_vel_z: -0.0226
                      reward/ang_vel_xy: -0.3349
                     reward/base_height: -0.0136
                     reward/orientation: -0.0409
                            reward/pose: -0.0134
                     reward/action_rate: -0.0960
                      reward/action_acc: -0.1862
--------------------------------------------------------------------------------
                         Iteration time: 0.51s
                           Time elapsed: 00:01:56
                                    ETA: 00:00:03

################################################################################
[1m                           Learning iteration 243/250                           [0m 

                            Total steps: 2998272 
                       Steps per second: 25080 
                        Collection time: 0.424s 
                          Learning time: 0.065s 
                        Mean value loss: 0.0456
                    Mean surrogate loss: -0.0092
                      Mean entropy loss: 3.7269
                            Mean reward: 26.09
                    Mean episode length: 484.24
                        Mean action std: 0.35
                reward/tracking_lin_vel: 1.5886
                reward/tracking_ang_vel: 0.0886
                      reward/feet_phase: 0.7905
             reward/feet_phase_contrast: 1.2515
             reward/feet_contact_number: 0.4438
                   reward/feet_air_time: 0.0028
                     reward/under_speed: -0.0818
                       reward/feet_slip: -0.0105
                  reward/feet_clearance: -0.0307
                       reward/lin_vel_z: -0.0228
                      reward/ang_vel_xy: -0.3317
                     reward/base_height: -0.0128
                     reward/orientation: -0.0396
                            reward/pose: -0.0128
                     reward/action_rate: -0.0941
                      reward/action_acc: -0.1834
             Metrics/twist/error_vel_xy: 0.3453
            Metrics/twist/error_vel_yaw: 0.7657
        Episode_Reward/tracking_lin_vel: 1.3889
        Episode_Reward/tracking_ang_vel: 0.0909
              Episode_Reward/feet_phase: 0.6282
     Episode_Reward/feet_phase_contrast: 1.0731
     Episode_Reward/feet_contact_number: 0.4430
           Episode_Reward/feet_air_time: 0.0014
             Episode_Reward/under_speed: -0.1136
               Episode_Reward/feet_slip: -0.0071
          Episode_Reward/feet_clearance: -0.0217
               Episode_Reward/lin_vel_z: -0.0146
              Episode_Reward/ang_vel_xy: -0.2727
             Episode_Reward/base_height: -0.0089
             Episode_Reward/orientation: -0.0353
                    Episode_Reward/pose: -0.0106
             Episode_Reward/action_rate: -0.0794
              Episode_Reward/action_acc: -0.1643
           Episode_Termination/time_out: 1.1667
    Episode_Termination/bad_orientation: 0.0833
--------------------------------------------------------------------------------
                         Iteration time: 0.49s
                           Time elapsed: 00:01:56
                                    ETA: 00:00:02

################################################################################
[1m                           Learning iteration 244/250                           [0m 

                            Total steps: 3010560 
                       Steps per second: 27576 
                        Collection time: 0.379s 
                          Learning time: 0.067s 
                        Mean value loss: 0.0307
                    Mean surrogate loss: -0.0100
                      Mean entropy loss: 3.7078
                            Mean reward: 26.63
                    Mean episode length: 491.67
                        Mean action std: 0.35
                reward/tracking_lin_vel: 1.6063
                reward/tracking_ang_vel: 0.0887
                      reward/feet_phase: 0.6637
             reward/feet_phase_contrast: 1.2675
             reward/feet_contact_number: 0.4418
                   reward/feet_air_time: 0.0022
                     reward/under_speed: -0.0789
                       reward/feet_slip: -0.0112
                  reward/feet_clearance: -0.0319
                       reward/lin_vel_z: -0.0233
                      reward/ang_vel_xy: -0.3437
                     reward/base_height: -0.0205
                     reward/orientation: -0.0428
                            reward/pose: -0.0132
                     reward/action_rate: -0.0977
                      reward/action_acc: -0.1890
--------------------------------------------------------------------------------
                         Iteration time: 0.45s
                           Time elapsed: 00:01:57
                                    ETA: 00:00:02

################################################################################
[1m                           Learning iteration 245/250                           [0m 

                            Total steps: 3022848 
                       Steps per second: 26727 
                        Collection time: 0.395s 
                          Learning time: 0.065s 
                        Mean value loss: 0.0382
                    Mean surrogate loss: -0.0095
                      Mean entropy loss: 3.6900
                            Mean reward: 26.71
                    Mean episode length: 493.55
                        Mean action std: 0.35
                reward/tracking_lin_vel: 1.6240
                reward/tracking_ang_vel: 0.0875
                      reward/feet_phase: 0.7189
             reward/feet_phase_contrast: 1.2775
             reward/feet_contact_number: 0.4422
                   reward/feet_air_time: 0.0005
                     reward/under_speed: -0.0756
                       reward/feet_slip: -0.0110
                  reward/feet_clearance: -0.0324
                       reward/lin_vel_z: -0.0247
                      reward/ang_vel_xy: -0.3451
                     reward/base_height: -0.0184
                     reward/orientation: -0.0420
                            reward/pose: -0.0138
                     reward/action_rate: -0.0985
                      reward/action_acc: -0.1893
--------------------------------------------------------------------------------
                         Iteration time: 0.46s
                           Time elapsed: 00:01:57
                                    ETA: 00:00:01

################################################################################
[1m                           Learning iteration 246/250                           [0m 

                            Total steps: 3035136 
                       Steps per second: 27995 
                        Collection time: 0.372s 
                          Learning time: 0.067s 
                        Mean value loss: 0.0354
                    Mean surrogate loss: -0.0057
                      Mean entropy loss: 3.6704
                            Mean reward: 26.68
                    Mean episode length: 494.02
                        Mean action std: 0.35
                reward/tracking_lin_vel: 1.6300
                reward/tracking_ang_vel: 0.0889
                      reward/feet_phase: 0.8933
             reward/feet_phase_contrast: 1.2796
             reward/feet_contact_number: 0.4400
                   reward/feet_air_time: 0.0005
                     reward/under_speed: -0.0752
                       reward/feet_slip: -0.0113
                  reward/feet_clearance: -0.0329
                       reward/lin_vel_z: -0.0249
                      reward/ang_vel_xy: -0.3482
                     reward/base_height: -0.0188
                     reward/orientation: -0.0408
                            reward/pose: -0.0136
                     reward/action_rate: -0.1000
                      reward/action_acc: -0.1917
--------------------------------------------------------------------------------
                         Iteration time: 0.44s
                           Time elapsed: 00:01:58
                                    ETA: 00:00:01

################################################################################
[1m                           Learning iteration 247/250                           [0m 

                            Total steps: 3047424 
                       Steps per second: 26903 
                        Collection time: 0.387s 
                          Learning time: 0.069s 
                        Mean value loss: 0.0272
                    Mean surrogate loss: -0.0065
                      Mean entropy loss: 3.6597
                            Mean reward: 27.08
                    Mean episode length: 498.74
                        Mean action std: 0.35
                reward/tracking_lin_vel: 1.6451
                reward/tracking_ang_vel: 0.0894
                      reward/feet_phase: 0.7222
             reward/feet_phase_contrast: 1.2961
             reward/feet_contact_number: 0.4494
                   reward/feet_air_time: 0.0009
                     reward/under_speed: -0.0726
                       reward/feet_slip: -0.0120
                  reward/feet_clearance: -0.0329
                       reward/lin_vel_z: -0.0249
                      reward/ang_vel_xy: -0.3387
                     reward/base_height: -0.0170
                     reward/orientation: -0.0432
                            reward/pose: -0.0145
                     reward/action_rate: -0.0997
                      reward/action_acc: -0.1903
--------------------------------------------------------------------------------
                         Iteration time: 0.46s
                           Time elapsed: 00:01:58
                                    ETA: 00:00:00

################################################################################
[1m                           Learning iteration 248/250                           [0m 

                            Total steps: 3059712 
                       Steps per second: 27621 
                        Collection time: 0.379s 
                          Learning time: 0.066s 
                        Mean value loss: 0.0174
                    Mean surrogate loss: -0.0089
                      Mean entropy loss: 3.6344
                            Mean reward: 28.56
                    Mean episode length: 520.72
                        Mean action std: 0.35
                reward/tracking_lin_vel: 1.6417
                reward/tracking_ang_vel: 0.0875
                      reward/feet_phase: 0.6778
             reward/feet_phase_contrast: 1.2920
             reward/feet_contact_number: 0.4443
                   reward/feet_air_time: 0.0011
                     reward/under_speed: -0.0726
                       reward/feet_slip: -0.0119
                  reward/feet_clearance: -0.0333
                       reward/lin_vel_z: -0.0260
                      reward/ang_vel_xy: -0.3510
                     reward/base_height: -0.0143
                     reward/orientation: -0.0402
                            reward/pose: -0.0149
                     reward/action_rate: -0.1002
                      reward/action_acc: -0.1911
             Metrics/twist/error_vel_xy: 0.2437
            Metrics/twist/error_vel_yaw: 0.4792
        Episode_Reward/tracking_lin_vel: 1.1636
        Episode_Reward/tracking_ang_vel: 0.0742
              Episode_Reward/feet_phase: 0.5300
     Episode_Reward/feet_phase_contrast: 0.8970
     Episode_Reward/feet_contact_number: 0.3443
           Episode_Reward/feet_air_time: 0.0067
             Episode_Reward/under_speed: -0.0730
               Episode_Reward/feet_slip: -0.0058
          Episode_Reward/feet_clearance: -0.0196
               Episode_Reward/lin_vel_z: -0.0176
              Episode_Reward/ang_vel_xy: -0.2682
             Episode_Reward/base_height: -0.0202
             Episode_Reward/orientation: -0.0418
                    Episode_Reward/pose: -0.0064
             Episode_Reward/action_rate: -0.0703
              Episode_Reward/action_acc: -0.1413
           Episode_Termination/time_out: 0.6667
    Episode_Termination/bad_orientation: 0.3333
--------------------------------------------------------------------------------
                         Iteration time: 0.44s
                           Time elapsed: 00:01:58
                                    ETA: 00:00:00

################################################################################
[1m                           Learning iteration 249/250                           [0m 

                            Total steps: 3072000 
                       Steps per second: 26198 
                        Collection time: 0.404s 
                          Learning time: 0.065s 
                        Mean value loss: 2.5820
                    Mean surrogate loss: -0.0067
                      Mean entropy loss: 3.6155
                            Mean reward: 28.56
                    Mean episode length: 520.72
                        Mean action std: 0.35
                reward/tracking_lin_vel: 1.6566
                reward/tracking_ang_vel: 0.0886
                      reward/feet_phase: 0.8345
             reward/feet_phase_contrast: 1.3033
             reward/feet_contact_number: 0.4410
                   reward/feet_air_time: 0.0008
                     reward/under_speed: -0.0696
                       reward/feet_slip: -0.0123
                  reward/feet_clearance: -0.0341
                       reward/lin_vel_z: -0.0258
                      reward/ang_vel_xy: -0.3404
                     reward/base_height: -0.0108
                     reward/orientation: -0.0400
                            reward/pose: -0.0151
                     reward/action_rate: -0.1013
                      reward/action_acc: -0.1928
--------------------------------------------------------------------------------
                         Iteration time: 0.47s
                           Time elapsed: 00:01:59
                                    ETA: 00:00:00

