✅ CUDA 可见；训练期间将禁止系统休眠（systemd-inhibit）
[rank 0/1] Using device: cuda
[2026-09-19 23:10:30,760][unisim.backend.mujoco.chunk_tuner][INFO] - chunk_size: cache hit -> chosen=2 | default(=2)=27.19ms, 1=26.05ms, 2=26.52ms, 3=26.82ms, 4=26.75ms, 6=27.84ms, 7=28.76ms, 13=31.78ms, 23=29.17ms, 24=29.21ms
--------------------------------------------------------------------------------
Resolved observation sets: 
	 default :  ['policy']
	 actor :  ['actor']
	 critic :  ['critic']
--------------------------------------------------------------------------------
Actor Model: MLPModel(
  (obs_normalizer): EmpiricalNormalization()
  (distribution): GaussianDistribution()
  (mlp): MLP(
    (0): Linear(in_features=39, out_features=512, bias=True)
    (1): ELU(alpha=1.0)
    (2): Linear(in_features=512, out_features=256, bias=True)
    (3): ELU(alpha=1.0)
    (4): Linear(in_features=256, out_features=128, bias=True)
    (5): ELU(alpha=1.0)
    (6): Linear(in_features=128, out_features=10, bias=True)
  )
)
Critic Model: MLPModel(
  (obs_normalizer): EmpiricalNormalization()
  (mlp): MLP(
    (0): Linear(in_features=42, out_features=512, bias=True)
    (1): ELU(alpha=1.0)
    (2): Linear(in_features=512, out_features=256, bias=True)
    (3): ELU(alpha=1.0)
    (4): Linear(in_features=256, out_features=128, bias=True)
    (5): ELU(alpha=1.0)
    (6): Linear(in_features=128, out_features=1, bias=True)
  )
)
Storing git diff for 'UniLab' in: $UNILAB_ROOT/logs/rsl_rl_ppo/DM10JoystickFlat/2026-09-19_23-10-30_mujoco/git/UniLab.diff
################################################################################
[1m                            Learning iteration 0/250                            [0m 

                            Total steps: 12288 
                       Steps per second: 16669 
                        Collection time: 0.562s 
                          Learning time: 0.176s 
                        Mean value loss: 0.1099
                    Mean surrogate loss: -0.0053
                      Mean entropy loss: 7.2535
                            Mean reward: -0.00
                    Mean episode length: 12.18
                        Mean action std: 0.50
                reward/tracking_lin_vel: 0.6020
                reward/tracking_ang_vel: 0.1175
                      reward/feet_phase: 0.2449
             reward/feet_phase_contrast: 0.3945
             reward/feet_contact_number: 0.4421
                   reward/feet_air_time: 0.0003
                     reward/under_speed: -0.1678
                       reward/feet_slip: -0.0026
                  reward/feet_clearance: -0.0109
                       reward/lin_vel_z: -0.0077
                      reward/ang_vel_xy: -0.2441
                     reward/base_height: -0.2708
                     reward/orientation: -0.2182
                            reward/pose: -0.0088
                     reward/action_rate: -0.0492
                      reward/action_acc: -0.1437
             Metrics/twist/error_vel_xy: 0.0583
            Metrics/twist/error_vel_yaw: 0.0287
        Episode_Reward/tracking_lin_vel: 0.0059
        Episode_Reward/tracking_ang_vel: 0.0015
              Episode_Reward/feet_phase: 0.0020
     Episode_Reward/feet_phase_contrast: 0.0042
     Episode_Reward/feet_contact_number: 0.0055
           Episode_Reward/feet_air_time: 0.0001
             Episode_Reward/under_speed: -0.0021
               Episode_Reward/feet_slip: -0.0001
          Episode_Reward/feet_clearance: -0.0002
               Episode_Reward/lin_vel_z: -0.0001
              Episode_Reward/ang_vel_xy: -0.0043
             Episode_Reward/base_height: -0.0051
             Episode_Reward/orientation: -0.0026
                    Episode_Reward/pose: -0.0001
             Episode_Reward/action_rate: -0.0006
              Episode_Reward/action_acc: -0.0016
           Episode_Termination/time_out: 1.3333
    Episode_Termination/bad_orientation: 0.0833
--------------------------------------------------------------------------------
                         Iteration time: 0.74s
                           Time elapsed: 00:00:00
                                    ETA: 00:03:03

################################################################################
[1m                            Learning iteration 1/250                            [0m 

                            Total steps: 24576 
                       Steps per second: 27072 
                        Collection time: 0.385s 
                          Learning time: 0.069s 
                        Mean value loss: 0.9705
                    Mean surrogate loss: -0.0083
                      Mean entropy loss: 7.2509
                            Mean reward: -2.89
                    Mean episode length: 44.12
                        Mean action std: 0.50
                reward/tracking_lin_vel: 0.4842
                reward/tracking_ang_vel: 0.1034
                      reward/feet_phase: 0.2284
             reward/feet_phase_contrast: 0.3900
             reward/feet_contact_number: 0.4511
                   reward/feet_air_time: 0.0338
                     reward/under_speed: -0.1630
                       reward/feet_slip: -0.0030
                  reward/feet_clearance: -0.0105
                       reward/lin_vel_z: -0.0335
                      reward/ang_vel_xy: -0.5635
                     reward/base_height: -2.9420
                     reward/orientation: -0.9858
                            reward/pose: -0.0173
                     reward/action_rate: -0.0498
                      reward/action_acc: -0.1476
             Metrics/twist/error_vel_xy: 0.2901
            Metrics/twist/error_vel_yaw: 0.1270
        Episode_Reward/tracking_lin_vel: 0.0080
        Episode_Reward/tracking_ang_vel: 0.0037
              Episode_Reward/feet_phase: 0.0050
     Episode_Reward/feet_phase_contrast: 0.0079
     Episode_Reward/feet_contact_number: 0.0159
           Episode_Reward/feet_air_time: 0.0011
             Episode_Reward/under_speed: -0.0063
               Episode_Reward/feet_slip: -0.0001
          Episode_Reward/feet_clearance: -0.0004
               Episode_Reward/lin_vel_z: -0.0015
              Episode_Reward/ang_vel_xy: -0.0276
             Episode_Reward/base_height: -0.1176
             Episode_Reward/orientation: -0.0393
                    Episode_Reward/pose: -0.0005
             Episode_Reward/action_rate: -0.0018
              Episode_Reward/action_acc: -0.0053
           Episode_Termination/time_out: 0.4167
    Episode_Termination/bad_orientation: 11.0833
--------------------------------------------------------------------------------
                         Iteration time: 0.45s
                           Time elapsed: 00:00:01
                                    ETA: 00:02:27

################################################################################
[1m                            Learning iteration 2/250                            [0m 

                            Total steps: 36864 
                       Steps per second: 27918 
                        Collection time: 0.376s 
                          Learning time: 0.064s 
                        Mean value loss: 0.5544
                    Mean surrogate loss: -0.0095
                      Mean entropy loss: 7.2504
                            Mean reward: -2.51
                    Mean episode length: 51.72
                        Mean action std: 0.50
                reward/tracking_lin_vel: 0.6496
                reward/tracking_ang_vel: 0.1078
                      reward/feet_phase: 0.2839
             reward/feet_phase_contrast: 0.5092
             reward/feet_contact_number: 0.4402
                   reward/feet_air_time: 0.0152
                     reward/under_speed: -0.1537
                       reward/feet_slip: -0.0028
                  reward/feet_clearance: -0.0096
                       reward/lin_vel_z: -0.0219
                      reward/ang_vel_xy: -0.4256
                     reward/base_height: -1.9375
                     reward/orientation: -0.6813
                            reward/pose: -0.0162
                     reward/action_rate: -0.0495
                      reward/action_acc: -0.1467
             Metrics/twist/error_vel_xy: 0.3448
            Metrics/twist/error_vel_yaw: 0.1860
        Episode_Reward/tracking_lin_vel: 0.0267
        Episode_Reward/tracking_ang_vel: 0.0055
              Episode_Reward/feet_phase: 0.0131
     Episode_Reward/feet_phase_contrast: 0.0223
     Episode_Reward/feet_contact_number: 0.0228
           Episode_Reward/feet_air_time: 0.0012
             Episode_Reward/under_speed: -0.0083
               Episode_Reward/feet_slip: -0.0002
          Episode_Reward/feet_clearance: -0.0005
               Episode_Reward/lin_vel_z: -0.0014
              Episode_Reward/ang_vel_xy: -0.0258
             Episode_Reward/base_height: -0.1282
             Episode_Reward/orientation: -0.0436
                    Episode_Reward/pose: -0.0009
             Episode_Reward/action_rate: -0.0026
              Episode_Reward/action_acc: -0.0077
           Episode_Termination/time_out: 0.2500
    Episode_Termination/bad_orientation: 8.0000
--------------------------------------------------------------------------------
                         Iteration time: 0.44s
                           Time elapsed: 00:00:01
                                    ETA: 00:02:14

################################################################################
[1m                            Learning iteration 3/250                            [0m 

                            Total steps: 49152 
                       Steps per second: 28225 
                        Collection time: 0.373s 
                          Learning time: 0.062s 
                        Mean value loss: 0.5799
                    Mean surrogate loss: -0.0108
                      Mean entropy loss: 7.2612
                            Mean reward: -2.00
                    Mean episode length: 57.86
                        Mean action std: 0.50
                reward/tracking_lin_vel: 0.5787
                reward/tracking_ang_vel: 0.1047
                      reward/feet_phase: 0.3341
             reward/feet_phase_contrast: 0.4929
             reward/feet_contact_number: 0.4517
                   reward/feet_air_time: 0.0215
                     reward/under_speed: -0.1517
                       reward/feet_slip: -0.0031
                  reward/feet_clearance: -0.0097
                       reward/lin_vel_z: -0.0259
                      reward/ang_vel_xy: -0.4680
                     reward/base_height: -2.2164
                     reward/orientation: -0.8141
                            reward/pose: -0.0182
                     reward/action_rate: -0.0501
                      reward/action_acc: -0.1489
             Metrics/twist/error_vel_xy: 0.3515
            Metrics/twist/error_vel_yaw: 0.1957
        Episode_Reward/tracking_lin_vel: 0.0283
        Episode_Reward/tracking_ang_vel: 0.0055
              Episode_Reward/feet_phase: 0.0145
     Episode_Reward/feet_phase_contrast: 0.0243
     Episode_Reward/feet_contact_number: 0.0233
           Episode_Reward/feet_air_time: 0.0012
             Episode_Reward/under_speed: -0.0080
               Episode_Reward/feet_slip: -0.0002
          Episode_Reward/feet_clearance: -0.0005
               Episode_Reward/lin_vel_z: -0.0014
              Episode_Reward/ang_vel_xy: -0.0263
             Episode_Reward/base_height: -0.1238
             Episode_Reward/orientation: -0.0439
                    Episode_Reward/pose: -0.0009
             Episode_Reward/action_rate: -0.0026
              Episode_Reward/action_acc: -0.0077
           Episode_Termination/time_out: 0.0417
    Episode_Termination/bad_orientation: 8.8333
--------------------------------------------------------------------------------
                         Iteration time: 0.44s
                           Time elapsed: 00:00:02
                                    ETA: 00:02:07

################################################################################
[1m                            Learning iteration 4/250                            [0m 

                            Total steps: 61440 
                       Steps per second: 28615 
                        Collection time: 0.366s 
                          Learning time: 0.063s 
                        Mean value loss: 0.5702
                    Mean surrogate loss: -0.0117
                      Mean entropy loss: 7.2627
                            Mean reward: -2.21
                    Mean episode length: 55.17
                        Mean action std: 0.50
                reward/tracking_lin_vel: 0.6182
                reward/tracking_ang_vel: 0.1063
                      reward/feet_phase: 0.3018
             reward/feet_phase_contrast: 0.5159
             reward/feet_contact_number: 0.4541
                   reward/feet_air_time: 0.0233
                     reward/under_speed: -0.1512
                       reward/feet_slip: -0.0031
                  reward/feet_clearance: -0.0099
                       reward/lin_vel_z: -0.0258
                      reward/ang_vel_xy: -0.4681
                     reward/base_height: -2.3032
                     reward/orientation: -0.8100
                            reward/pose: -0.0170
                     reward/action_rate: -0.0502
                      reward/action_acc: -0.1484
             Metrics/twist/error_vel_xy: 0.3597
            Metrics/twist/error_vel_yaw: 0.2135
        Episode_Reward/tracking_lin_vel: 0.0330
        Episode_Reward/tracking_ang_vel: 0.0059
              Episode_Reward/feet_phase: 0.0186
     Episode_Reward/feet_phase_contrast: 0.0301
     Episode_Reward/feet_contact_number: 0.0252
           Episode_Reward/feet_air_time: 0.0013
             Episode_Reward/under_speed: -0.0083
               Episode_Reward/feet_slip: -0.0002
          Episode_Reward/feet_clearance: -0.0005
               Episode_Reward/lin_vel_z: -0.0014
              Episode_Reward/ang_vel_xy: -0.0264
             Episode_Reward/base_height: -0.1289
             Episode_Reward/orientation: -0.0453
                    Episode_Reward/pose: -0.0010
             Episode_Reward/action_rate: -0.0028
              Episode_Reward/action_acc: -0.0082
           Episode_Termination/time_out: 0.0000
    Episode_Termination/bad_orientation: 9.1250
--------------------------------------------------------------------------------
                         Iteration time: 0.43s
                           Time elapsed: 00:00:02
                                    ETA: 00:02:02

################################################################################
[1m                            Learning iteration 5/250                            [0m 

                            Total steps: 73728 
                       Steps per second: 26914 
                        Collection time: 0.392s 
                          Learning time: 0.065s 
                        Mean value loss: 0.5131
                    Mean surrogate loss: -0.0087
                      Mean entropy loss: 7.2594
                            Mean reward: -2.08
                    Mean episode length: 52.77
                        Mean action std: 0.50
                reward/tracking_lin_vel: 0.6581
                reward/tracking_ang_vel: 0.1076
                      reward/feet_phase: 0.2939
             reward/feet_phase_contrast: 0.5335
             reward/feet_contact_number: 0.4416
                   reward/feet_air_time: 0.0223
                     reward/under_speed: -0.1485
                       reward/feet_slip: -0.0029
                  reward/feet_clearance: -0.0096
                       reward/lin_vel_z: -0.0220
                      reward/ang_vel_xy: -0.4327
                     reward/base_height: -2.0209
                     reward/orientation: -0.7465
                            reward/pose: -0.0176
                     reward/action_rate: -0.0506
                      reward/action_acc: -0.1504
             Metrics/twist/error_vel_xy: 0.3607
            Metrics/twist/error_vel_yaw: 0.2060
        Episode_Reward/tracking_lin_vel: 0.0318
        Episode_Reward/tracking_ang_vel: 0.0058
              Episode_Reward/feet_phase: 0.0169
     Episode_Reward/feet_phase_contrast: 0.0276
     Episode_Reward/feet_contact_number: 0.0242
           Episode_Reward/feet_air_time: 0.0015
             Episode_Reward/under_speed: -0.0081
               Episode_Reward/feet_slip: -0.0002
          Episode_Reward/feet_clearance: -0.0006
               Episode_Reward/lin_vel_z: -0.0013
              Episode_Reward/ang_vel_xy: -0.0267
             Episode_Reward/base_height: -0.1269
             Episode_Reward/orientation: -0.0447
                    Episode_Reward/pose: -0.0010
             Episode_Reward/action_rate: -0.0027
              Episode_Reward/action_acc: -0.0080
           Episode_Termination/time_out: 0.0000
    Episode_Termination/bad_orientation: 8.3333
--------------------------------------------------------------------------------
                         Iteration time: 0.46s
                           Time elapsed: 00:00:02
                                    ETA: 00:02:00

################################################################################
[1m                            Learning iteration 6/250                            [0m 

                            Total steps: 86016 
                       Steps per second: 28399 
                        Collection time: 0.368s 
                          Learning time: 0.065s 
                        Mean value loss: 0.5508
                    Mean surrogate loss: -0.0086
                      Mean entropy loss: 7.2549
                            Mean reward: -2.02
                    Mean episode length: 60.22
                        Mean action std: 0.50
                reward/tracking_lin_vel: 0.6211
                reward/tracking_ang_vel: 0.1032
                      reward/feet_phase: 0.3227
             reward/feet_phase_contrast: 0.5359
             reward/feet_contact_number: 0.4455
                   reward/feet_air_time: 0.0235
                     reward/under_speed: -0.1473
                       reward/feet_slip: -0.0033
                  reward/feet_clearance: -0.0098
                       reward/lin_vel_z: -0.0263
                      reward/ang_vel_xy: -0.4896
                     reward/base_height: -2.3204
                     reward/orientation: -0.8383
                            reward/pose: -0.0174
                     reward/action_rate: -0.0504
                      reward/action_acc: -0.1494
             Metrics/twist/error_vel_xy: 0.3606
            Metrics/twist/error_vel_yaw: 0.2218
        Episode_Reward/tracking_lin_vel: 0.0378
        Episode_Reward/tracking_ang_vel: 0.0061
              Episode_Reward/feet_phase: 0.0180
     Episode_Reward/feet_phase_contrast: 0.0305
     Episode_Reward/feet_contact_number: 0.0262
           Episode_Reward/feet_air_time: 0.0011
             Episode_Reward/under_speed: -0.0086
               Episode_Reward/feet_slip: -0.0002
          Episode_Reward/feet_clearance: -0.0006
               Episode_Reward/lin_vel_z: -0.0015
              Episode_Reward/ang_vel_xy: -0.0264
             Episode_Reward/base_height: -0.1241
             Episode_Reward/orientation: -0.0458
                    Episode_Reward/pose: -0.0010
             Episode_Reward/action_rate: -0.0029
              Episode_Reward/action_acc: -0.0087
           Episode_Termination/time_out: 0.0000
    Episode_Termination/bad_orientation: 9.4583
--------------------------------------------------------------------------------
                         Iteration time: 0.43s
                           Time elapsed: 00:00:03
                                    ETA: 00:01:57

################################################################################
[1m                            Learning iteration 7/250                            [0m 

                            Total steps: 98304 
                       Steps per second: 25331 
                        Collection time: 0.417s 
                          Learning time: 0.068s 
                        Mean value loss: 0.5005
                    Mean surrogate loss: -0.0085
                      Mean entropy loss: 7.2500
                            Mean reward: -2.01
                    Mean episode length: 55.54
                        Mean action std: 0.50
                reward/tracking_lin_vel: 0.6692
                reward/tracking_ang_vel: 0.1043
                      reward/feet_phase: 0.3855
             reward/feet_phase_contrast: 0.5772
             reward/feet_contact_number: 0.4574
                   reward/feet_air_time: 0.0266
                     reward/under_speed: -0.1441
                       reward/feet_slip: -0.0033
                  reward/feet_clearance: -0.0100
                       reward/lin_vel_z: -0.0241
                      reward/ang_vel_xy: -0.4739
                     reward/base_height: -2.2254
                     reward/orientation: -0.7833
                            reward/pose: -0.0172
                     reward/action_rate: -0.0501
                      reward/action_acc: -0.1481
             Metrics/twist/error_vel_xy: 0.3567
            Metrics/twist/error_vel_yaw: 0.2197
        Episode_Reward/tracking_lin_vel: 0.0337
        Episode_Reward/tracking_ang_vel: 0.0057
              Episode_Reward/feet_phase: 0.0182
     Episode_Reward/feet_phase_contrast: 0.0304
     Episode_Reward/feet_contact_number: 0.0248
           Episode_Reward/feet_air_time: 0.0015
             Episode_Reward/under_speed: -0.0081
               Episode_Reward/feet_slip: -0.0002
          Episode_Reward/feet_clearance: -0.0006
               Episode_Reward/lin_vel_z: -0.0013
              Episode_Reward/ang_vel_xy: -0.0267
             Episode_Reward/base_height: -0.1248
             Episode_Reward/orientation: -0.0447
                    Episode_Reward/pose: -0.0010
             Episode_Reward/action_rate: -0.0028
              Episode_Reward/action_acc: -0.0083
           Episode_Termination/time_out: 0.0000
    Episode_Termination/bad_orientation: 9.4583
--------------------------------------------------------------------------------
                         Iteration time: 0.49s
                           Time elapsed: 00:00:03
                                    ETA: 00:01:57

################################################################################
[1m                            Learning iteration 8/250                            [0m 

                            Total steps: 110592 
                       Steps per second: 25560 
                        Collection time: 0.412s 
                          Learning time: 0.069s 
                        Mean value loss: 0.4707
                    Mean surrogate loss: -0.0086
                      Mean entropy loss: 7.2483
                            Mean reward: -1.74
                    Mean episode length: 56.21
                        Mean action std: 0.50
                reward/tracking_lin_vel: 0.6953
                reward/tracking_ang_vel: 0.1068
                      reward/feet_phase: 0.3265
             reward/feet_phase_contrast: 0.5889
             reward/feet_contact_number: 0.4522
                   reward/feet_air_time: 0.0260
                     reward/under_speed: -0.1435
                       reward/feet_slip: -0.0030
                  reward/feet_clearance: -0.0095
                       reward/lin_vel_z: -0.0229
                      reward/ang_vel_xy: -0.4344
                     reward/base_height: -1.9933
                     reward/orientation: -0.7368
                            reward/pose: -0.0184
                     reward/action_rate: -0.0499
                      reward/action_acc: -0.1477
             Metrics/twist/error_vel_xy: 0.3554
            Metrics/twist/error_vel_yaw: 0.2198
        Episode_Reward/tracking_lin_vel: 0.0359
        Episode_Reward/tracking_ang_vel: 0.0059
              Episode_Reward/feet_phase: 0.0191
     Episode_Reward/feet_phase_contrast: 0.0312
     Episode_Reward/feet_contact_number: 0.0254
           Episode_Reward/feet_air_time: 0.0014
             Episode_Reward/under_speed: -0.0080
               Episode_Reward/feet_slip: -0.0002
          Episode_Reward/feet_clearance: -0.0005
               Episode_Reward/lin_vel_z: -0.0014
              Episode_Reward/ang_vel_xy: -0.0266
             Episode_Reward/base_height: -0.1223
             Episode_Reward/orientation: -0.0449
                    Episode_Reward/pose: -0.0010
             Episode_Reward/action_rate: -0.0028
              Episode_Reward/action_acc: -0.0083
           Episode_Termination/time_out: 0.0000
    Episode_Termination/bad_orientation: 8.3333
--------------------------------------------------------------------------------
                         Iteration time: 0.48s
                           Time elapsed: 00:00:04
                                    ETA: 00:01:56

################################################################################
[1m                            Learning iteration 9/250                            [0m 

                            Total steps: 122880 
                       Steps per second: 25358 
                        Collection time: 0.418s 
                          Learning time: 0.067s 
                        Mean value loss: 0.3942
                    Mean surrogate loss: -0.0085
                      Mean entropy loss: 7.2453
                            Mean reward: -1.81
                    Mean episode length: 58.35
                        Mean action std: 0.50
                reward/tracking_lin_vel: 0.7441
                reward/tracking_ang_vel: 0.1045
                      reward/feet_phase: 0.3450
             reward/feet_phase_contrast: 0.6341
             reward/feet_contact_number: 0.4489
                   reward/feet_air_time: 0.0255
                     reward/under_speed: -0.1389
                       reward/feet_slip: -0.0032
                  reward/feet_clearance: -0.0095
                       reward/lin_vel_z: -0.0221
                      reward/ang_vel_xy: -0.4304
                     reward/base_height: -1.9540
                     reward/orientation: -0.7320
                            reward/pose: -0.0180
                     reward/action_rate: -0.0503
                      reward/action_acc: -0.1487
             Metrics/twist/error_vel_xy: 0.3511
            Metrics/twist/error_vel_yaw: 0.2324
        Episode_Reward/tracking_lin_vel: 0.0413
        Episode_Reward/tracking_ang_vel: 0.0062
              Episode_Reward/feet_phase: 0.0226
     Episode_Reward/feet_phase_contrast: 0.0375
     Episode_Reward/feet_contact_number: 0.0261
           Episode_Reward/feet_air_time: 0.0018
             Episode_Reward/under_speed: -0.0081
               Episode_Reward/feet_slip: -0.0002
          Episode_Reward/feet_clearance: -0.0006
               Episode_Reward/lin_vel_z: -0.0014
              Episode_Reward/ang_vel_xy: -0.0269
             Episode_Reward/base_height: -0.1227
             Episode_Reward/orientation: -0.0449
                    Episode_Reward/pose: -0.0011
             Episode_Reward/action_rate: -0.0029
              Episode_Reward/action_acc: -0.0087
           Episode_Termination/time_out: 0.0000
    Episode_Termination/bad_orientation: 8.0833
--------------------------------------------------------------------------------
                         Iteration time: 0.48s
                           Time elapsed: 00:00:04
                                    ETA: 00:01:56

################################################################################
[1m                           Learning iteration 10/250                            [0m 

                            Total steps: 135168 
                       Steps per second: 29047 
                        Collection time: 0.360s 
                          Learning time: 0.063s 
                        Mean value loss: 0.3844
                    Mean surrogate loss: -0.0084
                      Mean entropy loss: 7.2348
                            Mean reward: -0.91
                    Mean episode length: 66.01
                        Mean action std: 0.50
                reward/tracking_lin_vel: 0.7694
                reward/tracking_ang_vel: 0.1036
                      reward/feet_phase: 0.4547
             reward/feet_phase_contrast: 0.6779
             reward/feet_contact_number: 0.4533
                   reward/feet_air_time: 0.0215
                     reward/under_speed: -0.1337
                       reward/feet_slip: -0.0033
                  reward/feet_clearance: -0.0097
                       reward/lin_vel_z: -0.0228
                      reward/ang_vel_xy: -0.4181
                     reward/base_height: -1.8991
                     reward/orientation: -0.7242
                            reward/pose: -0.0190
                     reward/action_rate: -0.0513
                      reward/action_acc: -0.1524
             Metrics/twist/error_vel_xy: 0.3510
            Metrics/twist/error_vel_yaw: 0.2467
        Episode_Reward/tracking_lin_vel: 0.0467
        Episode_Reward/tracking_ang_vel: 0.0064
              Episode_Reward/feet_phase: 0.0238
     Episode_Reward/feet_phase_contrast: 0.0401
     Episode_Reward/feet_contact_number: 0.0279
           Episode_Reward/feet_air_time: 0.0013
             Episode_Reward/under_speed: -0.0085
               Episode_Reward/feet_slip: -0.0002
          Episode_Reward/feet_clearance: -0.0006
               Episode_Reward/lin_vel_z: -0.0014
              Episode_Reward/ang_vel_xy: -0.0261
             Episode_Reward/base_height: -0.1205
             Episode_Reward/orientation: -0.0461
                    Episode_Reward/pose: -0.0012
             Episode_Reward/action_rate: -0.0031
              Episode_Reward/action_acc: -0.0092
           Episode_Termination/time_out: 0.0000
    Episode_Termination/bad_orientation: 8.1250
--------------------------------------------------------------------------------
                         Iteration time: 0.42s
                           Time elapsed: 00:00:05
                                    ETA: 00:01:54

################################################################################
[1m                           Learning iteration 11/250                            [0m 

                            Total steps: 147456 
                       Steps per second: 27681 
                        Collection time: 0.378s 
                          Learning time: 0.066s 
                        Mean value loss: 0.3697
                    Mean surrogate loss: -0.0085
                      Mean entropy loss: 7.2247
                            Mean reward: -1.29
                    Mean episode length: 60.81
                        Mean action std: 0.50
                reward/tracking_lin_vel: 0.7778
                reward/tracking_ang_vel: 0.1057
                      reward/feet_phase: 0.4154
             reward/feet_phase_contrast: 0.6821
             reward/feet_contact_number: 0.4580
                   reward/feet_air_time: 0.0288
                     reward/under_speed: -0.1324
                       reward/feet_slip: -0.0033
                  reward/feet_clearance: -0.0096
                       reward/lin_vel_z: -0.0224
                      reward/ang_vel_xy: -0.4383
                     reward/base_height: -1.9463
                     reward/orientation: -0.7157
                            reward/pose: -0.0192
                     reward/action_rate: -0.0509
                      reward/action_acc: -0.1513
             Metrics/twist/error_vel_xy: 0.3525
            Metrics/twist/error_vel_yaw: 0.2322
        Episode_Reward/tracking_lin_vel: 0.0426
        Episode_Reward/tracking_ang_vel: 0.0063
              Episode_Reward/feet_phase: 0.0217
     Episode_Reward/feet_phase_contrast: 0.0361
     Episode_Reward/feet_contact_number: 0.0277
           Episode_Reward/feet_air_time: 0.0016
             Episode_Reward/under_speed: -0.0086
               Episode_Reward/feet_slip: -0.0002
          Episode_Reward/feet_clearance: -0.0006
               Episode_Reward/lin_vel_z: -0.0014
              Episode_Reward/ang_vel_xy: -0.0268
             Episode_Reward/base_height: -0.1221
             Episode_Reward/orientation: -0.0452
                    Episode_Reward/pose: -0.0011
             Episode_Reward/action_rate: -0.0031
              Episode_Reward/action_acc: -0.0092
           Episode_Termination/time_out: 0.0000
    Episode_Termination/bad_orientation: 8.3750
--------------------------------------------------------------------------------
                         Iteration time: 0.44s
                           Time elapsed: 00:00:05
                                    ETA: 00:01:53

################################################################################
[1m                           Learning iteration 12/250                            [0m 

                            Total steps: 159744 
                       Steps per second: 26561 
                        Collection time: 0.388s 
                          Learning time: 0.075s 
                        Mean value loss: 0.3261
                    Mean surrogate loss: -0.0069
                      Mean entropy loss: 7.2146
                            Mean reward: -0.95
                    Mean episode length: 62.06
                        Mean action std: 0.50
                reward/tracking_lin_vel: 0.8230
                reward/tracking_ang_vel: 0.1060
                      reward/feet_phase: 0.4094
             reward/feet_phase_contrast: 0.7356
             reward/feet_contact_number: 0.4497
                   reward/feet_air_time: 0.0224
                     reward/under_speed: -0.1268
                       reward/feet_slip: -0.0032
                  reward/feet_clearance: -0.0093
                       reward/lin_vel_z: -0.0218
                      reward/ang_vel_xy: -0.3994
                     reward/base_height: -1.6766
                     reward/orientation: -0.6817
                            reward/pose: -0.0190
                     reward/action_rate: -0.0506
                      reward/action_acc: -0.1507
             Metrics/twist/error_vel_xy: 0.3312
            Metrics/twist/error_vel_yaw: 0.2346
        Episode_Reward/tracking_lin_vel: 0.0471
        Episode_Reward/tracking_ang_vel: 0.0062
              Episode_Reward/feet_phase: 0.0272
     Episode_Reward/feet_phase_contrast: 0.0444
     Episode_Reward/feet_contact_number: 0.0269
           Episode_Reward/feet_air_time: 0.0018
             Episode_Reward/under_speed: -0.0074
               Episode_Reward/feet_slip: -0.0002
          Episode_Reward/feet_clearance: -0.0006
               Episode_Reward/lin_vel_z: -0.0014
              Episode_Reward/ang_vel_xy: -0.0270
             Episode_Reward/base_height: -0.1142
             Episode_Reward/orientation: -0.0445
                    Episode_Reward/pose: -0.0012
             Episode_Reward/action_rate: -0.0030
              Episode_Reward/action_acc: -0.0090
           Episode_Termination/time_out: 0.0000
    Episode_Termination/bad_orientation: 7.3333
--------------------------------------------------------------------------------
                         Iteration time: 0.46s
                           Time elapsed: 00:00:06
                                    ETA: 00:01:52

################################################################################
[1m                           Learning iteration 13/250                            [0m 

                            Total steps: 172032 
                       Steps per second: 26932 
                        Collection time: 0.392s 
                          Learning time: 0.065s 
                        Mean value loss: 0.2959
                    Mean surrogate loss: -0.0082
                      Mean entropy loss: 7.2000
                            Mean reward: -1.19
                    Mean episode length: 62.89
                        Mean action std: 0.50
                reward/tracking_lin_vel: 0.8080
                reward/tracking_ang_vel: 0.1054
                      reward/feet_phase: 0.4286
             reward/feet_phase_contrast: 0.7361
             reward/feet_contact_number: 0.4571
                   reward/feet_air_time: 0.0260
                     reward/under_speed: -0.1265
                       reward/feet_slip: -0.0034
                  reward/feet_clearance: -0.0098
                       reward/lin_vel_z: -0.0226
                      reward/ang_vel_xy: -0.4294
                     reward/base_height: -1.8749
                     reward/orientation: -0.7174
                            reward/pose: -0.0190
                     reward/action_rate: -0.0508
                      reward/action_acc: -0.1512
             Metrics/twist/error_vel_xy: 0.3428
            Metrics/twist/error_vel_yaw: 0.2439
        Episode_Reward/tracking_lin_vel: 0.0510
        Episode_Reward/tracking_ang_vel: 0.0066
              Episode_Reward/feet_phase: 0.0280
     Episode_Reward/feet_phase_contrast: 0.0470
     Episode_Reward/feet_contact_number: 0.0290
           Episode_Reward/feet_air_time: 0.0016
             Episode_Reward/under_speed: -0.0080
               Episode_Reward/feet_slip: -0.0002
          Episode_Reward/feet_clearance: -0.0006
               Episode_Reward/lin_vel_z: -0.0014
              Episode_Reward/ang_vel_xy: -0.0272
             Episode_Reward/base_height: -0.1197
             Episode_Reward/orientation: -0.0458
                    Episode_Reward/pose: -0.0012
             Episode_Reward/action_rate: -0.0032
              Episode_Reward/action_acc: -0.0094
           Episode_Termination/time_out: 0.0000
    Episode_Termination/bad_orientation: 8.1667
--------------------------------------------------------------------------------
                         Iteration time: 0.46s
                           Time elapsed: 00:00:06
                                    ETA: 00:01:51

################################################################################
[1m                           Learning iteration 14/250                            [0m 

                            Total steps: 184320 
                       Steps per second: 28832 
                        Collection time: 0.361s 
                          Learning time: 0.065s 
                        Mean value loss: 0.3074
                    Mean surrogate loss: -0.0086
                      Mean entropy loss: 7.1836
                            Mean reward: -0.74
                    Mean episode length: 64.48
                        Mean action std: 0.50
                reward/tracking_lin_vel: 0.8019
                reward/tracking_ang_vel: 0.1052
                      reward/feet_phase: 0.5115
             reward/feet_phase_contrast: 0.7615
             reward/feet_contact_number: 0.4499
                   reward/feet_air_time: 0.0297
                     reward/under_speed: -0.1243
                       reward/feet_slip: -0.0036
                  reward/feet_clearance: -0.0097
                       reward/lin_vel_z: -0.0244
                      reward/ang_vel_xy: -0.4435
                     reward/base_height: -1.8808
                     reward/orientation: -0.7337
                            reward/pose: -0.0184
                     reward/action_rate: -0.0501
                      reward/action_acc: -0.1485
             Metrics/twist/error_vel_xy: 0.3449
            Metrics/twist/error_vel_yaw: 0.2467
        Episode_Reward/tracking_lin_vel: 0.0535
        Episode_Reward/tracking_ang_vel: 0.0069
              Episode_Reward/feet_phase: 0.0292
     Episode_Reward/feet_phase_contrast: 0.0494
     Episode_Reward/feet_contact_number: 0.0294
           Episode_Reward/feet_air_time: 0.0015
             Episode_Reward/under_speed: -0.0080
               Episode_Reward/feet_slip: -0.0002
          Episode_Reward/feet_clearance: -0.0006
               Episode_Reward/lin_vel_z: -0.0015
              Episode_Reward/ang_vel_xy: -0.0271
             Episode_Reward/base_height: -0.1138
             Episode_Reward/orientation: -0.0455
                    Episode_Reward/pose: -0.0012
             Episode_Reward/action_rate: -0.0033
              Episode_Reward/action_acc: -0.0098
           Episode_Termination/time_out: 0.0000
    Episode_Termination/bad_orientation: 8.4583
--------------------------------------------------------------------------------
                         Iteration time: 0.43s
                           Time elapsed: 00:00:07
                                    ETA: 00:01:50

################################################################################
[1m                           Learning iteration 15/250                            [0m 

                            Total steps: 196608 
                       Steps per second: 26268 
                        Collection time: 0.403s 
                          Learning time: 0.065s 
                        Mean value loss: 0.3182
                    Mean surrogate loss: -0.0085
                      Mean entropy loss: 7.1682
                            Mean reward: -1.37
                    Mean episode length: 61.42
                        Mean action std: 0.50
                reward/tracking_lin_vel: 0.9124
                reward/tracking_ang_vel: 0.1067
                      reward/feet_phase: 0.4620
             reward/feet_phase_contrast: 0.8181
             reward/feet_contact_number: 0.4503
                   reward/feet_air_time: 0.0218
                     reward/under_speed: -0.1216
                       reward/feet_slip: -0.0035
                  reward/feet_clearance: -0.0096
                       reward/lin_vel_z: -0.0205
                      reward/ang_vel_xy: -0.4024
                     reward/base_height: -1.6789
                     reward/orientation: -0.6479
                            reward/pose: -0.0183
                     reward/action_rate: -0.0501
                      reward/action_acc: -0.1483
             Metrics/twist/error_vel_xy: 0.3525
            Metrics/twist/error_vel_yaw: 0.2423
        Episode_Reward/tracking_lin_vel: 0.0482
        Episode_Reward/tracking_ang_vel: 0.0067
              Episode_Reward/feet_phase: 0.0267
     Episode_Reward/feet_phase_contrast: 0.0430
     Episode_Reward/feet_contact_number: 0.0287
           Episode_Reward/feet_air_time: 0.0018
             Episode_Reward/under_speed: -0.0084
               Episode_Reward/feet_slip: -0.0002
          Episode_Reward/feet_clearance: -0.0006
               Episode_Reward/lin_vel_z: -0.0014
              Episode_Reward/ang_vel_xy: -0.0276
             Episode_Reward/base_height: -0.1174
             Episode_Reward/orientation: -0.0450
                    Episode_Reward/pose: -0.0011
             Episode_Reward/action_rate: -0.0032
              Episode_Reward/action_acc: -0.0094
           Episode_Termination/time_out: 0.0000
    Episode_Termination/bad_orientation: 7.5417
--------------------------------------------------------------------------------
                         Iteration time: 0.47s
                           Time elapsed: 00:00:07
                                    ETA: 00:01:49

################################################################################
[1m                           Learning iteration 16/250                            [0m 

                            Total steps: 208896 
                       Steps per second: 29294 
                        Collection time: 0.356s 
                          Learning time: 0.064s 
                        Mean value loss: 0.7862
                    Mean surrogate loss: -0.0066
                      Mean entropy loss: 7.1551
                            Mean reward: -0.55
                    Mean episode length: 61.55
                        Mean action std: 0.49
                reward/tracking_lin_vel: 0.7612
                reward/tracking_ang_vel: 0.1014
                      reward/feet_phase: 0.4997
             reward/feet_phase_contrast: 0.8880
             reward/feet_contact_number: 0.4585
                   reward/feet_air_time: 0.0255
                     reward/under_speed: -0.1065
                       reward/feet_slip: -0.0062
                  reward/feet_clearance: -0.0146
                       reward/lin_vel_z: -0.0335
                      reward/ang_vel_xy: -0.4985
                     reward/base_height: -1.6055
                     reward/orientation: -0.6797
                            reward/pose: -0.0209
                     reward/action_rate: -0.0508
                      reward/action_acc: -0.1505
             Metrics/twist/error_vel_xy: 0.3268
            Metrics/twist/error_vel_yaw: 0.2388
        Episode_Reward/tracking_lin_vel: 0.0504
        Episode_Reward/tracking_ang_vel: 0.0063
              Episode_Reward/feet_phase: 0.0287
     Episode_Reward/feet_phase_contrast: 0.0476
     Episode_Reward/feet_contact_number: 0.0270
           Episode_Reward/feet_air_time: 0.0014
             Episode_Reward/under_speed: -0.0070
               Episode_Reward/feet_slip: -0.0003
          Episode_Reward/feet_clearance: -0.0006
               Episode_Reward/lin_vel_z: -0.0018
              Episode_Reward/ang_vel_xy: -0.0276
             Episode_Reward/base_height: -0.1102
             Episode_Reward/orientation: -0.0445
                    Episode_Reward/pose: -0.0011
             Episode_Reward/action_rate: -0.0031
              Episode_Reward/action_acc: -0.0091
           Episode_Termination/time_out: 0.0000
    Episode_Termination/bad_orientation: 7.4167
--------------------------------------------------------------------------------
                         Iteration time: 0.42s
                           Time elapsed: 00:00:07
                                    ETA: 00:01:48

################################################################################
[1m                           Learning iteration 17/250                            [0m 

                            Total steps: 221184 
                       Steps per second: 29397 
                        Collection time: 0.354s 
                          Learning time: 0.064s 
                        Mean value loss: 0.2798
                    Mean surrogate loss: -0.0097
                      Mean entropy loss: 7.1440
                            Mean reward: -1.08
                    Mean episode length: 68.21
                        Mean action std: 0.49
                reward/tracking_lin_vel: 0.6392
                reward/tracking_ang_vel: 0.0963
                      reward/feet_phase: 0.5255
             reward/feet_phase_contrast: 0.8403
             reward/feet_contact_number: 0.4394
                   reward/feet_air_time: 0.0887
                     reward/under_speed: -0.1087
                       reward/feet_slip: -0.0050
                  reward/feet_clearance: -0.0135
                       reward/lin_vel_z: -0.0340
                      reward/ang_vel_xy: -0.7160
                     reward/base_height: -2.5995
                     reward/orientation: -0.8491
                            reward/pose: -0.0206
                     reward/action_rate: -0.0506
                      reward/action_acc: -0.1497
             Metrics/twist/error_vel_xy: 0.3707
            Metrics/twist/error_vel_yaw: 0.2562
        Episode_Reward/tracking_lin_vel: 0.0495
        Episode_Reward/tracking_ang_vel: 0.0064
              Episode_Reward/feet_phase: 0.0306
     Episode_Reward/feet_phase_contrast: 0.0527
     Episode_Reward/feet_contact_number: 0.0279
           Episode_Reward/feet_air_time: 0.0035
             Episode_Reward/under_speed: -0.0073
               Episode_Reward/feet_slip: -0.0003
          Episode_Reward/feet_clearance: -0.0008
               Episode_Reward/lin_vel_z: -0.0018
              Episode_Reward/ang_vel_xy: -0.0340
             Episode_Reward/base_height: -0.1096
             Episode_Reward/orientation: -0.0391
                    Episode_Reward/pose: -0.0012
             Episode_Reward/action_rate: -0.0031
              Episode_Reward/action_acc: -0.0093
           Episode_Termination/time_out: 0.0000
    Episode_Termination/bad_orientation: 12.0000
--------------------------------------------------------------------------------
                         Iteration time: 0.42s
                           Time elapsed: 00:00:08
                                    ETA: 00:01:47

################################################################################
[1m                           Learning iteration 18/250                            [0m 

                            Total steps: 233472 
                       Steps per second: 28864 
                        Collection time: 0.363s 
                          Learning time: 0.063s 
                        Mean value loss: 0.2897
                    Mean surrogate loss: -0.0099
                      Mean entropy loss: 7.1317
                            Mean reward: -0.80
                    Mean episode length: 66.63
                        Mean action std: 0.49
                reward/tracking_lin_vel: 0.9443
                reward/tracking_ang_vel: 0.1074
                      reward/feet_phase: 0.5603
             reward/feet_phase_contrast: 0.8897
             reward/feet_contact_number: 0.4499
                   reward/feet_air_time: 0.0379
                     reward/under_speed: -0.1098
                       reward/feet_slip: -0.0035
                  reward/feet_clearance: -0.0100
                       reward/lin_vel_z: -0.0188
                      reward/ang_vel_xy: -0.4155
                     reward/base_height: -1.6392
                     reward/orientation: -0.6233
                            reward/pose: -0.0199
                     reward/action_rate: -0.0503
                      reward/action_acc: -0.1491
             Metrics/twist/error_vel_xy: 0.3902
            Metrics/twist/error_vel_yaw: 0.2739
        Episode_Reward/tracking_lin_vel: 0.0536
        Episode_Reward/tracking_ang_vel: 0.0074
              Episode_Reward/feet_phase: 0.0331
     Episode_Reward/feet_phase_contrast: 0.0545
     Episode_Reward/feet_contact_number: 0.0314
           Episode_Reward/feet_air_time: 0.0034
             Episode_Reward/under_speed: -0.0088
               Episode_Reward/feet_slip: -0.0003
          Episode_Reward/feet_clearance: -0.0008
               Episode_Reward/lin_vel_z: -0.0013
              Episode_Reward/ang_vel_xy: -0.0317
             Episode_Reward/base_height: -0.1233
             Episode_Reward/orientation: -0.0433
                    Episode_Reward/pose: -0.0013
             Episode_Reward/action_rate: -0.0036
              Episode_Reward/action_acc: -0.0106
           Episode_Termination/time_out: 0.0000
    Episode_Termination/bad_orientation: 6.7500
--------------------------------------------------------------------------------
                         Iteration time: 0.43s
                           Time elapsed: 00:00:08
                                    ETA: 00:01:46

################################################################################
[1m                           Learning iteration 19/250                            [0m 

                            Total steps: 245760 
                       Steps per second: 29461 
                        Collection time: 0.354s 
                          Learning time: 0.063s 
                        Mean value loss: 0.2640
                    Mean surrogate loss: -0.0087
                      Mean entropy loss: 7.1216
                            Mean reward: -1.06
                    Mean episode length: 53.44
                        Mean action std: 0.49
                reward/tracking_lin_vel: 0.9569
                reward/tracking_ang_vel: 0.1041
                      reward/feet_phase: 0.5384
             reward/feet_phase_contrast: 0.9585
             reward/feet_contact_number: 0.4505
                   reward/feet_air_time: 0.0383
                     reward/under_speed: -0.1025
                       reward/feet_slip: -0.0042
                  reward/feet_clearance: -0.0102
                       reward/lin_vel_z: -0.0231
                      reward/ang_vel_xy: -0.4506
                     reward/base_height: -1.9296
                     reward/orientation: -0.7310
                            reward/pose: -0.0210
                     reward/action_rate: -0.0502
                      reward/action_acc: -0.1488
             Metrics/twist/error_vel_xy: 0.2986
            Metrics/twist/error_vel_yaw: 0.2212
        Episode_Reward/tracking_lin_vel: 0.0483
        Episode_Reward/tracking_ang_vel: 0.0058
              Episode_Reward/feet_phase: 0.0319
     Episode_Reward/feet_phase_contrast: 0.0520
     Episode_Reward/feet_contact_number: 0.0255
           Episode_Reward/feet_air_time: 0.0021
             Episode_Reward/under_speed: -0.0055
               Episode_Reward/feet_slip: -0.0003
          Episode_Reward/feet_clearance: -0.0007
               Episode_Reward/lin_vel_z: -0.0015
              Episode_Reward/ang_vel_xy: -0.0281
             Episode_Reward/base_height: -0.1156
             Episode_Reward/orientation: -0.0440
                    Episode_Reward/pose: -0.0012
             Episode_Reward/action_rate: -0.0028
              Episode_Reward/action_acc: -0.0084
           Episode_Termination/time_out: 0.0000
    Episode_Termination/bad_orientation: 8.7500
--------------------------------------------------------------------------------
                         Iteration time: 0.42s
                           Time elapsed: 00:00:09
                                    ETA: 00:01:45

################################################################################
[1m                           Learning iteration 20/250                            [0m 

                            Total steps: 258048 
                       Steps per second: 28805 
                        Collection time: 0.364s 
                          Learning time: 0.062s 
                        Mean value loss: 0.2531
                    Mean surrogate loss: -0.0086
                      Mean entropy loss: 7.1092
                            Mean reward: -0.28
                    Mean episode length: 63.62
                        Mean action std: 0.49
                reward/tracking_lin_vel: 1.0277
                reward/tracking_ang_vel: 0.1048
                      reward/feet_phase: 0.5706
             reward/feet_phase_contrast: 1.0040
             reward/feet_contact_number: 0.4535
                   reward/feet_air_time: 0.0262
                     reward/under_speed: -0.0989
                       reward/feet_slip: -0.0040
                  reward/feet_clearance: -0.0102
                       reward/lin_vel_z: -0.0209
                      reward/ang_vel_xy: -0.4127
                     reward/base_height: -1.6503
                     reward/orientation: -0.6493
                            reward/pose: -0.0213
                     reward/action_rate: -0.0504
                      reward/action_acc: -0.1494
             Metrics/twist/error_vel_xy: 0.2998
            Metrics/twist/error_vel_yaw: 0.2427
        Episode_Reward/tracking_lin_vel: 0.0570
        Episode_Reward/tracking_ang_vel: 0.0064
              Episode_Reward/feet_phase: 0.0346
     Episode_Reward/feet_phase_contrast: 0.0586
     Episode_Reward/feet_contact_number: 0.0275
           Episode_Reward/feet_air_time: 0.0022
             Episode_Reward/under_speed: -0.0061
               Episode_Reward/feet_slip: -0.0003
          Episode_Reward/feet_clearance: -0.0006
               Episode_Reward/lin_vel_z: -0.0014
              Episode_Reward/ang_vel_xy: -0.0276
             Episode_Reward/base_height: -0.1125
             Episode_Reward/orientation: -0.0447
                    Episode_Reward/pose: -0.0013
             Episode_Reward/action_rate: -0.0031
              Episode_Reward/action_acc: -0.0091
           Episode_Termination/time_out: 0.0000
    Episode_Termination/bad_orientation: 7.6250
--------------------------------------------------------------------------------
                         Iteration time: 0.43s
                           Time elapsed: 00:00:09
                                    ETA: 00:01:44

################################################################################
[1m                           Learning iteration 21/250                            [0m 

                            Total steps: 270336 
                       Steps per second: 28940 
                        Collection time: 0.360s 
                          Learning time: 0.064s 
                        Mean value loss: 0.2391
                    Mean surrogate loss: -0.0086
                      Mean entropy loss: 7.1007
                            Mean reward: -0.07
                    Mean episode length: 60.61
                        Mean action std: 0.49
                reward/tracking_lin_vel: 1.0209
                reward/tracking_ang_vel: 0.1026
                      reward/feet_phase: 0.6932
             reward/feet_phase_contrast: 1.0296
             reward/feet_contact_number: 0.4596
                   reward/feet_air_time: 0.0234
                     reward/under_speed: -0.0946
                       reward/feet_slip: -0.0044
                  reward/feet_clearance: -0.0101
                       reward/lin_vel_z: -0.0231
                      reward/ang_vel_xy: -0.4133
                     reward/base_height: -1.6238
                     reward/orientation: -0.6898
                            reward/pose: -0.0222
                     reward/action_rate: -0.0507
                      reward/action_acc: -0.1505
             Metrics/twist/error_vel_xy: 0.2804
            Metrics/twist/error_vel_yaw: 0.2454
        Episode_Reward/tracking_lin_vel: 0.0622
        Episode_Reward/tracking_ang_vel: 0.0063
              Episode_Reward/feet_phase: 0.0390
     Episode_Reward/feet_phase_contrast: 0.0659
     Episode_Reward/feet_contact_number: 0.0276
           Episode_Reward/feet_air_time: 0.0013
             Episode_Reward/under_speed: -0.0051
               Episode_Reward/feet_slip: -0.0003
          Episode_Reward/feet_clearance: -0.0006
               Episode_Reward/lin_vel_z: -0.0016
              Episode_Reward/ang_vel_xy: -0.0279
             Episode_Reward/base_height: -0.1096
             Episode_Reward/orientation: -0.0450
                    Episode_Reward/pose: -0.0014
             Episode_Reward/action_rate: -0.0031
              Episode_Reward/action_acc: -0.0091
           Episode_Termination/time_out: 0.0000
    Episode_Termination/bad_orientation: 7.2083
--------------------------------------------------------------------------------
                         Iteration time: 0.42s
                           Time elapsed: 00:00:10
                                    ETA: 00:01:44

################################################################################
[1m                           Learning iteration 22/250                            [0m 

                            Total steps: 282624 
                       Steps per second: 28188 
                        Collection time: 0.374s 
                          Learning time: 0.062s 
                        Mean value loss: 0.2548
                    Mean surrogate loss: -0.0091
                      Mean entropy loss: 7.0959
                            Mean reward: 0.18
                    Mean episode length: 63.02
                        Mean action std: 0.49
                reward/tracking_lin_vel: 1.0233
                reward/tracking_ang_vel: 0.1065
                      reward/feet_phase: 0.5642
             reward/feet_phase_contrast: 0.9811
             reward/feet_contact_number: 0.4507
                   reward/feet_air_time: 0.0264
                     reward/under_speed: -0.1020
                       reward/feet_slip: -0.0041
                  reward/feet_clearance: -0.0101
                       reward/lin_vel_z: -0.0185
                      reward/ang_vel_xy: -0.3746
                     reward/base_height: -1.4996
                     reward/orientation: -0.6087
                            reward/pose: -0.0216
                     reward/action_rate: -0.0510
                      reward/action_acc: -0.1513
             Metrics/twist/error_vel_xy: 0.2875
            Metrics/twist/error_vel_yaw: 0.2509
        Episode_Reward/tracking_lin_vel: 0.0636
        Episode_Reward/tracking_ang_vel: 0.0064
              Episode_Reward/feet_phase: 0.0413
     Episode_Reward/feet_phase_contrast: 0.0668
     Episode_Reward/feet_contact_number: 0.0283
           Episode_Reward/feet_air_time: 0.0019
             Episode_Reward/under_speed: -0.0055
               Episode_Reward/feet_slip: -0.0003
          Episode_Reward/feet_clearance: -0.0007
               Episode_Reward/lin_vel_z: -0.0014
              Episode_Reward/ang_vel_xy: -0.0274
             Episode_Reward/base_height: -0.1135
             Episode_Reward/orientation: -0.0456
                    Episode_Reward/pose: -0.0014
             Episode_Reward/action_rate: -0.0032
              Episode_Reward/action_acc: -0.0094
           Episode_Termination/time_out: 0.0000
    Episode_Termination/bad_orientation: 7.3333
--------------------------------------------------------------------------------
                         Iteration time: 0.44s
                           Time elapsed: 00:00:10
                                    ETA: 00:01:43

################################################################################
[1m                           Learning iteration 23/250                            [0m 

                            Total steps: 294912 
                       Steps per second: 27128 
                        Collection time: 0.388s 
                          Learning time: 0.065s 
                        Mean value loss: 0.2374
                    Mean surrogate loss: -0.0083
                      Mean entropy loss: 7.0869
                            Mean reward: -0.54
                    Mean episode length: 58.64
                        Mean action std: 0.49
                reward/tracking_lin_vel: 1.0083
                reward/tracking_ang_vel: 0.1053
                      reward/feet_phase: 0.5682
             reward/feet_phase_contrast: 0.9961
             reward/feet_contact_number: 0.4599
                   reward/feet_air_time: 0.0292
                     reward/under_speed: -0.0977
                       reward/feet_slip: -0.0042
                  reward/feet_clearance: -0.0101
                       reward/lin_vel_z: -0.0201
                      reward/ang_vel_xy: -0.4312
                     reward/base_height: -1.7419
                     reward/orientation: -0.6984
                            reward/pose: -0.0231
                     reward/action_rate: -0.0514
                      reward/action_acc: -0.1526
             Metrics/twist/error_vel_xy: 0.2951
            Metrics/twist/error_vel_yaw: 0.2425
        Episode_Reward/tracking_lin_vel: 0.0612
        Episode_Reward/tracking_ang_vel: 0.0065
              Episode_Reward/feet_phase: 0.0371
     Episode_Reward/feet_phase_contrast: 0.0613
     Episode_Reward/feet_contact_number: 0.0282
           Episode_Reward/feet_air_time: 0.0017
             Episode_Reward/under_speed: -0.0058
               Episode_Reward/feet_slip: -0.0003
          Episode_Reward/feet_clearance: -0.0006
               Episode_Reward/lin_vel_z: -0.0013
              Episode_Reward/ang_vel_xy: -0.0279
             Episode_Reward/base_height: -0.1132
             Episode_Reward/orientation: -0.0451
                    Episode_Reward/pose: -0.0013
             Episode_Reward/action_rate: -0.0031
              Episode_Reward/action_acc: -0.0092
           Episode_Termination/time_out: 0.0000
    Episode_Termination/bad_orientation: 7.4167
--------------------------------------------------------------------------------
                         Iteration time: 0.45s
                           Time elapsed: 00:00:10
                                    ETA: 00:01:42

################################################################################
[1m                           Learning iteration 24/250                            [0m 

                            Total steps: 307200 
                       Steps per second: 26090 
                        Collection time: 0.407s 
                          Learning time: 0.064s 
                        Mean value loss: 0.2343
                    Mean surrogate loss: -0.0091
                      Mean entropy loss: 7.0741
                            Mean reward: 0.27
                    Mean episode length: 64.65
                        Mean action std: 0.49
                reward/tracking_lin_vel: 1.0679
                reward/tracking_ang_vel: 0.1072
                      reward/feet_phase: 0.6354
             reward/feet_phase_contrast: 1.0253
             reward/feet_contact_number: 0.4557
                   reward/feet_air_time: 0.0204
                     reward/under_speed: -0.0992
                       reward/feet_slip: -0.0042
                  reward/feet_clearance: -0.0103
                       reward/lin_vel_z: -0.0197
                      reward/ang_vel_xy: -0.3863
                     reward/base_height: -1.4534
                     reward/orientation: -0.5880
                            reward/pose: -0.0216
                     reward/action_rate: -0.0515
                      reward/action_acc: -0.1524
             Metrics/twist/error_vel_xy: 0.2818
            Metrics/twist/error_vel_yaw: 0.2548
        Episode_Reward/tracking_lin_vel: 0.0673
        Episode_Reward/tracking_ang_vel: 0.0066
              Episode_Reward/feet_phase: 0.0408
     Episode_Reward/feet_phase_contrast: 0.0696
     Episode_Reward/feet_contact_number: 0.0290
           Episode_Reward/feet_air_time: 0.0015
             Episode_Reward/under_speed: -0.0055
               Episode_Reward/feet_slip: -0.0003
          Episode_Reward/feet_clearance: -0.0007
               Episode_Reward/lin_vel_z: -0.0015
              Episode_Reward/ang_vel_xy: -0.0281
             Episode_Reward/base_height: -0.1065
             Episode_Reward/orientation: -0.0445
                    Episode_Reward/pose: -0.0014
             Episode_Reward/action_rate: -0.0033
              Episode_Reward/action_acc: -0.0097
           Episode_Termination/time_out: 0.0000
    Episode_Termination/bad_orientation: 7.4167
--------------------------------------------------------------------------------
                         Iteration time: 0.47s
                           Time elapsed: 00:00:11
                                    ETA: 00:01:42

################################################################################
[1m                           Learning iteration 25/250                            [0m 

                            Total steps: 319488 
                       Steps per second: 27478 
                        Collection time: 0.383s 
                          Learning time: 0.064s 
                        Mean value loss: 0.2516
                    Mean surrogate loss: -0.0077
                      Mean entropy loss: 7.0678
                            Mean reward: 0.33
                    Mean episode length: 64.19
                        Mean action std: 0.49
                reward/tracking_lin_vel: 1.0480
                reward/tracking_ang_vel: 0.1055
                      reward/feet_phase: 0.6389
             reward/feet_phase_contrast: 1.0035
             reward/feet_contact_number: 0.4520
                   reward/feet_air_time: 0.0256
                     reward/under_speed: -0.0991
                       reward/feet_slip: -0.0039
                  reward/feet_clearance: -0.0099
                       reward/lin_vel_z: -0.0191
                      reward/ang_vel_xy: -0.3927
                     reward/base_height: -1.4559
                     reward/orientation: -0.6251
                            reward/pose: -0.0235
                     reward/action_rate: -0.0506
                      reward/action_acc: -0.1497
             Metrics/twist/error_vel_xy: 0.2896
            Metrics/twist/error_vel_yaw: 0.2451
        Episode_Reward/tracking_lin_vel: 0.0661
        Episode_Reward/tracking_ang_vel: 0.0068
              Episode_Reward/feet_phase: 0.0402
     Episode_Reward/feet_phase_contrast: 0.0671
     Episode_Reward/feet_contact_number: 0.0294
           Episode_Reward/feet_air_time: 0.0017
             Episode_Reward/under_speed: -0.0060
               Episode_Reward/feet_slip: -0.0003
          Episode_Reward/feet_clearance: -0.0007
               Episode_Reward/lin_vel_z: -0.0014
              Episode_Reward/ang_vel_xy: -0.0287
             Episode_Reward/base_height: -0.1073
             Episode_Reward/orientation: -0.0439
                    Episode_Reward/pose: -0.0014
             Episode_Reward/action_rate: -0.0033
              Episode_Reward/action_acc: -0.0097
           Episode_Termination/time_out: 0.0000
    Episode_Termination/bad_orientation: 6.5000
--------------------------------------------------------------------------------
                         Iteration time: 0.45s
                           Time elapsed: 00:00:11
                                    ETA: 00:01:42

################################################################################
[1m                           Learning iteration 26/250                            [0m 

                            Total steps: 331776 
                       Steps per second: 27135 
                        Collection time: 0.391s 
                          Learning time: 0.062s 
                        Mean value loss: 0.2582
                    Mean surrogate loss: -0.0109
                      Mean entropy loss: 7.0539
                            Mean reward: 0.40
                    Mean episode length: 69.11
                        Mean action std: 0.49
                reward/tracking_lin_vel: 1.0698
                reward/tracking_ang_vel: 0.1063
                      reward/feet_phase: 0.5635
             reward/feet_phase_contrast: 1.0075
             reward/feet_contact_number: 0.4563
                   reward/feet_air_time: 0.0283
                     reward/under_speed: -0.1025
                       reward/feet_slip: -0.0040
                  reward/feet_clearance: -0.0100
                       reward/lin_vel_z: -0.0175
                      reward/ang_vel_xy: -0.3942
                     reward/base_height: -1.4473
                     reward/orientation: -0.5813
                            reward/pose: -0.0219
                     reward/action_rate: -0.0515
                      reward/action_acc: -0.1520
             Metrics/twist/error_vel_xy: 0.3095
            Metrics/twist/error_vel_yaw: 0.2652
        Episode_Reward/tracking_lin_vel: 0.0712
        Episode_Reward/tracking_ang_vel: 0.0073
              Episode_Reward/feet_phase: 0.0424
     Episode_Reward/feet_phase_contrast: 0.0687
     Episode_Reward/feet_contact_number: 0.0313
           Episode_Reward/feet_air_time: 0.0018
             Episode_Reward/under_speed: -0.0070
               Episode_Reward/feet_slip: -0.0003
          Episode_Reward/feet_clearance: -0.0007
               Episode_Reward/lin_vel_z: -0.0013
              Episode_Reward/ang_vel_xy: -0.0290
             Episode_Reward/base_height: -0.1095
             Episode_Reward/orientation: -0.0444
                    Episode_Reward/pose: -0.0015
             Episode_Reward/action_rate: -0.0035
              Episode_Reward/action_acc: -0.0105
           Episode_Termination/time_out: 0.0000
    Episode_Termination/bad_orientation: 7.2083
--------------------------------------------------------------------------------
                         Iteration time: 0.45s
                           Time elapsed: 00:00:12
                                    ETA: 00:01:41

################################################################################
[1m                           Learning iteration 27/250                            [0m 

                            Total steps: 344064 
                       Steps per second: 28650 
                        Collection time: 0.365s 
                          Learning time: 0.064s 
                        Mean value loss: 0.2365
                    Mean surrogate loss: -0.0100
                      Mean entropy loss: 7.0382
                            Mean reward: 0.40
                    Mean episode length: 65.01
                        Mean action std: 0.49
                reward/tracking_lin_vel: 1.0495
                reward/tracking_ang_vel: 0.1056
                      reward/feet_phase: 0.5829
             reward/feet_phase_contrast: 1.0119
             reward/feet_contact_number: 0.4488
                   reward/feet_air_time: 0.0218
                     reward/under_speed: -0.1001
                       reward/feet_slip: -0.0043
                  reward/feet_clearance: -0.0101
                       reward/lin_vel_z: -0.0187
                      reward/ang_vel_xy: -0.3928
                     reward/base_height: -1.4423
                     reward/orientation: -0.6135
                            reward/pose: -0.0239
                     reward/action_rate: -0.0511
                      reward/action_acc: -0.1508
             Metrics/twist/error_vel_xy: 0.2747
            Metrics/twist/error_vel_yaw: 0.2691
        Episode_Reward/tracking_lin_vel: 0.0738
        Episode_Reward/tracking_ang_vel: 0.0067
              Episode_Reward/feet_phase: 0.0449
     Episode_Reward/feet_phase_contrast: 0.0760
     Episode_Reward/feet_contact_number: 0.0301
           Episode_Reward/feet_air_time: 0.0017
             Episode_Reward/under_speed: -0.0054
               Episode_Reward/feet_slip: -0.0003
          Episode_Reward/feet_clearance: -0.0007
               Episode_Reward/lin_vel_z: -0.0014
              Episode_Reward/ang_vel_xy: -0.0284
             Episode_Reward/base_height: -0.1057
             Episode_Reward/orientation: -0.0448
                    Episode_Reward/pose: -0.0016
             Episode_Reward/action_rate: -0.0034
              Episode_Reward/action_acc: -0.0101
           Episode_Termination/time_out: 0.0000
    Episode_Termination/bad_orientation: 6.6667
--------------------------------------------------------------------------------
                         Iteration time: 0.43s
                           Time elapsed: 00:00:12
                                    ETA: 00:01:40

################################################################################
[1m                           Learning iteration 28/250                            [0m 

                            Total steps: 356352 
                       Steps per second: 27905 
                        Collection time: 0.377s 
                          Learning time: 0.063s 
                        Mean value loss: 0.2489
                    Mean surrogate loss: -0.0110
                      Mean entropy loss: 7.0063
                            Mean reward: 0.44
                    Mean episode length: 62.75
                        Mean action std: 0.49
                reward/tracking_lin_vel: 1.0706
                reward/tracking_ang_vel: 0.1097
                      reward/feet_phase: 0.6659
             reward/feet_phase_contrast: 0.9893
             reward/feet_contact_number: 0.4586
                   reward/feet_air_time: 0.0188
                     reward/under_speed: -0.1055
                       reward/feet_slip: -0.0039
                  reward/feet_clearance: -0.0102
                       reward/lin_vel_z: -0.0173
                      reward/ang_vel_xy: -0.3500
                     reward/base_height: -1.2689
                     reward/orientation: -0.5305
                            reward/pose: -0.0237
                     reward/action_rate: -0.0506
                      reward/action_acc: -0.1498
             Metrics/twist/error_vel_xy: 0.2720
            Metrics/twist/error_vel_yaw: 0.2428
        Episode_Reward/tracking_lin_vel: 0.0655
        Episode_Reward/tracking_ang_vel: 0.0064
              Episode_Reward/feet_phase: 0.0400
     Episode_Reward/feet_phase_contrast: 0.0679
     Episode_Reward/feet_contact_number: 0.0274
           Episode_Reward/feet_air_time: 0.0017
             Episode_Reward/under_speed: -0.0050
               Episode_Reward/feet_slip: -0.0003
          Episode_Reward/feet_clearance: -0.0007
               Episode_Reward/lin_vel_z: -0.0014
              Episode_Reward/ang_vel_xy: -0.0284
             Episode_Reward/base_height: -0.1071
             Episode_Reward/orientation: -0.0436
                    Episode_Reward/pose: -0.0015
             Episode_Reward/action_rate: -0.0031
              Episode_Reward/action_acc: -0.0093
           Episode_Termination/time_out: 0.0000
    Episode_Termination/bad_orientation: 6.3750
--------------------------------------------------------------------------------
                         Iteration time: 0.44s
                           Time elapsed: 00:00:13
                                    ETA: 00:01:40

################################################################################
[1m                           Learning iteration 29/250                            [0m 

                            Total steps: 368640 
                       Steps per second: 27325 
                        Collection time: 0.384s 
                          Learning time: 0.066s 
                        Mean value loss: 0.2449
                    Mean surrogate loss: -0.0112
                      Mean entropy loss: 6.9922
                            Mean reward: 0.47
                    Mean episode length: 67.71
                        Mean action std: 0.49
                reward/tracking_lin_vel: 1.0582
                reward/tracking_ang_vel: 0.1101
                      reward/feet_phase: 0.5884
             reward/feet_phase_contrast: 1.0106
             reward/feet_contact_number: 0.4564
                   reward/feet_air_time: 0.0257
                     reward/under_speed: -0.1046
                       reward/feet_slip: -0.0041
                  reward/feet_clearance: -0.0100
                       reward/lin_vel_z: -0.0175
                      reward/ang_vel_xy: -0.3793
                     reward/base_height: -1.3675
                     reward/orientation: -0.5763
                            reward/pose: -0.0247
                     reward/action_rate: -0.0506
                      reward/action_acc: -0.1493
             Metrics/twist/error_vel_xy: 0.2884
            Metrics/twist/error_vel_yaw: 0.2410
        Episode_Reward/tracking_lin_vel: 0.0668
        Episode_Reward/tracking_ang_vel: 0.0069
              Episode_Reward/feet_phase: 0.0433
     Episode_Reward/feet_phase_contrast: 0.0704
     Episode_Reward/feet_contact_number: 0.0291
           Episode_Reward/feet_air_time: 0.0019
             Episode_Reward/under_speed: -0.0058
               Episode_Reward/feet_slip: -0.0003
          Episode_Reward/feet_clearance: -0.0007
               Episode_Reward/lin_vel_z: -0.0013
              Episode_Reward/ang_vel_xy: -0.0294
             Episode_Reward/base_height: -0.1069
             Episode_Reward/orientation: -0.0432
                    Episode_Reward/pose: -0.0015
             Episode_Reward/action_rate: -0.0033
              Episode_Reward/action_acc: -0.0097
           Episode_Termination/time_out: 0.0000
    Episode_Termination/bad_orientation: 6.1250
--------------------------------------------------------------------------------
                         Iteration time: 0.45s
                           Time elapsed: 00:00:13
                                    ETA: 00:01:39

################################################################################
[1m                           Learning iteration 30/250                            [0m 

                            Total steps: 380928 
                       Steps per second: 26872 
                        Collection time: 0.393s 
                          Learning time: 0.065s 
                        Mean value loss: 0.2397
                    Mean surrogate loss: -0.0111
                      Mean entropy loss: 6.9779
                            Mean reward: 0.51
                    Mean episode length: 67.26
                        Mean action std: 0.49
                reward/tracking_lin_vel: 1.0902
                reward/tracking_ang_vel: 0.1110
                      reward/feet_phase: 0.5412
             reward/feet_phase_contrast: 0.9747
             reward/feet_contact_number: 0.4529
                   reward/feet_air_time: 0.0214
                     reward/under_speed: -0.1090
                       reward/feet_slip: -0.0039
                  reward/feet_clearance: -0.0098
                       reward/lin_vel_z: -0.0158
                      reward/ang_vel_xy: -0.3460
                     reward/base_height: -1.1940
                     reward/orientation: -0.5156
                            reward/pose: -0.0252
                     reward/action_rate: -0.0509
                      reward/action_acc: -0.1506
             Metrics/twist/error_vel_xy: 0.2956
            Metrics/twist/error_vel_yaw: 0.2575
        Episode_Reward/tracking_lin_vel: 0.0709
        Episode_Reward/tracking_ang_vel: 0.0072
              Episode_Reward/feet_phase: 0.0446
     Episode_Reward/feet_phase_contrast: 0.0729
     Episode_Reward/feet_contact_number: 0.0307
           Episode_Reward/feet_air_time: 0.0017
             Episode_Reward/under_speed: -0.0063
               Episode_Reward/feet_slip: -0.0003
          Episode_Reward/feet_clearance: -0.0007
               Episode_Reward/lin_vel_z: -0.0014
              Episode_Reward/ang_vel_xy: -0.0291
             Episode_Reward/base_height: -0.1044
             Episode_Reward/orientation: -0.0442
                    Episode_Reward/pose: -0.0016
             Episode_Reward/action_rate: -0.0034
              Episode_Reward/action_acc: -0.0101
           Episode_Termination/time_out: 0.0000
    Episode_Termination/bad_orientation: 6.0833
--------------------------------------------------------------------------------
                         Iteration time: 0.46s
                           Time elapsed: 00:00:14
                                    ETA: 00:01:39

################################################################################
[1m                           Learning iteration 31/250                            [0m 

                            Total steps: 393216 
                       Steps per second: 25772 
                        Collection time: 0.405s 
                          Learning time: 0.071s 
                        Mean value loss: 0.2363
                    Mean surrogate loss: -0.0117
                      Mean entropy loss: 6.9634
                            Mean reward: 0.80
                    Mean episode length: 71.23
                        Mean action std: 0.49
                reward/tracking_lin_vel: 1.0562
                reward/tracking_ang_vel: 0.1093
                      reward/feet_phase: 0.5787
             reward/feet_phase_contrast: 0.9515
             reward/feet_contact_number: 0.4454
                   reward/feet_air_time: 0.0197
                     reward/under_speed: -0.1097
                       reward/feet_slip: -0.0039
                  reward/feet_clearance: -0.0098
                       reward/lin_vel_z: -0.0158
                      reward/ang_vel_xy: -0.3567
                     reward/base_height: -1.2261
                     reward/orientation: -0.5353
                            reward/pose: -0.0257
                     reward/action_rate: -0.0510
                      reward/action_acc: -0.1509
             Metrics/twist/error_vel_xy: 0.2875
            Metrics/twist/error_vel_yaw: 0.2495
        Episode_Reward/tracking_lin_vel: 0.0714
        Episode_Reward/tracking_ang_vel: 0.0073
              Episode_Reward/feet_phase: 0.0432
     Episode_Reward/feet_phase_contrast: 0.0731
     Episode_Reward/feet_contact_number: 0.0306
           Episode_Reward/feet_air_time: 0.0018
             Episode_Reward/under_speed: -0.0064
               Episode_Reward/feet_slip: -0.0003
          Episode_Reward/feet_clearance: -0.0007
               Episode_Reward/lin_vel_z: -0.0013
              Episode_Reward/ang_vel_xy: -0.0293
             Episode_Reward/base_height: -0.1046
             Episode_Reward/orientation: -0.0441
                    Episode_Reward/pose: -0.0017
             Episode_Reward/action_rate: -0.0035
              Episode_Reward/action_acc: -0.0103
           Episode_Termination/time_out: 0.0000
    Episode_Termination/bad_orientation: 6.0000
--------------------------------------------------------------------------------
                         Iteration time: 0.48s
                           Time elapsed: 00:00:14
                                    ETA: 00:01:39

################################################################################
[1m                           Learning iteration 32/250                            [0m 

                            Total steps: 405504 
                       Steps per second: 23128 
                        Collection time: 0.455s 
                          Learning time: 0.076s 
                        Mean value loss: 0.2292
                    Mean surrogate loss: -0.0103
                      Mean entropy loss: 6.9533
                            Mean reward: 0.84
                    Mean episode length: 75.54
                        Mean action std: 0.48
                reward/tracking_lin_vel: 1.0577
                reward/tracking_ang_vel: 0.1133
                      reward/feet_phase: 0.6228
             reward/feet_phase_contrast: 0.9445
             reward/feet_contact_number: 0.4559
                   reward/feet_air_time: 0.0266
                     reward/under_speed: -0.1131
                       reward/feet_slip: -0.0037
                  reward/feet_clearance: -0.0095
                       reward/lin_vel_z: -0.0155
                      reward/ang_vel_xy: -0.3617
                     reward/base_height: -1.2058
                     reward/orientation: -0.5129
                            reward/pose: -0.0245
                     reward/action_rate: -0.0513
                      reward/action_acc: -0.1522
             Metrics/twist/error_vel_xy: 0.3038
            Metrics/twist/error_vel_yaw: 0.2600
        Episode_Reward/tracking_lin_vel: 0.0822
        Episode_Reward/tracking_ang_vel: 0.0083
              Episode_Reward/feet_phase: 0.0459
     Episode_Reward/feet_phase_contrast: 0.0770
     Episode_Reward/feet_contact_number: 0.0340
           Episode_Reward/feet_air_time: 0.0021
             Episode_Reward/under_speed: -0.0077
               Episode_Reward/feet_slip: -0.0003
          Episode_Reward/feet_clearance: -0.0008
               Episode_Reward/lin_vel_z: -0.0012
              Episode_Reward/ang_vel_xy: -0.0301
             Episode_Reward/base_height: -0.1027
             Episode_Reward/orientation: -0.0436
                    Episode_Reward/pose: -0.0017
             Episode_Reward/action_rate: -0.0039
              Episode_Reward/action_acc: -0.0114
           Episode_Termination/time_out: 0.0000
    Episode_Termination/bad_orientation: 5.9583
--------------------------------------------------------------------------------
                         Iteration time: 0.53s
                           Time elapsed: 00:00:15
                                    ETA: 00:01:39

################################################################################
[1m                           Learning iteration 33/250                            [0m 

                            Total steps: 417792 
                       Steps per second: 25723 
                        Collection time: 0.405s 
                          Learning time: 0.073s 
                        Mean value loss: 1.0137
                    Mean surrogate loss: -0.0096
                      Mean entropy loss: 6.9429
                            Mean reward: 0.62
                    Mean episode length: 67.39
                        Mean action std: 0.48
                reward/tracking_lin_vel: 0.6399
                reward/tracking_ang_vel: 0.1046
                      reward/feet_phase: 0.4908
             reward/feet_phase_contrast: 0.9032
             reward/feet_contact_number: 0.4444
                   reward/feet_air_time: 0.0647
                     reward/under_speed: -0.1016
                       reward/feet_slip: -0.0066
                  reward/feet_clearance: -0.0161
                       reward/lin_vel_z: -0.0379
                      reward/ang_vel_xy: -0.6381
                     reward/base_height: -1.3194
                     reward/orientation: -0.6156
                            reward/pose: -0.0247
                     reward/action_rate: -0.0507
                      reward/action_acc: -0.1496
             Metrics/twist/error_vel_xy: 0.2966
            Metrics/twist/error_vel_yaw: 0.2323
        Episode_Reward/tracking_lin_vel: 0.0700
        Episode_Reward/tracking_ang_vel: 0.0073
              Episode_Reward/feet_phase: 0.0448
     Episode_Reward/feet_phase_contrast: 0.0731
     Episode_Reward/feet_contact_number: 0.0301
           Episode_Reward/feet_air_time: 0.0021
             Episode_Reward/under_speed: -0.0062
               Episode_Reward/feet_slip: -0.0003
          Episode_Reward/feet_clearance: -0.0008
               Episode_Reward/lin_vel_z: -0.0021
              Episode_Reward/ang_vel_xy: -0.0331
             Episode_Reward/base_height: -0.0938
             Episode_Reward/orientation: -0.0409
                    Episode_Reward/pose: -0.0016
             Episode_Reward/action_rate: -0.0034
              Episode_Reward/action_acc: -0.0101
           Episode_Termination/time_out: 0.0000
    Episode_Termination/bad_orientation: 6.6250
--------------------------------------------------------------------------------
                         Iteration time: 0.48s
                           Time elapsed: 00:00:15
                                    ETA: 00:01:38

################################################################################
[1m                           Learning iteration 34/250                            [0m 

                            Total steps: 430080 
                       Steps per second: 28376 
                        Collection time: 0.368s 
                          Learning time: 0.065s 
                        Mean value loss: 0.2624
                    Mean surrogate loss: -0.0105
                      Mean entropy loss: 6.9421
                            Mean reward: 2.23
                    Mean episode length: 137.70
                        Mean action std: 0.48
                reward/tracking_lin_vel: 0.8515
                reward/tracking_ang_vel: 0.1017
                      reward/feet_phase: 0.4771
             reward/feet_phase_contrast: 0.9137
             reward/feet_contact_number: 0.4399
                   reward/feet_air_time: 0.1029
                     reward/under_speed: -0.1069
                       reward/feet_slip: -0.0046
                  reward/feet_clearance: -0.0136
                       reward/lin_vel_z: -0.0316
                      reward/ang_vel_xy: -0.6133
                     reward/base_height: -2.0820
                     reward/orientation: -0.7001
                            reward/pose: -0.0185
                     reward/action_rate: -0.0506
                      reward/action_acc: -0.1479
             Metrics/twist/error_vel_xy: 0.4221
            Metrics/twist/error_vel_yaw: 0.2950
        Episode_Reward/tracking_lin_vel: 0.1043
        Episode_Reward/tracking_ang_vel: 0.0129
              Episode_Reward/feet_phase: 0.0486
     Episode_Reward/feet_phase_contrast: 0.0825
     Episode_Reward/feet_contact_number: 0.0514
           Episode_Reward/feet_air_time: 0.0056
             Episode_Reward/under_speed: -0.0162
               Episode_Reward/feet_slip: -0.0004
          Episode_Reward/feet_clearance: -0.0012
               Episode_Reward/lin_vel_z: -0.0018
              Episode_Reward/ang_vel_xy: -0.0380
             Episode_Reward/base_height: -0.1009
             Episode_Reward/orientation: -0.0420
                    Episode_Reward/pose: -0.0025
             Episode_Reward/action_rate: -0.0058
              Episode_Reward/action_acc: -0.0172
           Episode_Termination/time_out: 0.0000
    Episode_Termination/bad_orientation: 11.8333
--------------------------------------------------------------------------------
                         Iteration time: 0.43s
                           Time elapsed: 00:00:16
                                    ETA: 00:01:38

################################################################################
[1m                           Learning iteration 35/250                            [0m 

                            Total steps: 442368 
                       Steps per second: 27390 
                        Collection time: 0.383s 
                          Learning time: 0.066s 
                        Mean value loss: 0.2439
                    Mean surrogate loss: -0.0093
                      Mean entropy loss: 6.9440
                            Mean reward: 0.17
                    Mean episode length: 74.80
                        Mean action std: 0.48
                reward/tracking_lin_vel: 1.0801
                reward/tracking_ang_vel: 0.1076
                      reward/feet_phase: 0.7142
             reward/feet_phase_contrast: 1.0567
             reward/feet_contact_number: 0.4569
                   reward/feet_air_time: 0.0419
                     reward/under_speed: -0.0996
                       reward/feet_slip: -0.0036
                  reward/feet_clearance: -0.0102
                       reward/lin_vel_z: -0.0175
                      reward/ang_vel_xy: -0.3937
                     reward/base_height: -1.2001
                     reward/orientation: -0.5431
                            reward/pose: -0.0218
                     reward/action_rate: -0.0511
                      reward/action_acc: -0.1506
             Metrics/twist/error_vel_xy: 0.3555
            Metrics/twist/error_vel_yaw: 0.2682
        Episode_Reward/tracking_lin_vel: 0.0897
        Episode_Reward/tracking_ang_vel: 0.0107
              Episode_Reward/feet_phase: 0.0452
     Episode_Reward/feet_phase_contrast: 0.0765
     Episode_Reward/feet_contact_number: 0.0440
           Episode_Reward/feet_air_time: 0.0037
             Episode_Reward/under_speed: -0.0126
               Episode_Reward/feet_slip: -0.0003
          Episode_Reward/feet_clearance: -0.0010
               Episode_Reward/lin_vel_z: -0.0014
              Episode_Reward/ang_vel_xy: -0.0334
             Episode_Reward/base_height: -0.1040
             Episode_Reward/orientation: -0.0446
                    Episode_Reward/pose: -0.0024
             Episode_Reward/action_rate: -0.0049
              Episode_Reward/action_acc: -0.0146
           Episode_Termination/time_out: 0.0000
    Episode_Termination/bad_orientation: 5.6667
--------------------------------------------------------------------------------
                         Iteration time: 0.45s
                           Time elapsed: 00:00:16
                                    ETA: 00:01:37

################################################################################
[1m                           Learning iteration 36/250                            [0m 

                            Total steps: 454656 
                       Steps per second: 28663 
                        Collection time: 0.365s 
                          Learning time: 0.063s 
                        Mean value loss: 0.2105
                    Mean surrogate loss: -0.0105
                      Mean entropy loss: 6.9348
                            Mean reward: 0.37
                    Mean episode length: 59.73
                        Mean action std: 0.48
                reward/tracking_lin_vel: 1.0792
                reward/tracking_ang_vel: 0.1098
                      reward/feet_phase: 0.6275
             reward/feet_phase_contrast: 1.0369
             reward/feet_contact_number: 0.4595
                   reward/feet_air_time: 0.0310
                     reward/under_speed: -0.1020
                       reward/feet_slip: -0.0040
                  reward/feet_clearance: -0.0106
                       reward/lin_vel_z: -0.0206
                      reward/ang_vel_xy: -0.4134
                     reward/base_height: -1.3514
                     reward/orientation: -0.5638
                            reward/pose: -0.0225
                     reward/action_rate: -0.0512
                      reward/action_acc: -0.1504
             Metrics/twist/error_vel_xy: 0.2691
            Metrics/twist/error_vel_yaw: 0.2272
        Episode_Reward/tracking_lin_vel: 0.0618
        Episode_Reward/tracking_ang_vel: 0.0065
              Episode_Reward/feet_phase: 0.0392
     Episode_Reward/feet_phase_contrast: 0.0647
     Episode_Reward/feet_contact_number: 0.0285
           Episode_Reward/feet_air_time: 0.0027
             Episode_Reward/under_speed: -0.0054
               Episode_Reward/feet_slip: -0.0003
          Episode_Reward/feet_clearance: -0.0007
               Episode_Reward/lin_vel_z: -0.0015
              Episode_Reward/ang_vel_xy: -0.0300
             Episode_Reward/base_height: -0.0934
             Episode_Reward/orientation: -0.0415
                    Episode_Reward/pose: -0.0013
             Episode_Reward/action_rate: -0.0032
              Episode_Reward/action_acc: -0.0093
           Episode_Termination/time_out: 0.0000
    Episode_Termination/bad_orientation: 7.7500
--------------------------------------------------------------------------------
                         Iteration time: 0.43s
                           Time elapsed: 00:00:16
                                    ETA: 00:01:37

################################################################################
[1m                           Learning iteration 37/250                            [0m 

                            Total steps: 466944 
                       Steps per second: 27302 
                        Collection time: 0.387s 
                          Learning time: 0.063s 
                        Mean value loss: 0.2141
                    Mean surrogate loss: -0.0082
                      Mean entropy loss: 6.9261
                            Mean reward: 0.80
                    Mean episode length: 66.08
                        Mean action std: 0.48
                reward/tracking_lin_vel: 1.1431
                reward/tracking_ang_vel: 0.1130
                      reward/feet_phase: 0.5945
             reward/feet_phase_contrast: 1.0662
             reward/feet_contact_number: 0.4558
                   reward/feet_air_time: 0.0192
                     reward/under_speed: -0.1007
                       reward/feet_slip: -0.0039
                  reward/feet_clearance: -0.0097
                       reward/lin_vel_z: -0.0172
                      reward/ang_vel_xy: -0.3468
                     reward/base_height: -0.9981
                     reward/orientation: -0.4980
                            reward/pose: -0.0252
                     reward/action_rate: -0.0510
                      reward/action_acc: -0.1503
             Metrics/twist/error_vel_xy: 0.2683
            Metrics/twist/error_vel_yaw: 0.2460
        Episode_Reward/tracking_lin_vel: 0.0714
        Episode_Reward/tracking_ang_vel: 0.0069
              Episode_Reward/feet_phase: 0.0447
     Episode_Reward/feet_phase_contrast: 0.0730
     Episode_Reward/feet_contact_number: 0.0296
           Episode_Reward/feet_air_time: 0.0014
             Episode_Reward/under_speed: -0.0054
               Episode_Reward/feet_slip: -0.0003
          Episode_Reward/feet_clearance: -0.0007
               Episode_Reward/lin_vel_z: -0.0016
              Episode_Reward/ang_vel_xy: -0.0298
             Episode_Reward/base_height: -0.0955
             Episode_Reward/orientation: -0.0421
                    Episode_Reward/pose: -0.0014
             Episode_Reward/action_rate: -0.0033
              Episode_Reward/action_acc: -0.0097
           Episode_Termination/time_out: 0.0000
    Episode_Termination/bad_orientation: 5.0417
--------------------------------------------------------------------------------
                         Iteration time: 0.45s
                           Time elapsed: 00:00:17
                                    ETA: 00:01:36

################################################################################
[1m                           Learning iteration 38/250                            [0m 

                            Total steps: 479232 
                       Steps per second: 27640 
                        Collection time: 0.381s 
                          Learning time: 0.063s 
                        Mean value loss: 0.1898
                    Mean surrogate loss: -0.0094
                      Mean entropy loss: 6.9142
                            Mean reward: 0.89
                    Mean episode length: 62.18
                        Mean action std: 0.48
                reward/tracking_lin_vel: 1.0816
                reward/tracking_ang_vel: 0.1114
                      reward/feet_phase: 0.5805
             reward/feet_phase_contrast: 0.9986
             reward/feet_contact_number: 0.4543
                   reward/feet_air_time: 0.0152
                     reward/under_speed: -0.1078
                       reward/feet_slip: -0.0043
                  reward/feet_clearance: -0.0101
                       reward/lin_vel_z: -0.0194
                      reward/ang_vel_xy: -0.3745
                     reward/base_height: -1.2023
                     reward/orientation: -0.5317
                            reward/pose: -0.0245
                     reward/action_rate: -0.0511
                      reward/action_acc: -0.1502
             Metrics/twist/error_vel_xy: 0.2585
            Metrics/twist/error_vel_yaw: 0.2289
        Episode_Reward/tracking_lin_vel: 0.0735
        Episode_Reward/tracking_ang_vel: 0.0071
              Episode_Reward/feet_phase: 0.0468
     Episode_Reward/feet_phase_contrast: 0.0792
     Episode_Reward/feet_contact_number: 0.0294
           Episode_Reward/feet_air_time: 0.0017
             Episode_Reward/under_speed: -0.0050
               Episode_Reward/feet_slip: -0.0003
          Episode_Reward/feet_clearance: -0.0007
               Episode_Reward/lin_vel_z: -0.0015
              Episode_Reward/ang_vel_xy: -0.0298
             Episode_Reward/base_height: -0.0941
             Episode_Reward/orientation: -0.0425
                    Episode_Reward/pose: -0.0015
             Episode_Reward/action_rate: -0.0033
              Episode_Reward/action_acc: -0.0097
           Episode_Termination/time_out: 0.0000
    Episode_Termination/bad_orientation: 6.7500
--------------------------------------------------------------------------------
                         Iteration time: 0.44s
                           Time elapsed: 00:00:17
                                    ETA: 00:01:36

################################################################################
[1m                           Learning iteration 39/250                            [0m 

                            Total steps: 491520 
                       Steps per second: 27629 
                        Collection time: 0.379s 
                          Learning time: 0.066s 
                        Mean value loss: 0.1897
                    Mean surrogate loss: -0.0087
                      Mean entropy loss: 6.9044
                            Mean reward: 1.64
                    Mean episode length: 76.56
                        Mean action std: 0.48
                reward/tracking_lin_vel: 1.0873
                reward/tracking_ang_vel: 0.1126
                      reward/feet_phase: 0.6331
             reward/feet_phase_contrast: 0.9478
             reward/feet_contact_number: 0.4555
                   reward/feet_air_time: 0.0157
                     reward/under_speed: -0.1144
                       reward/feet_slip: -0.0036
                  reward/feet_clearance: -0.0094
                       reward/lin_vel_z: -0.0156
                      reward/ang_vel_xy: -0.3461
                     reward/base_height: -0.9973
                     reward/orientation: -0.4745
                            reward/pose: -0.0238
                     reward/action_rate: -0.0514
                      reward/action_acc: -0.1516
             Metrics/twist/error_vel_xy: 0.2752
            Metrics/twist/error_vel_yaw: 0.2524
        Episode_Reward/tracking_lin_vel: 0.0862
        Episode_Reward/tracking_ang_vel: 0.0082
              Episode_Reward/feet_phase: 0.0510
     Episode_Reward/feet_phase_contrast: 0.0856
     Episode_Reward/feet_contact_number: 0.0336
           Episode_Reward/feet_air_time: 0.0013
             Episode_Reward/under_speed: -0.0065
               Episode_Reward/feet_slip: -0.0003
          Episode_Reward/feet_clearance: -0.0008
               Episode_Reward/lin_vel_z: -0.0014
              Episode_Reward/ang_vel_xy: -0.0306
             Episode_Reward/base_height: -0.0892
             Episode_Reward/orientation: -0.0432
                    Episode_Reward/pose: -0.0018
             Episode_Reward/action_rate: -0.0038
              Episode_Reward/action_acc: -0.0113
           Episode_Termination/time_out: 0.0000
    Episode_Termination/bad_orientation: 5.5000
--------------------------------------------------------------------------------
                         Iteration time: 0.44s
                           Time elapsed: 00:00:18
                                    ETA: 00:01:35

################################################################################
[1m                           Learning iteration 40/250                            [0m 

                            Total steps: 503808 
                       Steps per second: 26385 
                        Collection time: 0.400s 
                          Learning time: 0.066s 
                        Mean value loss: 0.2042
                    Mean surrogate loss: -0.0089
                      Mean entropy loss: 6.8894
                            Mean reward: 0.89
                    Mean episode length: 67.71
                        Mean action std: 0.48
                reward/tracking_lin_vel: 1.0957
                reward/tracking_ang_vel: 0.1159
                      reward/feet_phase: 0.5160
             reward/feet_phase_contrast: 0.9212
             reward/feet_contact_number: 0.4514
                   reward/feet_air_time: 0.0169
                     reward/under_speed: -0.1209
                       reward/feet_slip: -0.0034
                  reward/feet_clearance: -0.0093
                       reward/lin_vel_z: -0.0156
                      reward/ang_vel_xy: -0.3163
                     reward/base_height: -0.9220
                     reward/orientation: -0.4302
                            reward/pose: -0.0239
                     reward/action_rate: -0.0522
                      reward/action_acc: -0.1540
             Metrics/twist/error_vel_xy: 0.2825
            Metrics/twist/error_vel_yaw: 0.2492
        Episode_Reward/tracking_lin_vel: 0.0717
        Episode_Reward/tracking_ang_vel: 0.0071
              Episode_Reward/feet_phase: 0.0460
     Episode_Reward/feet_phase_contrast: 0.0744
     Episode_Reward/feet_contact_number: 0.0301
           Episode_Reward/feet_air_time: 0.0015
             Episode_Reward/under_speed: -0.0059
               Episode_Reward/feet_slip: -0.0003
          Episode_Reward/feet_clearance: -0.0007
               Episode_Reward/lin_vel_z: -0.0015
              Episode_Reward/ang_vel_xy: -0.0302
             Episode_Reward/base_height: -0.0929
             Episode_Reward/orientation: -0.0428
                    Episode_Reward/pose: -0.0016
             Episode_Reward/action_rate: -0.0034
              Episode_Reward/action_acc: -0.0101
           Episode_Termination/time_out: 0.0000
    Episode_Termination/bad_orientation: 5.3333
--------------------------------------------------------------------------------
                         Iteration time: 0.47s
                           Time elapsed: 00:00:18
                                    ETA: 00:01:35

################################################################################
[1m                           Learning iteration 41/250                            [0m 

                            Total steps: 516096 
                       Steps per second: 24423 
                        Collection time: 0.439s 
                          Learning time: 0.065s 
                        Mean value loss: 0.1845
                    Mean surrogate loss: -0.0081
                      Mean entropy loss: 6.8736
                            Mean reward: 1.02
                    Mean episode length: 69.15
                        Mean action std: 0.48
                reward/tracking_lin_vel: 1.1269
                reward/tracking_ang_vel: 0.1158
                      reward/feet_phase: 0.5102
             reward/feet_phase_contrast: 0.9318
             reward/feet_contact_number: 0.4595
                   reward/feet_air_time: 0.0167
                     reward/under_speed: -0.1217
                       reward/feet_slip: -0.0031
                  reward/feet_clearance: -0.0090
                       reward/lin_vel_z: -0.0140
                      reward/ang_vel_xy: -0.2814
                     reward/base_height: -0.7835
                     reward/orientation: -0.3884
                            reward/pose: -0.0243
                     reward/action_rate: -0.0517
                      reward/action_acc: -0.1526
             Metrics/twist/error_vel_xy: 0.2828
            Metrics/twist/error_vel_yaw: 0.2504
        Episode_Reward/tracking_lin_vel: 0.0775
        Episode_Reward/tracking_ang_vel: 0.0076
              Episode_Reward/feet_phase: 0.0483
     Episode_Reward/feet_phase_contrast: 0.0803
     Episode_Reward/feet_contact_number: 0.0315
           Episode_Reward/feet_air_time: 0.0016
             Episode_Reward/under_speed: -0.0061
               Episode_Reward/feet_slip: -0.0003
          Episode_Reward/feet_clearance: -0.0008
               Episode_Reward/lin_vel_z: -0.0016
              Episode_Reward/ang_vel_xy: -0.0303
             Episode_Reward/base_height: -0.0910
             Episode_Reward/orientation: -0.0428
                    Episode_Reward/pose: -0.0017
             Episode_Reward/action_rate: -0.0036
              Episode_Reward/action_acc: -0.0106
           Episode_Termination/time_out: 0.0000
    Episode_Termination/bad_orientation: 4.3750
--------------------------------------------------------------------------------
                         Iteration time: 0.50s
                           Time elapsed: 00:00:19
                                    ETA: 00:01:35

################################################################################
[1m                           Learning iteration 42/250                            [0m 

                            Total steps: 528384 
                       Steps per second: 27003 
                        Collection time: 0.387s 
                          Learning time: 0.068s 
                        Mean value loss: 0.1766
                    Mean surrogate loss: -0.0080
                      Mean entropy loss: 6.8628
                            Mean reward: 1.35
                    Mean episode length: 71.55
                        Mean action std: 0.48
                reward/tracking_lin_vel: 1.1143
                reward/tracking_ang_vel: 0.1162
                      reward/feet_phase: 0.5826
             reward/feet_phase_contrast: 0.8964
             reward/feet_contact_number: 0.4628
                   reward/feet_air_time: 0.0148
                     reward/under_speed: -0.1231
                       reward/feet_slip: -0.0033
                  reward/feet_clearance: -0.0091
                       reward/lin_vel_z: -0.0141
                      reward/ang_vel_xy: -0.2928
                     reward/base_height: -0.8187
                     reward/orientation: -0.4027
                            reward/pose: -0.0254
                     reward/action_rate: -0.0518
                      reward/action_acc: -0.1529
             Metrics/twist/error_vel_xy: 0.2870
            Metrics/twist/error_vel_yaw: 0.2719
        Episode_Reward/tracking_lin_vel: 0.0875
        Episode_Reward/tracking_ang_vel: 0.0082
              Episode_Reward/feet_phase: 0.0512
     Episode_Reward/feet_phase_contrast: 0.0865
     Episode_Reward/feet_contact_number: 0.0343
           Episode_Reward/feet_air_time: 0.0021
             Episode_Reward/under_speed: -0.0070
               Episode_Reward/feet_slip: -0.0003
          Episode_Reward/feet_clearance: -0.0008
               Episode_Reward/lin_vel_z: -0.0015
              Episode_Reward/ang_vel_xy: -0.0300
             Episode_Reward/base_height: -0.0902
             Episode_Reward/orientation: -0.0434
                    Episode_Reward/pose: -0.0020
             Episode_Reward/action_rate: -0.0039
              Episode_Reward/action_acc: -0.0114
           Episode_Termination/time_out: 0.0000
    Episode_Termination/bad_orientation: 4.2917
--------------------------------------------------------------------------------
                         Iteration time: 0.46s
                           Time elapsed: 00:00:19
                                    ETA: 00:01:34

################################################################################
[1m                           Learning iteration 43/250                            [0m 

                            Total steps: 540672 
                       Steps per second: 25025 
                        Collection time: 0.428s 
                          Learning time: 0.063s 
                        Mean value loss: 0.1644
                    Mean surrogate loss: -0.0079
                      Mean entropy loss: 6.8537
                            Mean reward: 1.46
                    Mean episode length: 73.30
                        Mean action std: 0.48
                reward/tracking_lin_vel: 1.0830
                reward/tracking_ang_vel: 0.1178
                      reward/feet_phase: 0.5174
             reward/feet_phase_contrast: 0.8393
             reward/feet_contact_number: 0.4557
                   reward/feet_air_time: 0.0126
                     reward/under_speed: -0.1286
                       reward/feet_slip: -0.0033
                  reward/feet_clearance: -0.0089
                       reward/lin_vel_z: -0.0138
                      reward/ang_vel_xy: -0.2933
                     reward/base_height: -0.7892
                     reward/orientation: -0.3827
                            reward/pose: -0.0250
                     reward/action_rate: -0.0514
                      reward/action_acc: -0.1516
             Metrics/twist/error_vel_xy: 0.2852
            Metrics/twist/error_vel_yaw: 0.2494
        Episode_Reward/tracking_lin_vel: 0.0839
        Episode_Reward/tracking_ang_vel: 0.0084
              Episode_Reward/feet_phase: 0.0499
     Episode_Reward/feet_phase_contrast: 0.0825
     Episode_Reward/feet_contact_number: 0.0339
           Episode_Reward/feet_air_time: 0.0012
             Episode_Reward/under_speed: -0.0071
               Episode_Reward/feet_slip: -0.0003
          Episode_Reward/feet_clearance: -0.0007
               Episode_Reward/lin_vel_z: -0.0015
              Episode_Reward/ang_vel_xy: -0.0314
             Episode_Reward/base_height: -0.0886
             Episode_Reward/orientation: -0.0422
                    Episode_Reward/pose: -0.0018
             Episode_Reward/action_rate: -0.0039
              Episode_Reward/action_acc: -0.0115
           Episode_Termination/time_out: 0.0000
    Episode_Termination/bad_orientation: 4.9167
--------------------------------------------------------------------------------
                         Iteration time: 0.49s
                           Time elapsed: 00:00:20
                                    ETA: 00:01:34

################################################################################
[1m                           Learning iteration 44/250                            [0m 

                            Total steps: 552960 
                       Steps per second: 24972 
                        Collection time: 0.427s 
                          Learning time: 0.065s 
                        Mean value loss: 0.1708
                    Mean surrogate loss: -0.0097
                      Mean entropy loss: 6.8364
                            Mean reward: 1.24
                    Mean episode length: 70.16
                        Mean action std: 0.48
                reward/tracking_lin_vel: 1.0885
                reward/tracking_ang_vel: 0.1170
                      reward/feet_phase: 0.4512
             reward/feet_phase_contrast: 0.8130
             reward/feet_contact_number: 0.4540
                   reward/feet_air_time: 0.0183
                     reward/under_speed: -0.1332
                       reward/feet_slip: -0.0029
                  reward/feet_clearance: -0.0088
                       reward/lin_vel_z: -0.0122
                      reward/ang_vel_xy: -0.2530
                     reward/base_height: -0.6284
                     reward/orientation: -0.3336
                            reward/pose: -0.0249
                     reward/action_rate: -0.0513
                      reward/action_acc: -0.1512
             Metrics/twist/error_vel_xy: 0.2717
            Metrics/twist/error_vel_yaw: 0.2465
        Episode_Reward/tracking_lin_vel: 0.0811
        Episode_Reward/tracking_ang_vel: 0.0081
              Episode_Reward/feet_phase: 0.0527
     Episode_Reward/feet_phase_contrast: 0.0854
     Episode_Reward/feet_contact_number: 0.0328
           Episode_Reward/feet_air_time: 0.0024
             Episode_Reward/under_speed: -0.0064
               Episode_Reward/feet_slip: -0.0003
          Episode_Reward/feet_clearance: -0.0008
               Episode_Reward/lin_vel_z: -0.0016
              Episode_Reward/ang_vel_xy: -0.0303
             Episode_Reward/base_height: -0.0865
             Episode_Reward/orientation: -0.0428
                    Episode_Reward/pose: -0.0018
             Episode_Reward/action_rate: -0.0038
              Episode_Reward/action_acc: -0.0111
           Episode_Termination/time_out: 0.0000
    Episode_Termination/bad_orientation: 3.6667
--------------------------------------------------------------------------------
                         Iteration time: 0.49s
                           Time elapsed: 00:00:20
                                    ETA: 00:01:33

################################################################################
[1m                           Learning iteration 45/250                            [0m 

                            Total steps: 565248 
                       Steps per second: 24708 
                        Collection time: 0.432s 
                          Learning time: 0.066s 
                        Mean value loss: 0.1440
                    Mean surrogate loss: -0.0115
                      Mean entropy loss: 6.8113
                            Mean reward: 0.75
                    Mean episode length: 62.47
                        Mean action std: 0.48
                reward/tracking_lin_vel: 1.0906
                reward/tracking_ang_vel: 0.1194
                      reward/feet_phase: 0.4527
             reward/feet_phase_contrast: 0.7904
             reward/feet_contact_number: 0.4588
                   reward/feet_air_time: 0.0149
                     reward/under_speed: -0.1366
                       reward/feet_slip: -0.0028
                  reward/feet_clearance: -0.0084
                       reward/lin_vel_z: -0.0123
                      reward/ang_vel_xy: -0.2614
                     reward/base_height: -0.6653
                     reward/orientation: -0.3401
                            reward/pose: -0.0242
                     reward/action_rate: -0.0520
                      reward/action_acc: -0.1536
             Metrics/twist/error_vel_xy: 0.2899
            Metrics/twist/error_vel_yaw: 0.2331
        Episode_Reward/tracking_lin_vel: 0.0688
        Episode_Reward/tracking_ang_vel: 0.0073
              Episode_Reward/feet_phase: 0.0435
     Episode_Reward/feet_phase_contrast: 0.0728
     Episode_Reward/feet_contact_number: 0.0302
           Episode_Reward/feet_air_time: 0.0017
             Episode_Reward/under_speed: -0.0063
               Episode_Reward/feet_slip: -0.0003
          Episode_Reward/feet_clearance: -0.0007
               Episode_Reward/lin_vel_z: -0.0014
              Episode_Reward/ang_vel_xy: -0.0311
             Episode_Reward/base_height: -0.0860
             Episode_Reward/orientation: -0.0410
                    Episode_Reward/pose: -0.0015
             Episode_Reward/action_rate: -0.0035
              Episode_Reward/action_acc: -0.0102
           Episode_Termination/time_out: 0.0000
    Episode_Termination/bad_orientation: 3.8750
--------------------------------------------------------------------------------
                         Iteration time: 0.50s
                           Time elapsed: 00:00:21
                                    ETA: 00:01:33

################################################################################
[1m                           Learning iteration 46/250                            [0m 

                            Total steps: 577536 
                       Steps per second: 26047 
                        Collection time: 0.405s 
                          Learning time: 0.066s 
                        Mean value loss: 0.1449
                    Mean surrogate loss: -0.0128
                      Mean entropy loss: 6.7797
                            Mean reward: 1.92
                    Mean episode length: 81.91
                        Mean action std: 0.48
                reward/tracking_lin_vel: 1.0947
                reward/tracking_ang_vel: 0.1209
                      reward/feet_phase: 0.5428
             reward/feet_phase_contrast: 0.8070
             reward/feet_contact_number: 0.4593
                   reward/feet_air_time: 0.0070
                     reward/under_speed: -0.1362
                       reward/feet_slip: -0.0031
                  reward/feet_clearance: -0.0083
                       reward/lin_vel_z: -0.0131
                      reward/ang_vel_xy: -0.2516
                     reward/base_height: -0.6490
                     reward/orientation: -0.3297
                            reward/pose: -0.0227
                     reward/action_rate: -0.0514
                      reward/action_acc: -0.1516
             Metrics/twist/error_vel_xy: 0.3092
            Metrics/twist/error_vel_yaw: 0.2623
        Episode_Reward/tracking_lin_vel: 0.0986
        Episode_Reward/tracking_ang_vel: 0.0100
              Episode_Reward/feet_phase: 0.0550
     Episode_Reward/feet_phase_contrast: 0.0922
     Episode_Reward/feet_contact_number: 0.0388
           Episode_Reward/feet_air_time: 0.0017
             Episode_Reward/under_speed: -0.0088
               Episode_Reward/feet_slip: -0.0003
          Episode_Reward/feet_clearance: -0.0008
               Episode_Reward/lin_vel_z: -0.0017
              Episode_Reward/ang_vel_xy: -0.0309
             Episode_Reward/base_height: -0.0844
             Episode_Reward/orientation: -0.0440
                    Episode_Reward/pose: -0.0021
             Episode_Reward/action_rate: -0.0044
              Episode_Reward/action_acc: -0.0128
           Episode_Termination/time_out: 0.0000
    Episode_Termination/bad_orientation: 3.9130
--------------------------------------------------------------------------------
                         Iteration time: 0.47s
                           Time elapsed: 00:00:21
                                    ETA: 00:01:33

################################################################################
[1m                           Learning iteration 47/250                            [0m 

                            Total steps: 589824 
                       Steps per second: 24939 
                        Collection time: 0.423s 
                          Learning time: 0.070s 
                        Mean value loss: 0.1545
                    Mean surrogate loss: -0.0086
                      Mean entropy loss: 6.7657
                            Mean reward: 1.95
                    Mean episode length: 80.86
                        Mean action std: 0.48
                reward/tracking_lin_vel: 1.1057
                reward/tracking_ang_vel: 0.1215
                      reward/feet_phase: 0.4153
             reward/feet_phase_contrast: 0.7480
             reward/feet_contact_number: 0.4559
                   reward/feet_air_time: 0.0138
                     reward/under_speed: -0.1431
                       reward/feet_slip: -0.0026
                  reward/feet_clearance: -0.0082
                       reward/lin_vel_z: -0.0097
                      reward/ang_vel_xy: -0.1966
                     reward/base_height: -0.4194
                     reward/orientation: -0.2568
                            reward/pose: -0.0243
                     reward/action_rate: -0.0517
                      reward/action_acc: -0.1522
             Metrics/twist/error_vel_xy: 0.2768
            Metrics/twist/error_vel_yaw: 0.2481
        Episode_Reward/tracking_lin_vel: 0.0883
        Episode_Reward/tracking_ang_vel: 0.0087
              Episode_Reward/feet_phase: 0.0534
     Episode_Reward/feet_phase_contrast: 0.0874
     Episode_Reward/feet_contact_number: 0.0356
           Episode_Reward/feet_air_time: 0.0019
             Episode_Reward/under_speed: -0.0072
               Episode_Reward/feet_slip: -0.0003
          Episode_Reward/feet_clearance: -0.0008
               Episode_Reward/lin_vel_z: -0.0018
              Episode_Reward/ang_vel_xy: -0.0311
             Episode_Reward/base_height: -0.0824
             Episode_Reward/orientation: -0.0434
                    Episode_Reward/pose: -0.0018
             Episode_Reward/action_rate: -0.0040
              Episode_Reward/action_acc: -0.0118
           Episode_Termination/time_out: 0.0000
    Episode_Termination/bad_orientation: 2.8095
--------------------------------------------------------------------------------
                         Iteration time: 0.49s
                           Time elapsed: 00:00:22
                                    ETA: 00:01:32

################################################################################
[1m                           Learning iteration 48/250                            [0m 

                            Total steps: 602112 
                       Steps per second: 24092 
                        Collection time: 0.443s 
                          Learning time: 0.067s 
                        Mean value loss: 0.1264
                    Mean surrogate loss: -0.0098
                      Mean entropy loss: 6.7429
                            Mean reward: 1.40
                    Mean episode length: 70.23
                        Mean action std: 0.47
                reward/tracking_lin_vel: 1.0622
                reward/tracking_ang_vel: 0.1204
                      reward/feet_phase: 0.3852
             reward/feet_phase_contrast: 0.7036
             reward/feet_contact_number: 0.4634
                   reward/feet_air_time: 0.0094
                     reward/under_speed: -0.1463
                       reward/feet_slip: -0.0027
                  reward/feet_clearance: -0.0082
                       reward/lin_vel_z: -0.0115
                      reward/ang_vel_xy: -0.2347
                     reward/base_height: -0.5870
                     reward/orientation: -0.2956
                            reward/pose: -0.0234
                     reward/action_rate: -0.0521
                      reward/action_acc: -0.1543
             Metrics/twist/error_vel_xy: 0.2801
            Metrics/twist/error_vel_yaw: 0.2433
        Episode_Reward/tracking_lin_vel: 0.0845
        Episode_Reward/tracking_ang_vel: 0.0083
              Episode_Reward/feet_phase: 0.0521
     Episode_Reward/feet_phase_contrast: 0.0854
     Episode_Reward/feet_contact_number: 0.0336
           Episode_Reward/feet_air_time: 0.0015
             Episode_Reward/under_speed: -0.0068
               Episode_Reward/feet_slip: -0.0003
          Episode_Reward/feet_clearance: -0.0008
               Episode_Reward/lin_vel_z: -0.0016
              Episode_Reward/ang_vel_xy: -0.0311
             Episode_Reward/base_height: -0.0831
             Episode_Reward/orientation: -0.0427
                    Episode_Reward/pose: -0.0016
             Episode_Reward/action_rate: -0.0038
              Episode_Reward/action_acc: -0.0111
           Episode_Termination/time_out: 0.0000
    Episode_Termination/bad_orientation: 3.8696
--------------------------------------------------------------------------------
                         Iteration time: 0.51s
                           Time elapsed: 00:00:22
                                    ETA: 00:01:32

################################################################################
[1m                           Learning iteration 49/250                            [0m 

                            Total steps: 614400 
                       Steps per second: 23845 
                        Collection time: 0.446s 
                          Learning time: 0.069s 
                        Mean value loss: 0.8273
                    Mean surrogate loss: -0.0096
                      Mean entropy loss: 6.7189
                            Mean reward: 1.79
                    Mean episode length: 79.14
                        Mean action std: 0.47
                reward/tracking_lin_vel: 1.0816
                reward/tracking_ang_vel: 0.1247
                      reward/feet_phase: 0.4290
             reward/feet_phase_contrast: 0.6910
             reward/feet_contact_number: 0.4575
                   reward/feet_air_time: 0.0063
                     reward/under_speed: -0.1499
                       reward/feet_slip: -0.0024
                  reward/feet_clearance: -0.0076
                       reward/lin_vel_z: -0.0086
                      reward/ang_vel_xy: -0.1925
                     reward/base_height: -0.4101
                     reward/orientation: -0.2364
                            reward/pose: -0.0226
                     reward/action_rate: -0.0519
                      reward/action_acc: -0.1539
             Metrics/twist/error_vel_xy: 0.2807
            Metrics/twist/error_vel_yaw: 0.2374
        Episode_Reward/tracking_lin_vel: 0.0896
        Episode_Reward/tracking_ang_vel: 0.0091
              Episode_Reward/feet_phase: 0.0502
     Episode_Reward/feet_phase_contrast: 0.0850
     Episode_Reward/feet_contact_number: 0.0366
           Episode_Reward/feet_air_time: 0.0031
             Episode_Reward/under_speed: -0.0084
               Episode_Reward/feet_slip: -0.0003
          Episode_Reward/feet_clearance: -0.0008
               Episode_Reward/lin_vel_z: -0.0017
              Episode_Reward/ang_vel_xy: -0.0315
             Episode_Reward/base_height: -0.0853
             Episode_Reward/orientation: -0.0437
                    Episode_Reward/pose: -0.0021
             Episode_Reward/action_rate: -0.0042
              Episode_Reward/action_acc: -0.0123
           Episode_Termination/time_out: 0.0000
    Episode_Termination/bad_orientation: 2.6364
--------------------------------------------------------------------------------
                         Iteration time: 0.52s
                           Time elapsed: 00:00:23
                                    ETA: 00:01:32

################################################################################
[1m                           Learning iteration 50/250                            [0m 

                            Total steps: 626688 
                       Steps per second: 30130 
                        Collection time: 0.342s 
                          Learning time: 0.066s 
                        Mean value loss: 0.3781
                    Mean surrogate loss: -0.0108
                      Mean entropy loss: 6.6759
                            Mean reward: 2.93
                    Mean episode length: 131.68
                        Mean action std: 0.47
                reward/tracking_lin_vel: 0.4928
                reward/tracking_ang_vel: 0.1077
                      reward/feet_phase: 0.4741
             reward/feet_phase_contrast: 0.7857
             reward/feet_contact_number: 0.4366
                   reward/feet_air_time: 0.1204
                     reward/under_speed: -0.1111
                       reward/feet_slip: -0.0062
                  reward/feet_clearance: -0.0175
                       reward/lin_vel_z: -0.0378
                      reward/ang_vel_xy: -0.6700
                     reward/base_height: -1.0595
                     reward/orientation: -0.6066
                            reward/pose: -0.0209
                     reward/action_rate: -0.0517
                      reward/action_acc: -0.1522
--------------------------------------------------------------------------------
                         Iteration time: 0.41s
                           Time elapsed: 00:00:23
                                    ETA: 00:01:31

################################################################################
[1m                           Learning iteration 51/250                            [0m 

                            Total steps: 638976 
                       Steps per second: 26990 
                        Collection time: 0.389s 
                          Learning time: 0.066s 
                        Mean value loss: 0.2426
                    Mean surrogate loss: -0.0117
                      Mean entropy loss: 6.6586
                            Mean reward: 5.41
                    Mean episode length: 218.08
                        Mean action std: 0.47
                reward/tracking_lin_vel: 0.9620
                reward/tracking_ang_vel: 0.1128
                      reward/feet_phase: 0.5013
             reward/feet_phase_contrast: 0.8764
             reward/feet_contact_number: 0.4649
                   reward/feet_air_time: 0.0814
                     reward/under_speed: -0.1229
                       reward/feet_slip: -0.0036
                  reward/feet_clearance: -0.0126
                       reward/lin_vel_z: -0.0257
                      reward/ang_vel_xy: -0.4885
                     reward/base_height: -1.5853
                     reward/orientation: -0.5604
                            reward/pose: -0.0160
                     reward/action_rate: -0.0517
                      reward/action_acc: -0.1517
             Metrics/twist/error_vel_xy: 0.5095
            Metrics/twist/error_vel_yaw: 0.3567
        Episode_Reward/tracking_lin_vel: 0.2317
        Episode_Reward/tracking_ang_vel: 0.0285
              Episode_Reward/feet_phase: 0.0800
     Episode_Reward/feet_phase_contrast: 0.1344
     Episode_Reward/feet_contact_number: 0.1079
           Episode_Reward/feet_air_time: 0.0075
             Episode_Reward/under_speed: -0.0385
               Episode_Reward/feet_slip: -0.0005
          Episode_Reward/feet_clearance: -0.0020
               Episode_Reward/lin_vel_z: -0.0020
              Episode_Reward/ang_vel_xy: -0.0443
             Episode_Reward/base_height: -0.0965
             Episode_Reward/orientation: -0.0487
                    Episode_Reward/pose: -0.0057
             Episode_Reward/action_rate: -0.0121
              Episode_Reward/action_acc: -0.0358
           Episode_Termination/time_out: 0.0000
    Episode_Termination/bad_orientation: 10.7083
--------------------------------------------------------------------------------
                         Iteration time: 0.46s
                           Time elapsed: 00:00:23
                                    ETA: 00:01:31

################################################################################
[1m                           Learning iteration 52/250                            [0m 

                            Total steps: 651264 
                       Steps per second: 24918 
                        Collection time: 0.426s 
                          Learning time: 0.067s 
                        Mean value loss: 0.2002
                    Mean surrogate loss: -0.0088
                      Mean entropy loss: 6.6472
                            Mean reward: 2.29
                    Mean episode length: 118.29
                        Mean action std: 0.47
                reward/tracking_lin_vel: 1.1462
                reward/tracking_ang_vel: 0.1194
                      reward/feet_phase: 0.5490
             reward/feet_phase_contrast: 0.9530
             reward/feet_contact_number: 0.4555
                   reward/feet_air_time: 0.0237
                     reward/under_speed: -0.1239
                       reward/feet_slip: -0.0026
                  reward/feet_clearance: -0.0085
                       reward/lin_vel_z: -0.0116
                      reward/ang_vel_xy: -0.2603
                     reward/base_height: -0.5921
                     reward/orientation: -0.3420
                            reward/pose: -0.0193
                     reward/action_rate: -0.0522
                      reward/action_acc: -0.1554
             Metrics/twist/error_vel_xy: 0.3613
            Metrics/twist/error_vel_yaw: 0.2528
        Episode_Reward/tracking_lin_vel: 0.0969
        Episode_Reward/tracking_ang_vel: 0.0118
              Episode_Reward/feet_phase: 0.0445
     Episode_Reward/feet_phase_contrast: 0.0748
     Episode_Reward/feet_contact_number: 0.0479
           Episode_Reward/feet_air_time: 0.0039
             Episode_Reward/under_speed: -0.0139
               Episode_Reward/feet_slip: -0.0003
          Episode_Reward/feet_clearance: -0.0010
               Episode_Reward/lin_vel_z: -0.0015
              Episode_Reward/ang_vel_xy: -0.0348
             Episode_Reward/base_height: -0.0883
             Episode_Reward/orientation: -0.0412
                    Episode_Reward/pose: -0.0024
             Episode_Reward/action_rate: -0.0053
              Episode_Reward/action_acc: -0.0156
           Episode_Termination/time_out: 0.0000
    Episode_Termination/bad_orientation: 3.5909
--------------------------------------------------------------------------------
                         Iteration time: 0.49s
                           Time elapsed: 00:00:24
                                    ETA: 00:01:30

################################################################################
[1m                           Learning iteration 53/250                            [0m 

                            Total steps: 663552 
                       Steps per second: 23755 
                        Collection time: 0.449s 
                          Learning time: 0.068s 
                        Mean value loss: 0.1792
                    Mean surrogate loss: -0.0071
                      Mean entropy loss: 6.6301
                            Mean reward: 0.96
                    Mean episode length: 71.41
                        Mean action std: 0.47
                reward/tracking_lin_vel: 1.0615
                reward/tracking_ang_vel: 0.1203
                      reward/feet_phase: 0.5539
             reward/feet_phase_contrast: 0.8213
             reward/feet_contact_number: 0.4626
                   reward/feet_air_time: 0.0188
                     reward/under_speed: -0.1326
                       reward/feet_slip: -0.0031
                  reward/feet_clearance: -0.0089
                       reward/lin_vel_z: -0.0148
                      reward/ang_vel_xy: -0.2997
                     reward/base_height: -0.7593
                     reward/orientation: -0.3838
                            reward/pose: -0.0199
                     reward/action_rate: -0.0518
                      reward/action_acc: -0.1538
             Metrics/twist/error_vel_xy: 0.2834
            Metrics/twist/error_vel_yaw: 0.2272
        Episode_Reward/tracking_lin_vel: 0.0761
        Episode_Reward/tracking_ang_vel: 0.0081
              Episode_Reward/feet_phase: 0.0423
     Episode_Reward/feet_phase_contrast: 0.0713
     Episode_Reward/feet_contact_number: 0.0333
           Episode_Reward/feet_air_time: 0.0024
             Episode_Reward/under_speed: -0.0074
               Episode_Reward/feet_slip: -0.0003
          Episode_Reward/feet_clearance: -0.0008
               Episode_Reward/lin_vel_z: -0.0016
              Episode_Reward/ang_vel_xy: -0.0314
             Episode_Reward/base_height: -0.0829
             Episode_Reward/orientation: -0.0417
                    Episode_Reward/pose: -0.0014
             Episode_Reward/action_rate: -0.0038
              Episode_Reward/action_acc: -0.0112
           Episode_Termination/time_out: 0.0000
    Episode_Termination/bad_orientation: 4.5833
--------------------------------------------------------------------------------
                         Iteration time: 0.52s
                           Time elapsed: 00:00:24
                                    ETA: 00:01:30

################################################################################
[1m                           Learning iteration 54/250                            [0m 

                            Total steps: 675840 
                       Steps per second: 24457 
                        Collection time: 0.427s 
                          Learning time: 0.075s 
                        Mean value loss: 0.1912
                    Mean surrogate loss: -0.0069
                      Mean entropy loss: 6.6195
                            Mean reward: 2.17
                    Mean episode length: 91.14
                        Mean action std: 0.47
                reward/tracking_lin_vel: 1.0811
                reward/tracking_ang_vel: 0.1235
                      reward/feet_phase: 0.4553
             reward/feet_phase_contrast: 0.7728
             reward/feet_contact_number: 0.4601
                   reward/feet_air_time: 0.0170
                     reward/under_speed: -0.1397
                       reward/feet_slip: -0.0026
                  reward/feet_clearance: -0.0083
                       reward/lin_vel_z: -0.0120
                      reward/ang_vel_xy: -0.2414
                     reward/base_height: -0.5688
                     reward/orientation: -0.3037
                            reward/pose: -0.0200
                     reward/action_rate: -0.0516
                      reward/action_acc: -0.1532
             Metrics/twist/error_vel_xy: 0.2929
            Metrics/twist/error_vel_yaw: 0.2520
        Episode_Reward/tracking_lin_vel: 0.1044
        Episode_Reward/tracking_ang_vel: 0.0107
              Episode_Reward/feet_phase: 0.0593
     Episode_Reward/feet_phase_contrast: 0.0965
     Episode_Reward/feet_contact_number: 0.0405
           Episode_Reward/feet_air_time: 0.0018
             Episode_Reward/under_speed: -0.0093
               Episode_Reward/feet_slip: -0.0003
          Episode_Reward/feet_clearance: -0.0009
               Episode_Reward/lin_vel_z: -0.0017
              Episode_Reward/ang_vel_xy: -0.0319
             Episode_Reward/base_height: -0.0788
             Episode_Reward/orientation: -0.0440
                    Episode_Reward/pose: -0.0019
             Episode_Reward/action_rate: -0.0047
              Episode_Reward/action_acc: -0.0137
           Episode_Termination/time_out: 0.0000
    Episode_Termination/bad_orientation: 3.8750
--------------------------------------------------------------------------------
                         Iteration time: 0.50s
                           Time elapsed: 00:00:25
                                    ETA: 00:01:30

################################################################################
[1m                           Learning iteration 55/250                            [0m 

                            Total steps: 688128 
                       Steps per second: 19664 
                        Collection time: 0.553s 
                          Learning time: 0.072s 
                        Mean value loss: 0.1339
                    Mean surrogate loss: -0.0063
                      Mean entropy loss: 6.6119
                            Mean reward: 1.38
                    Mean episode length: 75.32
                        Mean action std: 0.47
                reward/tracking_lin_vel: 1.0590
                reward/tracking_ang_vel: 0.1241
                      reward/feet_phase: 0.3894
             reward/feet_phase_contrast: 0.6937
             reward/feet_contact_number: 0.4587
                   reward/feet_air_time: 0.0095
                     reward/under_speed: -0.1448
                       reward/feet_slip: -0.0026
                  reward/feet_clearance: -0.0080
                       reward/lin_vel_z: -0.0110
                      reward/ang_vel_xy: -0.2250
                     reward/base_height: -0.5192
                     reward/orientation: -0.2876
                            reward/pose: -0.0194
                     reward/action_rate: -0.0518
                      reward/action_acc: -0.1543
             Metrics/twist/error_vel_xy: 0.2979
            Metrics/twist/error_vel_yaw: 0.2302
        Episode_Reward/tracking_lin_vel: 0.0658
        Episode_Reward/tracking_ang_vel: 0.0074
              Episode_Reward/feet_phase: 0.0414
     Episode_Reward/feet_phase_contrast: 0.0667
     Episode_Reward/feet_contact_number: 0.0300
           Episode_Reward/feet_air_time: 0.0025
             Episode_Reward/under_speed: -0.0066
               Episode_Reward/feet_slip: -0.0003
          Episode_Reward/feet_clearance: -0.0007
               Episode_Reward/lin_vel_z: -0.0015
              Episode_Reward/ang_vel_xy: -0.0302
             Episode_Reward/base_height: -0.0850
             Episode_Reward/orientation: -0.0426
                    Episode_Reward/pose: -0.0012
             Episode_Reward/action_rate: -0.0034
              Episode_Reward/action_acc: -0.0100
           Episode_Termination/time_out: 0.0000
    Episode_Termination/bad_orientation: 3.1250
--------------------------------------------------------------------------------
                         Iteration time: 0.62s
                           Time elapsed: 00:00:26
                                    ETA: 00:01:30

################################################################################
[1m                           Learning iteration 56/250                            [0m 

                            Total steps: 700416 
                       Steps per second: 19634 
                        Collection time: 0.543s 
                          Learning time: 0.083s 
                        Mean value loss: 0.1356
                    Mean surrogate loss: -0.0074
                      Mean entropy loss: 6.6054
                            Mean reward: 1.36
                    Mean episode length: 68.96
                        Mean action std: 0.47
                reward/tracking_lin_vel: 1.0557
                reward/tracking_ang_vel: 0.1263
                      reward/feet_phase: 0.3951
             reward/feet_phase_contrast: 0.6531
             reward/feet_contact_number: 0.4621
                   reward/feet_air_time: 0.0080
                     reward/under_speed: -0.1519
                       reward/feet_slip: -0.0023
                  reward/feet_clearance: -0.0075
                       reward/lin_vel_z: -0.0105
                      reward/ang_vel_xy: -0.2038
                     reward/base_height: -0.4601
                     reward/orientation: -0.2533
                            reward/pose: -0.0177
                     reward/action_rate: -0.0520
                      reward/action_acc: -0.1551
             Metrics/twist/error_vel_xy: 0.2919
            Metrics/twist/error_vel_yaw: 0.2416
        Episode_Reward/tracking_lin_vel: 0.0804
        Episode_Reward/tracking_ang_vel: 0.0086
              Episode_Reward/feet_phase: 0.0481
     Episode_Reward/feet_phase_contrast: 0.0807
     Episode_Reward/feet_contact_number: 0.0335
           Episode_Reward/feet_air_time: 0.0018
             Episode_Reward/under_speed: -0.0073
               Episode_Reward/feet_slip: -0.0003
          Episode_Reward/feet_clearance: -0.0007
               Episode_Reward/lin_vel_z: -0.0017
              Episode_Reward/ang_vel_xy: -0.0311
             Episode_Reward/base_height: -0.0810
             Episode_Reward/orientation: -0.0431
                    Episode_Reward/pose: -0.0014
             Episode_Reward/action_rate: -0.0038
              Episode_Reward/action_acc: -0.0112
           Episode_Termination/time_out: 0.0000
    Episode_Termination/bad_orientation: 3.3182
--------------------------------------------------------------------------------
                         Iteration time: 0.63s
                           Time elapsed: 00:00:26
                                    ETA: 00:01:30

################################################################################
[1m                           Learning iteration 57/250                            [0m 

                            Total steps: 712704 
                       Steps per second: 22422 
                        Collection time: 0.478s 
                          Learning time: 0.070s 
                        Mean value loss: 0.1179
                    Mean surrogate loss: -0.0093
                      Mean entropy loss: 6.5949
                            Mean reward: 1.62
                    Mean episode length: 74.34
                        Mean action std: 0.47
                reward/tracking_lin_vel: 1.0648
                reward/tracking_ang_vel: 0.1263
                      reward/feet_phase: 0.4271
             reward/feet_phase_contrast: 0.6445
             reward/feet_contact_number: 0.4637
                   reward/feet_air_time: 0.0115
                     reward/under_speed: -0.1558
                       reward/feet_slip: -0.0020
                  reward/feet_clearance: -0.0071
                       reward/lin_vel_z: -0.0079
                      reward/ang_vel_xy: -0.1842
                     reward/base_height: -0.3800
                     reward/orientation: -0.2123
                            reward/pose: -0.0171
                     reward/action_rate: -0.0519
                      reward/action_acc: -0.1547
             Metrics/twist/error_vel_xy: 0.2854
            Metrics/twist/error_vel_yaw: 0.2333
        Episode_Reward/tracking_lin_vel: 0.0806
        Episode_Reward/tracking_ang_vel: 0.0084
              Episode_Reward/feet_phase: 0.0491
     Episode_Reward/feet_phase_contrast: 0.0807
     Episode_Reward/feet_contact_number: 0.0330
           Episode_Reward/feet_air_time: 0.0022
             Episode_Reward/under_speed: -0.0070
               Episode_Reward/feet_slip: -0.0003
          Episode_Reward/feet_clearance: -0.0008
               Episode_Reward/lin_vel_z: -0.0015
              Episode_Reward/ang_vel_xy: -0.0315
             Episode_Reward/base_height: -0.0793
             Episode_Reward/orientation: -0.0425
                    Episode_Reward/pose: -0.0013
             Episode_Reward/action_rate: -0.0038
              Episode_Reward/action_acc: -0.0112
           Episode_Termination/time_out: 0.0000
    Episode_Termination/bad_orientation: 2.5909
--------------------------------------------------------------------------------
                         Iteration time: 0.55s
                           Time elapsed: 00:00:27
                                    ETA: 00:01:30

################################################################################
[1m                           Learning iteration 58/250                            [0m 

                            Total steps: 724992 
                       Steps per second: 23690 
                        Collection time: 0.447s 
                          Learning time: 0.072s 
                        Mean value loss: 0.1175
                    Mean surrogate loss: -0.0089
                      Mean entropy loss: 6.5841
                            Mean reward: 1.45
                    Mean episode length: 72.61
                        Mean action std: 0.47
                reward/tracking_lin_vel: 1.0558
                reward/tracking_ang_vel: 0.1286
                      reward/feet_phase: 0.3027
             reward/feet_phase_contrast: 0.5710
             reward/feet_contact_number: 0.4636
                   reward/feet_air_time: 0.0072
                     reward/under_speed: -0.1626
                       reward/feet_slip: -0.0018
                  reward/feet_clearance: -0.0069
                       reward/lin_vel_z: -0.0065
                      reward/ang_vel_xy: -0.1515
                     reward/base_height: -0.2925
                     reward/orientation: -0.1694
                            reward/pose: -0.0163
                     reward/action_rate: -0.0517
                      reward/action_acc: -0.1545
             Metrics/twist/error_vel_xy: 0.2793
            Metrics/twist/error_vel_yaw: 0.2310
        Episode_Reward/tracking_lin_vel: 0.0756
        Episode_Reward/tracking_ang_vel: 0.0078
              Episode_Reward/feet_phase: 0.0484
     Episode_Reward/feet_phase_contrast: 0.0774
     Episode_Reward/feet_contact_number: 0.0321
           Episode_Reward/feet_air_time: 0.0028
             Episode_Reward/under_speed: -0.0065
               Episode_Reward/feet_slip: -0.0003
          Episode_Reward/feet_clearance: -0.0007
               Episode_Reward/lin_vel_z: -0.0017
              Episode_Reward/ang_vel_xy: -0.0311
             Episode_Reward/base_height: -0.0792
             Episode_Reward/orientation: -0.0421
                    Episode_Reward/pose: -0.0014
             Episode_Reward/action_rate: -0.0037
              Episode_Reward/action_acc: -0.0109
           Episode_Termination/time_out: 0.0000
    Episode_Termination/bad_orientation: 2.3684
--------------------------------------------------------------------------------
                         Iteration time: 0.52s
                           Time elapsed: 00:00:27
                                    ETA: 00:01:30

################################################################################
[1m                           Learning iteration 59/250                            [0m 

                            Total steps: 737280 
                       Steps per second: 21379 
                        Collection time: 0.503s 
                          Learning time: 0.072s 
                        Mean value loss: 0.1020
                    Mean surrogate loss: -0.0080
                      Mean entropy loss: 6.5736
                            Mean reward: 1.50
                    Mean episode length: 77.50
                        Mean action std: 0.47
                reward/tracking_lin_vel: 1.0508
                reward/tracking_ang_vel: 0.1281
                      reward/feet_phase: 0.2888
             reward/feet_phase_contrast: 0.5496
             reward/feet_contact_number: 0.4625
                   reward/feet_air_time: 0.0095
                     reward/under_speed: -0.1659
                       reward/feet_slip: -0.0017
                  reward/feet_clearance: -0.0069
                       reward/lin_vel_z: -0.0064
                      reward/ang_vel_xy: -0.1482
                     reward/base_height: -0.2903
                     reward/orientation: -0.1605
                            reward/pose: -0.0154
                     reward/action_rate: -0.0523
                      reward/action_acc: -0.1561
             Metrics/twist/error_vel_xy: 0.2976
            Metrics/twist/error_vel_yaw: 0.2273
        Episode_Reward/tracking_lin_vel: 0.0807
        Episode_Reward/tracking_ang_vel: 0.0089
              Episode_Reward/feet_phase: 0.0456
     Episode_Reward/feet_phase_contrast: 0.0762
     Episode_Reward/feet_contact_number: 0.0357
           Episode_Reward/feet_air_time: 0.0022
             Episode_Reward/under_speed: -0.0086
               Episode_Reward/feet_slip: -0.0003
          Episode_Reward/feet_clearance: -0.0008
               Episode_Reward/lin_vel_z: -0.0016
              Episode_Reward/ang_vel_xy: -0.0317
             Episode_Reward/base_height: -0.0808
             Episode_Reward/orientation: -0.0422
                    Episode_Reward/pose: -0.0014
             Episode_Reward/action_rate: -0.0040
              Episode_Reward/action_acc: -0.0117
           Episode_Termination/time_out: 0.0000
    Episode_Termination/bad_orientation: 2.0000
--------------------------------------------------------------------------------
                         Iteration time: 0.57s
                           Time elapsed: 00:00:28
                                    ETA: 00:01:29

################################################################################
[1m                           Learning iteration 60/250                            [0m 

                            Total steps: 749568 
                       Steps per second: 22185 
                        Collection time: 0.487s 
                          Learning time: 0.067s 
                        Mean value loss: 0.0819
                    Mean surrogate loss: -0.0096
                      Mean entropy loss: 6.5585
                            Mean reward: 1.30
                    Mean episode length: 76.56
                        Mean action std: 0.47
                reward/tracking_lin_vel: 1.0669
                reward/tracking_ang_vel: 0.1291
                      reward/feet_phase: 0.3479
             reward/feet_phase_contrast: 0.5146
             reward/feet_contact_number: 0.4686
                   reward/feet_air_time: 0.0036
                     reward/under_speed: -0.1700
                       reward/feet_slip: -0.0017
                  reward/feet_clearance: -0.0066
                       reward/lin_vel_z: -0.0047
                      reward/ang_vel_xy: -0.1179
                     reward/base_height: -0.2193
                     reward/orientation: -0.1274
                            reward/pose: -0.0155
                     reward/action_rate: -0.0525
                      reward/action_acc: -0.1569
             Metrics/twist/error_vel_xy: 0.2972
            Metrics/twist/error_vel_yaw: 0.2341
        Episode_Reward/tracking_lin_vel: 0.0774
        Episode_Reward/tracking_ang_vel: 0.0085
              Episode_Reward/feet_phase: 0.0446
     Episode_Reward/feet_phase_contrast: 0.0739
     Episode_Reward/feet_contact_number: 0.0341
           Episode_Reward/feet_air_time: 0.0019
             Episode_Reward/under_speed: -0.0083
               Episode_Reward/feet_slip: -0.0003
          Episode_Reward/feet_clearance: -0.0007
               Episode_Reward/lin_vel_z: -0.0016
              Episode_Reward/ang_vel_xy: -0.0300
             Episode_Reward/base_height: -0.0847
             Episode_Reward/orientation: -0.0434
                    Episode_Reward/pose: -0.0012
             Episode_Reward/action_rate: -0.0039
              Episode_Reward/action_acc: -0.0115
           Episode_Termination/time_out: 0.0000
    Episode_Termination/bad_orientation: 1.5263
--------------------------------------------------------------------------------
                         Iteration time: 0.55s
                           Time elapsed: 00:00:28
                                    ETA: 00:01:29

################################################################################
[1m                           Learning iteration 61/250                            [0m 

                            Total steps: 761856 
                       Steps per second: 22094 
                        Collection time: 0.487s 
                          Learning time: 0.069s 
                        Mean value loss: 0.0708
                    Mean surrogate loss: -0.0095
                      Mean entropy loss: 6.5297
                            Mean reward: 1.46
                    Mean episode length: 78.64
                        Mean action std: 0.46
                reward/tracking_lin_vel: 1.0666
                reward/tracking_ang_vel: 0.1315
                      reward/feet_phase: 0.3020
             reward/feet_phase_contrast: 0.5043
             reward/feet_contact_number: 0.4679
                   reward/feet_air_time: 0.0024
                     reward/under_speed: -0.1715
                       reward/feet_slip: -0.0015
                  reward/feet_clearance: -0.0063
                       reward/lin_vel_z: -0.0044
                      reward/ang_vel_xy: -0.1091
                     reward/base_height: -0.1545
                     reward/orientation: -0.1062
                            reward/pose: -0.0147
                     reward/action_rate: -0.0524
                      reward/action_acc: -0.1568
             Metrics/twist/error_vel_xy: 0.2545
            Metrics/twist/error_vel_yaw: 0.2259
        Episode_Reward/tracking_lin_vel: 0.0906
        Episode_Reward/tracking_ang_vel: 0.0090
              Episode_Reward/feet_phase: 0.0561
     Episode_Reward/feet_phase_contrast: 0.0906
     Episode_Reward/feet_contact_number: 0.0349
           Episode_Reward/feet_air_time: 0.0005
             Episode_Reward/under_speed: -0.0072
               Episode_Reward/feet_slip: -0.0003
          Episode_Reward/feet_clearance: -0.0007
               Episode_Reward/lin_vel_z: -0.0016
              Episode_Reward/ang_vel_xy: -0.0307
             Episode_Reward/base_height: -0.0731
             Episode_Reward/orientation: -0.0434
                    Episode_Reward/pose: -0.0015
             Episode_Reward/action_rate: -0.0040
              Episode_Reward/action_acc: -0.0118
           Episode_Termination/time_out: 0.0000
    Episode_Termination/bad_orientation: 1.5882
--------------------------------------------------------------------------------
                         Iteration time: 0.56s
                           Time elapsed: 00:00:29
                                    ETA: 00:01:29

################################################################################
[1m                           Learning iteration 62/250                            [0m 

                            Total steps: 774144 
                       Steps per second: 23110 
                        Collection time: 0.462s 
                          Learning time: 0.070s 
                        Mean value loss: 0.0567
                    Mean surrogate loss: -0.0070
                      Mean entropy loss: 6.5180
                            Mean reward: 1.31
                    Mean episode length: 76.65
                        Mean action std: 0.46
                reward/tracking_lin_vel: 1.0768
                reward/tracking_ang_vel: 0.1305
                      reward/feet_phase: 0.2530
             reward/feet_phase_contrast: 0.4916
             reward/feet_contact_number: 0.4648
                   reward/feet_air_time: 0.0044
                     reward/under_speed: -0.1737
                       reward/feet_slip: -0.0014
                  reward/feet_clearance: -0.0063
                       reward/lin_vel_z: -0.0036
                      reward/ang_vel_xy: -0.0925
                     reward/base_height: -0.1212
                     reward/orientation: -0.0924
                            reward/pose: -0.0149
                     reward/action_rate: -0.0531
                      reward/action_acc: -0.1596
             Metrics/twist/error_vel_xy: 0.2358
            Metrics/twist/error_vel_yaw: 0.1989
        Episode_Reward/tracking_lin_vel: 0.0799
        Episode_Reward/tracking_ang_vel: 0.0080
              Episode_Reward/feet_phase: 0.0501
     Episode_Reward/feet_phase_contrast: 0.0821
     Episode_Reward/feet_contact_number: 0.0312
           Episode_Reward/feet_air_time: 0.0020
             Episode_Reward/under_speed: -0.0062
               Episode_Reward/feet_slip: -0.0003
          Episode_Reward/feet_clearance: -0.0008
               Episode_Reward/lin_vel_z: -0.0018
              Episode_Reward/ang_vel_xy: -0.0296
             Episode_Reward/base_height: -0.0720
             Episode_Reward/orientation: -0.0422
                    Episode_Reward/pose: -0.0011
             Episode_Reward/action_rate: -0.0037
              Episode_Reward/action_acc: -0.0108
           Episode_Termination/time_out: 0.0000
    Episode_Termination/bad_orientation: 1.3846
--------------------------------------------------------------------------------
                         Iteration time: 0.53s
                           Time elapsed: 00:00:30
                                    ETA: 00:01:29

################################################################################
[1m                           Learning iteration 63/250                            [0m 

                            Total steps: 786432 
                       Steps per second: 22294 
                        Collection time: 0.480s 
                          Learning time: 0.071s 
                        Mean value loss: 0.0510
                    Mean surrogate loss: -0.0080
                      Mean entropy loss: 6.5049
                            Mean reward: 1.61
                    Mean episode length: 78.42
                        Mean action std: 0.46
                reward/tracking_lin_vel: 1.0659
                reward/tracking_ang_vel: 0.1317
                      reward/feet_phase: 0.2673
             reward/feet_phase_contrast: 0.4730
             reward/feet_contact_number: 0.4686
                   reward/feet_air_time: 0.0025
                     reward/under_speed: -0.1753
                       reward/feet_slip: -0.0015
                  reward/feet_clearance: -0.0063
                       reward/lin_vel_z: -0.0037
                      reward/ang_vel_xy: -0.0966
                     reward/base_height: -0.1249
                     reward/orientation: -0.0906
                            reward/pose: -0.0148
                     reward/action_rate: -0.0536
                      reward/action_acc: -0.1611
--------------------------------------------------------------------------------
                         Iteration time: 0.55s
                           Time elapsed: 00:00:30
                                    ETA: 00:01:28

################################################################################
[1m                           Learning iteration 64/250                            [0m 

                            Total steps: 798720 
                       Steps per second: 23215 
                        Collection time: 0.459s 
                          Learning time: 0.070s 
                        Mean value loss: 0.0508
                    Mean surrogate loss: -0.0090
                      Mean entropy loss: 6.4903
                            Mean reward: 1.55
                    Mean episode length: 77.33
                        Mean action std: 0.46
                reward/tracking_lin_vel: 1.0717
                reward/tracking_ang_vel: 0.1314
                      reward/feet_phase: 0.3054
             reward/feet_phase_contrast: 0.4486
             reward/feet_contact_number: 0.4641
                   reward/feet_air_time: 0.0031
                     reward/under_speed: -0.1769
                       reward/feet_slip: -0.0013
                  reward/feet_clearance: -0.0061
                       reward/lin_vel_z: -0.0028
                      reward/ang_vel_xy: -0.0875
                     reward/base_height: -0.0947
                     reward/orientation: -0.0753
                            reward/pose: -0.0145
                     reward/action_rate: -0.0537
                      reward/action_acc: -0.1624
--------------------------------------------------------------------------------
                         Iteration time: 0.53s
                           Time elapsed: 00:00:31
                                    ETA: 00:01:28

################################################################################
[1m                           Learning iteration 65/250                            [0m 

                            Total steps: 811008 
                       Steps per second: 22672 
                        Collection time: 0.471s 
                          Learning time: 0.071s 
                        Mean value loss: 0.0399
                    Mean surrogate loss: -0.0108
                      Mean entropy loss: 6.4713
                            Mean reward: 1.59
                    Mean episode length: 75.64
                        Mean action std: 0.46
                reward/tracking_lin_vel: 1.0728
                reward/tracking_ang_vel: 0.1318
                      reward/feet_phase: 0.2440
             reward/feet_phase_contrast: 0.4566
             reward/feet_contact_number: 0.4712
                   reward/feet_air_time: 0.0023
                     reward/under_speed: -0.1773
                       reward/feet_slip: -0.0014
                  reward/feet_clearance: -0.0061
                       reward/lin_vel_z: -0.0026
                      reward/ang_vel_xy: -0.0844
                     reward/base_height: -0.0965
                     reward/orientation: -0.0722
                            reward/pose: -0.0142
                     reward/action_rate: -0.0531
                      reward/action_acc: -0.1598
             Metrics/twist/error_vel_xy: 0.1946
            Metrics/twist/error_vel_yaw: 0.1569
        Episode_Reward/tracking_lin_vel: 0.0759
        Episode_Reward/tracking_ang_vel: 0.0073
              Episode_Reward/feet_phase: 0.0459
     Episode_Reward/feet_phase_contrast: 0.0754
     Episode_Reward/feet_contact_number: 0.0300
           Episode_Reward/feet_air_time: 0.0016
             Episode_Reward/under_speed: -0.0057
               Episode_Reward/feet_slip: -0.0003
          Episode_Reward/feet_clearance: -0.0007
               Episode_Reward/lin_vel_z: -0.0017
              Episode_Reward/ang_vel_xy: -0.0309
             Episode_Reward/base_height: -0.0793
             Episode_Reward/orientation: -0.0423
                    Episode_Reward/pose: -0.0010
             Episode_Reward/action_rate: -0.0035
              Episode_Reward/action_acc: -0.0105
           Episode_Termination/time_out: 0.0000
    Episode_Termination/bad_orientation: 1.3000
--------------------------------------------------------------------------------
                         Iteration time: 0.54s
                           Time elapsed: 00:00:31
                                    ETA: 00:01:28

################################################################################
[1m                           Learning iteration 66/250                            [0m 

                            Total steps: 823296 
                       Steps per second: 24782 
                        Collection time: 0.428s 
                          Learning time: 0.068s 
                        Mean value loss: 3.9889
                    Mean surrogate loss: -0.0094
                      Mean entropy loss: 6.4602
                            Mean reward: 2.03
                    Mean episode length: 86.06
                        Mean action std: 0.46
                reward/tracking_lin_vel: 0.8425
                reward/tracking_ang_vel: 0.1297
                      reward/feet_phase: 0.2732
             reward/feet_phase_contrast: 0.5252
             reward/feet_contact_number: 0.4554
                   reward/feet_air_time: 0.0074
                     reward/under_speed: -0.1602
                       reward/feet_slip: -0.0037
                  reward/feet_clearance: -0.0130
                       reward/lin_vel_z: -0.0076
                      reward/ang_vel_xy: -0.1763
                     reward/base_height: -0.0760
                     reward/orientation: -0.0771
                            reward/pose: -0.0139
                     reward/action_rate: -0.0541
                      reward/action_acc: -0.1620
--------------------------------------------------------------------------------
                         Iteration time: 0.50s
                           Time elapsed: 00:00:32
                                    ETA: 00:01:27

################################################################################
[1m                           Learning iteration 67/250                            [0m 

                            Total steps: 835584 
                       Steps per second: 31060 
                        Collection time: 0.328s 
                          Learning time: 0.068s 
                        Mean value loss: 0.2036
                    Mean surrogate loss: -0.0104
                      Mean entropy loss: 6.4523
                            Mean reward: 10.42
                    Mean episode length: 360.65
                        Mean action std: 0.46
                reward/tracking_lin_vel: 0.5930
                reward/tracking_ang_vel: 0.1057
                      reward/feet_phase: 0.4371
             reward/feet_phase_contrast: 0.6831
             reward/feet_contact_number: 0.4551
                   reward/feet_air_time: 0.1733
                     reward/under_speed: -0.1268
                       reward/feet_slip: -0.0042
                  reward/feet_clearance: -0.0143
                       reward/lin_vel_z: -0.0375
                      reward/ang_vel_xy: -0.7010
                     reward/base_height: -1.4810
                     reward/orientation: -0.7691
                            reward/pose: -0.0164
                     reward/action_rate: -0.0541
                      reward/action_acc: -0.1609
             Metrics/twist/error_vel_xy: 0.3938
            Metrics/twist/error_vel_yaw: 0.2492
        Episode_Reward/tracking_lin_vel: 0.2873
        Episode_Reward/tracking_ang_vel: 0.0358
              Episode_Reward/feet_phase: 0.0890
     Episode_Reward/feet_phase_contrast: 0.1545
     Episode_Reward/feet_contact_number: 0.1292
           Episode_Reward/feet_air_time: 0.0047
             Episode_Reward/under_speed: -0.0462
               Episode_Reward/feet_slip: -0.0006
          Episode_Reward/feet_clearance: -0.0023
               Episode_Reward/lin_vel_z: -0.0029
              Episode_Reward/ang_vel_xy: -0.0512
             Episode_Reward/base_height: -0.0704
             Episode_Reward/orientation: -0.0419
                    Episode_Reward/pose: -0.0046
             Episode_Reward/action_rate: -0.0147
              Episode_Reward/action_acc: -0.0438
           Episode_Termination/time_out: 0.0526
    Episode_Termination/bad_orientation: 10.4211
--------------------------------------------------------------------------------
                         Iteration time: 0.40s
                           Time elapsed: 00:00:32
                                    ETA: 00:01:27

################################################################################
[1m                           Learning iteration 68/250                            [0m 

                            Total steps: 847872 
                       Steps per second: 26024 
                        Collection time: 0.404s 
                          Learning time: 0.068s 
                        Mean value loss: 0.2661
                    Mean surrogate loss: -0.0108
                      Mean entropy loss: 6.4420
                            Mean reward: 10.40
                    Mean episode length: 360.57
                        Mean action std: 0.46
                reward/tracking_lin_vel: 1.0406
                reward/tracking_ang_vel: 0.1224
                      reward/feet_phase: 0.5355
             reward/feet_phase_contrast: 0.8216
             reward/feet_contact_number: 0.4389
                   reward/feet_air_time: 0.0404
                     reward/under_speed: -0.1360
                       reward/feet_slip: -0.0028
                  reward/feet_clearance: -0.0108
                       reward/lin_vel_z: -0.0145
                      reward/ang_vel_xy: -0.3217
                     reward/base_height: -0.9064
                     reward/orientation: -0.3501
                            reward/pose: -0.0115
                     reward/action_rate: -0.0536
                      reward/action_acc: -0.1602
             Metrics/twist/error_vel_xy: 0.4872
            Metrics/twist/error_vel_yaw: 0.3166
        Episode_Reward/tracking_lin_vel: 0.3593
        Episode_Reward/tracking_ang_vel: 0.0461
              Episode_Reward/feet_phase: 0.1066
     Episode_Reward/feet_phase_contrast: 0.1792
     Episode_Reward/feet_contact_number: 0.1674
           Episode_Reward/feet_air_time: 0.0074
             Episode_Reward/under_speed: -0.0618
               Episode_Reward/feet_slip: -0.0006
          Episode_Reward/feet_clearance: -0.0027
               Episode_Reward/lin_vel_z: -0.0019
              Episode_Reward/ang_vel_xy: -0.0501
             Episode_Reward/base_height: -0.0931
             Episode_Reward/orientation: -0.0529
                    Episode_Reward/pose: -0.0062
             Episode_Reward/action_rate: -0.0190
              Episode_Reward/action_acc: -0.0569
           Episode_Termination/time_out: 0.0000
    Episode_Termination/bad_orientation: 7.2174
--------------------------------------------------------------------------------
                         Iteration time: 0.47s
                           Time elapsed: 00:00:33
                                    ETA: 00:01:26

################################################################################
[1m                           Learning iteration 69/250                            [0m 

                            Total steps: 860160 
                       Steps per second: 25415 
                        Collection time: 0.417s 
                          Learning time: 0.067s 
                        Mean value loss: 0.1393
                    Mean surrogate loss: -0.0109
                      Mean entropy loss: 6.4290
                            Mean reward: 4.07
                    Mean episode length: 189.32
                        Mean action std: 0.46
                reward/tracking_lin_vel: 1.0613
                reward/tracking_ang_vel: 0.1249
                      reward/feet_phase: 0.3899
             reward/feet_phase_contrast: 0.7156
             reward/feet_contact_number: 0.4696
                   reward/feet_air_time: 0.0236
                     reward/under_speed: -0.1478
                       reward/feet_slip: -0.0024
                  reward/feet_clearance: -0.0083
                       reward/lin_vel_z: -0.0104
                      reward/ang_vel_xy: -0.2394
                     reward/base_height: -0.5090
                     reward/orientation: -0.2878
                            reward/pose: -0.0144
                     reward/action_rate: -0.0542
                      reward/action_acc: -0.1624
--------------------------------------------------------------------------------
                         Iteration time: 0.48s
                           Time elapsed: 00:00:33
                                    ETA: 00:01:26

################################################################################
[1m                           Learning iteration 70/250                            [0m 

                            Total steps: 872448 
                       Steps per second: 24131 
                        Collection time: 0.439s 
                          Learning time: 0.070s 
                        Mean value loss: 0.1148
                    Mean surrogate loss: -0.0099
                      Mean entropy loss: 6.4162
                            Mean reward: 0.65
                    Mean episode length: 70.72
                        Mean action std: 0.46
                reward/tracking_lin_vel: 1.0761
                reward/tracking_ang_vel: 0.1287
                      reward/feet_phase: 0.3737
             reward/feet_phase_contrast: 0.6657
             reward/feet_contact_number: 0.4625
                   reward/feet_air_time: 0.0128
                     reward/under_speed: -0.1533
                       reward/feet_slip: -0.0024
                  reward/feet_clearance: -0.0077
                       reward/lin_vel_z: -0.0101
                      reward/ang_vel_xy: -0.1983
                     reward/base_height: -0.4120
                     reward/orientation: -0.2293
                            reward/pose: -0.0140
                     reward/action_rate: -0.0534
                      reward/action_acc: -0.1602
             Metrics/twist/error_vel_xy: 0.2629
            Metrics/twist/error_vel_yaw: 0.2049
        Episode_Reward/tracking_lin_vel: 0.0703
        Episode_Reward/tracking_ang_vel: 0.0079
              Episode_Reward/feet_phase: 0.0403
     Episode_Reward/feet_phase_contrast: 0.0664
     Episode_Reward/feet_contact_number: 0.0320
           Episode_Reward/feet_air_time: 0.0037
             Episode_Reward/under_speed: -0.0072
               Episode_Reward/feet_slip: -0.0003
          Episode_Reward/feet_clearance: -0.0007
               Episode_Reward/lin_vel_z: -0.0017
              Episode_Reward/ang_vel_xy: -0.0314
             Episode_Reward/base_height: -0.0728
             Episode_Reward/orientation: -0.0408
                    Episode_Reward/pose: -0.0010
             Episode_Reward/action_rate: -0.0038
              Episode_Reward/action_acc: -0.0113
           Episode_Termination/time_out: 0.0000
    Episode_Termination/bad_orientation: 3.3636
--------------------------------------------------------------------------------
                         Iteration time: 0.51s
                           Time elapsed: 00:00:34
                                    ETA: 00:01:25

################################################################################
[1m                           Learning iteration 71/250                            [0m 

                            Total steps: 884736 
                       Steps per second: 23254 
                        Collection time: 0.459s 
                          Learning time: 0.070s 
                        Mean value loss: 0.1032
                    Mean surrogate loss: -0.0075
                      Mean entropy loss: 6.4048
                            Mean reward: 1.57
                    Mean episode length: 73.15
                        Mean action std: 0.46
                reward/tracking_lin_vel: 1.0498
                reward/tracking_ang_vel: 0.1294
                      reward/feet_phase: 0.3856
             reward/feet_phase_contrast: 0.5696
             reward/feet_contact_number: 0.4616
                   reward/feet_air_time: 0.0050
                     reward/under_speed: -0.1629
                       reward/feet_slip: -0.0020
                  reward/feet_clearance: -0.0072
                       reward/lin_vel_z: -0.0070
                      reward/ang_vel_xy: -0.1545
                     reward/base_height: -0.2599
                     reward/orientation: -0.1773
                            reward/pose: -0.0136
                     reward/action_rate: -0.0535
                      reward/action_acc: -0.1608
             Metrics/twist/error_vel_xy: 0.2388
            Metrics/twist/error_vel_yaw: 0.1847
        Episode_Reward/tracking_lin_vel: 0.0969
        Episode_Reward/tracking_ang_vel: 0.0102
              Episode_Reward/feet_phase: 0.0533
     Episode_Reward/feet_phase_contrast: 0.0885
     Episode_Reward/feet_contact_number: 0.0373
           Episode_Reward/feet_air_time: 0.0011
             Episode_Reward/under_speed: -0.0084
               Episode_Reward/feet_slip: -0.0003
          Episode_Reward/feet_clearance: -0.0008
               Episode_Reward/lin_vel_z: -0.0017
              Episode_Reward/ang_vel_xy: -0.0318
             Episode_Reward/base_height: -0.0671
             Episode_Reward/orientation: -0.0425
                    Episode_Reward/pose: -0.0013
             Episode_Reward/action_rate: -0.0044
              Episode_Reward/action_acc: -0.0131
           Episode_Termination/time_out: 0.0000
    Episode_Termination/bad_orientation: 2.3500
--------------------------------------------------------------------------------
                         Iteration time: 0.53s
                           Time elapsed: 00:00:34
                                    ETA: 00:01:25

################################################################################
[1m                           Learning iteration 72/250                            [0m 

                            Total steps: 897024 
                       Steps per second: 22170 
                        Collection time: 0.485s 
                          Learning time: 0.069s 
                        Mean value loss: 0.1019
                    Mean surrogate loss: -0.0078
                      Mean entropy loss: 6.3940
                            Mean reward: 1.65
                    Mean episode length: 74.85
                        Mean action std: 0.46
                reward/tracking_lin_vel: 1.0448
                reward/tracking_ang_vel: 0.1299
                      reward/feet_phase: 0.2930
             reward/feet_phase_contrast: 0.5237
             reward/feet_contact_number: 0.4653
                   reward/feet_air_time: 0.0045
                     reward/under_speed: -0.1662
                       reward/feet_slip: -0.0019
                  reward/feet_clearance: -0.0070
                       reward/lin_vel_z: -0.0064
                      reward/ang_vel_xy: -0.1429
                     reward/base_height: -0.2444
                     reward/orientation: -0.1558
                            reward/pose: -0.0125
                     reward/action_rate: -0.0539
                      reward/action_acc: -0.1621
             Metrics/twist/error_vel_xy: 0.2919
            Metrics/twist/error_vel_yaw: 0.2020
        Episode_Reward/tracking_lin_vel: 0.0696
        Episode_Reward/tracking_ang_vel: 0.0083
              Episode_Reward/feet_phase: 0.0442
     Episode_Reward/feet_phase_contrast: 0.0696
     Episode_Reward/feet_contact_number: 0.0319
           Episode_Reward/feet_air_time: 0.0024
             Episode_Reward/under_speed: -0.0074
               Episode_Reward/feet_slip: -0.0003
          Episode_Reward/feet_clearance: -0.0007
               Episode_Reward/lin_vel_z: -0.0016
              Episode_Reward/ang_vel_xy: -0.0306
             Episode_Reward/base_height: -0.0759
             Episode_Reward/orientation: -0.0431
                    Episode_Reward/pose: -0.0010
             Episode_Reward/action_rate: -0.0037
              Episode_Reward/action_acc: -0.0110
           Episode_Termination/time_out: 0.0000
    Episode_Termination/bad_orientation: 1.9091
--------------------------------------------------------------------------------
                         Iteration time: 0.55s
                           Time elapsed: 00:00:35
                                    ETA: 00:01:25

################################################################################
[1m                           Learning iteration 73/250                            [0m 

                            Total steps: 909312 
                       Steps per second: 23906 
                        Collection time: 0.444s 
                          Learning time: 0.070s 
                        Mean value loss: 0.0705
                    Mean surrogate loss: -0.0060
                      Mean entropy loss: 6.3834
                            Mean reward: 1.59
                    Mean episode length: 76.27
                        Mean action std: 0.46
                reward/tracking_lin_vel: 1.0523
                reward/tracking_ang_vel: 0.1325
                      reward/feet_phase: 0.2675
             reward/feet_phase_contrast: 0.5147
             reward/feet_contact_number: 0.4618
                   reward/feet_air_time: 0.0010
                     reward/under_speed: -0.1707
                       reward/feet_slip: -0.0017
                  reward/feet_clearance: -0.0065
                       reward/lin_vel_z: -0.0049
                      reward/ang_vel_xy: -0.1285
                     reward/base_height: -0.1979
                     reward/orientation: -0.1252
                            reward/pose: -0.0117
                     reward/action_rate: -0.0537
                      reward/action_acc: -0.1616
--------------------------------------------------------------------------------
                         Iteration time: 0.51s
                           Time elapsed: 00:00:35
                                    ETA: 00:01:24

################################################################################
[1m                           Learning iteration 74/250                            [0m 

                            Total steps: 921600 
                       Steps per second: 23633 
                        Collection time: 0.451s 
                          Learning time: 0.069s 
                        Mean value loss: 0.0645
                    Mean surrogate loss: -0.0078
                      Mean entropy loss: 6.3701
                            Mean reward: 1.55
                    Mean episode length: 77.16
                        Mean action std: 0.46
                reward/tracking_lin_vel: 1.0676
                reward/tracking_ang_vel: 0.1331
                      reward/feet_phase: 0.3046
             reward/feet_phase_contrast: 0.4811
             reward/feet_contact_number: 0.4615
                   reward/feet_air_time: 0.0012
                     reward/under_speed: -0.1736
                       reward/feet_slip: -0.0014
                  reward/feet_clearance: -0.0063
                       reward/lin_vel_z: -0.0033
                      reward/ang_vel_xy: -0.0928
                     reward/base_height: -0.1014
                     reward/orientation: -0.0851
                            reward/pose: -0.0110
                     reward/action_rate: -0.0535
                      reward/action_acc: -0.1613
             Metrics/twist/error_vel_xy: 0.2349
            Metrics/twist/error_vel_yaw: 0.1936
        Episode_Reward/tracking_lin_vel: 0.0821
        Episode_Reward/tracking_ang_vel: 0.0083
              Episode_Reward/feet_phase: 0.0493
     Episode_Reward/feet_phase_contrast: 0.0817
     Episode_Reward/feet_contact_number: 0.0314
           Episode_Reward/feet_air_time: 0.0005
             Episode_Reward/under_speed: -0.0067
               Episode_Reward/feet_slip: -0.0003
          Episode_Reward/feet_clearance: -0.0007
               Episode_Reward/lin_vel_z: -0.0016
              Episode_Reward/ang_vel_xy: -0.0296
             Episode_Reward/base_height: -0.0692
             Episode_Reward/orientation: -0.0432
                    Episode_Reward/pose: -0.0011
             Episode_Reward/action_rate: -0.0037
              Episode_Reward/action_acc: -0.0110
           Episode_Termination/time_out: 0.0000
    Episode_Termination/bad_orientation: 1.3846
--------------------------------------------------------------------------------
                         Iteration time: 0.52s
                           Time elapsed: 00:00:36
                                    ETA: 00:01:24

################################################################################
[1m                           Learning iteration 75/250                            [0m 

                            Total steps: 933888 
                       Steps per second: 23141 
                        Collection time: 0.460s 
                          Learning time: 0.071s 
                        Mean value loss: 0.0574
                    Mean surrogate loss: -0.0109
                      Mean entropy loss: 6.3371
                            Mean reward: 1.45
                    Mean episode length: 74.45
                        Mean action std: 0.46
                reward/tracking_lin_vel: 1.0571
                reward/tracking_ang_vel: 0.1336
                      reward/feet_phase: 0.2936
             reward/feet_phase_contrast: 0.4567
             reward/feet_contact_number: 0.4620
                   reward/feet_air_time: 0.0035
                     reward/under_speed: -0.1756
                       reward/feet_slip: -0.0015
                  reward/feet_clearance: -0.0063
                       reward/lin_vel_z: -0.0036
                      reward/ang_vel_xy: -0.0917
                     reward/base_height: -0.1053
                     reward/orientation: -0.0831
                            reward/pose: -0.0106
                     reward/action_rate: -0.0536
                      reward/action_acc: -0.1616
--------------------------------------------------------------------------------
                         Iteration time: 0.53s
                           Time elapsed: 00:00:36
                                    ETA: 00:01:23

################################################################################
[1m                           Learning iteration 76/250                            [0m 

                            Total steps: 946176 
                       Steps per second: 19353 
                        Collection time: 0.561s 
                          Learning time: 0.074s 
                        Mean value loss: 0.0378
                    Mean surrogate loss: -0.0107
                      Mean entropy loss: 6.3126
                            Mean reward: 2.54
                    Mean episode length: 100.86
                        Mean action std: 0.45
                reward/tracking_lin_vel: 1.0416
                reward/tracking_ang_vel: 0.1317
                      reward/feet_phase: 0.2313
             reward/feet_phase_contrast: 0.4429
             reward/feet_contact_number: 0.4653
                   reward/feet_air_time: 0.0026
                     reward/under_speed: -0.1779
                       reward/feet_slip: -0.0014
                  reward/feet_clearance: -0.0063
                       reward/lin_vel_z: -0.0033
                      reward/ang_vel_xy: -0.0921
                     reward/base_height: -0.1006
                     reward/orientation: -0.0779
                            reward/pose: -0.0102
                     reward/action_rate: -0.0538
                      reward/action_acc: -0.1621
             Metrics/twist/error_vel_xy: 0.3048
            Metrics/twist/error_vel_yaw: 0.2370
        Episode_Reward/tracking_lin_vel: 0.2542
        Episode_Reward/tracking_ang_vel: 0.0296
              Episode_Reward/feet_phase: 0.0877
     Episode_Reward/feet_phase_contrast: 0.1438
     Episode_Reward/feet_contact_number: 0.1045
           Episode_Reward/feet_air_time: 0.0025
             Episode_Reward/under_speed: -0.0363
               Episode_Reward/feet_slip: -0.0005
          Episode_Reward/feet_clearance: -0.0020
               Episode_Reward/lin_vel_z: -0.0017
              Episode_Reward/ang_vel_xy: -0.0353
             Episode_Reward/base_height: -0.0553
             Episode_Reward/orientation: -0.0406
                    Episode_Reward/pose: -0.0038
             Episode_Reward/action_rate: -0.0122
              Episode_Reward/action_acc: -0.0365
           Episode_Termination/time_out: 0.2143
    Episode_Termination/bad_orientation: 1.2857
--------------------------------------------------------------------------------
                         Iteration time: 0.63s
                           Time elapsed: 00:00:37
                                    ETA: 00:01:23

################################################################################
[1m                           Learning iteration 77/250                            [0m 

                            Total steps: 958464 
                       Steps per second: 20699 
                        Collection time: 0.516s 
                          Learning time: 0.078s 
                        Mean value loss: 0.0376
                    Mean surrogate loss: -0.0109
                      Mean entropy loss: 6.2601
                            Mean reward: 2.96
                    Mean episode length: 110.46
                        Mean action std: 0.45
                reward/tracking_lin_vel: 1.0633
                reward/tracking_ang_vel: 0.1339
                      reward/feet_phase: 0.2266
             reward/feet_phase_contrast: 0.4307
             reward/feet_contact_number: 0.4679
                   reward/feet_air_time: 0.0007
                     reward/under_speed: -0.1804
                       reward/feet_slip: -0.0012
                  reward/feet_clearance: -0.0059
                       reward/lin_vel_z: -0.0014
                      reward/ang_vel_xy: -0.0634
                     reward/base_height: -0.0219
                     reward/orientation: -0.0398
                            reward/pose: -0.0100
                     reward/action_rate: -0.0535
                      reward/action_acc: -0.1611
--------------------------------------------------------------------------------
                         Iteration time: 0.59s
                           Time elapsed: 00:00:37
                                    ETA: 00:01:23

################################################################################
[1m                           Learning iteration 78/250                            [0m 

                            Total steps: 970752 
                       Steps per second: 21838 
                        Collection time: 0.494s 
                          Learning time: 0.069s 
                        Mean value loss: 0.0319
                    Mean surrogate loss: -0.0102
                      Mean entropy loss: 6.2298
                            Mean reward: 2.98
                    Mean episode length: 111.20
                        Mean action std: 0.45
                reward/tracking_lin_vel: 1.0596
                reward/tracking_ang_vel: 0.1334
                      reward/feet_phase: 0.2900
             reward/feet_phase_contrast: 0.4220
             reward/feet_contact_number: 0.4667
                   reward/feet_air_time: 0.0001
                     reward/under_speed: -0.1810
                       reward/feet_slip: -0.0012
                  reward/feet_clearance: -0.0059
                       reward/lin_vel_z: -0.0016
                      reward/ang_vel_xy: -0.0681
                     reward/base_height: -0.0389
                     reward/orientation: -0.0454
                            reward/pose: -0.0101
                     reward/action_rate: -0.0535
                      reward/action_acc: -0.1614
--------------------------------------------------------------------------------
                         Iteration time: 0.56s
                           Time elapsed: 00:00:38
                                    ETA: 00:01:23

################################################################################
[1m                           Learning iteration 79/250                            [0m 

                            Total steps: 983040 
                       Steps per second: 23333 
                        Collection time: 0.455s 
                          Learning time: 0.071s 
                        Mean value loss: 0.0253
                    Mean surrogate loss: -0.0097
                      Mean entropy loss: 6.1868
                            Mean reward: 3.56
                    Mean episode length: 122.70
                        Mean action std: 0.45
                reward/tracking_lin_vel: 1.0597
                reward/tracking_ang_vel: 0.1348
                      reward/feet_phase: 0.2327
             reward/feet_phase_contrast: 0.4143
             reward/feet_contact_number: 0.4646
                   reward/feet_air_time: 0.0001
                     reward/under_speed: -0.1813
                       reward/feet_slip: -0.0011
                  reward/feet_clearance: -0.0057
                       reward/lin_vel_z: -0.0015
                      reward/ang_vel_xy: -0.0655
                     reward/base_height: -0.0273
                     reward/orientation: -0.0438
                            reward/pose: -0.0099
                     reward/action_rate: -0.0526
                      reward/action_acc: -0.1582
--------------------------------------------------------------------------------
                         Iteration time: 0.53s
                           Time elapsed: 00:00:38
                                    ETA: 00:01:22

################################################################################
[1m                           Learning iteration 80/250                            [0m 

                            Total steps: 995328 
                       Steps per second: 24167 
                        Collection time: 0.441s 
                          Learning time: 0.067s 
                        Mean value loss: 0.0221
                    Mean surrogate loss: -0.0114
                      Mean entropy loss: 6.1329
                            Mean reward: 4.42
                    Mean episode length: 144.43
                        Mean action std: 0.45
                reward/tracking_lin_vel: 1.0615
                reward/tracking_ang_vel: 0.1351
                      reward/feet_phase: 0.2105
             reward/feet_phase_contrast: 0.4266
             reward/feet_contact_number: 0.4644
                   reward/feet_air_time: 0.0001
                     reward/under_speed: -0.1809
                       reward/feet_slip: -0.0011
                  reward/feet_clearance: -0.0057
                       reward/lin_vel_z: -0.0016
                      reward/ang_vel_xy: -0.0670
                     reward/base_height: -0.0259
                     reward/orientation: -0.0411
                            reward/pose: -0.0098
                     reward/action_rate: -0.0526
                      reward/action_acc: -0.1580
             Metrics/twist/error_vel_xy: 0.4838
            Metrics/twist/error_vel_yaw: 0.3763
        Episode_Reward/tracking_lin_vel: 0.5496
        Episode_Reward/tracking_ang_vel: 0.0663
              Episode_Reward/feet_phase: 0.1559
     Episode_Reward/feet_phase_contrast: 0.2657
     Episode_Reward/feet_contact_number: 0.2252
           Episode_Reward/feet_air_time: 0.0029
             Episode_Reward/under_speed: -0.0852
               Episode_Reward/feet_slip: -0.0012
          Episode_Reward/feet_clearance: -0.0047
               Episode_Reward/lin_vel_z: -0.0018
              Episode_Reward/ang_vel_xy: -0.0446
             Episode_Reward/base_height: -0.0410
             Episode_Reward/orientation: -0.0480
                    Episode_Reward/pose: -0.0078
             Episode_Reward/action_rate: -0.0264
              Episode_Reward/action_acc: -0.0793
           Episode_Termination/time_out: 0.4000
    Episode_Termination/bad_orientation: 0.6000
--------------------------------------------------------------------------------
                         Iteration time: 0.51s
                           Time elapsed: 00:00:39
                                    ETA: 00:01:22

################################################################################
[1m                           Learning iteration 81/250                            [0m 

                            Total steps: 1007616 
                       Steps per second: 23141 
                        Collection time: 0.465s 
                          Learning time: 0.066s 
                        Mean value loss: 0.0210
                    Mean surrogate loss: -0.0123
                      Mean entropy loss: 6.0981
                            Mean reward: 5.06
                    Mean episode length: 165.71
                        Mean action std: 0.44
                reward/tracking_lin_vel: 1.0610
                reward/tracking_ang_vel: 0.1347
                      reward/feet_phase: 0.2598
             reward/feet_phase_contrast: 0.4285
             reward/feet_contact_number: 0.4659
                   reward/feet_air_time: 0.0002
                     reward/under_speed: -0.1811
                       reward/feet_slip: -0.0011
                  reward/feet_clearance: -0.0056
                       reward/lin_vel_z: -0.0017
                      reward/ang_vel_xy: -0.0653
                     reward/base_height: -0.0274
                     reward/orientation: -0.0411
                            reward/pose: -0.0099
                     reward/action_rate: -0.0523
                      reward/action_acc: -0.1572
--------------------------------------------------------------------------------
                         Iteration time: 0.53s
                           Time elapsed: 00:00:40
                                    ETA: 00:01:21

################################################################################
[1m                           Learning iteration 82/250                            [0m 

                            Total steps: 1019904 
                       Steps per second: 23226 
                        Collection time: 0.460s 
                          Learning time: 0.069s 
                        Mean value loss: 0.0264
                    Mean surrogate loss: -0.0095
                      Mean entropy loss: 6.0722
                            Mean reward: 5.44
                    Mean episode length: 173.92
                        Mean action std: 0.44
                reward/tracking_lin_vel: 1.0465
                reward/tracking_ang_vel: 0.1342
                      reward/feet_phase: 0.2726
             reward/feet_phase_contrast: 0.4085
             reward/feet_contact_number: 0.4654
                   reward/feet_air_time: 0.0021
                     reward/under_speed: -0.1824
                       reward/feet_slip: -0.0011
                  reward/feet_clearance: -0.0057
                       reward/lin_vel_z: -0.0015
                      reward/ang_vel_xy: -0.0638
                     reward/base_height: -0.0224
                     reward/orientation: -0.0387
                            reward/pose: -0.0098
                     reward/action_rate: -0.0519
                      reward/action_acc: -0.1558
             Metrics/twist/error_vel_xy: 0.2173
            Metrics/twist/error_vel_yaw: 0.2250
        Episode_Reward/tracking_lin_vel: 0.4602
        Episode_Reward/tracking_ang_vel: 0.0478
              Episode_Reward/feet_phase: 0.1100
     Episode_Reward/feet_phase_contrast: 0.1797
     Episode_Reward/feet_contact_number: 0.1686
           Episode_Reward/feet_air_time: 0.0000
             Episode_Reward/under_speed: -0.0612
               Episode_Reward/feet_slip: -0.0005
          Episode_Reward/feet_clearance: -0.0021
               Episode_Reward/lin_vel_z: -0.0020
              Episode_Reward/ang_vel_xy: -0.0351
             Episode_Reward/base_height: -0.0462
             Episode_Reward/orientation: -0.0399
                    Episode_Reward/pose: -0.0046
             Episode_Reward/action_rate: -0.0193
              Episode_Reward/action_acc: -0.0573
           Episode_Termination/time_out: 0.3333
    Episode_Termination/bad_orientation: 1.0000
--------------------------------------------------------------------------------
                         Iteration time: 0.53s
                           Time elapsed: 00:00:40
                                    ETA: 00:01:21

################################################################################
[1m                           Learning iteration 83/250                            [0m 

                            Total steps: 1032192 
                       Steps per second: 28730 
                        Collection time: 0.361s 
                          Learning time: 0.067s 
                        Mean value loss: 2.9495
                    Mean surrogate loss: -0.0094
                      Mean entropy loss: 6.0516
                            Mean reward: 5.72
                    Mean episode length: 182.65
                        Mean action std: 0.44
                reward/tracking_lin_vel: 0.6652
                reward/tracking_ang_vel: 0.1231
                      reward/feet_phase: 0.3257
             reward/feet_phase_contrast: 0.6113
             reward/feet_contact_number: 0.4543
                   reward/feet_air_time: 0.0659
                     reward/under_speed: -0.1436
                       reward/feet_slip: -0.0042
                  reward/feet_clearance: -0.0148
                       reward/lin_vel_z: -0.0135
                      reward/ang_vel_xy: -0.2954
                     reward/base_height: -0.0585
                     reward/orientation: -0.1626
                            reward/pose: -0.0114
                     reward/action_rate: -0.0530
                      reward/action_acc: -0.1580
--------------------------------------------------------------------------------
                         Iteration time: 0.43s
                           Time elapsed: 00:00:40
                                    ETA: 00:01:20

################################################################################
[1m                           Learning iteration 84/250                            [0m 

                            Total steps: 1044480 
                       Steps per second: 28656 
                        Collection time: 0.361s 
                          Learning time: 0.068s 
                        Mean value loss: 0.1643
                    Mean surrogate loss: -0.0120
                      Mean entropy loss: 6.0369
                            Mean reward: 12.56
                    Mean episode length: 417.83
                        Mean action std: 0.44
                reward/tracking_lin_vel: 0.7271
                reward/tracking_ang_vel: 0.1087
                      reward/feet_phase: 0.4191
             reward/feet_phase_contrast: 0.7498
             reward/feet_contact_number: 0.4453
                   reward/feet_air_time: 0.1449
                     reward/under_speed: -0.1208
                       reward/feet_slip: -0.0039
                  reward/feet_clearance: -0.0152
                       reward/lin_vel_z: -0.0385
                      reward/ang_vel_xy: -0.7041
                     reward/base_height: -1.7529
                     reward/orientation: -0.8152
                            reward/pose: -0.0123
                     reward/action_rate: -0.0526
                      reward/action_acc: -0.1547
             Metrics/twist/error_vel_xy: 0.4045
            Metrics/twist/error_vel_yaw: 0.2402
        Episode_Reward/tracking_lin_vel: 0.4110
        Episode_Reward/tracking_ang_vel: 0.0536
              Episode_Reward/feet_phase: 0.1143
     Episode_Reward/feet_phase_contrast: 0.1971
     Episode_Reward/feet_contact_number: 0.1893
           Episode_Reward/feet_air_time: 0.0067
             Episode_Reward/under_speed: -0.0706
               Episode_Reward/feet_slip: -0.0007
          Episode_Reward/feet_clearance: -0.0031
               Episode_Reward/lin_vel_z: -0.0026
              Episode_Reward/ang_vel_xy: -0.0583
             Episode_Reward/base_height: -0.0709
             Episode_Reward/orientation: -0.0456
                    Episode_Reward/pose: -0.0049
             Episode_Reward/action_rate: -0.0216
              Episode_Reward/action_acc: -0.0649
           Episode_Termination/time_out: 0.0417
    Episode_Termination/bad_orientation: 12.0417
--------------------------------------------------------------------------------
                         Iteration time: 0.43s
                           Time elapsed: 00:00:41
                                    ETA: 00:01:20

################################################################################
[1m                           Learning iteration 85/250                            [0m 

                            Total steps: 1056768 
                       Steps per second: 26462 
                        Collection time: 0.399s 
                          Learning time: 0.066s 
                        Mean value loss: 0.2097
                    Mean surrogate loss: -0.0109
                      Mean entropy loss: 6.0285
                            Mean reward: 11.64
                    Mean episode length: 390.07
                        Mean action std: 0.44
                reward/tracking_lin_vel: 1.0951
                reward/tracking_ang_vel: 0.1244
                      reward/feet_phase: 0.5625
             reward/feet_phase_contrast: 0.8208
             reward/feet_contact_number: 0.4585
                   reward/feet_air_time: 0.0255
                     reward/under_speed: -0.1394
                       reward/feet_slip: -0.0024
                  reward/feet_clearance: -0.0090
                       reward/lin_vel_z: -0.0103
                      reward/ang_vel_xy: -0.2284
                     reward/base_height: -0.5115
                     reward/orientation: -0.2687
                            reward/pose: -0.0100
                     reward/action_rate: -0.0527
                      reward/action_acc: -0.1570
             Metrics/twist/error_vel_xy: 0.4126
            Metrics/twist/error_vel_yaw: 0.2896
        Episode_Reward/tracking_lin_vel: 0.3905
        Episode_Reward/tracking_ang_vel: 0.0507
              Episode_Reward/feet_phase: 0.1174
     Episode_Reward/feet_phase_contrast: 0.1983
     Episode_Reward/feet_contact_number: 0.1807
           Episode_Reward/feet_air_time: 0.0068
             Episode_Reward/under_speed: -0.0673
               Episode_Reward/feet_slip: -0.0006
          Episode_Reward/feet_clearance: -0.0028
               Episode_Reward/lin_vel_z: -0.0020
              Episode_Reward/ang_vel_xy: -0.0506
             Episode_Reward/base_height: -0.0837
             Episode_Reward/orientation: -0.0533
                    Episode_Reward/pose: -0.0050
             Episode_Reward/action_rate: -0.0209
              Episode_Reward/action_acc: -0.0628
           Episode_Termination/time_out: 0.0000
    Episode_Termination/bad_orientation: 3.9565
--------------------------------------------------------------------------------
                         Iteration time: 0.46s
                           Time elapsed: 00:00:41
                                    ETA: 00:01:19

################################################################################
[1m                           Learning iteration 86/250                            [0m 

                            Total steps: 1069056 
                       Steps per second: 24776 
                        Collection time: 0.429s 
                          Learning time: 0.067s 
                        Mean value loss: 0.1128
                    Mean surrogate loss: -0.0113
                      Mean entropy loss: 6.0234
                            Mean reward: 3.15
                    Mean episode length: 147.27
                        Mean action std: 0.44
                reward/tracking_lin_vel: 1.0228
                reward/tracking_ang_vel: 0.1269
                      reward/feet_phase: 0.3684
             reward/feet_phase_contrast: 0.6181
             reward/feet_contact_number: 0.4597
                   reward/feet_air_time: 0.0209
                     reward/under_speed: -0.1534
                       reward/feet_slip: -0.0022
                  reward/feet_clearance: -0.0077
                       reward/lin_vel_z: -0.0101
                      reward/ang_vel_xy: -0.2126
                     reward/base_height: -0.4358
                     reward/orientation: -0.2613
                            reward/pose: -0.0112
                     reward/action_rate: -0.0523
                      reward/action_acc: -0.1562
             Metrics/twist/error_vel_xy: 0.2902
            Metrics/twist/error_vel_yaw: 0.1812
        Episode_Reward/tracking_lin_vel: 0.0924
        Episode_Reward/tracking_ang_vel: 0.0118
              Episode_Reward/feet_phase: 0.0401
     Episode_Reward/feet_phase_contrast: 0.0650
     Episode_Reward/feet_contact_number: 0.0443
           Episode_Reward/feet_air_time: 0.0033
             Episode_Reward/under_speed: -0.0132
               Episode_Reward/feet_slip: -0.0003
          Episode_Reward/feet_clearance: -0.0009
               Episode_Reward/lin_vel_z: -0.0017
              Episode_Reward/ang_vel_xy: -0.0336
             Episode_Reward/base_height: -0.0734
             Episode_Reward/orientation: -0.0414
                    Episode_Reward/pose: -0.0011
             Episode_Reward/action_rate: -0.0052
              Episode_Reward/action_acc: -0.0153
           Episode_Termination/time_out: 0.0000
    Episode_Termination/bad_orientation: 3.3636
--------------------------------------------------------------------------------
                         Iteration time: 0.50s
                           Time elapsed: 00:00:42
                                    ETA: 00:01:19

################################################################################
[1m                           Learning iteration 87/250                            [0m 

                            Total steps: 1081344 
                       Steps per second: 23544 
                        Collection time: 0.436s 
                          Learning time: 0.086s 
                        Mean value loss: 0.1366
                    Mean surrogate loss: -0.0089
                      Mean entropy loss: 6.0187
                            Mean reward: 1.98
                    Mean episode length: 100.41
                        Mean action std: 0.44
                reward/tracking_lin_vel: 1.0357
                reward/tracking_ang_vel: 0.1299
                      reward/feet_phase: 0.3092
             reward/feet_phase_contrast: 0.5716
             reward/feet_contact_number: 0.4683
                   reward/feet_air_time: 0.0079
                     reward/under_speed: -0.1613
                       reward/feet_slip: -0.0019
                  reward/feet_clearance: -0.0071
                       reward/lin_vel_z: -0.0081
                      reward/ang_vel_xy: -0.1704
                     reward/base_height: -0.3140
                     reward/orientation: -0.1903
                            reward/pose: -0.0103
                     reward/action_rate: -0.0522
                      reward/action_acc: -0.1563
             Metrics/twist/error_vel_xy: 0.3005
            Metrics/twist/error_vel_yaw: 0.2464
        Episode_Reward/tracking_lin_vel: 0.1491
        Episode_Reward/tracking_ang_vel: 0.0170
              Episode_Reward/feet_phase: 0.0606
     Episode_Reward/feet_phase_contrast: 0.0990
     Episode_Reward/feet_contact_number: 0.0644
           Episode_Reward/feet_air_time: 0.0036
             Episode_Reward/under_speed: -0.0196
               Episode_Reward/feet_slip: -0.0003
          Episode_Reward/feet_clearance: -0.0011
               Episode_Reward/lin_vel_z: -0.0017
              Episode_Reward/ang_vel_xy: -0.0340
             Episode_Reward/base_height: -0.0701
             Episode_Reward/orientation: -0.0438
                    Episode_Reward/pose: -0.0021
             Episode_Reward/action_rate: -0.0073
              Episode_Reward/action_acc: -0.0217
           Episode_Termination/time_out: 0.0476
    Episode_Termination/bad_orientation: 2.7143
--------------------------------------------------------------------------------
                         Iteration time: 0.52s
                           Time elapsed: 00:00:42
                                    ETA: 00:01:18

################################################################################
[1m                           Learning iteration 88/250                            [0m 

                            Total steps: 1093632 
                       Steps per second: 23262 
                        Collection time: 0.457s 
                          Learning time: 0.071s 
                        Mean value loss: 0.0671
                    Mean surrogate loss: -0.0081
                      Mean entropy loss: 6.0150
                            Mean reward: 1.86
                    Mean episode length: 91.16
                        Mean action std: 0.44
                reward/tracking_lin_vel: 1.0520
                reward/tracking_ang_vel: 0.1312
                      reward/feet_phase: 0.3120
             reward/feet_phase_contrast: 0.5300
             reward/feet_contact_number: 0.4639
                   reward/feet_air_time: 0.0055
                     reward/under_speed: -0.1691
                       reward/feet_slip: -0.0016
                  reward/feet_clearance: -0.0065
                       reward/lin_vel_z: -0.0055
                      reward/ang_vel_xy: -0.1389
                     reward/base_height: -0.2252
                     reward/orientation: -0.1417
                            reward/pose: -0.0106
                     reward/action_rate: -0.0523
                      reward/action_acc: -0.1572
             Metrics/twist/error_vel_xy: 0.3137
            Metrics/twist/error_vel_yaw: 0.2120
        Episode_Reward/tracking_lin_vel: 0.0662
        Episode_Reward/tracking_ang_vel: 0.0082
              Episode_Reward/feet_phase: 0.0380
     Episode_Reward/feet_phase_contrast: 0.0622
     Episode_Reward/feet_contact_number: 0.0322
           Episode_Reward/feet_air_time: 0.0012
             Episode_Reward/under_speed: -0.0084
               Episode_Reward/feet_slip: -0.0003
          Episode_Reward/feet_clearance: -0.0007
               Episode_Reward/lin_vel_z: -0.0015
              Episode_Reward/ang_vel_xy: -0.0312
             Episode_Reward/base_height: -0.0715
             Episode_Reward/orientation: -0.0412
                    Episode_Reward/pose: -0.0007
             Episode_Reward/action_rate: -0.0038
              Episode_Reward/action_acc: -0.0112
           Episode_Termination/time_out: 0.0000
    Episode_Termination/bad_orientation: 1.9048
--------------------------------------------------------------------------------
                         Iteration time: 0.53s
                           Time elapsed: 00:00:43
                                    ETA: 00:01:18

################################################################################
[1m                           Learning iteration 89/250                            [0m 

                            Total steps: 1105920 
                       Steps per second: 22335 
                        Collection time: 0.477s 
                          Learning time: 0.073s 
                        Mean value loss: 0.0727
                    Mean surrogate loss: -0.0074
                      Mean entropy loss: 6.0061
                            Mean reward: 1.74
                    Mean episode length: 87.21
                        Mean action std: 0.44
                reward/tracking_lin_vel: 1.0447
                reward/tracking_ang_vel: 0.1336
                      reward/feet_phase: 0.3206
             reward/feet_phase_contrast: 0.4741
             reward/feet_contact_number: 0.4613
                   reward/feet_air_time: 0.0028
                     reward/under_speed: -0.1746
                       reward/feet_slip: -0.0014
                  reward/feet_clearance: -0.0062
                       reward/lin_vel_z: -0.0041
                      reward/ang_vel_xy: -0.1083
                     reward/base_height: -0.1385
                     reward/orientation: -0.0971
                            reward/pose: -0.0101
                     reward/action_rate: -0.0523
                      reward/action_acc: -0.1570
             Metrics/twist/error_vel_xy: 0.2824
            Metrics/twist/error_vel_yaw: 0.2153
        Episode_Reward/tracking_lin_vel: 0.0936
        Episode_Reward/tracking_ang_vel: 0.0106
              Episode_Reward/feet_phase: 0.0507
     Episode_Reward/feet_phase_contrast: 0.0810
     Episode_Reward/feet_contact_number: 0.0406
           Episode_Reward/feet_air_time: 0.0040
             Episode_Reward/under_speed: -0.0109
               Episode_Reward/feet_slip: -0.0003
          Episode_Reward/feet_clearance: -0.0009
               Episode_Reward/lin_vel_z: -0.0018
              Episode_Reward/ang_vel_xy: -0.0326
             Episode_Reward/base_height: -0.0674
             Episode_Reward/orientation: -0.0437
                    Episode_Reward/pose: -0.0012
             Episode_Reward/action_rate: -0.0048
              Episode_Reward/action_acc: -0.0142
           Episode_Termination/time_out: 0.0714
    Episode_Termination/bad_orientation: 1.7857
--------------------------------------------------------------------------------
                         Iteration time: 0.55s
                           Time elapsed: 00:00:43
                                    ETA: 00:01:18

################################################################################
[1m                           Learning iteration 90/250                            [0m 

                            Total steps: 1118208 
                       Steps per second: 22848 
                        Collection time: 0.468s 
                          Learning time: 0.070s 
                        Mean value loss: 0.0465
                    Mean surrogate loss: -0.0068
                      Mean entropy loss: 5.9955
                            Mean reward: 1.75
                    Mean episode length: 91.48
                        Mean action std: 0.44
                reward/tracking_lin_vel: 1.0582
                reward/tracking_ang_vel: 0.1342
                      reward/feet_phase: 0.2374
             reward/feet_phase_contrast: 0.4548
             reward/feet_contact_number: 0.4672
                   reward/feet_air_time: 0.0035
                     reward/under_speed: -0.1774
                       reward/feet_slip: -0.0012
                  reward/feet_clearance: -0.0058
                       reward/lin_vel_z: -0.0028
                      reward/ang_vel_xy: -0.0903
                     reward/base_height: -0.0934
                     reward/orientation: -0.0711
                            reward/pose: -0.0099
                     reward/action_rate: -0.0525
                      reward/action_acc: -0.1582
             Metrics/twist/error_vel_xy: 0.3226
            Metrics/twist/error_vel_yaw: 0.2068
        Episode_Reward/tracking_lin_vel: 0.0730
        Episode_Reward/tracking_ang_vel: 0.0107
              Episode_Reward/feet_phase: 0.0358
     Episode_Reward/feet_phase_contrast: 0.0587
     Episode_Reward/feet_contact_number: 0.0414
           Episode_Reward/feet_air_time: 0.0005
             Episode_Reward/under_speed: -0.0137
               Episode_Reward/feet_slip: -0.0003
          Episode_Reward/feet_clearance: -0.0008
               Episode_Reward/lin_vel_z: -0.0016
              Episode_Reward/ang_vel_xy: -0.0321
             Episode_Reward/base_height: -0.0748
             Episode_Reward/orientation: -0.0426
                    Episode_Reward/pose: -0.0010
             Episode_Reward/action_rate: -0.0046
              Episode_Reward/action_acc: -0.0136
           Episode_Termination/time_out: 0.0000
    Episode_Termination/bad_orientation: 1.2500
--------------------------------------------------------------------------------
                         Iteration time: 0.54s
                           Time elapsed: 00:00:44
                                    ETA: 00:01:17

################################################################################
[1m                           Learning iteration 91/250                            [0m 

                            Total steps: 1130496 
                       Steps per second: 22307 
                        Collection time: 0.482s 
                          Learning time: 0.069s 
                        Mean value loss: 0.0317
                    Mean surrogate loss: -0.0064
                      Mean entropy loss: 5.9796
                            Mean reward: 1.73
                    Mean episode length: 93.02
                        Mean action std: 0.44
                reward/tracking_lin_vel: 1.0723
                reward/tracking_ang_vel: 0.1352
                      reward/feet_phase: 0.2283
             reward/feet_phase_contrast: 0.4549
             reward/feet_contact_number: 0.4651
                   reward/feet_air_time: 0.0021
                     reward/under_speed: -0.1788
                       reward/feet_slip: -0.0011
                  reward/feet_clearance: -0.0058
                       reward/lin_vel_z: -0.0018
                      reward/ang_vel_xy: -0.0743
                     reward/base_height: -0.0544
                     reward/orientation: -0.0531
                            reward/pose: -0.0099
                     reward/action_rate: -0.0528
                      reward/action_acc: -0.1596
--------------------------------------------------------------------------------
                         Iteration time: 0.55s
                           Time elapsed: 00:00:45
                                    ETA: 00:01:17

################################################################################
[1m                           Learning iteration 92/250                            [0m 

                            Total steps: 1142784 
                       Steps per second: 21946 
                        Collection time: 0.490s 
                          Learning time: 0.070s 
                        Mean value loss: 0.0265
                    Mean surrogate loss: -0.0073
                      Mean entropy loss: 5.9677
                            Mean reward: 2.47
                    Mean episode length: 111.16
                        Mean action std: 0.44
                reward/tracking_lin_vel: 1.0579
                reward/tracking_ang_vel: 0.1344
                      reward/feet_phase: 0.2794
             reward/feet_phase_contrast: 0.4222
             reward/feet_contact_number: 0.4636
                   reward/feet_air_time: 0.0027
                     reward/under_speed: -0.1804
                       reward/feet_slip: -0.0011
                  reward/feet_clearance: -0.0057
                       reward/lin_vel_z: -0.0019
                      reward/ang_vel_xy: -0.0718
                     reward/base_height: -0.0424
                     reward/orientation: -0.0501
                            reward/pose: -0.0098
                     reward/action_rate: -0.0526
                      reward/action_acc: -0.1586
             Metrics/twist/error_vel_xy: 0.4095
            Metrics/twist/error_vel_yaw: 0.3015
        Episode_Reward/tracking_lin_vel: 0.5093
        Episode_Reward/tracking_ang_vel: 0.0612
              Episode_Reward/feet_phase: 0.1333
     Episode_Reward/feet_phase_contrast: 0.2342
     Episode_Reward/feet_contact_number: 0.2115
           Episode_Reward/feet_air_time: 0.0056
             Episode_Reward/under_speed: -0.0802
               Episode_Reward/feet_slip: -0.0009
          Episode_Reward/feet_clearance: -0.0039
               Episode_Reward/lin_vel_z: -0.0015
              Episode_Reward/ang_vel_xy: -0.0446
             Episode_Reward/base_height: -0.0469
             Episode_Reward/orientation: -0.0381
                    Episode_Reward/pose: -0.0059
             Episode_Reward/action_rate: -0.0243
              Episode_Reward/action_acc: -0.0730
           Episode_Termination/time_out: 0.4286
    Episode_Termination/bad_orientation: 1.0000
--------------------------------------------------------------------------------
                         Iteration time: 0.56s
                           Time elapsed: 00:00:45
                                    ETA: 00:01:16

################################################################################
[1m                           Learning iteration 93/250                            [0m 

                            Total steps: 1155072 
                       Steps per second: 21903 
                        Collection time: 0.490s 
                          Learning time: 0.071s 
                        Mean value loss: 0.0252
                    Mean surrogate loss: -0.0066
                      Mean entropy loss: 5.9546
                            Mean reward: 3.49
                    Mean episode length: 136.24
                        Mean action std: 0.44
                reward/tracking_lin_vel: 1.0702
                reward/tracking_ang_vel: 0.1348
                      reward/feet_phase: 0.2946
             reward/feet_phase_contrast: 0.4674
             reward/feet_contact_number: 0.4662
                   reward/feet_air_time: 0.0012
                     reward/under_speed: -0.1788
                       reward/feet_slip: -0.0011
                  reward/feet_clearance: -0.0056
                       reward/lin_vel_z: -0.0017
                      reward/ang_vel_xy: -0.0764
                     reward/base_height: -0.0480
                     reward/orientation: -0.0500
                            reward/pose: -0.0099
                     reward/action_rate: -0.0523
                      reward/action_acc: -0.1569
--------------------------------------------------------------------------------
                         Iteration time: 0.56s
                           Time elapsed: 00:00:46
                                    ETA: 00:01:16

################################################################################
[1m                           Learning iteration 94/250                            [0m 

                            Total steps: 1167360 
                       Steps per second: 22173 
                        Collection time: 0.485s 
                          Learning time: 0.069s 
                        Mean value loss: 0.0305
                    Mean surrogate loss: -0.0077
                      Mean entropy loss: 5.9404
                            Mean reward: 4.87
                    Mean episode length: 172.93
                        Mean action std: 0.44
                reward/tracking_lin_vel: 1.0536
                reward/tracking_ang_vel: 0.1351
                      reward/feet_phase: 0.2087
             reward/feet_phase_contrast: 0.4156
             reward/feet_contact_number: 0.4660
                   reward/feet_air_time: 0.0000
                     reward/under_speed: -0.1810
                       reward/feet_slip: -0.0011
                  reward/feet_clearance: -0.0057
                       reward/lin_vel_z: -0.0017
                      reward/ang_vel_xy: -0.0726
                     reward/base_height: -0.0421
                     reward/orientation: -0.0462
                            reward/pose: -0.0100
                     reward/action_rate: -0.0525
                      reward/action_acc: -0.1579
             Metrics/twist/error_vel_xy: 0.3516
            Metrics/twist/error_vel_yaw: 0.2365
        Episode_Reward/tracking_lin_vel: 0.3550
        Episode_Reward/tracking_ang_vel: 0.0446
              Episode_Reward/feet_phase: 0.1001
     Episode_Reward/feet_phase_contrast: 0.1652
     Episode_Reward/feet_contact_number: 0.1611
           Episode_Reward/feet_air_time: 0.0043
             Episode_Reward/under_speed: -0.0609
               Episode_Reward/feet_slip: -0.0005
          Episode_Reward/feet_clearance: -0.0025
               Episode_Reward/lin_vel_z: -0.0014
              Episode_Reward/ang_vel_xy: -0.0397
             Episode_Reward/base_height: -0.0572
             Episode_Reward/orientation: -0.0391
                    Episode_Reward/pose: -0.0044
             Episode_Reward/action_rate: -0.0184
              Episode_Reward/action_acc: -0.0554
           Episode_Termination/time_out: 0.5714
    Episode_Termination/bad_orientation: 0.8571
--------------------------------------------------------------------------------
                         Iteration time: 0.55s
                           Time elapsed: 00:00:46
                                    ETA: 00:01:16

################################################################################
[1m                           Learning iteration 95/250                            [0m 

                            Total steps: 1179648 
                       Steps per second: 23858 
                        Collection time: 0.444s 
                          Learning time: 0.071s 
                        Mean value loss: 0.0247
                    Mean surrogate loss: -0.0114
                      Mean entropy loss: 5.9109
                            Mean reward: 5.51
                    Mean episode length: 187.19
                        Mean action std: 0.44
                reward/tracking_lin_vel: 1.0577
                reward/tracking_ang_vel: 0.1357
                      reward/feet_phase: 0.2363
             reward/feet_phase_contrast: 0.4305
             reward/feet_contact_number: 0.4661
                   reward/feet_air_time: 0.0000
                     reward/under_speed: -0.1809
                       reward/feet_slip: -0.0010
                  reward/feet_clearance: -0.0055
                       reward/lin_vel_z: -0.0016
                      reward/ang_vel_xy: -0.0710
                     reward/base_height: -0.0385
                     reward/orientation: -0.0421
                            reward/pose: -0.0097
                     reward/action_rate: -0.0528
                      reward/action_acc: -0.1591
             Metrics/twist/error_vel_xy: 0.2748
            Metrics/twist/error_vel_yaw: 0.1740
        Episode_Reward/tracking_lin_vel: 0.2211
        Episode_Reward/tracking_ang_vel: 0.0278
              Episode_Reward/feet_phase: 0.0783
     Episode_Reward/feet_phase_contrast: 0.1301
     Episode_Reward/feet_contact_number: 0.0991
           Episode_Reward/feet_air_time: 0.0000
             Episode_Reward/under_speed: -0.0345
               Episode_Reward/feet_slip: -0.0004
          Episode_Reward/feet_clearance: -0.0014
               Episode_Reward/lin_vel_z: -0.0016
              Episode_Reward/ang_vel_xy: -0.0393
             Episode_Reward/base_height: -0.0694
             Episode_Reward/orientation: -0.0454
                    Episode_Reward/pose: -0.0027
             Episode_Reward/action_rate: -0.0114
              Episode_Reward/action_acc: -0.0343
           Episode_Termination/time_out: 0.1667
    Episode_Termination/bad_orientation: 1.0000
--------------------------------------------------------------------------------
                         Iteration time: 0.52s
                           Time elapsed: 00:00:47
                                    ETA: 00:01:15

################################################################################
[1m                           Learning iteration 96/250                            [0m 

                            Total steps: 1191936 
                       Steps per second: 23891 
                        Collection time: 0.445s 
                          Learning time: 0.069s 
                        Mean value loss: 0.0180
                    Mean surrogate loss: -0.0099
                      Mean entropy loss: 5.8670
                            Mean reward: 6.32
                    Mean episode length: 205.89
                        Mean action std: 0.43
                reward/tracking_lin_vel: 1.0575
                reward/tracking_ang_vel: 0.1359
                      reward/feet_phase: 0.2946
             reward/feet_phase_contrast: 0.4303
             reward/feet_contact_number: 0.4670
                   reward/feet_air_time: 0.0001
                     reward/under_speed: -0.1814
                       reward/feet_slip: -0.0010
                  reward/feet_clearance: -0.0055
                       reward/lin_vel_z: -0.0013
                      reward/ang_vel_xy: -0.0637
                     reward/base_height: -0.0220
                     reward/orientation: -0.0352
                            reward/pose: -0.0098
                     reward/action_rate: -0.0526
                      reward/action_acc: -0.1587
--------------------------------------------------------------------------------
                         Iteration time: 0.51s
                           Time elapsed: 00:00:47
                                    ETA: 00:01:15

################################################################################
[1m                           Learning iteration 97/250                            [0m 

                            Total steps: 1204224 
                       Steps per second: 20654 
                        Collection time: 0.507s 
                          Learning time: 0.088s 
                        Mean value loss: 0.0184
                    Mean surrogate loss: -0.0119
                      Mean entropy loss: 5.8253
                            Mean reward: 6.65
                    Mean episode length: 214.73
                        Mean action std: 0.43
                reward/tracking_lin_vel: 1.0530
                reward/tracking_ang_vel: 0.1360
                      reward/feet_phase: 0.2299
             reward/feet_phase_contrast: 0.4241
             reward/feet_contact_number: 0.4647
                   reward/feet_air_time: 0.0001
                     reward/under_speed: -0.1818
                       reward/feet_slip: -0.0010
                  reward/feet_clearance: -0.0056
                       reward/lin_vel_z: -0.0013
                      reward/ang_vel_xy: -0.0653
                     reward/base_height: -0.0145
                     reward/orientation: -0.0336
                            reward/pose: -0.0098
                     reward/action_rate: -0.0517
                      reward/action_acc: -0.1543
--------------------------------------------------------------------------------
                         Iteration time: 0.59s
                           Time elapsed: 00:00:48
                                    ETA: 00:01:14

################################################################################
[1m                           Learning iteration 98/250                            [0m 

                            Total steps: 1216512 
                       Steps per second: 19927 
                        Collection time: 0.540s 
                          Learning time: 0.076s 
                        Mean value loss: 0.0159
                    Mean surrogate loss: -0.0105
                      Mean entropy loss: 5.7860
                            Mean reward: 7.44
                    Mean episode length: 235.49
                        Mean action std: 0.43
                reward/tracking_lin_vel: 1.0552
                reward/tracking_ang_vel: 0.1380
                      reward/feet_phase: 0.2160
             reward/feet_phase_contrast: 0.4326
             reward/feet_contact_number: 0.4634
                   reward/feet_air_time: 0.0000
                     reward/under_speed: -0.1813
                       reward/feet_slip: -0.0011
                  reward/feet_clearance: -0.0055
                       reward/lin_vel_z: -0.0013
                      reward/ang_vel_xy: -0.0677
                     reward/base_height: -0.0194
                     reward/orientation: -0.0332
                            reward/pose: -0.0096
                     reward/action_rate: -0.0520
                      reward/action_acc: -0.1553
--------------------------------------------------------------------------------
                         Iteration time: 0.62s
                           Time elapsed: 00:00:48
                                    ETA: 00:01:14

################################################################################
[1m                           Learning iteration 99/250                            [0m 

                            Total steps: 1228800 
                       Steps per second: 20100 
                        Collection time: 0.534s 
                          Learning time: 0.077s 
                        Mean value loss: 2.2486
                    Mean surrogate loss: -0.0100
                      Mean entropy loss: 5.7459
                            Mean reward: 8.88
                    Mean episode length: 272.75
                        Mean action std: 0.43
                reward/tracking_lin_vel: 1.0582
                reward/tracking_ang_vel: 0.1365
                      reward/feet_phase: 0.2743
             reward/feet_phase_contrast: 0.4330
             reward/feet_contact_number: 0.4651
                   reward/feet_air_time: 0.0000
                     reward/under_speed: -0.1815
                       reward/feet_slip: -0.0010
                  reward/feet_clearance: -0.0055
                       reward/lin_vel_z: -0.0011
                      reward/ang_vel_xy: -0.0631
                     reward/base_height: -0.0117
                     reward/orientation: -0.0299
                            reward/pose: -0.0096
                     reward/action_rate: -0.0510
                      reward/action_acc: -0.1523
--------------------------------------------------------------------------------
                         Iteration time: 0.61s
                           Time elapsed: 00:00:49
                                    ETA: 00:01:14

################################################################################
[1m                           Learning iteration 100/250                           [0m 

                            Total steps: 1241088 
                       Steps per second: 31626 
                        Collection time: 0.321s 
                          Learning time: 0.067s 
                        Mean value loss: 0.3736
                    Mean surrogate loss: -0.0096
                      Mean entropy loss: 5.7393
                            Mean reward: 15.35
                    Mean episode length: 449.03
                        Mean action std: 0.43
                reward/tracking_lin_vel: 0.5147
                reward/tracking_ang_vel: 0.1139
                      reward/feet_phase: 0.4225
             reward/feet_phase_contrast: 0.6930
             reward/feet_contact_number: 0.4517
                   reward/feet_air_time: 0.1357
                     reward/under_speed: -0.1263
                       reward/feet_slip: -0.0048
                  reward/feet_clearance: -0.0169
                       reward/lin_vel_z: -0.0263
                      reward/ang_vel_xy: -0.4852
                     reward/base_height: -0.4248
                     reward/orientation: -0.4144
                            reward/pose: -0.0124
                     reward/action_rate: -0.0524
                      reward/action_acc: -0.1543
--------------------------------------------------------------------------------
                         Iteration time: 0.39s
                           Time elapsed: 00:00:49
                                    ETA: 00:01:13

################################################################################
[1m                           Learning iteration 101/250                           [0m 

                            Total steps: 1253376 
                       Steps per second: 27311 
                        Collection time: 0.383s 
                          Learning time: 0.067s 
                        Mean value loss: 0.2495
                    Mean surrogate loss: -0.0089
                      Mean entropy loss: 5.7406
                            Mean reward: 13.20
                    Mean episode length: 428.74
                        Mean action std: 0.43
                reward/tracking_lin_vel: 0.8365
                reward/tracking_ang_vel: 0.1170
                      reward/feet_phase: 0.4549
             reward/feet_phase_contrast: 0.7532
             reward/feet_contact_number: 0.4506
                   reward/feet_air_time: 0.0857
                     reward/under_speed: -0.1303
                       reward/feet_slip: -0.0036
                  reward/feet_clearance: -0.0151
                       reward/lin_vel_z: -0.0279
                      reward/ang_vel_xy: -0.5541
                     reward/base_height: -1.5779
                     reward/orientation: -0.6336
                            reward/pose: -0.0098
                     reward/action_rate: -0.0523
                      reward/action_acc: -0.1532
             Metrics/twist/error_vel_xy: 0.4228
            Metrics/twist/error_vel_yaw: 0.2449
        Episode_Reward/tracking_lin_vel: 0.4254
        Episode_Reward/tracking_ang_vel: 0.0563
              Episode_Reward/feet_phase: 0.1210
     Episode_Reward/feet_phase_contrast: 0.2050
     Episode_Reward/feet_contact_number: 0.1964
           Episode_Reward/feet_air_time: 0.0077
             Episode_Reward/under_speed: -0.0736
               Episode_Reward/feet_slip: -0.0006
          Episode_Reward/feet_clearance: -0.0031
               Episode_Reward/lin_vel_z: -0.0021
              Episode_Reward/ang_vel_xy: -0.0563
             Episode_Reward/base_height: -0.0802
             Episode_Reward/orientation: -0.0475
                    Episode_Reward/pose: -0.0043
             Episode_Reward/action_rate: -0.0222
              Episode_Reward/action_acc: -0.0666
           Episode_Termination/time_out: 0.0833
    Episode_Termination/bad_orientation: 11.6667
--------------------------------------------------------------------------------
                         Iteration time: 0.45s
                           Time elapsed: 00:00:50
                                    ETA: 00:01:13

################################################################################
[1m                           Learning iteration 102/250                           [0m 

                            Total steps: 1265664 
                       Steps per second: 26572 
                        Collection time: 0.394s 
                          Learning time: 0.068s 
                        Mean value loss: 0.1699
                    Mean surrogate loss: -0.0087
                      Mean entropy loss: 5.7435
                            Mean reward: 8.44
                    Mean episode length: 304.12
                        Mean action std: 0.43
                reward/tracking_lin_vel: 1.0603
                reward/tracking_ang_vel: 0.1259
                      reward/feet_phase: 0.4275
             reward/feet_phase_contrast: 0.7482
             reward/feet_contact_number: 0.4579
                   reward/feet_air_time: 0.0179
                     reward/under_speed: -0.1445
                       reward/feet_slip: -0.0024
                  reward/feet_clearance: -0.0087
                       reward/lin_vel_z: -0.0091
                      reward/ang_vel_xy: -0.2338
                     reward/base_height: -0.4762
                     reward/orientation: -0.2739
                            reward/pose: -0.0099
                     reward/action_rate: -0.0518
                      reward/action_acc: -0.1532
             Metrics/twist/error_vel_xy: 0.3822
            Metrics/twist/error_vel_yaw: 0.2111
        Episode_Reward/tracking_lin_vel: 0.2688
        Episode_Reward/tracking_ang_vel: 0.0362
              Episode_Reward/feet_phase: 0.0806
     Episode_Reward/feet_phase_contrast: 0.1382
     Episode_Reward/feet_contact_number: 0.1266
           Episode_Reward/feet_air_time: 0.0053
             Episode_Reward/under_speed: -0.0465
               Episode_Reward/feet_slip: -0.0004
          Episode_Reward/feet_clearance: -0.0019
               Episode_Reward/lin_vel_z: -0.0016
              Episode_Reward/ang_vel_xy: -0.0446
             Episode_Reward/base_height: -0.0827
             Episode_Reward/orientation: -0.0462
                    Episode_Reward/pose: -0.0028
             Episode_Reward/action_rate: -0.0144
              Episode_Reward/action_acc: -0.0432
           Episode_Termination/time_out: 0.0000
    Episode_Termination/bad_orientation: 3.2273
--------------------------------------------------------------------------------
                         Iteration time: 0.46s
                           Time elapsed: 00:00:50
                                    ETA: 00:01:12

################################################################################
[1m                           Learning iteration 103/250                           [0m 

                            Total steps: 1277952 
                       Steps per second: 24084 
                        Collection time: 0.442s 
                          Learning time: 0.068s 
                        Mean value loss: 0.1185
                    Mean surrogate loss: -0.0093
                      Mean entropy loss: 5.7468
                            Mean reward: 1.85
                    Mean episode length: 112.12
                        Mean action std: 0.43
                reward/tracking_lin_vel: 1.0443
                reward/tracking_ang_vel: 0.1295
                      reward/feet_phase: 0.4320
             reward/feet_phase_contrast: 0.6329
             reward/feet_contact_number: 0.4625
                   reward/feet_air_time: 0.0155
                     reward/under_speed: -0.1542
                       reward/feet_slip: -0.0021
                  reward/feet_clearance: -0.0076
                       reward/lin_vel_z: -0.0082
                      reward/ang_vel_xy: -0.2147
                     reward/base_height: -0.4200
                     reward/orientation: -0.2393
                            reward/pose: -0.0102
                     reward/action_rate: -0.0522
                      reward/action_acc: -0.1544
             Metrics/twist/error_vel_xy: 0.2932
            Metrics/twist/error_vel_yaw: 0.1796
        Episode_Reward/tracking_lin_vel: 0.0873
        Episode_Reward/tracking_ang_vel: 0.0109
              Episode_Reward/feet_phase: 0.0356
     Episode_Reward/feet_phase_contrast: 0.0593
     Episode_Reward/feet_contact_number: 0.0403
           Episode_Reward/feet_air_time: 0.0020
             Episode_Reward/under_speed: -0.0121
               Episode_Reward/feet_slip: -0.0003
          Episode_Reward/feet_clearance: -0.0008
               Episode_Reward/lin_vel_z: -0.0013
              Episode_Reward/ang_vel_xy: -0.0330
             Episode_Reward/base_height: -0.0744
             Episode_Reward/orientation: -0.0404
                    Episode_Reward/pose: -0.0010
             Episode_Reward/action_rate: -0.0047
              Episode_Reward/action_acc: -0.0139
           Episode_Termination/time_out: 0.0000
    Episode_Termination/bad_orientation: 3.2727
--------------------------------------------------------------------------------
                         Iteration time: 0.51s
                           Time elapsed: 00:00:51
                                    ETA: 00:01:12

################################################################################
[1m                           Learning iteration 104/250                           [0m 

                            Total steps: 1290240 
                       Steps per second: 23914 
                        Collection time: 0.446s 
                          Learning time: 0.067s 
                        Mean value loss: 0.0712
                    Mean surrogate loss: -0.0088
                      Mean entropy loss: 5.7425
                            Mean reward: 1.21
                    Mean episode length: 79.35
                        Mean action std: 0.43
                reward/tracking_lin_vel: 1.0431
                reward/tracking_ang_vel: 0.1331
                      reward/feet_phase: 0.3323
             reward/feet_phase_contrast: 0.5716
             reward/feet_contact_number: 0.4632
                   reward/feet_air_time: 0.0085
                     reward/under_speed: -0.1613
                       reward/feet_slip: -0.0019
                  reward/feet_clearance: -0.0071
                       reward/lin_vel_z: -0.0081
                      reward/ang_vel_xy: -0.1791
                     reward/base_height: -0.3115
                     reward/orientation: -0.1914
                            reward/pose: -0.0096
                     reward/action_rate: -0.0526
                      reward/action_acc: -0.1567
             Metrics/twist/error_vel_xy: 0.2709
            Metrics/twist/error_vel_yaw: 0.1781
        Episode_Reward/tracking_lin_vel: 0.0768
        Episode_Reward/tracking_ang_vel: 0.0091
              Episode_Reward/feet_phase: 0.0446
     Episode_Reward/feet_phase_contrast: 0.0700
     Episode_Reward/feet_contact_number: 0.0353
           Episode_Reward/feet_air_time: 0.0023
             Episode_Reward/under_speed: -0.0083
               Episode_Reward/feet_slip: -0.0003
          Episode_Reward/feet_clearance: -0.0008
               Episode_Reward/lin_vel_z: -0.0018
              Episode_Reward/ang_vel_xy: -0.0329
             Episode_Reward/base_height: -0.0704
             Episode_Reward/orientation: -0.0419
                    Episode_Reward/pose: -0.0008
             Episode_Reward/action_rate: -0.0040
              Episode_Reward/action_acc: -0.0117
           Episode_Termination/time_out: 0.0000
    Episode_Termination/bad_orientation: 2.5909
--------------------------------------------------------------------------------
                         Iteration time: 0.51s
                           Time elapsed: 00:00:51
                                    ETA: 00:01:11

################################################################################
[1m                           Learning iteration 105/250                           [0m 

                            Total steps: 1302528 
                       Steps per second: 23729 
                        Collection time: 0.448s 
                          Learning time: 0.070s 
                        Mean value loss: 0.0765
                    Mean surrogate loss: -0.0096
                      Mean entropy loss: 5.7340
                            Mean reward: 1.85
                    Mean episode length: 83.75
                        Mean action std: 0.43
                reward/tracking_lin_vel: 1.0692
                reward/tracking_ang_vel: 0.1326
                      reward/feet_phase: 0.2964
             reward/feet_phase_contrast: 0.5591
             reward/feet_contact_number: 0.4621
                   reward/feet_air_time: 0.0031
                     reward/under_speed: -0.1654
                       reward/feet_slip: -0.0017
                  reward/feet_clearance: -0.0068
                       reward/lin_vel_z: -0.0060
                      reward/ang_vel_xy: -0.1479
                     reward/base_height: -0.2066
                     reward/orientation: -0.1416
                            reward/pose: -0.0090
                     reward/action_rate: -0.0526
                      reward/action_acc: -0.1564
             Metrics/twist/error_vel_xy: 0.2682
            Metrics/twist/error_vel_yaw: 0.2052
        Episode_Reward/tracking_lin_vel: 0.1046
        Episode_Reward/tracking_ang_vel: 0.0120
              Episode_Reward/feet_phase: 0.0585
     Episode_Reward/feet_phase_contrast: 0.0953
     Episode_Reward/feet_contact_number: 0.0432
           Episode_Reward/feet_air_time: 0.0013
             Episode_Reward/under_speed: -0.0109
               Episode_Reward/feet_slip: -0.0003
          Episode_Reward/feet_clearance: -0.0008
               Episode_Reward/lin_vel_z: -0.0017
              Episode_Reward/ang_vel_xy: -0.0323
             Episode_Reward/base_height: -0.0607
             Episode_Reward/orientation: -0.0431
                    Episode_Reward/pose: -0.0010
             Episode_Reward/action_rate: -0.0049
              Episode_Reward/action_acc: -0.0146
           Episode_Termination/time_out: 0.0500
    Episode_Termination/bad_orientation: 1.9000
--------------------------------------------------------------------------------
                         Iteration time: 0.52s
                           Time elapsed: 00:00:52
                                    ETA: 00:01:11

################################################################################
[1m                           Learning iteration 106/250                           [0m 

                            Total steps: 1314816 
                       Steps per second: 24152 
                        Collection time: 0.440s 
                          Learning time: 0.069s 
                        Mean value loss: 0.0485
                    Mean surrogate loss: -0.0080
                      Mean entropy loss: 5.7228
                            Mean reward: 1.91
                    Mean episode length: 88.52
                        Mean action std: 0.43
                reward/tracking_lin_vel: 1.0706
                reward/tracking_ang_vel: 0.1360
                      reward/feet_phase: 0.2889
             reward/feet_phase_contrast: 0.4881
             reward/feet_contact_number: 0.4646
                   reward/feet_air_time: 0.0052
                     reward/under_speed: -0.1731
                       reward/feet_slip: -0.0014
                  reward/feet_clearance: -0.0063
                       reward/lin_vel_z: -0.0037
                      reward/ang_vel_xy: -0.1064
                     reward/base_height: -0.1296
                     reward/orientation: -0.0880
                            reward/pose: -0.0086
                     reward/action_rate: -0.0522
                      reward/action_acc: -0.1554
             Metrics/twist/error_vel_xy: 0.2949
            Metrics/twist/error_vel_yaw: 0.2023
        Episode_Reward/tracking_lin_vel: 0.1240
        Episode_Reward/tracking_ang_vel: 0.0161
              Episode_Reward/feet_phase: 0.0531
     Episode_Reward/feet_phase_contrast: 0.0918
     Episode_Reward/feet_contact_number: 0.0567
           Episode_Reward/feet_air_time: 0.0023
             Episode_Reward/under_speed: -0.0175
               Episode_Reward/feet_slip: -0.0004
          Episode_Reward/feet_clearance: -0.0010
               Episode_Reward/lin_vel_z: -0.0016
              Episode_Reward/ang_vel_xy: -0.0339
             Episode_Reward/base_height: -0.0672
             Episode_Reward/orientation: -0.0406
                    Episode_Reward/pose: -0.0011
             Episode_Reward/action_rate: -0.0065
              Episode_Reward/action_acc: -0.0193
           Episode_Termination/time_out: 0.0667
    Episode_Termination/bad_orientation: 1.6000
--------------------------------------------------------------------------------
                         Iteration time: 0.51s
                           Time elapsed: 00:00:52
                                    ETA: 00:01:10

################################################################################
[1m                           Learning iteration 107/250                           [0m 

                            Total steps: 1327104 
                       Steps per second: 23884 
                        Collection time: 0.444s 
                          Learning time: 0.071s 
                        Mean value loss: 0.0383
                    Mean surrogate loss: -0.0078
                      Mean entropy loss: 5.7159
                            Mean reward: 1.65
                    Mean episode length: 83.11
                        Mean action std: 0.43
                reward/tracking_lin_vel: 1.0702
                reward/tracking_ang_vel: 0.1361
                      reward/feet_phase: 0.3282
             reward/feet_phase_contrast: 0.4897
             reward/feet_contact_number: 0.4664
                   reward/feet_air_time: 0.0019
                     reward/under_speed: -0.1755
                       reward/feet_slip: -0.0013
                  reward/feet_clearance: -0.0062
                       reward/lin_vel_z: -0.0032
                      reward/ang_vel_xy: -0.1000
                     reward/base_height: -0.0932
                     reward/orientation: -0.0754
                            reward/pose: -0.0085
                     reward/action_rate: -0.0523
                      reward/action_acc: -0.1559
             Metrics/twist/error_vel_xy: 0.2016
            Metrics/twist/error_vel_yaw: 0.1477
        Episode_Reward/tracking_lin_vel: 0.0585
        Episode_Reward/tracking_ang_vel: 0.0065
              Episode_Reward/feet_phase: 0.0368
     Episode_Reward/feet_phase_contrast: 0.0596
     Episode_Reward/feet_contact_number: 0.0252
           Episode_Reward/feet_air_time: 0.0033
             Episode_Reward/under_speed: -0.0045
               Episode_Reward/feet_slip: -0.0003
          Episode_Reward/feet_clearance: -0.0008
               Episode_Reward/lin_vel_z: -0.0020
              Episode_Reward/ang_vel_xy: -0.0299
             Episode_Reward/base_height: -0.0612
             Episode_Reward/orientation: -0.0408
                    Episode_Reward/pose: -0.0006
             Episode_Reward/action_rate: -0.0030
              Episode_Reward/action_acc: -0.0088
           Episode_Termination/time_out: 0.0000
    Episode_Termination/bad_orientation: 1.5455
--------------------------------------------------------------------------------
                         Iteration time: 0.51s
                           Time elapsed: 00:00:53
                                    ETA: 00:01:10

################################################################################
[1m                           Learning iteration 108/250                           [0m 

                            Total steps: 1339392 
                       Steps per second: 23440 
                        Collection time: 0.456s 
                          Learning time: 0.069s 
                        Mean value loss: 0.0334
                    Mean surrogate loss: -0.0081
                      Mean entropy loss: 5.7015
                            Mean reward: 1.57
                    Mean episode length: 84.38
                        Mean action std: 0.43
                reward/tracking_lin_vel: 1.0721
                reward/tracking_ang_vel: 0.1364
                      reward/feet_phase: 0.2331
             reward/feet_phase_contrast: 0.4537
             reward/feet_contact_number: 0.4674
                   reward/feet_air_time: 0.0019
                     reward/under_speed: -0.1785
                       reward/feet_slip: -0.0012
                  reward/feet_clearance: -0.0059
                       reward/lin_vel_z: -0.0021
                      reward/ang_vel_xy: -0.0897
                     reward/base_height: -0.0732
                     reward/orientation: -0.0608
                            reward/pose: -0.0084
                     reward/action_rate: -0.0526
                      reward/action_acc: -0.1569
             Metrics/twist/error_vel_xy: 0.3069
            Metrics/twist/error_vel_yaw: 0.1682
        Episode_Reward/tracking_lin_vel: 0.0499
        Episode_Reward/tracking_ang_vel: 0.0080
              Episode_Reward/feet_phase: 0.0244
     Episode_Reward/feet_phase_contrast: 0.0391
     Episode_Reward/feet_contact_number: 0.0323
           Episode_Reward/feet_air_time: 0.0026
             Episode_Reward/under_speed: -0.0094
               Episode_Reward/feet_slip: -0.0002
          Episode_Reward/feet_clearance: -0.0007
               Episode_Reward/lin_vel_z: -0.0013
              Episode_Reward/ang_vel_xy: -0.0332
             Episode_Reward/base_height: -0.0829
             Episode_Reward/orientation: -0.0409
                    Episode_Reward/pose: -0.0006
             Episode_Reward/action_rate: -0.0036
              Episode_Reward/action_acc: -0.0106
           Episode_Termination/time_out: 0.0000
    Episode_Termination/bad_orientation: 1.0000
--------------------------------------------------------------------------------
                         Iteration time: 0.52s
                           Time elapsed: 00:00:53
                                    ETA: 00:01:09

################################################################################
[1m                           Learning iteration 109/250                           [0m 

                            Total steps: 1351680 
                       Steps per second: 22571 
                        Collection time: 0.473s 
                          Learning time: 0.071s 
                        Mean value loss: 0.0228
                    Mean surrogate loss: -0.0106
                      Mean entropy loss: 5.6659
                            Mean reward: 6.22
                    Mean episode length: 204.68
                        Mean action std: 0.43
                reward/tracking_lin_vel: 1.0865
                reward/tracking_ang_vel: 0.1374
                      reward/feet_phase: 0.2383
             reward/feet_phase_contrast: 0.4718
             reward/feet_contact_number: 0.4653
                   reward/feet_air_time: 0.0007
                     reward/under_speed: -0.1785
                       reward/feet_slip: -0.0012
                  reward/feet_clearance: -0.0058
                       reward/lin_vel_z: -0.0019
                      reward/ang_vel_xy: -0.0781
                     reward/base_height: -0.0440
                     reward/orientation: -0.0453
                            reward/pose: -0.0081
                     reward/action_rate: -0.0523
                      reward/action_acc: -0.1557
             Metrics/twist/error_vel_xy: 0.4913
            Metrics/twist/error_vel_yaw: 0.3484
        Episode_Reward/tracking_lin_vel: 0.6035
        Episode_Reward/tracking_ang_vel: 0.0782
              Episode_Reward/feet_phase: 0.1575
     Episode_Reward/feet_phase_contrast: 0.2726
     Episode_Reward/feet_contact_number: 0.2709
           Episode_Reward/feet_air_time: 0.0022
             Episode_Reward/under_speed: -0.1028
               Episode_Reward/feet_slip: -0.0008
          Episode_Reward/feet_clearance: -0.0037
               Episode_Reward/lin_vel_z: -0.0012
              Episode_Reward/ang_vel_xy: -0.0501
             Episode_Reward/base_height: -0.0330
             Episode_Reward/orientation: -0.0334
                    Episode_Reward/pose: -0.0055
             Episode_Reward/action_rate: -0.0306
              Episode_Reward/action_acc: -0.0915
           Episode_Termination/time_out: 0.7778
    Episode_Termination/bad_orientation: 0.5000
--------------------------------------------------------------------------------
                         Iteration time: 0.54s
                           Time elapsed: 00:00:54
                                    ETA: 00:01:09

################################################################################
[1m                           Learning iteration 110/250                           [0m 

                            Total steps: 1363968 
                       Steps per second: 24332 
                        Collection time: 0.437s 
                          Learning time: 0.068s 
                        Mean value loss: 0.0312
                    Mean surrogate loss: -0.0101
                      Mean entropy loss: 5.6467
                            Mean reward: 7.33
                    Mean episode length: 232.62
                        Mean action std: 0.43
                reward/tracking_lin_vel: 1.0799
                reward/tracking_ang_vel: 0.1367
                      reward/feet_phase: 0.3025
             reward/feet_phase_contrast: 0.4468
             reward/feet_contact_number: 0.4644
                   reward/feet_air_time: 0.0000
                     reward/under_speed: -0.1795
                       reward/feet_slip: -0.0011
                  reward/feet_clearance: -0.0057
                       reward/lin_vel_z: -0.0014
                      reward/ang_vel_xy: -0.0700
                     reward/base_height: -0.0175
                     reward/orientation: -0.0393
                            reward/pose: -0.0082
                     reward/action_rate: -0.0511
                      reward/action_acc: -0.1516
--------------------------------------------------------------------------------
                         Iteration time: 0.51s
                           Time elapsed: 00:00:55
                                    ETA: 00:01:08

################################################################################
[1m                           Learning iteration 111/250                           [0m 

                            Total steps: 1376256 
                       Steps per second: 23966 
                        Collection time: 0.443s 
                          Learning time: 0.069s 
                        Mean value loss: 0.0272
                    Mean surrogate loss: -0.0090
                      Mean entropy loss: 5.6367
                            Mean reward: 8.66
                    Mean episode length: 268.72
                        Mean action std: 0.43
                reward/tracking_lin_vel: 1.0814
                reward/tracking_ang_vel: 0.1379
                      reward/feet_phase: 0.2717
             reward/feet_phase_contrast: 0.4608
             reward/feet_contact_number: 0.4662
                   reward/feet_air_time: 0.0001
                     reward/under_speed: -0.1784
                       reward/feet_slip: -0.0012
                  reward/feet_clearance: -0.0057
                       reward/lin_vel_z: -0.0020
                      reward/ang_vel_xy: -0.0812
                     reward/base_height: -0.0428
                     reward/orientation: -0.0497
                            reward/pose: -0.0081
                     reward/action_rate: -0.0514
                      reward/action_acc: -0.1527
             Metrics/twist/error_vel_xy: 0.3340
            Metrics/twist/error_vel_yaw: 0.2588
        Episode_Reward/tracking_lin_vel: 0.3933
        Episode_Reward/tracking_ang_vel: 0.0499
              Episode_Reward/feet_phase: 0.1132
     Episode_Reward/feet_phase_contrast: 0.1921
     Episode_Reward/feet_contact_number: 0.1788
           Episode_Reward/feet_air_time: 0.0018
             Episode_Reward/under_speed: -0.0665
               Episode_Reward/feet_slip: -0.0007
          Episode_Reward/feet_clearance: -0.0028
               Episode_Reward/lin_vel_z: -0.0013
              Episode_Reward/ang_vel_xy: -0.0418
             Episode_Reward/base_height: -0.0478
             Episode_Reward/orientation: -0.0353
                    Episode_Reward/pose: -0.0038
             Episode_Reward/action_rate: -0.0203
              Episode_Reward/action_acc: -0.0608
           Episode_Termination/time_out: 0.4000
    Episode_Termination/bad_orientation: 0.7000
--------------------------------------------------------------------------------
                         Iteration time: 0.51s
                           Time elapsed: 00:00:55
                                    ETA: 00:01:08

################################################################################
[1m                           Learning iteration 112/250                           [0m 

                            Total steps: 1388544 
                       Steps per second: 23565 
                        Collection time: 0.452s 
                          Learning time: 0.070s 
                        Mean value loss: 0.0334
                    Mean surrogate loss: -0.0081
                      Mean entropy loss: 5.6163
                            Mean reward: 8.94
                    Mean episode length: 278.00
                        Mean action std: 0.42
                reward/tracking_lin_vel: 1.0770
                reward/tracking_ang_vel: 0.1368
                      reward/feet_phase: 0.2322
             reward/feet_phase_contrast: 0.4715
             reward/feet_contact_number: 0.4657
                   reward/feet_air_time: 0.0001
                     reward/under_speed: -0.1785
                       reward/feet_slip: -0.0012
                  reward/feet_clearance: -0.0058
                       reward/lin_vel_z: -0.0019
                      reward/ang_vel_xy: -0.0784
                     reward/base_height: -0.0332
                     reward/orientation: -0.0435
                            reward/pose: -0.0084
                     reward/action_rate: -0.0513
                      reward/action_acc: -0.1516
             Metrics/twist/error_vel_xy: 0.3013
            Metrics/twist/error_vel_yaw: 0.2118
        Episode_Reward/tracking_lin_vel: 0.2302
        Episode_Reward/tracking_ang_vel: 0.0273
              Episode_Reward/feet_phase: 0.0801
     Episode_Reward/feet_phase_contrast: 0.1373
     Episode_Reward/feet_contact_number: 0.0972
           Episode_Reward/feet_air_time: 0.0002
             Episode_Reward/under_speed: -0.0327
               Episode_Reward/feet_slip: -0.0005
          Episode_Reward/feet_clearance: -0.0018
               Episode_Reward/lin_vel_z: -0.0016
              Episode_Reward/ang_vel_xy: -0.0394
             Episode_Reward/base_height: -0.0608
             Episode_Reward/orientation: -0.0424
                    Episode_Reward/pose: -0.0023
             Episode_Reward/action_rate: -0.0112
              Episode_Reward/action_acc: -0.0331
           Episode_Termination/time_out: 0.1429
    Episode_Termination/bad_orientation: 0.8571
--------------------------------------------------------------------------------
                         Iteration time: 0.52s
                           Time elapsed: 00:00:56
                                    ETA: 00:01:07

################################################################################
[1m                           Learning iteration 113/250                           [0m 

                            Total steps: 1400832 
                       Steps per second: 22832 
                        Collection time: 0.457s 
                          Learning time: 0.081s 
                        Mean value loss: 0.0343
                    Mean surrogate loss: -0.0049
                      Mean entropy loss: 5.6092
                            Mean reward: 10.06
                    Mean episode length: 305.83
                        Mean action std: 0.42
                reward/tracking_lin_vel: 1.0566
                reward/tracking_ang_vel: 0.1367
                      reward/feet_phase: 0.2565
             reward/feet_phase_contrast: 0.4453
             reward/feet_contact_number: 0.4680
                   reward/feet_air_time: 0.0000
                     reward/under_speed: -0.1797
                       reward/feet_slip: -0.0012
                  reward/feet_clearance: -0.0058
                       reward/lin_vel_z: -0.0019
                      reward/ang_vel_xy: -0.0829
                     reward/base_height: -0.0350
                     reward/orientation: -0.0476
                            reward/pose: -0.0085
                     reward/action_rate: -0.0518
                      reward/action_acc: -0.1537
--------------------------------------------------------------------------------
                         Iteration time: 0.54s
                           Time elapsed: 00:00:56
                                    ETA: 00:01:07

################################################################################
[1m                           Learning iteration 114/250                           [0m 

                            Total steps: 1413120 
                       Steps per second: 23039 
                        Collection time: 0.463s 
                          Learning time: 0.070s 
                        Mean value loss: 0.0354
                    Mean surrogate loss: -0.0071
                      Mean entropy loss: 5.6032
                            Mean reward: 9.91
                    Mean episode length: 305.23
                        Mean action std: 0.42
                reward/tracking_lin_vel: 1.0702
                reward/tracking_ang_vel: 0.1366
                      reward/feet_phase: 0.3266
             reward/feet_phase_contrast: 0.4764
             reward/feet_contact_number: 0.4654
                   reward/feet_air_time: 0.0001
                     reward/under_speed: -0.1783
                       reward/feet_slip: -0.0012
                  reward/feet_clearance: -0.0057
                       reward/lin_vel_z: -0.0019
                      reward/ang_vel_xy: -0.0818
                     reward/base_height: -0.0443
                     reward/orientation: -0.0472
                            reward/pose: -0.0085
                     reward/action_rate: -0.0507
                      reward/action_acc: -0.1495
             Metrics/twist/error_vel_xy: 0.2130
            Metrics/twist/error_vel_yaw: 0.1249
        Episode_Reward/tracking_lin_vel: 0.0476
        Episode_Reward/tracking_ang_vel: 0.0066
              Episode_Reward/feet_phase: 0.0265
     Episode_Reward/feet_phase_contrast: 0.0441
     Episode_Reward/feet_contact_number: 0.0248
           Episode_Reward/feet_air_time: 0.0001
             Episode_Reward/under_speed: -0.0069
               Episode_Reward/feet_slip: -0.0002
          Episode_Reward/feet_clearance: -0.0005
               Episode_Reward/lin_vel_z: -0.0014
              Episode_Reward/ang_vel_xy: -0.0303
             Episode_Reward/base_height: -0.0697
             Episode_Reward/orientation: -0.0386
                    Episode_Reward/pose: -0.0004
             Episode_Reward/action_rate: -0.0031
              Episode_Reward/action_acc: -0.0089
           Episode_Termination/time_out: 0.0000
    Episode_Termination/bad_orientation: 1.0000
--------------------------------------------------------------------------------
                         Iteration time: 0.53s
                           Time elapsed: 00:00:57
                                    ETA: 00:01:07

################################################################################
[1m                           Learning iteration 115/250                           [0m 

                            Total steps: 1425408 
                       Steps per second: 24792 
                        Collection time: 0.425s 
                          Learning time: 0.071s 
                        Mean value loss: 0.0218
                    Mean surrogate loss: -0.0095
                      Mean entropy loss: 5.5914
                            Mean reward: 9.96
                    Mean episode length: 305.61
                        Mean action std: 0.42
                reward/tracking_lin_vel: 1.0647
                reward/tracking_ang_vel: 0.1374
                      reward/feet_phase: 0.2360
             reward/feet_phase_contrast: 0.4570
             reward/feet_contact_number: 0.4694
                   reward/feet_air_time: 0.0023
                     reward/under_speed: -0.1798
                       reward/feet_slip: -0.0011
                  reward/feet_clearance: -0.0059
                       reward/lin_vel_z: -0.0015
                      reward/ang_vel_xy: -0.0761
                     reward/base_height: -0.0204
                     reward/orientation: -0.0374
                            reward/pose: -0.0091
                     reward/action_rate: -0.0510
                      reward/action_acc: -0.1499
--------------------------------------------------------------------------------
                         Iteration time: 0.50s
                           Time elapsed: 00:00:57
                                    ETA: 00:01:06

################################################################################
[1m                           Learning iteration 116/250                           [0m 

                            Total steps: 1437696 
                       Steps per second: 26683 
                        Collection time: 0.391s 
                          Learning time: 0.069s 
                        Mean value loss: 4.1059
                    Mean surrogate loss: -0.0079
                      Mean entropy loss: 5.5777
                            Mean reward: 9.91
                    Mean episode length: 305.36
                        Mean action std: 0.42
                reward/tracking_lin_vel: 0.8329
                reward/tracking_ang_vel: 0.1314
                      reward/feet_phase: 0.2863
             reward/feet_phase_contrast: 0.5545
             reward/feet_contact_number: 0.4630
                   reward/feet_air_time: 0.0064
                     reward/under_speed: -0.1595
                       reward/feet_slip: -0.0037
                  reward/feet_clearance: -0.0135
                       reward/lin_vel_z: -0.0077
                      reward/ang_vel_xy: -0.1693
                     reward/base_height: -0.0158
                     reward/orientation: -0.0489
                            reward/pose: -0.0094
                     reward/action_rate: -0.0518
                      reward/action_acc: -0.1513
--------------------------------------------------------------------------------
                         Iteration time: 0.46s
                           Time elapsed: 00:00:58
                                    ETA: 00:01:06

################################################################################
[1m                           Learning iteration 117/250                           [0m 

                            Total steps: 1449984 
                       Steps per second: 31504 
                        Collection time: 0.325s 
                          Learning time: 0.065s 
                        Mean value loss: 0.1982
                    Mean surrogate loss: -0.0093
                      Mean entropy loss: 5.5895
                            Mean reward: 12.23
                    Mean episode length: 390.24
                        Mean action std: 0.42
                reward/tracking_lin_vel: 0.5822
                reward/tracking_ang_vel: 0.1063
                      reward/feet_phase: 0.4667
             reward/feet_phase_contrast: 0.7334
             reward/feet_contact_number: 0.4313
                   reward/feet_air_time: 0.1857
                     reward/under_speed: -0.1164
                       reward/feet_slip: -0.0042
                  reward/feet_clearance: -0.0149
                       reward/lin_vel_z: -0.0414
                      reward/ang_vel_xy: -0.7303
                     reward/base_height: -1.2625
                     reward/orientation: -0.7468
                            reward/pose: -0.0126
                     reward/action_rate: -0.0516
                      reward/action_acc: -0.1494
--------------------------------------------------------------------------------
                         Iteration time: 0.39s
                           Time elapsed: 00:00:58
                                    ETA: 00:01:05

################################################################################
[1m                           Learning iteration 118/250                           [0m 

                            Total steps: 1462272 
                       Steps per second: 26729 
                        Collection time: 0.393s 
                          Learning time: 0.067s 
                        Mean value loss: 0.2244
                    Mean surrogate loss: -0.0109
                      Mean entropy loss: 5.5913
                            Mean reward: 14.00
                    Mean episode length: 439.56
                        Mean action std: 0.42
                reward/tracking_lin_vel: 1.0708
                reward/tracking_ang_vel: 0.1207
                      reward/feet_phase: 0.5540
             reward/feet_phase_contrast: 0.8520
             reward/feet_contact_number: 0.4521
                   reward/feet_air_time: 0.0371
                     reward/under_speed: -0.1310
                       reward/feet_slip: -0.0029
                  reward/feet_clearance: -0.0118
                       reward/lin_vel_z: -0.0146
                      reward/ang_vel_xy: -0.3254
                     reward/base_height: -0.7968
                     reward/orientation: -0.3440
                            reward/pose: -0.0091
                     reward/action_rate: -0.0520
                      reward/action_acc: -0.1504
             Metrics/twist/error_vel_xy: 0.4428
            Metrics/twist/error_vel_yaw: 0.2601
        Episode_Reward/tracking_lin_vel: 0.4519
        Episode_Reward/tracking_ang_vel: 0.0580
              Episode_Reward/feet_phase: 0.1275
     Episode_Reward/feet_phase_contrast: 0.2161
     Episode_Reward/feet_contact_number: 0.2032
           Episode_Reward/feet_air_time: 0.0078
             Episode_Reward/under_speed: -0.0753
               Episode_Reward/feet_slip: -0.0007
          Episode_Reward/feet_clearance: -0.0033
               Episode_Reward/lin_vel_z: -0.0019
              Episode_Reward/ang_vel_xy: -0.0569
             Episode_Reward/base_height: -0.0811
             Episode_Reward/orientation: -0.0504
                    Episode_Reward/pose: -0.0040
             Episode_Reward/action_rate: -0.0226
              Episode_Reward/action_acc: -0.0671
           Episode_Termination/time_out: 0.0000
    Episode_Termination/bad_orientation: 6.6522
--------------------------------------------------------------------------------
                         Iteration time: 0.46s
                           Time elapsed: 00:00:58
                                    ETA: 00:01:04

################################################################################
[1m                           Learning iteration 119/250                           [0m 

                            Total steps: 1474560 
                       Steps per second: 26309 
                        Collection time: 0.397s 
                          Learning time: 0.070s 
                        Mean value loss: 0.1355
                    Mean surrogate loss: -0.0105
                      Mean entropy loss: 5.5713
                            Mean reward: 7.76
                    Mean episode length: 267.43
                        Mean action std: 0.42
                reward/tracking_lin_vel: 1.0744
                reward/tracking_ang_vel: 0.1292
                      reward/feet_phase: 0.4005
             reward/feet_phase_contrast: 0.7338
             reward/feet_contact_number: 0.4672
                   reward/feet_air_time: 0.0129
                     reward/under_speed: -0.1463
                       reward/feet_slip: -0.0025
                  reward/feet_clearance: -0.0084
                       reward/lin_vel_z: -0.0099
                      reward/ang_vel_xy: -0.2402
                     reward/base_height: -0.4202
                     reward/orientation: -0.2638
                            reward/pose: -0.0104
                     reward/action_rate: -0.0517
                      reward/action_acc: -0.1504
             Metrics/twist/error_vel_xy: 0.3262
            Metrics/twist/error_vel_yaw: 0.2191
        Episode_Reward/tracking_lin_vel: 0.1975
        Episode_Reward/tracking_ang_vel: 0.0254
              Episode_Reward/feet_phase: 0.0691
     Episode_Reward/feet_phase_contrast: 0.1155
     Episode_Reward/feet_contact_number: 0.0901
           Episode_Reward/feet_air_time: 0.0047
             Episode_Reward/under_speed: -0.0310
               Episode_Reward/feet_slip: -0.0004
          Episode_Reward/feet_clearance: -0.0016
               Episode_Reward/lin_vel_z: -0.0018
              Episode_Reward/ang_vel_xy: -0.0431
             Episode_Reward/base_height: -0.0716
             Episode_Reward/orientation: -0.0433
                    Episode_Reward/pose: -0.0018
             Episode_Reward/action_rate: -0.0102
              Episode_Reward/action_acc: -0.0301
           Episode_Termination/time_out: 0.0000
    Episode_Termination/bad_orientation: 3.0435
--------------------------------------------------------------------------------
                         Iteration time: 0.47s
                           Time elapsed: 00:00:59
                                    ETA: 00:01:04

################################################################################
[1m                           Learning iteration 120/250                           [0m 

                            Total steps: 1486848 
                       Steps per second: 19844 
                        Collection time: 0.543s 
                          Learning time: 0.076s 
                        Mean value loss: 0.0903
                    Mean surrogate loss: -0.0102
                      Mean entropy loss: 5.5583
                            Mean reward: 2.94
                    Mean episode length: 118.87
                        Mean action std: 0.42
                reward/tracking_lin_vel: 1.0574
                reward/tracking_ang_vel: 0.1317
                      reward/feet_phase: 0.3525
             reward/feet_phase_contrast: 0.6349
             reward/feet_contact_number: 0.4559
                   reward/feet_air_time: 0.0065
                     reward/under_speed: -0.1566
                       reward/feet_slip: -0.0022
                  reward/feet_clearance: -0.0077
                       reward/lin_vel_z: -0.0087
                      reward/ang_vel_xy: -0.2080
                     reward/base_height: -0.3543
                     reward/orientation: -0.2095
                            reward/pose: -0.0098
                     reward/action_rate: -0.0518
                      reward/action_acc: -0.1516
             Metrics/twist/error_vel_xy: 0.2797
            Metrics/twist/error_vel_yaw: 0.2091
        Episode_Reward/tracking_lin_vel: 0.1375
        Episode_Reward/tracking_ang_vel: 0.0155
              Episode_Reward/feet_phase: 0.0620
     Episode_Reward/feet_phase_contrast: 0.1028
     Episode_Reward/feet_contact_number: 0.0554
           Episode_Reward/feet_air_time: 0.0026
             Episode_Reward/under_speed: -0.0157
               Episode_Reward/feet_slip: -0.0004
          Episode_Reward/feet_clearance: -0.0011
               Episode_Reward/lin_vel_z: -0.0017
              Episode_Reward/ang_vel_xy: -0.0363
             Episode_Reward/base_height: -0.0641
             Episode_Reward/orientation: -0.0430
                    Episode_Reward/pose: -0.0013
             Episode_Reward/action_rate: -0.0064
              Episode_Reward/action_acc: -0.0187
           Episode_Termination/time_out: 0.0000
    Episode_Termination/bad_orientation: 3.0435
--------------------------------------------------------------------------------
                         Iteration time: 0.62s
                           Time elapsed: 00:01:00
                                    ETA: 00:01:03

################################################################################
[1m                           Learning iteration 121/250                           [0m 

                            Total steps: 1499136 
                       Steps per second: 20792 
                        Collection time: 0.497s 
                          Learning time: 0.094s 
                        Mean value loss: 0.0667
                    Mean surrogate loss: -0.0108
                      Mean entropy loss: 5.5354
                            Mean reward: 2.99
                    Mean episode length: 112.80
                        Mean action std: 0.42
                reward/tracking_lin_vel: 1.0690
                reward/tracking_ang_vel: 0.1335
                      reward/feet_phase: 0.3886
             reward/feet_phase_contrast: 0.5685
             reward/feet_contact_number: 0.4656
                   reward/feet_air_time: 0.0042
                     reward/under_speed: -0.1660
                       reward/feet_slip: -0.0019
                  reward/feet_clearance: -0.0072
                       reward/lin_vel_z: -0.0056
                      reward/ang_vel_xy: -0.1429
                     reward/base_height: -0.1877
                     reward/orientation: -0.1270
                            reward/pose: -0.0097
                     reward/action_rate: -0.0517
                      reward/action_acc: -0.1513
             Metrics/twist/error_vel_xy: 0.2586
            Metrics/twist/error_vel_yaw: 0.1928
        Episode_Reward/tracking_lin_vel: 0.1037
        Episode_Reward/tracking_ang_vel: 0.0117
              Episode_Reward/feet_phase: 0.0542
     Episode_Reward/feet_phase_contrast: 0.0897
     Episode_Reward/feet_contact_number: 0.0424
           Episode_Reward/feet_air_time: 0.0014
             Episode_Reward/under_speed: -0.0105
               Episode_Reward/feet_slip: -0.0003
          Episode_Reward/feet_clearance: -0.0009
               Episode_Reward/lin_vel_z: -0.0018
              Episode_Reward/ang_vel_xy: -0.0341
             Episode_Reward/base_height: -0.0635
             Episode_Reward/orientation: -0.0416
                    Episode_Reward/pose: -0.0010
             Episode_Reward/action_rate: -0.0049
              Episode_Reward/action_acc: -0.0141
           Episode_Termination/time_out: 0.0000
    Episode_Termination/bad_orientation: 1.9000
--------------------------------------------------------------------------------
                         Iteration time: 0.59s
                           Time elapsed: 00:01:00
                                    ETA: 00:01:03

################################################################################
[1m                           Learning iteration 122/250                           [0m 

                            Total steps: 1511424 
                       Steps per second: 23240 
                        Collection time: 0.455s 
                          Learning time: 0.074s 
                        Mean value loss: 0.0546
                    Mean surrogate loss: -0.0105
                      Mean entropy loss: 5.5179
                            Mean reward: 2.57
                    Mean episode length: 99.31
                        Mean action std: 0.42
                reward/tracking_lin_vel: 1.0909
                reward/tracking_ang_vel: 0.1352
                      reward/feet_phase: 0.2981
             reward/feet_phase_contrast: 0.5327
             reward/feet_contact_number: 0.4623
                   reward/feet_air_time: 0.0021
                     reward/under_speed: -0.1705
                       reward/feet_slip: -0.0015
                  reward/feet_clearance: -0.0065
                       reward/lin_vel_z: -0.0030
                      reward/ang_vel_xy: -0.1052
                     reward/base_height: -0.0813
                     reward/orientation: -0.0787
                            reward/pose: -0.0093
                     reward/action_rate: -0.0513
                      reward/action_acc: -0.1509
--------------------------------------------------------------------------------
                         Iteration time: 0.53s
                           Time elapsed: 00:01:01
                                    ETA: 00:01:03

################################################################################
[1m                           Learning iteration 123/250                           [0m 

                            Total steps: 1523712 
                       Steps per second: 24401 
                        Collection time: 0.434s 
                          Learning time: 0.070s 
                        Mean value loss: 0.0343
                    Mean surrogate loss: -0.0102
                      Mean entropy loss: 5.5034
                            Mean reward: 2.34
                    Mean episode length: 88.01
                        Mean action std: 0.42
                reward/tracking_lin_vel: 1.0723
                reward/tracking_ang_vel: 0.1347
                      reward/feet_phase: 0.2662
             reward/feet_phase_contrast: 0.5132
             reward/feet_contact_number: 0.4634
                   reward/feet_air_time: 0.0028
                     reward/under_speed: -0.1719
                       reward/feet_slip: -0.0016
                  reward/feet_clearance: -0.0066
                       reward/lin_vel_z: -0.0038
                      reward/ang_vel_xy: -0.1183
                     reward/base_height: -0.1188
                     reward/orientation: -0.0930
                            reward/pose: -0.0092
                     reward/action_rate: -0.0513
                      reward/action_acc: -0.1497
--------------------------------------------------------------------------------
                         Iteration time: 0.50s
                           Time elapsed: 00:01:01
                                    ETA: 00:01:02

################################################################################
[1m                           Learning iteration 124/250                           [0m 

                            Total steps: 1536000 
                       Steps per second: 24787 
                        Collection time: 0.426s 
                          Learning time: 0.069s 
                        Mean value loss: 0.0349
                    Mean surrogate loss: -0.0095
                      Mean entropy loss: 5.4890
                            Mean reward: 2.34
                    Mean episode length: 89.16
                        Mean action std: 0.42
                reward/tracking_lin_vel: 1.0708
                reward/tracking_ang_vel: 0.1349
                      reward/feet_phase: 0.3064
             reward/feet_phase_contrast: 0.4838
             reward/feet_contact_number: 0.4621
                   reward/feet_air_time: 0.0007
                     reward/under_speed: -0.1752
                       reward/feet_slip: -0.0014
                  reward/feet_clearance: -0.0065
                       reward/lin_vel_z: -0.0028
                      reward/ang_vel_xy: -0.0981
                     reward/base_height: -0.0651
                     reward/orientation: -0.0627
                            reward/pose: -0.0087
                     reward/action_rate: -0.0510
                      reward/action_acc: -0.1490
             Metrics/twist/error_vel_xy: 0.2389
            Metrics/twist/error_vel_yaw: 0.1663
        Episode_Reward/tracking_lin_vel: 0.0717
        Episode_Reward/tracking_ang_vel: 0.0081
              Episode_Reward/feet_phase: 0.0378
     Episode_Reward/feet_phase_contrast: 0.0651
     Episode_Reward/feet_contact_number: 0.0314
           Episode_Reward/feet_air_time: 0.0021
             Episode_Reward/under_speed: -0.0068
               Episode_Reward/feet_slip: -0.0002
          Episode_Reward/feet_clearance: -0.0006
               Episode_Reward/lin_vel_z: -0.0015
              Episode_Reward/ang_vel_xy: -0.0332
             Episode_Reward/base_height: -0.0628
             Episode_Reward/orientation: -0.0383
                    Episode_Reward/pose: -0.0007
             Episode_Reward/action_rate: -0.0035
              Episode_Reward/action_acc: -0.0103
           Episode_Termination/time_out: 0.0000
    Episode_Termination/bad_orientation: 1.0833
--------------------------------------------------------------------------------
                         Iteration time: 0.50s
                           Time elapsed: 00:01:02
                                    ETA: 00:01:02

################################################################################
[1m                           Learning iteration 125/250                           [0m 

                            Total steps: 1548288 
                       Steps per second: 24002 
                        Collection time: 0.443s 
                          Learning time: 0.069s 
                        Mean value loss: 0.0223
                    Mean surrogate loss: -0.0096
                      Mean entropy loss: 5.4655
                            Mean reward: 3.20
                    Mean episode length: 109.68
                        Mean action std: 0.42
                reward/tracking_lin_vel: 1.0742
                reward/tracking_ang_vel: 0.1357
                      reward/feet_phase: 0.3069
             reward/feet_phase_contrast: 0.4736
             reward/feet_contact_number: 0.4646
                   reward/feet_air_time: 0.0000
                     reward/under_speed: -0.1775
                       reward/feet_slip: -0.0014
                  reward/feet_clearance: -0.0062
                       reward/lin_vel_z: -0.0022
                      reward/ang_vel_xy: -0.0867
                     reward/base_height: -0.0397
                     reward/orientation: -0.0476
                            reward/pose: -0.0082
                     reward/action_rate: -0.0514
                      reward/action_acc: -0.1508
--------------------------------------------------------------------------------
                         Iteration time: 0.51s
                           Time elapsed: 00:01:02
                                    ETA: 00:01:01

################################################################################
[1m                           Learning iteration 126/250                           [0m 

                            Total steps: 1560576 
                       Steps per second: 23693 
                        Collection time: 0.448s 
                          Learning time: 0.071s 
                        Mean value loss: 0.0269
                    Mean surrogate loss: -0.0097
                      Mean entropy loss: 5.4536
                            Mean reward: 5.61
                    Mean episode length: 170.89
                        Mean action std: 0.42
                reward/tracking_lin_vel: 1.0830
                reward/tracking_ang_vel: 0.1364
                      reward/feet_phase: 0.2475
             reward/feet_phase_contrast: 0.4921
             reward/feet_contact_number: 0.4654
                   reward/feet_air_time: 0.0012
                     reward/under_speed: -0.1764
                       reward/feet_slip: -0.0013
                  reward/feet_clearance: -0.0062
                       reward/lin_vel_z: -0.0019
                      reward/ang_vel_xy: -0.0857
                     reward/base_height: -0.0252
                     reward/orientation: -0.0417
                            reward/pose: -0.0082
                     reward/action_rate: -0.0509
                      reward/action_acc: -0.1485
             Metrics/twist/error_vel_xy: 0.4502
            Metrics/twist/error_vel_yaw: 0.3675
        Episode_Reward/tracking_lin_vel: 0.6427
        Episode_Reward/tracking_ang_vel: 0.0817
              Episode_Reward/feet_phase: 0.1744
     Episode_Reward/feet_phase_contrast: 0.2990
     Episode_Reward/feet_contact_number: 0.2824
           Episode_Reward/feet_air_time: 0.0012
             Episode_Reward/under_speed: -0.1051
               Episode_Reward/feet_slip: -0.0008
          Episode_Reward/feet_clearance: -0.0039
               Episode_Reward/lin_vel_z: -0.0016
              Episode_Reward/ang_vel_xy: -0.0492
             Episode_Reward/base_height: -0.0245
             Episode_Reward/orientation: -0.0348
                    Episode_Reward/pose: -0.0055
             Episode_Reward/action_rate: -0.0311
              Episode_Reward/action_acc: -0.0924
           Episode_Termination/time_out: 0.8750
    Episode_Termination/bad_orientation: 0.6250
--------------------------------------------------------------------------------
                         Iteration time: 0.52s
                           Time elapsed: 00:01:03
                                    ETA: 00:01:01

################################################################################
[1m                           Learning iteration 127/250                           [0m 

                            Total steps: 1572864 
                       Steps per second: 24374 
                        Collection time: 0.436s 
                          Learning time: 0.068s 
                        Mean value loss: 0.0281
                    Mean surrogate loss: -0.0081
                      Mean entropy loss: 5.4358
                            Mean reward: 6.57
                    Mean episode length: 195.30
                        Mean action std: 0.42
                reward/tracking_lin_vel: 1.0805
                reward/tracking_ang_vel: 0.1374
                      reward/feet_phase: 0.2604
             reward/feet_phase_contrast: 0.4872
             reward/feet_contact_number: 0.4649
                   reward/feet_air_time: 0.0006
                     reward/under_speed: -0.1773
                       reward/feet_slip: -0.0013
                  reward/feet_clearance: -0.0062
                       reward/lin_vel_z: -0.0020
                      reward/ang_vel_xy: -0.0853
                     reward/base_height: -0.0286
                     reward/orientation: -0.0416
                            reward/pose: -0.0082
                     reward/action_rate: -0.0512
                      reward/action_acc: -0.1497
             Metrics/twist/error_vel_xy: 0.4260
            Metrics/twist/error_vel_yaw: 0.2900
        Episode_Reward/tracking_lin_vel: 0.4498
        Episode_Reward/tracking_ang_vel: 0.0639
              Episode_Reward/feet_phase: 0.1431
     Episode_Reward/feet_phase_contrast: 0.2448
     Episode_Reward/feet_contact_number: 0.2173
           Episode_Reward/feet_air_time: 0.0030
             Episode_Reward/under_speed: -0.0810
               Episode_Reward/feet_slip: -0.0006
          Episode_Reward/feet_clearance: -0.0026
               Episode_Reward/lin_vel_z: -0.0016
              Episode_Reward/ang_vel_xy: -0.0497
             Episode_Reward/base_height: -0.0398
             Episode_Reward/orientation: -0.0391
                    Episode_Reward/pose: -0.0050
             Episode_Reward/action_rate: -0.0241
              Episode_Reward/action_acc: -0.0715
           Episode_Termination/time_out: 0.4286
    Episode_Termination/bad_orientation: 0.7143
--------------------------------------------------------------------------------
                         Iteration time: 0.50s
                           Time elapsed: 00:01:03
                                    ETA: 00:01:00

################################################################################
[1m                           Learning iteration 128/250                           [0m 

                            Total steps: 1585152 
                       Steps per second: 23890 
                        Collection time: 0.445s 
                          Learning time: 0.070s 
                        Mean value loss: 0.0328
                    Mean surrogate loss: -0.0088
                      Mean entropy loss: 5.4264
                            Mean reward: 8.42
                    Mean episode length: 239.96
                        Mean action std: 0.42
                reward/tracking_lin_vel: 1.0672
                reward/tracking_ang_vel: 0.1359
                      reward/feet_phase: 0.3263
             reward/feet_phase_contrast: 0.4789
             reward/feet_contact_number: 0.4636
                   reward/feet_air_time: 0.0007
                     reward/under_speed: -0.1779
                       reward/feet_slip: -0.0013
                  reward/feet_clearance: -0.0063
                       reward/lin_vel_z: -0.0019
                      reward/ang_vel_xy: -0.0887
                     reward/base_height: -0.0349
                     reward/orientation: -0.0428
                            reward/pose: -0.0076
                     reward/action_rate: -0.0511
                      reward/action_acc: -0.1485
--------------------------------------------------------------------------------
                         Iteration time: 0.51s
                           Time elapsed: 00:01:04
                                    ETA: 00:01:00

################################################################################
[1m                           Learning iteration 129/250                           [0m 

                            Total steps: 1597440 
                       Steps per second: 22670 
                        Collection time: 0.470s 
                          Learning time: 0.072s 
                        Mean value loss: 0.0186
                    Mean surrogate loss: -0.0104
                      Mean entropy loss: 5.4056
                            Mean reward: 8.48
                    Mean episode length: 242.21
                        Mean action std: 0.42
                reward/tracking_lin_vel: 1.0790
                reward/tracking_ang_vel: 0.1372
                      reward/feet_phase: 0.2717
             reward/feet_phase_contrast: 0.4793
             reward/feet_contact_number: 0.4647
                   reward/feet_air_time: 0.0003
                     reward/under_speed: -0.1779
                       reward/feet_slip: -0.0013
                  reward/feet_clearance: -0.0063
                       reward/lin_vel_z: -0.0018
                      reward/ang_vel_xy: -0.0858
                     reward/base_height: -0.0218
                     reward/orientation: -0.0375
                            reward/pose: -0.0074
                     reward/action_rate: -0.0512
                      reward/action_acc: -0.1487
--------------------------------------------------------------------------------
                         Iteration time: 0.54s
                           Time elapsed: 00:01:04
                                    ETA: 00:00:59

################################################################################
[1m                           Learning iteration 130/250                           [0m 

                            Total steps: 1609728 
                       Steps per second: 24436 
                        Collection time: 0.431s 
                          Learning time: 0.072s 
                        Mean value loss: 0.0162
                    Mean surrogate loss: -0.0113
                      Mean entropy loss: 5.3710
                            Mean reward: 9.15
                    Mean episode length: 260.05
                        Mean action std: 0.41
                reward/tracking_lin_vel: 1.0830
                reward/tracking_ang_vel: 0.1383
                      reward/feet_phase: 0.2414
             reward/feet_phase_contrast: 0.4951
             reward/feet_contact_number: 0.4650
                   reward/feet_air_time: 0.0007
                     reward/under_speed: -0.1781
                       reward/feet_slip: -0.0013
                  reward/feet_clearance: -0.0062
                       reward/lin_vel_z: -0.0014
                      reward/ang_vel_xy: -0.0824
                     reward/base_height: -0.0129
                     reward/orientation: -0.0311
                            reward/pose: -0.0072
                     reward/action_rate: -0.0512
                      reward/action_acc: -0.1484
--------------------------------------------------------------------------------
                         Iteration time: 0.50s
                           Time elapsed: 00:01:05
                                    ETA: 00:00:59

################################################################################
[1m                           Learning iteration 131/250                           [0m 

                            Total steps: 1622016 
                       Steps per second: 25171 
                        Collection time: 0.418s 
                          Learning time: 0.070s 
                        Mean value loss: 0.0195
                    Mean surrogate loss: -0.0093
                      Mean entropy loss: 5.3240
                            Mean reward: 9.85
                    Mean episode length: 278.40
                        Mean action std: 0.41
                reward/tracking_lin_vel: 1.0826
                reward/tracking_ang_vel: 0.1388
                      reward/feet_phase: 0.2922
             reward/feet_phase_contrast: 0.4797
             reward/feet_contact_number: 0.4679
                   reward/feet_air_time: 0.0000
                     reward/under_speed: -0.1784
                       reward/feet_slip: -0.0013
                  reward/feet_clearance: -0.0063
                       reward/lin_vel_z: -0.0015
                      reward/ang_vel_xy: -0.0796
                     reward/base_height: -0.0076
                     reward/orientation: -0.0319
                            reward/pose: -0.0074
                     reward/action_rate: -0.0504
                      reward/action_acc: -0.1463
--------------------------------------------------------------------------------
                         Iteration time: 0.49s
                           Time elapsed: 00:01:05
                                    ETA: 00:00:58

################################################################################
[1m                           Learning iteration 132/250                           [0m 

                            Total steps: 1634304 
                       Steps per second: 24218 
                        Collection time: 0.437s 
                          Learning time: 0.070s 
                        Mean value loss: 0.0159
                    Mean surrogate loss: -0.0091
                      Mean entropy loss: 5.3152
                            Mean reward: 10.33
                    Mean episode length: 290.59
                        Mean action std: 0.41
                reward/tracking_lin_vel: 1.0813
                reward/tracking_ang_vel: 0.1379
                      reward/feet_phase: 0.3255
             reward/feet_phase_contrast: 0.4854
             reward/feet_contact_number: 0.4625
                   reward/feet_air_time: 0.0000
                     reward/under_speed: -0.1777
                       reward/feet_slip: -0.0013
                  reward/feet_clearance: -0.0063
                       reward/lin_vel_z: -0.0019
                      reward/ang_vel_xy: -0.0870
                     reward/base_height: -0.0189
                     reward/orientation: -0.0367
                            reward/pose: -0.0072
                     reward/action_rate: -0.0509
                      reward/action_acc: -0.1472
--------------------------------------------------------------------------------
                         Iteration time: 0.51s
                           Time elapsed: 00:01:06
                                    ETA: 00:00:58

################################################################################
[1m                           Learning iteration 133/250                           [0m 

                            Total steps: 1646592 
                       Steps per second: 29879 
                        Collection time: 0.343s 
                          Learning time: 0.069s 
                        Mean value loss: 3.2256
                    Mean surrogate loss: -0.0102
                      Mean entropy loss: 5.2951
                            Mean reward: 10.89
                    Mean episode length: 303.19
                        Mean action std: 0.41
                reward/tracking_lin_vel: 0.6982
                reward/tracking_ang_vel: 0.1218
                      reward/feet_phase: 0.3217
             reward/feet_phase_contrast: 0.6132
             reward/feet_contact_number: 0.4533
                   reward/feet_air_time: 0.0693
                     reward/under_speed: -0.1452
                       reward/feet_slip: -0.0043
                  reward/feet_clearance: -0.0156
                       reward/lin_vel_z: -0.0148
                      reward/ang_vel_xy: -0.3019
                     reward/base_height: -0.0400
                     reward/orientation: -0.1456
                            reward/pose: -0.0089
                     reward/action_rate: -0.0515
                      reward/action_acc: -0.1471
--------------------------------------------------------------------------------
                         Iteration time: 0.41s
                           Time elapsed: 00:01:06
                                    ETA: 00:00:57

################################################################################
[1m                           Learning iteration 134/250                           [0m 

                            Total steps: 1658880 
                       Steps per second: 28979 
                        Collection time: 0.357s 
                          Learning time: 0.067s 
                        Mean value loss: 0.1960
                    Mean surrogate loss: -0.0097
                      Mean entropy loss: 5.2868
                            Mean reward: 13.14
                    Mean episode length: 404.47
                        Mean action std: 0.41
                reward/tracking_lin_vel: 0.7697
                reward/tracking_ang_vel: 0.1123
                      reward/feet_phase: 0.4341
             reward/feet_phase_contrast: 0.7739
             reward/feet_contact_number: 0.4295
                   reward/feet_air_time: 0.1537
                     reward/under_speed: -0.1183
                       reward/feet_slip: -0.0039
                  reward/feet_clearance: -0.0162
                       reward/lin_vel_z: -0.0386
                      reward/ang_vel_xy: -0.7063
                     reward/base_height: -1.4880
                     reward/orientation: -0.7371
                            reward/pose: -0.0108
                     reward/action_rate: -0.0515
                      reward/action_acc: -0.1460
             Metrics/twist/error_vel_xy: 0.4084
            Metrics/twist/error_vel_yaw: 0.2342
        Episode_Reward/tracking_lin_vel: 0.4244
        Episode_Reward/tracking_ang_vel: 0.0550
              Episode_Reward/feet_phase: 0.1245
     Episode_Reward/feet_phase_contrast: 0.2150
     Episode_Reward/feet_contact_number: 0.1900
           Episode_Reward/feet_air_time: 0.0069
             Episode_Reward/under_speed: -0.0700
               Episode_Reward/feet_slip: -0.0007
          Episode_Reward/feet_clearance: -0.0032
               Episode_Reward/lin_vel_z: -0.0029
              Episode_Reward/ang_vel_xy: -0.0660
             Episode_Reward/base_height: -0.0624
             Episode_Reward/orientation: -0.0430
                    Episode_Reward/pose: -0.0036
             Episode_Reward/action_rate: -0.0211
              Episode_Reward/action_acc: -0.0616
           Episode_Termination/time_out: 0.0417
    Episode_Termination/bad_orientation: 11.4167
--------------------------------------------------------------------------------
                         Iteration time: 0.42s
                           Time elapsed: 00:01:07
                                    ETA: 00:00:57

################################################################################
[1m                           Learning iteration 135/250                           [0m 

                            Total steps: 1671168 
                       Steps per second: 24944 
                        Collection time: 0.426s 
                          Learning time: 0.067s 
                        Mean value loss: 0.2500
                    Mean surrogate loss: -0.0091
                      Mean entropy loss: 5.2832
                            Mean reward: 12.03
                    Mean episode length: 372.12
                        Mean action std: 0.41
                reward/tracking_lin_vel: 1.0996
                reward/tracking_ang_vel: 0.1242
                      reward/feet_phase: 0.5623
             reward/feet_phase_contrast: 0.8219
             reward/feet_contact_number: 0.4615
                   reward/feet_air_time: 0.0361
                     reward/under_speed: -0.1350
                       reward/feet_slip: -0.0026
                  reward/feet_clearance: -0.0103
                       reward/lin_vel_z: -0.0107
                      reward/ang_vel_xy: -0.2677
                     reward/base_height: -0.4744
                     reward/orientation: -0.2562
                            reward/pose: -0.0089
                     reward/action_rate: -0.0519
                      reward/action_acc: -0.1478
             Metrics/twist/error_vel_xy: 0.3941
            Metrics/twist/error_vel_yaw: 0.2408
        Episode_Reward/tracking_lin_vel: 0.3335
        Episode_Reward/tracking_ang_vel: 0.0439
              Episode_Reward/feet_phase: 0.1054
     Episode_Reward/feet_phase_contrast: 0.1793
     Episode_Reward/feet_contact_number: 0.1525
           Episode_Reward/feet_air_time: 0.0089
             Episode_Reward/under_speed: -0.0552
               Episode_Reward/feet_slip: -0.0006
          Episode_Reward/feet_clearance: -0.0027
               Episode_Reward/lin_vel_z: -0.0019
              Episode_Reward/ang_vel_xy: -0.0540
             Episode_Reward/base_height: -0.0741
             Episode_Reward/orientation: -0.0464
                    Episode_Reward/pose: -0.0030
             Episode_Reward/action_rate: -0.0170
              Episode_Reward/action_acc: -0.0495
           Episode_Termination/time_out: 0.0435
    Episode_Termination/bad_orientation: 3.9130
--------------------------------------------------------------------------------
                         Iteration time: 0.49s
                           Time elapsed: 00:01:07
                                    ETA: 00:00:56

################################################################################
[1m                           Learning iteration 136/250                           [0m 

                            Total steps: 1683456 
                       Steps per second: 25477 
                        Collection time: 0.416s 
                          Learning time: 0.066s 
                        Mean value loss: 0.1173
                    Mean surrogate loss: -0.0071
                      Mean entropy loss: 5.2804
                            Mean reward: 4.77
                    Mean episode length: 176.02
                        Mean action std: 0.41
                reward/tracking_lin_vel: 1.0401
                reward/tracking_ang_vel: 0.1269
                      reward/feet_phase: 0.4185
             reward/feet_phase_contrast: 0.7009
             reward/feet_contact_number: 0.4601
                   reward/feet_air_time: 0.0201
                     reward/under_speed: -0.1492
                       reward/feet_slip: -0.0026
                  reward/feet_clearance: -0.0090
                       reward/lin_vel_z: -0.0105
                      reward/ang_vel_xy: -0.2626
                     reward/base_height: -0.4350
                     reward/orientation: -0.2645
                            reward/pose: -0.0087
                     reward/action_rate: -0.0514
                      reward/action_acc: -0.1463
             Metrics/twist/error_vel_xy: 0.2945
            Metrics/twist/error_vel_yaw: 0.1963
        Episode_Reward/tracking_lin_vel: 0.1836
        Episode_Reward/tracking_ang_vel: 0.0238
              Episode_Reward/feet_phase: 0.0704
     Episode_Reward/feet_phase_contrast: 0.1162
     Episode_Reward/feet_contact_number: 0.0823
           Episode_Reward/feet_air_time: 0.0056
             Episode_Reward/under_speed: -0.0271
               Episode_Reward/feet_slip: -0.0005
          Episode_Reward/feet_clearance: -0.0017
               Episode_Reward/lin_vel_z: -0.0016
              Episode_Reward/ang_vel_xy: -0.0427
             Episode_Reward/base_height: -0.0654
             Episode_Reward/orientation: -0.0413
                    Episode_Reward/pose: -0.0017
             Episode_Reward/action_rate: -0.0092
              Episode_Reward/action_acc: -0.0266
           Episode_Termination/time_out: 0.0000
    Episode_Termination/bad_orientation: 3.1250
--------------------------------------------------------------------------------
                         Iteration time: 0.48s
                           Time elapsed: 00:01:08
                                    ETA: 00:00:56

################################################################################
[1m                           Learning iteration 137/250                           [0m 

                            Total steps: 1695744 
                       Steps per second: 23459 
                        Collection time: 0.456s 
                          Learning time: 0.068s 
                        Mean value loss: 0.0957
                    Mean surrogate loss: -0.0067
                      Mean entropy loss: 5.2755
                            Mean reward: 2.33
                    Mean episode length: 107.80
                        Mean action std: 0.41
                reward/tracking_lin_vel: 1.0859
                reward/tracking_ang_vel: 0.1313
                      reward/feet_phase: 0.3417
             reward/feet_phase_contrast: 0.6508
             reward/feet_contact_number: 0.4628
                   reward/feet_air_time: 0.0068
                     reward/under_speed: -0.1577
                       reward/feet_slip: -0.0021
                  reward/feet_clearance: -0.0078
                       reward/lin_vel_z: -0.0071
                      reward/ang_vel_xy: -0.1878
                     reward/base_height: -0.2560
                     reward/orientation: -0.1553
                            reward/pose: -0.0076
                     reward/action_rate: -0.0509
                      reward/action_acc: -0.1452
             Metrics/twist/error_vel_xy: 0.2675
            Metrics/twist/error_vel_yaw: 0.1996
        Episode_Reward/tracking_lin_vel: 0.0874
        Episode_Reward/tracking_ang_vel: 0.0101
              Episode_Reward/feet_phase: 0.0473
     Episode_Reward/feet_phase_contrast: 0.0744
     Episode_Reward/feet_contact_number: 0.0389
           Episode_Reward/feet_air_time: 0.0034
             Episode_Reward/under_speed: -0.0096
               Episode_Reward/feet_slip: -0.0003
          Episode_Reward/feet_clearance: -0.0009
               Episode_Reward/lin_vel_z: -0.0017
              Episode_Reward/ang_vel_xy: -0.0344
             Episode_Reward/base_height: -0.0647
             Episode_Reward/orientation: -0.0407
                    Episode_Reward/pose: -0.0008
             Episode_Reward/action_rate: -0.0045
              Episode_Reward/action_acc: -0.0126
           Episode_Termination/time_out: 0.0000
    Episode_Termination/bad_orientation: 2.4545
--------------------------------------------------------------------------------
                         Iteration time: 0.52s
                           Time elapsed: 00:01:08
                                    ETA: 00:00:55

################################################################################
[1m                           Learning iteration 138/250                           [0m 

                            Total steps: 1708032 
                       Steps per second: 24666 
                        Collection time: 0.429s 
                          Learning time: 0.069s 
                        Mean value loss: 0.0674
                    Mean surrogate loss: -0.0081
                      Mean entropy loss: 5.2699
                            Mean reward: 2.38
                    Mean episode length: 102.75
                        Mean action std: 0.41
                reward/tracking_lin_vel: 1.0821
                reward/tracking_ang_vel: 0.1336
                      reward/feet_phase: 0.3400
             reward/feet_phase_contrast: 0.5819
             reward/feet_contact_number: 0.4615
                   reward/feet_air_time: 0.0053
                     reward/under_speed: -0.1653
                       reward/feet_slip: -0.0018
                  reward/feet_clearance: -0.0073
                       reward/lin_vel_z: -0.0051
                      reward/ang_vel_xy: -0.1490
                     reward/base_height: -0.1522
                     reward/orientation: -0.1126
                            reward/pose: -0.0078
                     reward/action_rate: -0.0505
                      reward/action_acc: -0.1447
             Metrics/twist/error_vel_xy: 0.3217
            Metrics/twist/error_vel_yaw: 0.2302
        Episode_Reward/tracking_lin_vel: 0.1118
        Episode_Reward/tracking_ang_vel: 0.0140
              Episode_Reward/feet_phase: 0.0564
     Episode_Reward/feet_phase_contrast: 0.0922
     Episode_Reward/feet_contact_number: 0.0528
           Episode_Reward/feet_air_time: 0.0031
             Episode_Reward/under_speed: -0.0153
               Episode_Reward/feet_slip: -0.0004
          Episode_Reward/feet_clearance: -0.0011
               Episode_Reward/lin_vel_z: -0.0017
              Episode_Reward/ang_vel_xy: -0.0378
             Episode_Reward/base_height: -0.0627
             Episode_Reward/orientation: -0.0411
                    Episode_Reward/pose: -0.0011
             Episode_Reward/action_rate: -0.0059
              Episode_Reward/action_acc: -0.0166
           Episode_Termination/time_out: 0.0000
    Episode_Termination/bad_orientation: 1.6667
--------------------------------------------------------------------------------
                         Iteration time: 0.50s
                           Time elapsed: 00:01:09
                                    ETA: 00:00:55

################################################################################
[1m                           Learning iteration 139/250                           [0m 

                            Total steps: 1720320 
                       Steps per second: 25086 
                        Collection time: 0.421s 
                          Learning time: 0.069s 
                        Mean value loss: 0.0513
                    Mean surrogate loss: -0.0085
                      Mean entropy loss: 5.2661
                            Mean reward: 1.55
                    Mean episode length: 78.18
                        Mean action std: 0.41
                reward/tracking_lin_vel: 1.0729
                reward/tracking_ang_vel: 0.1357
                      reward/feet_phase: 0.3785
             reward/feet_phase_contrast: 0.5572
             reward/feet_contact_number: 0.4658
                   reward/feet_air_time: 0.0061
                     reward/under_speed: -0.1686
                       reward/feet_slip: -0.0017
                  reward/feet_clearance: -0.0069
                       reward/lin_vel_z: -0.0049
                      reward/ang_vel_xy: -0.1363
                     reward/base_height: -0.1406
                     reward/orientation: -0.1002
                            reward/pose: -0.0075
                     reward/action_rate: -0.0500
                      reward/action_acc: -0.1444
--------------------------------------------------------------------------------
                         Iteration time: 0.49s
                           Time elapsed: 00:01:09
                                    ETA: 00:00:54

################################################################################
[1m                           Learning iteration 140/250                           [0m 

                            Total steps: 1732608 
                       Steps per second: 24386 
                        Collection time: 0.435s 
                          Learning time: 0.069s 
                        Mean value loss: 0.0542
                    Mean surrogate loss: -0.0075
                      Mean entropy loss: 5.2620
                            Mean reward: 1.75
                    Mean episode length: 76.46
                        Mean action std: 0.41
                reward/tracking_lin_vel: 1.0705
                reward/tracking_ang_vel: 0.1377
                      reward/feet_phase: 0.2754
             reward/feet_phase_contrast: 0.5206
             reward/feet_contact_number: 0.4608
                   reward/feet_air_time: 0.0034
                     reward/under_speed: -0.1729
                       reward/feet_slip: -0.0015
                  reward/feet_clearance: -0.0066
                       reward/lin_vel_z: -0.0033
                      reward/ang_vel_xy: -0.1163
                     reward/base_height: -0.0897
                     reward/orientation: -0.0726
                            reward/pose: -0.0072
                     reward/action_rate: -0.0504
                      reward/action_acc: -0.1454
             Metrics/twist/error_vel_xy: 0.2447
            Metrics/twist/error_vel_yaw: 0.2147
        Episode_Reward/tracking_lin_vel: 0.0735
        Episode_Reward/tracking_ang_vel: 0.0075
              Episode_Reward/feet_phase: 0.0448
     Episode_Reward/feet_phase_contrast: 0.0716
     Episode_Reward/feet_contact_number: 0.0315
           Episode_Reward/feet_air_time: 0.0042
             Episode_Reward/under_speed: -0.0063
               Episode_Reward/feet_slip: -0.0003
          Episode_Reward/feet_clearance: -0.0009
               Episode_Reward/lin_vel_z: -0.0016
              Episode_Reward/ang_vel_xy: -0.0338
             Episode_Reward/base_height: -0.0649
             Episode_Reward/orientation: -0.0412
                    Episode_Reward/pose: -0.0008
             Episode_Reward/action_rate: -0.0035
              Episode_Reward/action_acc: -0.0099
           Episode_Termination/time_out: 0.0000
    Episode_Termination/bad_orientation: 1.3846
--------------------------------------------------------------------------------
                         Iteration time: 0.50s
                           Time elapsed: 00:01:10
                                    ETA: 00:00:54

################################################################################
[1m                           Learning iteration 141/250                           [0m 

                            Total steps: 1744896 
                       Steps per second: 24503 
                        Collection time: 0.429s 
                          Learning time: 0.073s 
                        Mean value loss: 0.0387
                    Mean surrogate loss: -0.0074
                      Mean entropy loss: 5.2555
                            Mean reward: 1.75
                    Mean episode length: 76.88
                        Mean action std: 0.41
                reward/tracking_lin_vel: 1.0764
                reward/tracking_ang_vel: 0.1377
                      reward/feet_phase: 0.2588
             reward/feet_phase_contrast: 0.5092
             reward/feet_contact_number: 0.4668
                   reward/feet_air_time: 0.0031
                     reward/under_speed: -0.1759
                       reward/feet_slip: -0.0014
                  reward/feet_clearance: -0.0065
                       reward/lin_vel_z: -0.0021
                      reward/ang_vel_xy: -0.0995
                     reward/base_height: -0.0589
                     reward/orientation: -0.0506
                            reward/pose: -0.0072
                     reward/action_rate: -0.0509
                      reward/action_acc: -0.1471
--------------------------------------------------------------------------------
                         Iteration time: 0.50s
                           Time elapsed: 00:01:10
                                    ETA: 00:00:53

################################################################################
[1m                           Learning iteration 142/250                           [0m 

                            Total steps: 1757184 
                       Steps per second: 20256 
                        Collection time: 0.533s 
                          Learning time: 0.074s 
                        Mean value loss: 0.0208
                    Mean surrogate loss: -0.0105
                      Mean entropy loss: 5.2272
                            Mean reward: 3.63
                    Mean episode length: 124.08
                        Mean action std: 0.41
                reward/tracking_lin_vel: 1.0697
                reward/tracking_ang_vel: 0.1379
                      reward/feet_phase: 0.3165
             reward/feet_phase_contrast: 0.4830
             reward/feet_contact_number: 0.4649
                   reward/feet_air_time: 0.0025
                     reward/under_speed: -0.1774
                       reward/feet_slip: -0.0014
                  reward/feet_clearance: -0.0063
                       reward/lin_vel_z: -0.0021
                      reward/ang_vel_xy: -0.0927
                     reward/base_height: -0.0377
                     reward/orientation: -0.0468
                            reward/pose: -0.0071
                     reward/action_rate: -0.0506
                      reward/action_acc: -0.1465
--------------------------------------------------------------------------------
                         Iteration time: 0.61s
                           Time elapsed: 00:01:11
                                    ETA: 00:00:53

################################################################################
[1m                           Learning iteration 143/250                           [0m 

                            Total steps: 1769472 
                       Steps per second: 21369 
                        Collection time: 0.501s 
                          Learning time: 0.074s 
                        Mean value loss: 0.0215
                    Mean surrogate loss: -0.0101
                      Mean entropy loss: 5.1884
                            Mean reward: 5.16
                    Mean episode length: 163.35
                        Mean action std: 0.41
                reward/tracking_lin_vel: 1.0846
                reward/tracking_ang_vel: 0.1365
                      reward/feet_phase: 0.3157
             reward/feet_phase_contrast: 0.5005
             reward/feet_contact_number: 0.4688
                   reward/feet_air_time: 0.0011
                     reward/under_speed: -0.1765
                       reward/feet_slip: -0.0013
                  reward/feet_clearance: -0.0062
                       reward/lin_vel_z: -0.0021
                      reward/ang_vel_xy: -0.0907
                     reward/base_height: -0.0392
                     reward/orientation: -0.0428
                            reward/pose: -0.0067
                     reward/action_rate: -0.0510
                      reward/action_acc: -0.1478
             Metrics/twist/error_vel_xy: 0.3730
            Metrics/twist/error_vel_yaw: 0.2832
        Episode_Reward/tracking_lin_vel: 0.3514
        Episode_Reward/tracking_ang_vel: 0.0439
              Episode_Reward/feet_phase: 0.1189
     Episode_Reward/feet_phase_contrast: 0.1973
     Episode_Reward/feet_contact_number: 0.1543
           Episode_Reward/feet_air_time: 0.0037
             Episode_Reward/under_speed: -0.0554
               Episode_Reward/feet_slip: -0.0006
          Episode_Reward/feet_clearance: -0.0024
               Episode_Reward/lin_vel_z: -0.0015
              Episode_Reward/ang_vel_xy: -0.0478
             Episode_Reward/base_height: -0.0486
             Episode_Reward/orientation: -0.0432
                    Episode_Reward/pose: -0.0029
             Episode_Reward/action_rate: -0.0175
              Episode_Reward/action_acc: -0.0508
           Episode_Termination/time_out: 0.3636
    Episode_Termination/bad_orientation: 0.7273
--------------------------------------------------------------------------------
                         Iteration time: 0.58s
                           Time elapsed: 00:01:11
                                    ETA: 00:00:52

################################################################################
[1m                           Learning iteration 144/250                           [0m 

                            Total steps: 1781760 
                       Steps per second: 21892 
                        Collection time: 0.491s 
                          Learning time: 0.070s 
                        Mean value loss: 0.0251
                    Mean surrogate loss: -0.0096
                      Mean entropy loss: 5.1634
                            Mean reward: 5.67
                    Mean episode length: 175.89
                        Mean action std: 0.41
                reward/tracking_lin_vel: 1.0943
                reward/tracking_ang_vel: 0.1367
                      reward/feet_phase: 0.2627
             reward/feet_phase_contrast: 0.5230
             reward/feet_contact_number: 0.4651
                   reward/feet_air_time: 0.0008
                     reward/under_speed: -0.1754
                       reward/feet_slip: -0.0013
                  reward/feet_clearance: -0.0063
                       reward/lin_vel_z: -0.0020
                      reward/ang_vel_xy: -0.0915
                     reward/base_height: -0.0165
                     reward/orientation: -0.0377
                            reward/pose: -0.0067
                     reward/action_rate: -0.0510
                      reward/action_acc: -0.1472
--------------------------------------------------------------------------------
                         Iteration time: 0.56s
                           Time elapsed: 00:01:12
                                    ETA: 00:00:52

################################################################################
[1m                           Learning iteration 145/250                           [0m 

                            Total steps: 1794048 
                       Steps per second: 24261 
                        Collection time: 0.435s 
                          Learning time: 0.071s 
                        Mean value loss: 0.0229
                    Mean surrogate loss: -0.0111
                      Mean entropy loss: 5.1437
                            Mean reward: 6.85
                    Mean episode length: 203.19
                        Mean action std: 0.40
                reward/tracking_lin_vel: 1.0820
                reward/tracking_ang_vel: 0.1362
                      reward/feet_phase: 0.2711
             reward/feet_phase_contrast: 0.5005
             reward/feet_contact_number: 0.4667
                   reward/feet_air_time: 0.0008
                     reward/under_speed: -0.1764
                       reward/feet_slip: -0.0015
                  reward/feet_clearance: -0.0066
                       reward/lin_vel_z: -0.0026
                      reward/ang_vel_xy: -0.0965
                     reward/base_height: -0.0361
                     reward/orientation: -0.0424
                            reward/pose: -0.0068
                     reward/action_rate: -0.0505
                      reward/action_acc: -0.1455
--------------------------------------------------------------------------------
                         Iteration time: 0.51s
                           Time elapsed: 00:01:12
                                    ETA: 00:00:51

################################################################################
[1m                           Learning iteration 146/250                           [0m 

                            Total steps: 1806336 
                       Steps per second: 25012 
                        Collection time: 0.423s 
                          Learning time: 0.068s 
                        Mean value loss: 0.0246
                    Mean surrogate loss: -0.0091
                      Mean entropy loss: 5.1262
                            Mean reward: 8.47
                    Mean episode length: 241.01
                        Mean action std: 0.40
                reward/tracking_lin_vel: 1.0842
                reward/tracking_ang_vel: 0.1369
                      reward/feet_phase: 0.3511
             reward/feet_phase_contrast: 0.5085
             reward/feet_contact_number: 0.4636
                   reward/feet_air_time: 0.0001
                     reward/under_speed: -0.1767
                       reward/feet_slip: -0.0014
                  reward/feet_clearance: -0.0065
                       reward/lin_vel_z: -0.0017
                      reward/ang_vel_xy: -0.0906
                     reward/base_height: -0.0094
                     reward/orientation: -0.0319
                            reward/pose: -0.0066
                     reward/action_rate: -0.0508
                      reward/action_acc: -0.1454
--------------------------------------------------------------------------------
                         Iteration time: 0.49s
                           Time elapsed: 00:01:13
                                    ETA: 00:00:51

################################################################################
[1m                           Learning iteration 147/250                           [0m 

                            Total steps: 1818624 
                       Steps per second: 24881 
                        Collection time: 0.426s 
                          Learning time: 0.068s 
                        Mean value loss: 0.0199
                    Mean surrogate loss: -0.0103
                      Mean entropy loss: 5.1095
                            Mean reward: 9.33
                    Mean episode length: 262.22
                        Mean action std: 0.40
                reward/tracking_lin_vel: 1.0811
                reward/tracking_ang_vel: 0.1350
                      reward/feet_phase: 0.2783
             reward/feet_phase_contrast: 0.5092
             reward/feet_contact_number: 0.4668
                   reward/feet_air_time: 0.0007
                     reward/under_speed: -0.1761
                       reward/feet_slip: -0.0015
                  reward/feet_clearance: -0.0067
                       reward/lin_vel_z: -0.0020
                      reward/ang_vel_xy: -0.1012
                     reward/base_height: -0.0306
                     reward/orientation: -0.0375
                            reward/pose: -0.0062
                     reward/action_rate: -0.0514
                      reward/action_acc: -0.1466
--------------------------------------------------------------------------------
                         Iteration time: 0.49s
                           Time elapsed: 00:01:13
                                    ETA: 00:00:50

################################################################################
[1m                           Learning iteration 148/250                           [0m 

                            Total steps: 1830912 
                       Steps per second: 24744 
                        Collection time: 0.427s 
                          Learning time: 0.069s 
                        Mean value loss: 0.0164
                    Mean surrogate loss: -0.0088
                      Mean entropy loss: 5.0983
                            Mean reward: 9.23
                    Mean episode length: 261.55
                        Mean action std: 0.40
                reward/tracking_lin_vel: 1.0965
                reward/tracking_ang_vel: 0.1353
                      reward/feet_phase: 0.2654
             reward/feet_phase_contrast: 0.5342
             reward/feet_contact_number: 0.4637
                   reward/feet_air_time: 0.0007
                     reward/under_speed: -0.1757
                       reward/feet_slip: -0.0014
                  reward/feet_clearance: -0.0066
                       reward/lin_vel_z: -0.0018
                      reward/ang_vel_xy: -0.0969
                     reward/base_height: -0.0200
                     reward/orientation: -0.0318
                            reward/pose: -0.0063
                     reward/action_rate: -0.0506
                      reward/action_acc: -0.1438
--------------------------------------------------------------------------------
                         Iteration time: 0.50s
                           Time elapsed: 00:01:14
                                    ETA: 00:00:50

################################################################################
[1m                           Learning iteration 149/250                           [0m 

                            Total steps: 1843200 
                       Steps per second: 25069 
                        Collection time: 0.423s 
                          Learning time: 0.067s 
                        Mean value loss: 2.9274
                    Mean surrogate loss: -0.0093
                      Mean entropy loss: 5.0801
                            Mean reward: 9.23
                    Mean episode length: 261.49
                        Mean action std: 0.40
                reward/tracking_lin_vel: 1.0973
                reward/tracking_ang_vel: 0.1365
                      reward/feet_phase: 0.3333
             reward/feet_phase_contrast: 0.5297
             reward/feet_contact_number: 0.4649
                   reward/feet_air_time: 0.0008
                     reward/under_speed: -0.1758
                       reward/feet_slip: -0.0015
                  reward/feet_clearance: -0.0068
                       reward/lin_vel_z: -0.0019
                      reward/ang_vel_xy: -0.0995
                     reward/base_height: -0.0203
                     reward/orientation: -0.0338
                            reward/pose: -0.0064
                     reward/action_rate: -0.0505
                      reward/action_acc: -0.1429
--------------------------------------------------------------------------------
                         Iteration time: 0.49s
                           Time elapsed: 00:01:14
                                    ETA: 00:00:49

################################################################################
[1m                           Learning iteration 150/250                           [0m 

                            Total steps: 1855488 
                       Steps per second: 30523 
                        Collection time: 0.337s 
                          Learning time: 0.065s 
                        Mean value loss: 0.3674
                    Mean surrogate loss: -0.0104
                      Mean entropy loss: 5.0782
                            Mean reward: 14.99
                    Mean episode length: 414.32
                        Mean action std: 0.40
                reward/tracking_lin_vel: 0.5460
                reward/tracking_ang_vel: 0.1061
                      reward/feet_phase: 0.4526
             reward/feet_phase_contrast: 0.7476
             reward/feet_contact_number: 0.4448
                   reward/feet_air_time: 0.1639
                     reward/under_speed: -0.1205
                       reward/feet_slip: -0.0055
                  reward/feet_clearance: -0.0194
                       reward/lin_vel_z: -0.0284
                      reward/ang_vel_xy: -0.5273
                     reward/base_height: -0.4111
                     reward/orientation: -0.3929
                            reward/pose: -0.0106
                     reward/action_rate: -0.0517
                      reward/action_acc: -0.1450
--------------------------------------------------------------------------------
                         Iteration time: 0.40s
                           Time elapsed: 00:01:15
                                    ETA: 00:00:49

################################################################################
[1m                           Learning iteration 151/250                           [0m 

                            Total steps: 1867776 
                       Steps per second: 28297 
                        Collection time: 0.367s 
                          Learning time: 0.067s 
                        Mean value loss: 0.2437
                    Mean surrogate loss: -0.0107
                      Mean entropy loss: 5.0768
                            Mean reward: 14.25
                    Mean episode length: 426.78
                        Mean action std: 0.40
                reward/tracking_lin_vel: 0.8756
                reward/tracking_ang_vel: 0.1134
                      reward/feet_phase: 0.4580
             reward/feet_phase_contrast: 0.7651
             reward/feet_contact_number: 0.4295
                   reward/feet_air_time: 0.0807
                     reward/under_speed: -0.1280
                       reward/feet_slip: -0.0038
                  reward/feet_clearance: -0.0161
                       reward/lin_vel_z: -0.0277
                      reward/ang_vel_xy: -0.5768
                     reward/base_height: -1.3603
                     reward/orientation: -0.5566
                            reward/pose: -0.0088
                     reward/action_rate: -0.0511
                      reward/action_acc: -0.1416
             Metrics/twist/error_vel_xy: 0.4170
            Metrics/twist/error_vel_yaw: 0.2522
        Episode_Reward/tracking_lin_vel: 0.4487
        Episode_Reward/tracking_ang_vel: 0.0582
              Episode_Reward/feet_phase: 0.1394
     Episode_Reward/feet_phase_contrast: 0.2377
     Episode_Reward/feet_contact_number: 0.2022
           Episode_Reward/feet_air_time: 0.0089
             Episode_Reward/under_speed: -0.0740
               Episode_Reward/feet_slip: -0.0008
          Episode_Reward/feet_clearance: -0.0036
               Episode_Reward/lin_vel_z: -0.0023
              Episode_Reward/ang_vel_xy: -0.0686
             Episode_Reward/base_height: -0.0737
             Episode_Reward/orientation: -0.0448
                    Episode_Reward/pose: -0.0032
             Episode_Reward/action_rate: -0.0222
              Episode_Reward/action_acc: -0.0638
           Episode_Termination/time_out: 0.0417
    Episode_Termination/bad_orientation: 11.1667
--------------------------------------------------------------------------------
                         Iteration time: 0.43s
                           Time elapsed: 00:01:15
                                    ETA: 00:00:48

################################################################################
[1m                           Learning iteration 152/250                           [0m 

                            Total steps: 1880064 
                       Steps per second: 24356 
                        Collection time: 0.417s 
                          Learning time: 0.088s 
                        Mean value loss: 0.1932
                    Mean surrogate loss: -0.0108
                      Mean entropy loss: 5.0833
                            Mean reward: 11.28
                    Mean episode length: 346.81
                        Mean action std: 0.40
                reward/tracking_lin_vel: 1.0711
                reward/tracking_ang_vel: 0.1225
                      reward/feet_phase: 0.4211
             reward/feet_phase_contrast: 0.7541
             reward/feet_contact_number: 0.4604
                   reward/feet_air_time: 0.0247
                     reward/under_speed: -0.1478
                       reward/feet_slip: -0.0027
                  reward/feet_clearance: -0.0103
                       reward/lin_vel_z: -0.0093
                      reward/ang_vel_xy: -0.2574
                     reward/base_height: -0.4210
                     reward/orientation: -0.2264
                            reward/pose: -0.0081
                     reward/action_rate: -0.0520
                      reward/action_acc: -0.1448
             Metrics/twist/error_vel_xy: 0.3934
            Metrics/twist/error_vel_yaw: 0.2417
        Episode_Reward/tracking_lin_vel: 0.3318
        Episode_Reward/tracking_ang_vel: 0.0420
              Episode_Reward/feet_phase: 0.1065
     Episode_Reward/feet_phase_contrast: 0.1790
     Episode_Reward/feet_contact_number: 0.1479
           Episode_Reward/feet_air_time: 0.0061
             Episode_Reward/under_speed: -0.0533
               Episode_Reward/feet_slip: -0.0006
          Episode_Reward/feet_clearance: -0.0028
               Episode_Reward/lin_vel_z: -0.0018
              Episode_Reward/ang_vel_xy: -0.0581
             Episode_Reward/base_height: -0.0780
             Episode_Reward/orientation: -0.0462
                    Episode_Reward/pose: -0.0023
             Episode_Reward/action_rate: -0.0165
              Episode_Reward/action_acc: -0.0471
           Episode_Termination/time_out: 0.0000
    Episode_Termination/bad_orientation: 3.1304
--------------------------------------------------------------------------------
                         Iteration time: 0.50s
                           Time elapsed: 00:01:16
                                    ETA: 00:00:48

################################################################################
[1m                           Learning iteration 153/250                           [0m 

                            Total steps: 1892352 
                       Steps per second: 25194 
                        Collection time: 0.421s 
                          Learning time: 0.067s 
                        Mean value loss: 0.1308
                    Mean surrogate loss: -0.0108
                      Mean entropy loss: 5.0780
                            Mean reward: 4.35
                    Mean episode length: 180.59
                        Mean action std: 0.40
                reward/tracking_lin_vel: 1.0834
                reward/tracking_ang_vel: 0.1257
                      reward/feet_phase: 0.4711
             reward/feet_phase_contrast: 0.6823
             reward/feet_contact_number: 0.4629
                   reward/feet_air_time: 0.0120
                     reward/under_speed: -0.1554
                       reward/feet_slip: -0.0025
                  reward/feet_clearance: -0.0090
                       reward/lin_vel_z: -0.0076
                      reward/ang_vel_xy: -0.2182
                     reward/base_height: -0.3209
                     reward/orientation: -0.1770
                            reward/pose: -0.0077
                     reward/action_rate: -0.0519
                      reward/action_acc: -0.1452
             Metrics/twist/error_vel_xy: 0.3682
            Metrics/twist/error_vel_yaw: 0.2278
        Episode_Reward/tracking_lin_vel: 0.0881
        Episode_Reward/tracking_ang_vel: 0.0121
              Episode_Reward/feet_phase: 0.0370
     Episode_Reward/feet_phase_contrast: 0.0610
     Episode_Reward/feet_contact_number: 0.0471
           Episode_Reward/feet_air_time: 0.0047
             Episode_Reward/under_speed: -0.0156
               Episode_Reward/feet_slip: -0.0003
          Episode_Reward/feet_clearance: -0.0011
               Episode_Reward/lin_vel_z: -0.0015
              Episode_Reward/ang_vel_xy: -0.0386
             Episode_Reward/base_height: -0.0775
             Episode_Reward/orientation: -0.0395
                    Episode_Reward/pose: -0.0010
             Episode_Reward/action_rate: -0.0054
              Episode_Reward/action_acc: -0.0151
           Episode_Termination/time_out: 0.0000
    Episode_Termination/bad_orientation: 2.5238
--------------------------------------------------------------------------------
                         Iteration time: 0.49s
                           Time elapsed: 00:01:16
                                    ETA: 00:00:47

################################################################################
[1m                           Learning iteration 154/250                           [0m 

                            Total steps: 1904640 
                       Steps per second: 24064 
                        Collection time: 0.437s 
                          Learning time: 0.074s 
                        Mean value loss: 0.0799
                    Mean surrogate loss: -0.0088
                      Mean entropy loss: 5.0723
                            Mean reward: 2.90
                    Mean episode length: 125.80
                        Mean action std: 0.40
                reward/tracking_lin_vel: 1.0891
                reward/tracking_ang_vel: 0.1301
                      reward/feet_phase: 0.3718
             reward/feet_phase_contrast: 0.6453
             reward/feet_contact_number: 0.4591
                   reward/feet_air_time: 0.0042
                     reward/under_speed: -0.1603
                       reward/feet_slip: -0.0023
                  reward/feet_clearance: -0.0084
                       reward/lin_vel_z: -0.0069
                      reward/ang_vel_xy: -0.1960
                     reward/base_height: -0.2238
                     reward/orientation: -0.1415
                            reward/pose: -0.0071
                     reward/action_rate: -0.0518
                      reward/action_acc: -0.1451
--------------------------------------------------------------------------------
                         Iteration time: 0.51s
                           Time elapsed: 00:01:17
                                    ETA: 00:00:47

################################################################################
[1m                           Learning iteration 155/250                           [0m 

                            Total steps: 1916928 
                       Steps per second: 24979 
                        Collection time: 0.423s 
                          Learning time: 0.068s 
                        Mean value loss: 0.0411
                    Mean surrogate loss: -0.0080
                      Mean entropy loss: 5.0623
                            Mean reward: 3.28
                    Mean episode length: 130.19
                        Mean action std: 0.40
                reward/tracking_lin_vel: 1.0938
                reward/tracking_ang_vel: 0.1327
                      reward/feet_phase: 0.3117
             reward/feet_phase_contrast: 0.6041
             reward/feet_contact_number: 0.4615
                   reward/feet_air_time: 0.0052
                     reward/under_speed: -0.1662
                       reward/feet_slip: -0.0020
                  reward/feet_clearance: -0.0080
                       reward/lin_vel_z: -0.0046
                      reward/ang_vel_xy: -0.1480
                     reward/base_height: -0.1176
                     reward/orientation: -0.0859
                            reward/pose: -0.0068
                     reward/action_rate: -0.0518
                      reward/action_acc: -0.1450
--------------------------------------------------------------------------------
                         Iteration time: 0.49s
                           Time elapsed: 00:01:17
                                    ETA: 00:00:46

################################################################################
[1m                           Learning iteration 156/250                           [0m 

                            Total steps: 1929216 
                       Steps per second: 24462 
                        Collection time: 0.429s 
                          Learning time: 0.074s 
                        Mean value loss: 0.0454
                    Mean surrogate loss: -0.0102
                      Mean entropy loss: 5.0451
                            Mean reward: 3.54
                    Mean episode length: 132.91
                        Mean action std: 0.40
                reward/tracking_lin_vel: 1.0978
                reward/tracking_ang_vel: 0.1319
                      reward/feet_phase: 0.3444
             reward/feet_phase_contrast: 0.5713
             reward/feet_contact_number: 0.4649
                   reward/feet_air_time: 0.0029
                     reward/under_speed: -0.1708
                       reward/feet_slip: -0.0018
                  reward/feet_clearance: -0.0076
                       reward/lin_vel_z: -0.0034
                      reward/ang_vel_xy: -0.1233
                     reward/base_height: -0.0780
                     reward/orientation: -0.0601
                            reward/pose: -0.0068
                     reward/action_rate: -0.0519
                      reward/action_acc: -0.1458
--------------------------------------------------------------------------------
                         Iteration time: 0.50s
                           Time elapsed: 00:01:18
                                    ETA: 00:00:46

################################################################################
[1m                           Learning iteration 157/250                           [0m 

                            Total steps: 1941504 
                       Steps per second: 24614 
                        Collection time: 0.430s 
                          Learning time: 0.069s 
                        Mean value loss: 0.0334
                    Mean surrogate loss: -0.0092
                      Mean entropy loss: 5.0326
                            Mean reward: 3.03
                    Mean episode length: 115.72
                        Mean action std: 0.40
                reward/tracking_lin_vel: 1.0881
                reward/tracking_ang_vel: 0.1327
                      reward/feet_phase: 0.3658
             reward/feet_phase_contrast: 0.5487
             reward/feet_contact_number: 0.4721
                   reward/feet_air_time: 0.0031
                     reward/under_speed: -0.1736
                       reward/feet_slip: -0.0018
                  reward/feet_clearance: -0.0073
                       reward/lin_vel_z: -0.0028
                      reward/ang_vel_xy: -0.1185
                     reward/base_height: -0.0597
                     reward/orientation: -0.0528
                            reward/pose: -0.0065
                     reward/action_rate: -0.0515
                      reward/action_acc: -0.1449
             Metrics/twist/error_vel_xy: 0.2180
            Metrics/twist/error_vel_yaw: 0.1645
        Episode_Reward/tracking_lin_vel: 0.0656
        Episode_Reward/tracking_ang_vel: 0.0073
              Episode_Reward/feet_phase: 0.0381
     Episode_Reward/feet_phase_contrast: 0.0620
     Episode_Reward/feet_contact_number: 0.0301
           Episode_Reward/feet_air_time: 0.0037
             Episode_Reward/under_speed: -0.0062
               Episode_Reward/feet_slip: -0.0003
          Episode_Reward/feet_clearance: -0.0008
               Episode_Reward/lin_vel_z: -0.0019
              Episode_Reward/ang_vel_xy: -0.0351
             Episode_Reward/base_height: -0.0691
             Episode_Reward/orientation: -0.0417
                    Episode_Reward/pose: -0.0006
             Episode_Reward/action_rate: -0.0037
              Episode_Reward/action_acc: -0.0099
           Episode_Termination/time_out: 0.0000
    Episode_Termination/bad_orientation: 1.2500
--------------------------------------------------------------------------------
                         Iteration time: 0.50s
                           Time elapsed: 00:01:18
                                    ETA: 00:00:45

################################################################################
[1m                           Learning iteration 158/250                           [0m 

                            Total steps: 1953792 
                       Steps per second: 24848 
                        Collection time: 0.424s 
                          Learning time: 0.070s 
                        Mean value loss: 0.0303
                    Mean surrogate loss: -0.0094
                      Mean entropy loss: 5.0189
                            Mean reward: 3.44
                    Mean episode length: 122.20
                        Mean action std: 0.40
                reward/tracking_lin_vel: 1.0934
                reward/tracking_ang_vel: 0.1337
                      reward/feet_phase: 0.2843
             reward/feet_phase_contrast: 0.5538
             reward/feet_contact_number: 0.4637
                   reward/feet_air_time: 0.0016
                     reward/under_speed: -0.1739
                       reward/feet_slip: -0.0017
                  reward/feet_clearance: -0.0074
                       reward/lin_vel_z: -0.0024
                      reward/ang_vel_xy: -0.1156
                     reward/base_height: -0.0454
                     reward/orientation: -0.0395
                            reward/pose: -0.0063
                     reward/action_rate: -0.0518
                      reward/action_acc: -0.1452
             Metrics/twist/error_vel_xy: 0.2680
            Metrics/twist/error_vel_yaw: 0.2109
        Episode_Reward/tracking_lin_vel: 0.2000
        Episode_Reward/tracking_ang_vel: 0.0231
              Episode_Reward/feet_phase: 0.0766
     Episode_Reward/feet_phase_contrast: 0.1237
     Episode_Reward/feet_contact_number: 0.0853
           Episode_Reward/feet_air_time: 0.0049
             Episode_Reward/under_speed: -0.0284
               Episode_Reward/feet_slip: -0.0004
          Episode_Reward/feet_clearance: -0.0016
               Episode_Reward/lin_vel_z: -0.0012
              Episode_Reward/ang_vel_xy: -0.0448
             Episode_Reward/base_height: -0.0696
             Episode_Reward/orientation: -0.0354
                    Episode_Reward/pose: -0.0018
             Episode_Reward/action_rate: -0.0096
              Episode_Reward/action_acc: -0.0269
           Episode_Termination/time_out: 0.1250
    Episode_Termination/bad_orientation: 0.8750
--------------------------------------------------------------------------------
                         Iteration time: 0.49s
                           Time elapsed: 00:01:19
                                    ETA: 00:00:45

################################################################################
[1m                           Learning iteration 159/250                           [0m 

                            Total steps: 1966080 
                       Steps per second: 24496 
                        Collection time: 0.432s 
                          Learning time: 0.069s 
                        Mean value loss: 0.0231
                    Mean surrogate loss: -0.0100
                      Mean entropy loss: 4.9884
                            Mean reward: 7.07
                    Mean episode length: 209.78
                        Mean action std: 0.40
                reward/tracking_lin_vel: 1.0935
                reward/tracking_ang_vel: 0.1326
                      reward/feet_phase: 0.2875
             reward/feet_phase_contrast: 0.5539
             reward/feet_contact_number: 0.4673
                   reward/feet_air_time: 0.0003
                     reward/under_speed: -0.1747
                       reward/feet_slip: -0.0018
                  reward/feet_clearance: -0.0075
                       reward/lin_vel_z: -0.0021
                      reward/ang_vel_xy: -0.1053
                     reward/base_height: -0.0208
                     reward/orientation: -0.0290
                            reward/pose: -0.0063
                     reward/action_rate: -0.0523
                      reward/action_acc: -0.1471
--------------------------------------------------------------------------------
                         Iteration time: 0.50s
                           Time elapsed: 00:01:19
                                    ETA: 00:00:44

################################################################################
[1m                           Learning iteration 160/250                           [0m 

                            Total steps: 1978368 
                       Steps per second: 25488 
                        Collection time: 0.410s 
                          Learning time: 0.072s 
                        Mean value loss: 0.0188
                    Mean surrogate loss: -0.0125
                      Mean entropy loss: 4.9608
                            Mean reward: 8.66
                    Mean episode length: 248.40
                        Mean action std: 0.40
                reward/tracking_lin_vel: 1.1042
                reward/tracking_ang_vel: 0.1317
                      reward/feet_phase: 0.3844
             reward/feet_phase_contrast: 0.5727
             reward/feet_contact_number: 0.4622
                   reward/feet_air_time: 0.0018
                     reward/under_speed: -0.1739
                       reward/feet_slip: -0.0018
                  reward/feet_clearance: -0.0074
                       reward/lin_vel_z: -0.0019
                      reward/ang_vel_xy: -0.1024
                     reward/base_height: -0.0070
                     reward/orientation: -0.0258
                            reward/pose: -0.0062
                     reward/action_rate: -0.0518
                      reward/action_acc: -0.1449
             Metrics/twist/error_vel_xy: 0.6228
            Metrics/twist/error_vel_yaw: 0.5001
        Episode_Reward/tracking_lin_vel: 0.9803
        Episode_Reward/tracking_ang_vel: 0.1234
              Episode_Reward/feet_phase: 0.2846
     Episode_Reward/feet_phase_contrast: 0.4899
     Episode_Reward/feet_contact_number: 0.4339
           Episode_Reward/feet_air_time: 0.0032
             Episode_Reward/under_speed: -0.1610
               Episode_Reward/feet_slip: -0.0014
          Episode_Reward/feet_clearance: -0.0067
               Episode_Reward/lin_vel_z: -0.0017
              Episode_Reward/ang_vel_xy: -0.0818
             Episode_Reward/base_height: -0.0067
             Episode_Reward/orientation: -0.0264
                    Episode_Reward/pose: -0.0064
             Episode_Reward/action_rate: -0.0472
              Episode_Reward/action_acc: -0.1355
           Episode_Termination/time_out: 1.2500
    Episode_Termination/bad_orientation: 0.2500
--------------------------------------------------------------------------------
                         Iteration time: 0.48s
                           Time elapsed: 00:01:20
                                    ETA: 00:00:44

################################################################################
[1m                           Learning iteration 161/250                           [0m 

                            Total steps: 1990656 
                       Steps per second: 25825 
                        Collection time: 0.406s 
                          Learning time: 0.070s 
                        Mean value loss: 0.0302
                    Mean surrogate loss: -0.0107
                      Mean entropy loss: 4.9423
                            Mean reward: 9.05
                    Mean episode length: 257.94
                        Mean action std: 0.40
                reward/tracking_lin_vel: 1.1105
                reward/tracking_ang_vel: 0.1324
                      reward/feet_phase: 0.3491
             reward/feet_phase_contrast: 0.5861
             reward/feet_contact_number: 0.4648
                   reward/feet_air_time: 0.0000
                     reward/under_speed: -0.1733
                       reward/feet_slip: -0.0018
                  reward/feet_clearance: -0.0077
                       reward/lin_vel_z: -0.0020
                      reward/ang_vel_xy: -0.1077
                     reward/base_height: -0.0145
                     reward/orientation: -0.0279
                            reward/pose: -0.0062
                     reward/action_rate: -0.0525
                      reward/action_acc: -0.1465
--------------------------------------------------------------------------------
                         Iteration time: 0.48s
                           Time elapsed: 00:01:20
                                    ETA: 00:00:43

################################################################################
[1m                           Learning iteration 162/250                           [0m 

                            Total steps: 2002944 
                       Steps per second: 25545 
                        Collection time: 0.411s 
                          Learning time: 0.070s 
                        Mean value loss: 0.0167
                    Mean surrogate loss: -0.0103
                      Mean entropy loss: 4.9244
                            Mean reward: 10.14
                    Mean episode length: 285.60
                        Mean action std: 0.40
                reward/tracking_lin_vel: 1.1120
                reward/tracking_ang_vel: 0.1313
                      reward/feet_phase: 0.2891
             reward/feet_phase_contrast: 0.5820
             reward/feet_contact_number: 0.4593
                   reward/feet_air_time: 0.0000
                     reward/under_speed: -0.1728
                       reward/feet_slip: -0.0020
                  reward/feet_clearance: -0.0079
                       reward/lin_vel_z: -0.0022
                      reward/ang_vel_xy: -0.1099
                     reward/base_height: -0.0080
                     reward/orientation: -0.0279
                            reward/pose: -0.0063
                     reward/action_rate: -0.0521
                      reward/action_acc: -0.1443
--------------------------------------------------------------------------------
                         Iteration time: 0.48s
                           Time elapsed: 00:01:21
                                    ETA: 00:00:43

################################################################################
[1m                           Learning iteration 163/250                           [0m 

                            Total steps: 2015232 
                       Steps per second: 24674 
                        Collection time: 0.425s 
                          Learning time: 0.073s 
                        Mean value loss: 0.0200
                    Mean surrogate loss: -0.0104
                      Mean entropy loss: 4.9115
                            Mean reward: 10.95
                    Mean episode length: 304.17
                        Mean action std: 0.40
                reward/tracking_lin_vel: 1.1115
                reward/tracking_ang_vel: 0.1317
                      reward/feet_phase: 0.3379
             reward/feet_phase_contrast: 0.5915
             reward/feet_contact_number: 0.4643
                   reward/feet_air_time: 0.0000
                     reward/under_speed: -0.1723
                       reward/feet_slip: -0.0021
                  reward/feet_clearance: -0.0081
                       reward/lin_vel_z: -0.0024
                      reward/ang_vel_xy: -0.1147
                     reward/base_height: -0.0145
                     reward/orientation: -0.0301
                            reward/pose: -0.0062
                     reward/action_rate: -0.0527
                      reward/action_acc: -0.1454
--------------------------------------------------------------------------------
                         Iteration time: 0.50s
                           Time elapsed: 00:01:21
                                    ETA: 00:00:42

################################################################################
[1m                           Learning iteration 164/250                           [0m 

                            Total steps: 2027520 
                       Steps per second: 24382 
                        Collection time: 0.432s 
                          Learning time: 0.072s 
                        Mean value loss: 0.0200
                    Mean surrogate loss: -0.0109
                      Mean entropy loss: 4.8994
                            Mean reward: 11.66
                    Mean episode length: 322.15
                        Mean action std: 0.39
                reward/tracking_lin_vel: 1.1058
                reward/tracking_ang_vel: 0.1296
                      reward/feet_phase: 0.4070
             reward/feet_phase_contrast: 0.5945
             reward/feet_contact_number: 0.4592
                   reward/feet_air_time: 0.0014
                     reward/under_speed: -0.1727
                       reward/feet_slip: -0.0021
                  reward/feet_clearance: -0.0082
                       reward/lin_vel_z: -0.0023
                      reward/ang_vel_xy: -0.1178
                     reward/base_height: -0.0244
                     reward/orientation: -0.0314
                            reward/pose: -0.0062
                     reward/action_rate: -0.0527
                      reward/action_acc: -0.1444
--------------------------------------------------------------------------------
                         Iteration time: 0.50s
                           Time elapsed: 00:01:22
                                    ETA: 00:00:42

################################################################################
[1m                           Learning iteration 165/250                           [0m 

                            Total steps: 2039808 
                       Steps per second: 20324 
                        Collection time: 0.512s 
                          Learning time: 0.093s 
                        Mean value loss: 0.0233
                    Mean surrogate loss: -0.0113
                      Mean entropy loss: 4.8944
                            Mean reward: 11.81
                    Mean episode length: 328.28
                        Mean action std: 0.39
                reward/tracking_lin_vel: 1.1154
                reward/tracking_ang_vel: 0.1296
                      reward/feet_phase: 0.3239
             reward/feet_phase_contrast: 0.6209
             reward/feet_contact_number: 0.4663
                   reward/feet_air_time: 0.0001
                     reward/under_speed: -0.1714
                       reward/feet_slip: -0.0021
                  reward/feet_clearance: -0.0086
                       reward/lin_vel_z: -0.0024
                      reward/ang_vel_xy: -0.1201
                     reward/base_height: -0.0197
                     reward/orientation: -0.0290
                            reward/pose: -0.0063
                     reward/action_rate: -0.0536
                      reward/action_acc: -0.1466
             Metrics/twist/error_vel_xy: 0.2989
            Metrics/twist/error_vel_yaw: 0.2030
        Episode_Reward/tracking_lin_vel: 0.3837
        Episode_Reward/tracking_ang_vel: 0.0484
              Episode_Reward/feet_phase: 0.1021
     Episode_Reward/feet_phase_contrast: 0.1746
     Episode_Reward/feet_contact_number: 0.1716
           Episode_Reward/feet_air_time: 0.0037
             Episode_Reward/under_speed: -0.0649
               Episode_Reward/feet_slip: -0.0005
          Episode_Reward/feet_clearance: -0.0023
               Episode_Reward/lin_vel_z: -0.0015
              Episode_Reward/ang_vel_xy: -0.0474
             Episode_Reward/base_height: -0.0483
             Episode_Reward/orientation: -0.0318
                    Episode_Reward/pose: -0.0027
             Episode_Reward/action_rate: -0.0188
              Episode_Reward/action_acc: -0.0538
           Episode_Termination/time_out: 0.3333
    Episode_Termination/bad_orientation: 0.6667
--------------------------------------------------------------------------------
                         Iteration time: 0.60s
                           Time elapsed: 00:01:22
                                    ETA: 00:00:41

################################################################################
[1m                           Learning iteration 166/250                           [0m 

                            Total steps: 2052096 
                       Steps per second: 22781 
                        Collection time: 0.445s 
                          Learning time: 0.094s 
                        Mean value loss: 4.5385
                    Mean surrogate loss: -0.0087
                      Mean entropy loss: 4.8946
                            Mean reward: 11.81
                    Mean episode length: 328.45
                        Mean action std: 0.40
                reward/tracking_lin_vel: 0.8850
                reward/tracking_ang_vel: 0.1207
                      reward/feet_phase: 0.3489
             reward/feet_phase_contrast: 0.6730
             reward/feet_contact_number: 0.4571
                   reward/feet_air_time: 0.0070
                     reward/under_speed: -0.1538
                       reward/feet_slip: -0.0047
                  reward/feet_clearance: -0.0156
                       reward/lin_vel_z: -0.0078
                      reward/ang_vel_xy: -0.1952
                     reward/base_height: -0.0124
                     reward/orientation: -0.0370
                            reward/pose: -0.0067
                     reward/action_rate: -0.0548
                      reward/action_acc: -0.1466
--------------------------------------------------------------------------------
                         Iteration time: 0.54s
                           Time elapsed: 00:01:23
                                    ETA: 00:00:41

################################################################################
[1m                           Learning iteration 167/250                           [0m 

                            Total steps: 2064384 
                       Steps per second: 29979 
                        Collection time: 0.344s 
                          Learning time: 0.066s 
                        Mean value loss: 0.2080
                    Mean surrogate loss: -0.0099
                      Mean entropy loss: 4.8986
                            Mean reward: 16.42
                    Mean episode length: 461.51
                        Mean action std: 0.40
                reward/tracking_lin_vel: 0.6151
                reward/tracking_ang_vel: 0.0975
                      reward/feet_phase: 0.4889
             reward/feet_phase_contrast: 0.7639
             reward/feet_contact_number: 0.4383
                   reward/feet_air_time: 0.2018
                     reward/under_speed: -0.1146
                       reward/feet_slip: -0.0049
                  reward/feet_clearance: -0.0172
                       reward/lin_vel_z: -0.0384
                      reward/ang_vel_xy: -0.7677
                     reward/base_height: -1.1219
                     reward/orientation: -0.6885
                            reward/pose: -0.0106
                     reward/action_rate: -0.0552
                      reward/action_acc: -0.1473
--------------------------------------------------------------------------------
                         Iteration time: 0.41s
                           Time elapsed: 00:01:23
                                    ETA: 00:00:40

################################################################################
[1m                           Learning iteration 168/250                           [0m 

                            Total steps: 2076672 
                       Steps per second: 25673 
                        Collection time: 0.410s 
                          Learning time: 0.069s 
                        Mean value loss: 0.2620
                    Mean surrogate loss: -0.0106
                      Mean entropy loss: 4.8935
                            Mean reward: 15.73
                    Mean episode length: 440.01
                        Mean action std: 0.39
                reward/tracking_lin_vel: 1.0603
                reward/tracking_ang_vel: 0.1129
                      reward/feet_phase: 0.5542
             reward/feet_phase_contrast: 0.8480
             reward/feet_contact_number: 0.4441
                   reward/feet_air_time: 0.0374
                     reward/under_speed: -0.1325
                       reward/feet_slip: -0.0039
                  reward/feet_clearance: -0.0148
                       reward/lin_vel_z: -0.0156
                      reward/ang_vel_xy: -0.3994
                     reward/base_height: -0.7969
                     reward/orientation: -0.3294
                            reward/pose: -0.0070
                     reward/action_rate: -0.0556
                      reward/action_acc: -0.1480
             Metrics/twist/error_vel_xy: 0.4091
            Metrics/twist/error_vel_yaw: 0.2854
        Episode_Reward/tracking_lin_vel: 0.4530
        Episode_Reward/tracking_ang_vel: 0.0550
              Episode_Reward/feet_phase: 0.1531
     Episode_Reward/feet_phase_contrast: 0.2601
     Episode_Reward/feet_contact_number: 0.1977
           Episode_Reward/feet_air_time: 0.0088
             Episode_Reward/under_speed: -0.0713
               Episode_Reward/feet_slip: -0.0010
          Episode_Reward/feet_clearance: -0.0041
               Episode_Reward/lin_vel_z: -0.0022
              Episode_Reward/ang_vel_xy: -0.0738
             Episode_Reward/base_height: -0.0721
             Episode_Reward/orientation: -0.0454
                    Episode_Reward/pose: -0.0031
             Episode_Reward/action_rate: -0.0226
              Episode_Reward/action_acc: -0.0629
           Episode_Termination/time_out: 0.0000
    Episode_Termination/bad_orientation: 8.0952
--------------------------------------------------------------------------------
                         Iteration time: 0.48s
                           Time elapsed: 00:01:24
                                    ETA: 00:00:40

################################################################################
[1m                           Learning iteration 169/250                           [0m 

                            Total steps: 2088960 
                       Steps per second: 23185 
                        Collection time: 0.461s 
                          Learning time: 0.069s 
                        Mean value loss: 0.1283
                    Mean surrogate loss: -0.0096
                      Mean entropy loss: 4.8851
                            Mean reward: 9.90
                    Mean episode length: 302.10
                        Mean action std: 0.39
                reward/tracking_lin_vel: 1.1110
                reward/tracking_ang_vel: 0.1164
                      reward/feet_phase: 0.4089
             reward/feet_phase_contrast: 0.7730
             reward/feet_contact_number: 0.4576
                   reward/feet_air_time: 0.0224
                     reward/under_speed: -0.1486
                       reward/feet_slip: -0.0035
                  reward/feet_clearance: -0.0113
                       reward/lin_vel_z: -0.0081
                      reward/ang_vel_xy: -0.2526
                     reward/base_height: -0.2972
                     reward/orientation: -0.1835
                            reward/pose: -0.0076
                     reward/action_rate: -0.0558
                      reward/action_acc: -0.1492
             Metrics/twist/error_vel_xy: 0.3474
            Metrics/twist/error_vel_yaw: 0.2143
        Episode_Reward/tracking_lin_vel: 0.1757
        Episode_Reward/tracking_ang_vel: 0.0226
              Episode_Reward/feet_phase: 0.0625
     Episode_Reward/feet_phase_contrast: 0.1051
     Episode_Reward/feet_contact_number: 0.0813
           Episode_Reward/feet_air_time: 0.0038
             Episode_Reward/under_speed: -0.0281
               Episode_Reward/feet_slip: -0.0004
          Episode_Reward/feet_clearance: -0.0016
               Episode_Reward/lin_vel_z: -0.0017
              Episode_Reward/ang_vel_xy: -0.0492
             Episode_Reward/base_height: -0.0684
             Episode_Reward/orientation: -0.0390
                    Episode_Reward/pose: -0.0012
             Episode_Reward/action_rate: -0.0095
              Episode_Reward/action_acc: -0.0261
           Episode_Termination/time_out: 0.0000
    Episode_Termination/bad_orientation: 2.5500
--------------------------------------------------------------------------------
                         Iteration time: 0.53s
                           Time elapsed: 00:01:24
                                    ETA: 00:00:39

################################################################################
[1m                           Learning iteration 170/250                           [0m 

                            Total steps: 2101248 
                       Steps per second: 25306 
                        Collection time: 0.415s 
                          Learning time: 0.071s 
                        Mean value loss: 0.0837
                    Mean surrogate loss: -0.0074
                      Mean entropy loss: 4.8825
                            Mean reward: 2.29
                    Mean episode length: 118.22
                        Mean action std: 0.39
                reward/tracking_lin_vel: 1.1026
                reward/tracking_ang_vel: 0.1204
                      reward/feet_phase: 0.3972
             reward/feet_phase_contrast: 0.7116
             reward/feet_contact_number: 0.4548
                   reward/feet_air_time: 0.0066
                     reward/under_speed: -0.1551
                       reward/feet_slip: -0.0034
                  reward/feet_clearance: -0.0109
                       reward/lin_vel_z: -0.0079
                      reward/ang_vel_xy: -0.2316
                     reward/base_height: -0.2719
                     reward/orientation: -0.1550
                            reward/pose: -0.0071
                     reward/action_rate: -0.0557
                      reward/action_acc: -0.1482
             Metrics/twist/error_vel_xy: 0.3066
            Metrics/twist/error_vel_yaw: 0.2324
        Episode_Reward/tracking_lin_vel: 0.0521
        Episode_Reward/tracking_ang_vel: 0.0061
              Episode_Reward/feet_phase: 0.0319
     Episode_Reward/feet_phase_contrast: 0.0527
     Episode_Reward/feet_contact_number: 0.0277
           Episode_Reward/feet_air_time: 0.0058
             Episode_Reward/under_speed: -0.0067
               Episode_Reward/feet_slip: -0.0003
          Episode_Reward/feet_clearance: -0.0010
               Episode_Reward/lin_vel_z: -0.0016
              Episode_Reward/ang_vel_xy: -0.0383
             Episode_Reward/base_height: -0.0734
             Episode_Reward/orientation: -0.0383
                    Episode_Reward/pose: -0.0006
             Episode_Reward/action_rate: -0.0036
              Episode_Reward/action_acc: -0.0093
           Episode_Termination/time_out: 0.0000
    Episode_Termination/bad_orientation: 2.1739
--------------------------------------------------------------------------------
                         Iteration time: 0.49s
                           Time elapsed: 00:01:25
                                    ETA: 00:00:39

################################################################################
[1m                           Learning iteration 171/250                           [0m 

                            Total steps: 2113536 
                       Steps per second: 24780 
                        Collection time: 0.425s 
                          Learning time: 0.070s 
                        Mean value loss: 0.0617
                    Mean surrogate loss: -0.0104
                      Mean entropy loss: 4.8733
                            Mean reward: 0.88
                    Mean episode length: 76.30
                        Mean action std: 0.39
                reward/tracking_lin_vel: 1.1449
                reward/tracking_ang_vel: 0.1231
                      reward/feet_phase: 0.5046
             reward/feet_phase_contrast: 0.7285
             reward/feet_contact_number: 0.4650
                   reward/feet_air_time: 0.0083
                     reward/under_speed: -0.1579
                       reward/feet_slip: -0.0032
                  reward/feet_clearance: -0.0104
                       reward/lin_vel_z: -0.0054
                      reward/ang_vel_xy: -0.1848
                     reward/base_height: -0.1516
                     reward/orientation: -0.0940
                            reward/pose: -0.0066
                     reward/action_rate: -0.0559
                      reward/action_acc: -0.1484
--------------------------------------------------------------------------------
                         Iteration time: 0.50s
                           Time elapsed: 00:01:25
                                    ETA: 00:00:38

################################################################################
[1m                           Learning iteration 172/250                           [0m 

                            Total steps: 2125824 
                       Steps per second: 24027 
                        Collection time: 0.444s 
                          Learning time: 0.068s 
                        Mean value loss: 0.0542
                    Mean surrogate loss: -0.0094
                      Mean entropy loss: 4.8614
                            Mean reward: 1.65
                    Mean episode length: 85.41
                        Mean action std: 0.39
                reward/tracking_lin_vel: 1.1432
                reward/tracking_ang_vel: 0.1236
                      reward/feet_phase: 0.3871
             reward/feet_phase_contrast: 0.7080
             reward/feet_contact_number: 0.4568
                   reward/feet_air_time: 0.0066
                     reward/under_speed: -0.1612
                       reward/feet_slip: -0.0032
                  reward/feet_clearance: -0.0104
                       reward/lin_vel_z: -0.0050
                      reward/ang_vel_xy: -0.1621
                     reward/base_height: -0.0876
                     reward/orientation: -0.0732
                            reward/pose: -0.0069
                     reward/action_rate: -0.0554
                      reward/action_acc: -0.1470
--------------------------------------------------------------------------------
                         Iteration time: 0.51s
                           Time elapsed: 00:01:26
                                    ETA: 00:00:38

################################################################################
[1m                           Learning iteration 173/250                           [0m 

                            Total steps: 2138112 
                       Steps per second: 24612 
                        Collection time: 0.429s 
                          Learning time: 0.070s 
                        Mean value loss: 0.0614
                    Mean surrogate loss: -0.0098
                      Mean entropy loss: 4.8502
                            Mean reward: 1.83
                    Mean episode length: 83.41
                        Mean action std: 0.39
                reward/tracking_lin_vel: 1.1241
                reward/tracking_ang_vel: 0.1233
                      reward/feet_phase: 0.3373
             reward/feet_phase_contrast: 0.6637
             reward/feet_contact_number: 0.4613
                   reward/feet_air_time: 0.0029
                     reward/under_speed: -0.1653
                       reward/feet_slip: -0.0031
                  reward/feet_clearance: -0.0099
                       reward/lin_vel_z: -0.0040
                      reward/ang_vel_xy: -0.1545
                     reward/base_height: -0.0676
                     reward/orientation: -0.0617
                            reward/pose: -0.0066
                     reward/action_rate: -0.0561
                      reward/action_acc: -0.1494
             Metrics/twist/error_vel_xy: 0.1946
            Metrics/twist/error_vel_yaw: 0.2114
        Episode_Reward/tracking_lin_vel: 0.0796
        Episode_Reward/tracking_ang_vel: 0.0066
              Episode_Reward/feet_phase: 0.0527
     Episode_Reward/feet_phase_contrast: 0.0835
     Episode_Reward/feet_contact_number: 0.0323
           Episode_Reward/feet_air_time: 0.0033
             Episode_Reward/under_speed: -0.0047
               Episode_Reward/feet_slip: -0.0005
          Episode_Reward/feet_clearance: -0.0011
               Episode_Reward/lin_vel_z: -0.0019
              Episode_Reward/ang_vel_xy: -0.0386
             Episode_Reward/base_height: -0.0567
             Episode_Reward/orientation: -0.0387
                    Episode_Reward/pose: -0.0006
             Episode_Reward/action_rate: -0.0042
              Episode_Reward/action_acc: -0.0102
           Episode_Termination/time_out: 0.0000
    Episode_Termination/bad_orientation: 1.2727
--------------------------------------------------------------------------------
                         Iteration time: 0.50s
                           Time elapsed: 00:01:26
                                    ETA: 00:00:37

################################################################################
[1m                           Learning iteration 174/250                           [0m 

                            Total steps: 2150400 
                       Steps per second: 24252 
                        Collection time: 0.437s 
                          Learning time: 0.070s 
                        Mean value loss: 0.0288
                    Mean surrogate loss: -0.0105
                      Mean entropy loss: 4.8278
                            Mean reward: 2.04
                    Mean episode length: 87.09
                        Mean action std: 0.39
                reward/tracking_lin_vel: 1.1385
                reward/tracking_ang_vel: 0.1234
                      reward/feet_phase: 0.4264
             reward/feet_phase_contrast: 0.6806
             reward/feet_contact_number: 0.4648
                   reward/feet_air_time: 0.0004
                     reward/under_speed: -0.1659
                       reward/feet_slip: -0.0032
                  reward/feet_clearance: -0.0103
                       reward/lin_vel_z: -0.0037
                      reward/ang_vel_xy: -0.1527
                     reward/base_height: -0.0744
                     reward/orientation: -0.0523
                            reward/pose: -0.0065
                     reward/action_rate: -0.0564
                      reward/action_acc: -0.1493
             Metrics/twist/error_vel_xy: 0.3031
            Metrics/twist/error_vel_yaw: 0.2337
        Episode_Reward/tracking_lin_vel: 0.0804
        Episode_Reward/tracking_ang_vel: 0.0087
              Episode_Reward/feet_phase: 0.0436
     Episode_Reward/feet_phase_contrast: 0.0705
     Episode_Reward/feet_contact_number: 0.0364
           Episode_Reward/feet_air_time: 0.0041
             Episode_Reward/under_speed: -0.0102
               Episode_Reward/feet_slip: -0.0004
          Episode_Reward/feet_clearance: -0.0012
               Episode_Reward/lin_vel_z: -0.0017
              Episode_Reward/ang_vel_xy: -0.0433
             Episode_Reward/base_height: -0.0727
             Episode_Reward/orientation: -0.0387
                    Episode_Reward/pose: -0.0007
             Episode_Reward/action_rate: -0.0054
              Episode_Reward/action_acc: -0.0128
           Episode_Termination/time_out: 0.0000
    Episode_Termination/bad_orientation: 1.0000
--------------------------------------------------------------------------------
                         Iteration time: 0.51s
                           Time elapsed: 00:01:27
                                    ETA: 00:00:37

################################################################################
[1m                           Learning iteration 175/250                           [0m 

                            Total steps: 2162688 
                       Steps per second: 26107 
                        Collection time: 0.401s 
                          Learning time: 0.070s 
                        Mean value loss: 0.0251
                    Mean surrogate loss: -0.0107
                      Mean entropy loss: 4.7946
                            Mean reward: 1.97
                    Mean episode length: 86.50
                        Mean action std: 0.39
                reward/tracking_lin_vel: 1.1564
                reward/tracking_ang_vel: 0.1216
                      reward/feet_phase: 0.4578
             reward/feet_phase_contrast: 0.7036
             reward/feet_contact_number: 0.4635
                   reward/feet_air_time: 0.0008
                     reward/under_speed: -0.1649
                       reward/feet_slip: -0.0032
                  reward/feet_clearance: -0.0105
                       reward/lin_vel_z: -0.0030
                      reward/ang_vel_xy: -0.1414
                     reward/base_height: -0.0264
                     reward/orientation: -0.0341
                            reward/pose: -0.0064
                     reward/action_rate: -0.0569
                      reward/action_acc: -0.1500
             Metrics/twist/error_vel_xy: 0.2320
            Metrics/twist/error_vel_yaw: 0.1564
        Episode_Reward/tracking_lin_vel: 0.0448
        Episode_Reward/tracking_ang_vel: 0.0054
              Episode_Reward/feet_phase: 0.0314
     Episode_Reward/feet_phase_contrast: 0.0487
     Episode_Reward/feet_contact_number: 0.0247
           Episode_Reward/feet_air_time: 0.0002
             Episode_Reward/under_speed: -0.0045
               Episode_Reward/feet_slip: -0.0005
          Episode_Reward/feet_clearance: -0.0008
               Episode_Reward/lin_vel_z: -0.0019
              Episode_Reward/ang_vel_xy: -0.0447
             Episode_Reward/base_height: -0.0703
             Episode_Reward/orientation: -0.0373
                    Episode_Reward/pose: -0.0005
             Episode_Reward/action_rate: -0.0035
              Episode_Reward/action_acc: -0.0080
           Episode_Termination/time_out: 0.0000
    Episode_Termination/bad_orientation: 1.0000
--------------------------------------------------------------------------------
                         Iteration time: 0.47s
                           Time elapsed: 00:01:27
                                    ETA: 00:00:36

################################################################################
[1m                           Learning iteration 176/250                           [0m 

                            Total steps: 2174976 
                       Steps per second: 25203 
                        Collection time: 0.421s 
                          Learning time: 0.067s 
                        Mean value loss: 0.0253
                    Mean surrogate loss: -0.0089
                      Mean entropy loss: 4.7715
                            Mean reward: 6.34
                    Mean episode length: 181.54
                        Mean action std: 0.39
                reward/tracking_lin_vel: 1.1631
                reward/tracking_ang_vel: 0.1206
                      reward/feet_phase: 0.3613
             reward/feet_phase_contrast: 0.7146
             reward/feet_contact_number: 0.4542
                   reward/feet_air_time: 0.0013
                     reward/under_speed: -0.1640
                       reward/feet_slip: -0.0036
                  reward/feet_clearance: -0.0110
                       reward/lin_vel_z: -0.0034
                      reward/ang_vel_xy: -0.1459
                     reward/base_height: -0.0356
                     reward/orientation: -0.0358
                            reward/pose: -0.0065
                     reward/action_rate: -0.0572
                      reward/action_acc: -0.1490
--------------------------------------------------------------------------------
                         Iteration time: 0.49s
                           Time elapsed: 00:01:28
                                    ETA: 00:00:36

################################################################################
[1m                           Learning iteration 177/250                           [0m 

                            Total steps: 2187264 
                       Steps per second: 24615 
                        Collection time: 0.430s 
                          Learning time: 0.069s 
                        Mean value loss: 0.0188
                    Mean surrogate loss: -0.0113
                      Mean entropy loss: 4.7546
                            Mean reward: 6.85
                    Mean episode length: 191.45
                        Mean action std: 0.39
                reward/tracking_lin_vel: 1.1680
                reward/tracking_ang_vel: 0.1199
                      reward/feet_phase: 0.3846
             reward/feet_phase_contrast: 0.7320
             reward/feet_contact_number: 0.4615
                   reward/feet_air_time: 0.0008
                     reward/under_speed: -0.1638
                       reward/feet_slip: -0.0036
                  reward/feet_clearance: -0.0111
                       reward/lin_vel_z: -0.0028
                      reward/ang_vel_xy: -0.1453
                     reward/base_height: -0.0177
                     reward/orientation: -0.0281
                            reward/pose: -0.0064
                     reward/action_rate: -0.0579
                      reward/action_acc: -0.1506
--------------------------------------------------------------------------------
                         Iteration time: 0.50s
                           Time elapsed: 00:01:28
                                    ETA: 00:00:35

################################################################################
[1m                           Learning iteration 178/250                           [0m 

                            Total steps: 2199552 
                       Steps per second: 25635 
                        Collection time: 0.412s 
                          Learning time: 0.067s 
                        Mean value loss: 0.0345
                    Mean surrogate loss: -0.0114
                      Mean entropy loss: 4.7357
                            Mean reward: 8.86
                    Mean episode length: 238.54
                        Mean action std: 0.39
                reward/tracking_lin_vel: 1.1814
                reward/tracking_ang_vel: 0.1186
                      reward/feet_phase: 0.5236
             reward/feet_phase_contrast: 0.7605
             reward/feet_contact_number: 0.4621
                   reward/feet_air_time: 0.0002
                     reward/under_speed: -0.1621
                       reward/feet_slip: -0.0040
                  reward/feet_clearance: -0.0118
                       reward/lin_vel_z: -0.0027
                      reward/ang_vel_xy: -0.1440
                     reward/base_height: -0.0037
                     reward/orientation: -0.0232
                            reward/pose: -0.0065
                     reward/action_rate: -0.0592
                      reward/action_acc: -0.1523
--------------------------------------------------------------------------------
                         Iteration time: 0.48s
                           Time elapsed: 00:01:29
                                    ETA: 00:00:35

################################################################################
[1m                           Learning iteration 179/250                           [0m 

                            Total steps: 2211840 
                       Steps per second: 23938 
                        Collection time: 0.428s 
                          Learning time: 0.085s 
                        Mean value loss: 0.0255
                    Mean surrogate loss: -0.0111
                      Mean entropy loss: 4.7050
                            Mean reward: 8.85
                    Mean episode length: 238.39
                        Mean action std: 0.39
                reward/tracking_lin_vel: 1.1961
                reward/tracking_ang_vel: 0.1173
                      reward/feet_phase: 0.4396
             reward/feet_phase_contrast: 0.7771
             reward/feet_contact_number: 0.4639
                   reward/feet_air_time: 0.0000
                     reward/under_speed: -0.1611
                       reward/feet_slip: -0.0040
                  reward/feet_clearance: -0.0122
                       reward/lin_vel_z: -0.0030
                      reward/ang_vel_xy: -0.1414
                     reward/base_height: -0.0073
                     reward/orientation: -0.0231
                            reward/pose: -0.0065
                     reward/action_rate: -0.0586
                      reward/action_acc: -0.1494
--------------------------------------------------------------------------------
                         Iteration time: 0.51s
                           Time elapsed: 00:01:29
                                    ETA: 00:00:34

################################################################################
[1m                           Learning iteration 180/250                           [0m 

                            Total steps: 2224128 
                       Steps per second: 25759 
                        Collection time: 0.405s 
                          Learning time: 0.072s 
                        Mean value loss: 0.0234
                    Mean surrogate loss: -0.0098
                      Mean entropy loss: 4.6876
                            Mean reward: 8.93
                    Mean episode length: 238.90
                        Mean action std: 0.39
                reward/tracking_lin_vel: 1.2116
                reward/tracking_ang_vel: 0.1150
                      reward/feet_phase: 0.3940
             reward/feet_phase_contrast: 0.7922
             reward/feet_contact_number: 0.4565
                   reward/feet_air_time: 0.0001
                     reward/under_speed: -0.1593
                       reward/feet_slip: -0.0046
                  reward/feet_clearance: -0.0129
                       reward/lin_vel_z: -0.0032
                      reward/ang_vel_xy: -0.1517
                     reward/base_height: -0.0095
                     reward/orientation: -0.0258
                            reward/pose: -0.0067
                     reward/action_rate: -0.0606
                      reward/action_acc: -0.1528
--------------------------------------------------------------------------------
                         Iteration time: 0.48s
                           Time elapsed: 00:01:30
                                    ETA: 00:00:34

################################################################################
[1m                           Learning iteration 181/250                           [0m 

                            Total steps: 2236416 
                       Steps per second: 25446 
                        Collection time: 0.411s 
                          Learning time: 0.072s 
                        Mean value loss: 0.0200
                    Mean surrogate loss: -0.0103
                      Mean entropy loss: 4.6763
                            Mean reward: 8.96
                    Mean episode length: 238.92
                        Mean action std: 0.39
                reward/tracking_lin_vel: 1.2168
                reward/tracking_ang_vel: 0.1119
                      reward/feet_phase: 0.4784
             reward/feet_phase_contrast: 0.7979
             reward/feet_contact_number: 0.4555
                   reward/feet_air_time: 0.0000
                     reward/under_speed: -0.1584
                       reward/feet_slip: -0.0049
                  reward/feet_clearance: -0.0135
                       reward/lin_vel_z: -0.0032
                      reward/ang_vel_xy: -0.1559
                     reward/base_height: -0.0042
                     reward/orientation: -0.0218
                            reward/pose: -0.0066
                     reward/action_rate: -0.0609
                      reward/action_acc: -0.1512
             Metrics/twist/error_vel_xy: 0.1129
            Metrics/twist/error_vel_yaw: 0.1461
        Episode_Reward/tracking_lin_vel: 0.0397
        Episode_Reward/tracking_ang_vel: 0.0027
              Episode_Reward/feet_phase: 0.0419
     Episode_Reward/feet_phase_contrast: 0.0644
     Episode_Reward/feet_contact_number: 0.0227
           Episode_Reward/feet_air_time: 0.0000
             Episode_Reward/under_speed: -0.0001
               Episode_Reward/feet_slip: -0.0006
          Episode_Reward/feet_clearance: -0.0011
               Episode_Reward/lin_vel_z: -0.0023
              Episode_Reward/ang_vel_xy: -0.0364
             Episode_Reward/base_height: -0.0421
             Episode_Reward/orientation: -0.0318
                    Episode_Reward/pose: -0.0005
             Episode_Reward/action_rate: -0.0031
              Episode_Reward/action_acc: -0.0068
           Episode_Termination/time_out: 0.0000
    Episode_Termination/bad_orientation: 1.0000
--------------------------------------------------------------------------------
                         Iteration time: 0.48s
                           Time elapsed: 00:01:30
                                    ETA: 00:00:33

################################################################################
[1m                           Learning iteration 182/250                           [0m 

                            Total steps: 2248704 
                       Steps per second: 25670 
                        Collection time: 0.410s 
                          Learning time: 0.069s 
                        Mean value loss: 0.0268
                    Mean surrogate loss: -0.0112
                      Mean entropy loss: 4.6679
                            Mean reward: 10.28
                    Mean episode length: 266.89
                        Mean action std: 0.39
                reward/tracking_lin_vel: 1.2290
                reward/tracking_ang_vel: 0.1114
                      reward/feet_phase: 0.5469
             reward/feet_phase_contrast: 0.8170
             reward/feet_contact_number: 0.4557
                   reward/feet_air_time: 0.0000
                     reward/under_speed: -0.1566
                       reward/feet_slip: -0.0051
                  reward/feet_clearance: -0.0137
                       reward/lin_vel_z: -0.0034
                      reward/ang_vel_xy: -0.1582
                     reward/base_height: -0.0034
                     reward/orientation: -0.0217
                            reward/pose: -0.0065
                     reward/action_rate: -0.0616
                      reward/action_acc: -0.1521
--------------------------------------------------------------------------------
                         Iteration time: 0.48s
                           Time elapsed: 00:01:30
                                    ETA: 00:00:33

################################################################################
[1m                           Learning iteration 183/250                           [0m 

                            Total steps: 2260992 
                       Steps per second: 29734 
                        Collection time: 0.347s 
                          Learning time: 0.066s 
                        Mean value loss: 3.8858
                    Mean surrogate loss: -0.0090
                      Mean entropy loss: 4.6559
                            Mean reward: 10.41
                    Mean episode length: 269.72
                        Mean action std: 0.39
                reward/tracking_lin_vel: 0.7635
                reward/tracking_ang_vel: 0.0960
                      reward/feet_phase: 0.4347
             reward/feet_phase_contrast: 0.8459
             reward/feet_contact_number: 0.4507
                   reward/feet_air_time: 0.0743
                     reward/under_speed: -0.1223
                       reward/feet_slip: -0.0083
                  reward/feet_clearance: -0.0222
                       reward/lin_vel_z: -0.0178
                      reward/ang_vel_xy: -0.3590
                     reward/base_height: -0.0358
                     reward/orientation: -0.1333
                            reward/pose: -0.0084
                     reward/action_rate: -0.0651
                      reward/action_acc: -0.1579
--------------------------------------------------------------------------------
                         Iteration time: 0.41s
                           Time elapsed: 00:01:31
                                    ETA: 00:00:32

################################################################################
[1m                           Learning iteration 184/250                           [0m 

                            Total steps: 2273280 
                       Steps per second: 27096 
                        Collection time: 0.389s 
                          Learning time: 0.064s 
                        Mean value loss: 0.2117
                    Mean surrogate loss: -0.0124
                      Mean entropy loss: 4.6453
                            Mean reward: 19.04
                    Mean episode length: 474.50
                        Mean action std: 0.39
                reward/tracking_lin_vel: 0.7708
                reward/tracking_ang_vel: 0.0920
                      reward/feet_phase: 0.4750
             reward/feet_phase_contrast: 0.8489
             reward/feet_contact_number: 0.4302
                   reward/feet_air_time: 0.1685
                     reward/under_speed: -0.1076
                       reward/feet_slip: -0.0069
                  reward/feet_clearance: -0.0224
                       reward/lin_vel_z: -0.0413
                      reward/ang_vel_xy: -0.8445
                     reward/base_height: -1.4889
                     reward/orientation: -0.7447
                            reward/pose: -0.0099
                     reward/action_rate: -0.0629
                      reward/action_acc: -0.1520
             Metrics/twist/error_vel_xy: 0.3560
            Metrics/twist/error_vel_yaw: 0.2860
        Episode_Reward/tracking_lin_vel: 0.4705
        Episode_Reward/tracking_ang_vel: 0.0494
              Episode_Reward/feet_phase: 0.1813
     Episode_Reward/feet_phase_contrast: 0.3122
     Episode_Reward/feet_contact_number: 0.1924
           Episode_Reward/feet_air_time: 0.0076
             Episode_Reward/under_speed: -0.0657
               Episode_Reward/feet_slip: -0.0017
          Episode_Reward/feet_clearance: -0.0052
               Episode_Reward/lin_vel_z: -0.0033
              Episode_Reward/ang_vel_xy: -0.0909
             Episode_Reward/base_height: -0.0593
             Episode_Reward/orientation: -0.0398
                    Episode_Reward/pose: -0.0030
             Episode_Reward/action_rate: -0.0241
              Episode_Reward/action_acc: -0.0627
           Episode_Termination/time_out: 0.0000
    Episode_Termination/bad_orientation: 11.6250
--------------------------------------------------------------------------------
                         Iteration time: 0.45s
                           Time elapsed: 00:01:31
                                    ETA: 00:00:32

################################################################################
[1m                           Learning iteration 185/250                           [0m 

                            Total steps: 2285568 
                       Steps per second: 26785 
                        Collection time: 0.392s 
                          Learning time: 0.067s 
                        Mean value loss: 0.1992
                    Mean surrogate loss: -0.0094
                      Mean entropy loss: 4.6509
                            Mean reward: 19.33
                    Mean episode length: 483.05
                        Mean action std: 0.39
                reward/tracking_lin_vel: 1.1969
                reward/tracking_ang_vel: 0.1038
                      reward/feet_phase: 0.6515
             reward/feet_phase_contrast: 0.9683
             reward/feet_contact_number: 0.4594
                   reward/feet_air_time: 0.0242
                     reward/under_speed: -0.1275
                       reward/feet_slip: -0.0061
                  reward/feet_clearance: -0.0177
                       reward/lin_vel_z: -0.0106
                      reward/ang_vel_xy: -0.3251
                     reward/base_height: -0.4275
                     reward/orientation: -0.1898
                            reward/pose: -0.0069
                     reward/action_rate: -0.0664
                      reward/action_acc: -0.1594
             Metrics/twist/error_vel_xy: 0.3982
            Metrics/twist/error_vel_yaw: 0.3534
        Episode_Reward/tracking_lin_vel: 0.5490
        Episode_Reward/tracking_ang_vel: 0.0576
              Episode_Reward/feet_phase: 0.2025
     Episode_Reward/feet_phase_contrast: 0.3459
     Episode_Reward/feet_contact_number: 0.2242
           Episode_Reward/feet_air_time: 0.0094
             Episode_Reward/under_speed: -0.0768
               Episode_Reward/feet_slip: -0.0017
          Episode_Reward/feet_clearance: -0.0056
               Episode_Reward/lin_vel_z: -0.0025
              Episode_Reward/ang_vel_xy: -0.0957
             Episode_Reward/base_height: -0.0734
             Episode_Reward/orientation: -0.0466
                    Episode_Reward/pose: -0.0037
             Episode_Reward/action_rate: -0.0279
              Episode_Reward/action_acc: -0.0730
           Episode_Termination/time_out: 0.0000
    Episode_Termination/bad_orientation: 4.1364
--------------------------------------------------------------------------------
                         Iteration time: 0.46s
                           Time elapsed: 00:01:32
                                    ETA: 00:00:31

################################################################################
[1m                           Learning iteration 186/250                           [0m 

                            Total steps: 2297856 
                       Steps per second: 26315 
                        Collection time: 0.397s 
                          Learning time: 0.070s 
                        Mean value loss: 0.1282
                    Mean surrogate loss: -0.0116
                      Mean entropy loss: 4.6513
                            Mean reward: 15.14
                    Mean episode length: 395.76
                        Mean action std: 0.39
                reward/tracking_lin_vel: 1.2126
                reward/tracking_ang_vel: 0.1018
                      reward/feet_phase: 0.5454
             reward/feet_phase_contrast: 0.9148
             reward/feet_contact_number: 0.4464
                   reward/feet_air_time: 0.0105
                     reward/under_speed: -0.1390
                       reward/feet_slip: -0.0066
                  reward/feet_clearance: -0.0173
                       reward/lin_vel_z: -0.0083
                      reward/ang_vel_xy: -0.2567
                     reward/base_height: -0.1726
                     reward/orientation: -0.1198
                            reward/pose: -0.0077
                     reward/action_rate: -0.0683
                      reward/action_acc: -0.1618
--------------------------------------------------------------------------------
                         Iteration time: 0.47s
                           Time elapsed: 00:01:32
                                    ETA: 00:00:31

################################################################################
[1m                           Learning iteration 187/250                           [0m 

                            Total steps: 2310144 
                       Steps per second: 24476 
                        Collection time: 0.433s 
                          Learning time: 0.069s 
                        Mean value loss: 0.0988
                    Mean surrogate loss: -0.0110
                      Mean entropy loss: 4.6501
                            Mean reward: 8.58
                    Mean episode length: 251.13
                        Mean action std: 0.39
                reward/tracking_lin_vel: 1.2249
                reward/tracking_ang_vel: 0.1052
                      reward/feet_phase: 0.4689
             reward/feet_phase_contrast: 0.9119
             reward/feet_contact_number: 0.4543
                   reward/feet_air_time: 0.0068
                     reward/under_speed: -0.1418
                       reward/feet_slip: -0.0067
                  reward/feet_clearance: -0.0167
                       reward/lin_vel_z: -0.0078
                      reward/ang_vel_xy: -0.2536
                     reward/base_height: -0.1541
                     reward/orientation: -0.0990
                            reward/pose: -0.0072
                     reward/action_rate: -0.0682
                      reward/action_acc: -0.1613
             Metrics/twist/error_vel_xy: 0.2703
            Metrics/twist/error_vel_yaw: 0.3226
        Episode_Reward/tracking_lin_vel: 0.1025
        Episode_Reward/tracking_ang_vel: 0.0085
              Episode_Reward/feet_phase: 0.0576
     Episode_Reward/feet_phase_contrast: 0.0925
     Episode_Reward/feet_contact_number: 0.0414
           Episode_Reward/feet_air_time: 0.0037
             Episode_Reward/under_speed: -0.0092
               Episode_Reward/feet_slip: -0.0010
          Episode_Reward/feet_clearance: -0.0018
               Episode_Reward/lin_vel_z: -0.0024
              Episode_Reward/ang_vel_xy: -0.0536
             Episode_Reward/base_height: -0.0580
             Episode_Reward/orientation: -0.0391
                    Episode_Reward/pose: -0.0008
             Episode_Reward/action_rate: -0.0076
              Episode_Reward/action_acc: -0.0165
           Episode_Termination/time_out: 0.0000
    Episode_Termination/bad_orientation: 1.9444
--------------------------------------------------------------------------------
                         Iteration time: 0.50s
                           Time elapsed: 00:01:33
                                    ETA: 00:00:30

################################################################################
[1m                           Learning iteration 188/250                           [0m 

                            Total steps: 2322432 
                       Steps per second: 21559 
                        Collection time: 0.477s 
                          Learning time: 0.093s 
                        Mean value loss: 0.0676
                    Mean surrogate loss: -0.0106
                      Mean entropy loss: 4.6439
                            Mean reward: 6.23
                    Mean episode length: 198.73
                        Mean action std: 0.39
                reward/tracking_lin_vel: 1.2354
                reward/tracking_ang_vel: 0.1042
                      reward/feet_phase: 0.5234
             reward/feet_phase_contrast: 0.9044
             reward/feet_contact_number: 0.4538
                   reward/feet_air_time: 0.0042
                     reward/under_speed: -0.1443
                       reward/feet_slip: -0.0064
                  reward/feet_clearance: -0.0166
                       reward/lin_vel_z: -0.0062
                      reward/ang_vel_xy: -0.2250
                     reward/base_height: -0.0858
                     reward/orientation: -0.0717
                            reward/pose: -0.0072
                     reward/action_rate: -0.0684
                      reward/action_acc: -0.1629
--------------------------------------------------------------------------------
                         Iteration time: 0.57s
                           Time elapsed: 00:01:33
                                    ETA: 00:00:30

################################################################################
[1m                           Learning iteration 189/250                           [0m 

                            Total steps: 2334720 
                       Steps per second: 20830 
                        Collection time: 0.501s 
                          Learning time: 0.089s 
                        Mean value loss: 0.0453
                    Mean surrogate loss: -0.0104
                      Mean entropy loss: 4.6344
                            Mean reward: 3.86
                    Mean episode length: 144.42
                        Mean action std: 0.38
                reward/tracking_lin_vel: 1.2618
                reward/tracking_ang_vel: 0.1043
                      reward/feet_phase: 0.6341
             reward/feet_phase_contrast: 0.9266
             reward/feet_contact_number: 0.4575
                   reward/feet_air_time: 0.0012
                     reward/under_speed: -0.1446
                       reward/feet_slip: -0.0065
                  reward/feet_clearance: -0.0165
                       reward/lin_vel_z: -0.0056
                      reward/ang_vel_xy: -0.2055
                     reward/base_height: -0.0768
                     reward/orientation: -0.0541
                            reward/pose: -0.0071
                     reward/action_rate: -0.0674
                      reward/action_acc: -0.1603
             Metrics/twist/error_vel_xy: 0.3029
            Metrics/twist/error_vel_yaw: 0.3270
        Episode_Reward/tracking_lin_vel: 0.0867
        Episode_Reward/tracking_ang_vel: 0.0077
              Episode_Reward/feet_phase: 0.0537
     Episode_Reward/feet_phase_contrast: 0.0834
     Episode_Reward/feet_contact_number: 0.0353
           Episode_Reward/feet_air_time: 0.0087
             Episode_Reward/under_speed: -0.0087
               Episode_Reward/feet_slip: -0.0006
          Episode_Reward/feet_clearance: -0.0015
               Episode_Reward/lin_vel_z: -0.0018
              Episode_Reward/ang_vel_xy: -0.0474
             Episode_Reward/base_height: -0.0703
             Episode_Reward/orientation: -0.0403
                    Episode_Reward/pose: -0.0010
             Episode_Reward/action_rate: -0.0063
              Episode_Reward/action_acc: -0.0140
           Episode_Termination/time_out: 0.0000
    Episode_Termination/bad_orientation: 1.4000
--------------------------------------------------------------------------------
                         Iteration time: 0.59s
                           Time elapsed: 00:01:34
                                    ETA: 00:00:29

################################################################################
[1m                           Learning iteration 190/250                           [0m 

                            Total steps: 2347008 
                       Steps per second: 23703 
                        Collection time: 0.446s 
                          Learning time: 0.072s 
                        Mean value loss: 0.0567
                    Mean surrogate loss: -0.0095
                      Mean entropy loss: 4.6209
                            Mean reward: 3.79
                    Mean episode length: 141.86
                        Mean action std: 0.38
                reward/tracking_lin_vel: 1.2795
                reward/tracking_ang_vel: 0.1054
                      reward/feet_phase: 0.4861
             reward/feet_phase_contrast: 0.9194
             reward/feet_contact_number: 0.4591
                   reward/feet_air_time: 0.0020
                     reward/under_speed: -0.1453
                       reward/feet_slip: -0.0064
                  reward/feet_clearance: -0.0166
                       reward/lin_vel_z: -0.0047
                      reward/ang_vel_xy: -0.1804
                     reward/base_height: -0.0105
                     reward/orientation: -0.0297
                            reward/pose: -0.0072
                     reward/action_rate: -0.0684
                      reward/action_acc: -0.1618
             Metrics/twist/error_vel_xy: 0.2152
            Metrics/twist/error_vel_yaw: 0.3773
        Episode_Reward/tracking_lin_vel: 0.0968
        Episode_Reward/tracking_ang_vel: 0.0050
              Episode_Reward/feet_phase: 0.0563
     Episode_Reward/feet_phase_contrast: 0.0949
     Episode_Reward/feet_contact_number: 0.0365
           Episode_Reward/feet_air_time: 0.0000
             Episode_Reward/under_speed: -0.0047
               Episode_Reward/feet_slip: -0.0011
          Episode_Reward/feet_clearance: -0.0018
               Episode_Reward/lin_vel_z: -0.0022
              Episode_Reward/ang_vel_xy: -0.0472
             Episode_Reward/base_height: -0.0573
             Episode_Reward/orientation: -0.0387
                    Episode_Reward/pose: -0.0009
             Episode_Reward/action_rate: -0.0071
              Episode_Reward/action_acc: -0.0144
           Episode_Termination/time_out: 0.0000
    Episode_Termination/bad_orientation: 1.5000
--------------------------------------------------------------------------------
                         Iteration time: 0.52s
                           Time elapsed: 00:01:34
                                    ETA: 00:00:29

################################################################################
[1m                           Learning iteration 191/250                           [0m 

                            Total steps: 2359296 
                       Steps per second: 25486 
                        Collection time: 0.414s 
                          Learning time: 0.068s 
                        Mean value loss: 0.0406
                    Mean surrogate loss: -0.0109
                      Mean entropy loss: 4.6143
                            Mean reward: 2.70
                    Mean episode length: 115.12
                        Mean action std: 0.38
                reward/tracking_lin_vel: 1.2655
                reward/tracking_ang_vel: 0.1039
                      reward/feet_phase: 0.4669
             reward/feet_phase_contrast: 0.9138
             reward/feet_contact_number: 0.4575
                   reward/feet_air_time: 0.0018
                     reward/under_speed: -0.1458
                       reward/feet_slip: -0.0067
                  reward/feet_clearance: -0.0170
                       reward/lin_vel_z: -0.0053
                      reward/ang_vel_xy: -0.1976
                     reward/base_height: -0.0377
                     reward/orientation: -0.0421
                            reward/pose: -0.0073
                     reward/action_rate: -0.0688
                      reward/action_acc: -0.1626
--------------------------------------------------------------------------------
                         Iteration time: 0.48s
                           Time elapsed: 00:01:35
                                    ETA: 00:00:28

################################################################################
[1m                           Learning iteration 192/250                           [0m 

                            Total steps: 2371584 
                       Steps per second: 25127 
                        Collection time: 0.419s 
                          Learning time: 0.070s 
                        Mean value loss: 0.0508
                    Mean surrogate loss: -0.0103
                      Mean entropy loss: 4.6076
                            Mean reward: 5.63
                    Mean episode length: 168.24
                        Mean action std: 0.38
                reward/tracking_lin_vel: 1.2699
                reward/tracking_ang_vel: 0.1024
                      reward/feet_phase: 0.6039
             reward/feet_phase_contrast: 0.9239
             reward/feet_contact_number: 0.4559
                   reward/feet_air_time: 0.0013
                     reward/under_speed: -0.1457
                       reward/feet_slip: -0.0071
                  reward/feet_clearance: -0.0175
                       reward/lin_vel_z: -0.0050
                      reward/ang_vel_xy: -0.1927
                     reward/base_height: -0.0156
                     reward/orientation: -0.0324
                            reward/pose: -0.0072
                     reward/action_rate: -0.0697
                      reward/action_acc: -0.1638
--------------------------------------------------------------------------------
                         Iteration time: 0.49s
                           Time elapsed: 00:01:35
                                    ETA: 00:00:28

################################################################################
[1m                           Learning iteration 193/250                           [0m 

                            Total steps: 2383872 
                       Steps per second: 25327 
                        Collection time: 0.414s 
                          Learning time: 0.071s 
                        Mean value loss: 0.0375
                    Mean surrogate loss: -0.0101
                      Mean entropy loss: 4.6031
                            Mean reward: 11.05
                    Mean episode length: 269.73
                        Mean action std: 0.38
                reward/tracking_lin_vel: 1.2834
                reward/tracking_ang_vel: 0.1033
                      reward/feet_phase: 0.5944
             reward/feet_phase_contrast: 0.9509
             reward/feet_contact_number: 0.4557
                   reward/feet_air_time: 0.0008
                     reward/under_speed: -0.1420
                       reward/feet_slip: -0.0074
                  reward/feet_clearance: -0.0180
                       reward/lin_vel_z: -0.0058
                      reward/ang_vel_xy: -0.2004
                     reward/base_height: -0.0349
                     reward/orientation: -0.0382
                            reward/pose: -0.0071
                     reward/action_rate: -0.0689
                      reward/action_acc: -0.1603
--------------------------------------------------------------------------------
                         Iteration time: 0.49s
                           Time elapsed: 00:01:36
                                    ETA: 00:00:27

################################################################################
[1m                           Learning iteration 194/250                           [0m 

                            Total steps: 2396160 
                       Steps per second: 24731 
                        Collection time: 0.418s 
                          Learning time: 0.079s 
                        Mean value loss: 0.0494
                    Mean surrogate loss: -0.0083
                      Mean entropy loss: 4.5830
                            Mean reward: 13.71
                    Mean episode length: 323.05
                        Mean action std: 0.38
                reward/tracking_lin_vel: 1.2979
                reward/tracking_ang_vel: 0.1010
                      reward/feet_phase: 0.4826
             reward/feet_phase_contrast: 0.9615
             reward/feet_contact_number: 0.4477
                   reward/feet_air_time: 0.0007
                     reward/under_speed: -0.1420
                       reward/feet_slip: -0.0073
                  reward/feet_clearance: -0.0183
                       reward/lin_vel_z: -0.0048
                      reward/ang_vel_xy: -0.1918
                     reward/base_height: -0.0072
                     reward/orientation: -0.0272
                            reward/pose: -0.0072
                     reward/action_rate: -0.0707
                      reward/action_acc: -0.1642
--------------------------------------------------------------------------------
                         Iteration time: 0.50s
                           Time elapsed: 00:01:36
                                    ETA: 00:00:27

################################################################################
[1m                           Learning iteration 195/250                           [0m 

                            Total steps: 2408448 
                       Steps per second: 25797 
                        Collection time: 0.406s 
                          Learning time: 0.070s 
                        Mean value loss: 0.0375
                    Mean surrogate loss: -0.0075
                      Mean entropy loss: 4.5557
                            Mean reward: 14.33
                    Mean episode length: 332.82
                        Mean action std: 0.38
                reward/tracking_lin_vel: 1.2974
                reward/tracking_ang_vel: 0.1020
                      reward/feet_phase: 0.5294
             reward/feet_phase_contrast: 0.9582
             reward/feet_contact_number: 0.4553
                   reward/feet_air_time: 0.0000
                     reward/under_speed: -0.1419
                       reward/feet_slip: -0.0075
                  reward/feet_clearance: -0.0184
                       reward/lin_vel_z: -0.0053
                      reward/ang_vel_xy: -0.2028
                     reward/base_height: -0.0243
                     reward/orientation: -0.0346
                            reward/pose: -0.0072
                     reward/action_rate: -0.0705
                      reward/action_acc: -0.1630
--------------------------------------------------------------------------------
                         Iteration time: 0.48s
                           Time elapsed: 00:01:37
                                    ETA: 00:00:26

################################################################################
[1m                           Learning iteration 196/250                           [0m 

                            Total steps: 2420736 
                       Steps per second: 26144 
                        Collection time: 0.403s 
                          Learning time: 0.067s 
                        Mean value loss: 0.0342
                    Mean surrogate loss: -0.0104
                      Mean entropy loss: 4.5412
                            Mean reward: 14.44
                    Mean episode length: 333.26
                        Mean action std: 0.38
                reward/tracking_lin_vel: 1.3151
                reward/tracking_ang_vel: 0.1010
                      reward/feet_phase: 0.6759
             reward/feet_phase_contrast: 0.9792
             reward/feet_contact_number: 0.4555
                   reward/feet_air_time: 0.0010
                     reward/under_speed: -0.1414
                       reward/feet_slip: -0.0072
                  reward/feet_clearance: -0.0181
                       reward/lin_vel_z: -0.0050
                      reward/ang_vel_xy: -0.1879
                     reward/base_height: -0.0148
                     reward/orientation: -0.0297
                            reward/pose: -0.0071
                     reward/action_rate: -0.0686
                      reward/action_acc: -0.1592
             Metrics/twist/error_vel_xy: 0.1557
            Metrics/twist/error_vel_yaw: 0.2360
        Episode_Reward/tracking_lin_vel: 0.0970
        Episode_Reward/tracking_ang_vel: 0.0059
              Episode_Reward/feet_phase: 0.0659
     Episode_Reward/feet_phase_contrast: 0.1057
     Episode_Reward/feet_contact_number: 0.0317
           Episode_Reward/feet_air_time: 0.0000
             Episode_Reward/under_speed: -0.0012
               Episode_Reward/feet_slip: -0.0013
          Episode_Reward/feet_clearance: -0.0020
               Episode_Reward/lin_vel_z: -0.0035
              Episode_Reward/ang_vel_xy: -0.0535
             Episode_Reward/base_height: -0.0555
             Episode_Reward/orientation: -0.0401
                    Episode_Reward/pose: -0.0007
             Episode_Reward/action_rate: -0.0082
              Episode_Reward/action_acc: -0.0156
           Episode_Termination/time_out: 0.0000
    Episode_Termination/bad_orientation: 1.0000
--------------------------------------------------------------------------------
                         Iteration time: 0.47s
                           Time elapsed: 00:01:37
                                    ETA: 00:00:26

################################################################################
[1m                           Learning iteration 197/250                           [0m 

                            Total steps: 2433024 
                       Steps per second: 25811 
                        Collection time: 0.408s 
                          Learning time: 0.068s 
                        Mean value loss: 0.0264
                    Mean surrogate loss: -0.0100
                      Mean entropy loss: 4.5350
                            Mean reward: 14.55
                    Mean episode length: 335.44
                        Mean action std: 0.38
                reward/tracking_lin_vel: 1.3197
                reward/tracking_ang_vel: 0.1006
                      reward/feet_phase: 0.5287
             reward/feet_phase_contrast: 0.9712
             reward/feet_contact_number: 0.4561
                   reward/feet_air_time: 0.0010
                     reward/under_speed: -0.1408
                       reward/feet_slip: -0.0075
                  reward/feet_clearance: -0.0189
                       reward/lin_vel_z: -0.0051
                      reward/ang_vel_xy: -0.1939
                     reward/base_height: -0.0156
                     reward/orientation: -0.0264
                            reward/pose: -0.0076
                     reward/action_rate: -0.0709
                      reward/action_acc: -0.1628
--------------------------------------------------------------------------------
                         Iteration time: 0.48s
                           Time elapsed: 00:01:38
                                    ETA: 00:00:25

################################################################################
[1m                           Learning iteration 198/250                           [0m 

                            Total steps: 2445312 
                       Steps per second: 26360 
                        Collection time: 0.397s 
                          Learning time: 0.069s 
                        Mean value loss: 0.0229
                    Mean surrogate loss: -0.0104
                      Mean entropy loss: 4.5311
                            Mean reward: 14.55
                    Mean episode length: 335.44
                        Mean action std: 0.38
                reward/tracking_lin_vel: 1.3313
                reward/tracking_ang_vel: 0.0977
                      reward/feet_phase: 0.4924
             reward/feet_phase_contrast: 0.9828
             reward/feet_contact_number: 0.4541
                   reward/feet_air_time: 0.0007
                     reward/under_speed: -0.1394
                       reward/feet_slip: -0.0078
                  reward/feet_clearance: -0.0194
                       reward/lin_vel_z: -0.0048
                      reward/ang_vel_xy: -0.1913
                     reward/base_height: -0.0027
                     reward/orientation: -0.0226
                            reward/pose: -0.0075
                     reward/action_rate: -0.0724
                      reward/action_acc: -0.1659
--------------------------------------------------------------------------------
                         Iteration time: 0.47s
                           Time elapsed: 00:01:38
                                    ETA: 00:00:25

################################################################################
[1m                           Learning iteration 199/250                           [0m 

                            Total steps: 2457600 
                       Steps per second: 25907 
                        Collection time: 0.404s 
                          Learning time: 0.070s 
                        Mean value loss: 4.0503
                    Mean surrogate loss: -0.0099
                      Mean entropy loss: 4.5280
                            Mean reward: 14.55
                    Mean episode length: 335.44
                        Mean action std: 0.38
                reward/tracking_lin_vel: 1.3425
                reward/tracking_ang_vel: 0.0971
                      reward/feet_phase: 0.6324
             reward/feet_phase_contrast: 1.0069
             reward/feet_contact_number: 0.4482
                   reward/feet_air_time: 0.0002
                     reward/under_speed: -0.1361
                       reward/feet_slip: -0.0085
                  reward/feet_clearance: -0.0206
                       reward/lin_vel_z: -0.0053
                      reward/ang_vel_xy: -0.2046
                     reward/base_height: -0.0030
                     reward/orientation: -0.0236
                            reward/pose: -0.0072
                     reward/action_rate: -0.0738
                      reward/action_acc: -0.1662
--------------------------------------------------------------------------------
                         Iteration time: 0.47s
                           Time elapsed: 00:01:39
                                    ETA: 00:00:24

################################################################################
[1m                           Learning iteration 200/250                           [0m 

                            Total steps: 2469888 
                       Steps per second: 30960 
                        Collection time: 0.331s 
                          Learning time: 0.066s 
                        Mean value loss: 0.8125
                    Mean surrogate loss: -0.0095
                      Mean entropy loss: 4.5435
                            Mean reward: 25.16
                    Mean episode length: 531.22
                        Mean action std: 0.38
                reward/tracking_lin_vel: 0.6050
                reward/tracking_ang_vel: 0.0804
                      reward/feet_phase: 0.5356
             reward/feet_phase_contrast: 0.8669
             reward/feet_contact_number: 0.4255
                   reward/feet_air_time: 0.1643
                     reward/under_speed: -0.1041
                       reward/feet_slip: -0.0111
                  reward/feet_clearance: -0.0268
                       reward/lin_vel_z: -0.0353
                      reward/ang_vel_xy: -0.6362
                     reward/base_height: -0.3394
                     reward/orientation: -0.3576
                            reward/pose: -0.0100
                     reward/action_rate: -0.0785
                      reward/action_acc: -0.1711
--------------------------------------------------------------------------------
                         Iteration time: 0.40s
                           Time elapsed: 00:01:39
                                    ETA: 00:00:24

################################################################################
[1m                           Learning iteration 201/250                           [0m 

                            Total steps: 2482176 
                       Steps per second: 29321 
                        Collection time: 0.352s 
                          Learning time: 0.067s 
                        Mean value loss: 0.2462
                    Mean surrogate loss: -0.0094
                      Mean entropy loss: 4.5426
                            Mean reward: 20.53
                    Mean episode length: 450.83
                        Mean action std: 0.38
                reward/tracking_lin_vel: 0.9889
                reward/tracking_ang_vel: 0.0895
                      reward/feet_phase: 0.5386
             reward/feet_phase_contrast: 0.9181
             reward/feet_contact_number: 0.4420
                   reward/feet_air_time: 0.0708
                     reward/under_speed: -0.1114
                       reward/feet_slip: -0.0085
                  reward/feet_clearance: -0.0255
                       reward/lin_vel_z: -0.0299
                      reward/ang_vel_xy: -0.6952
                     reward/base_height: -1.1969
                     reward/orientation: -0.5163
                            reward/pose: -0.0085
                     reward/action_rate: -0.0759
                      reward/action_acc: -0.1682
             Metrics/twist/error_vel_xy: 0.3965
            Metrics/twist/error_vel_yaw: 0.3745
        Episode_Reward/tracking_lin_vel: 0.5139
        Episode_Reward/tracking_ang_vel: 0.0446
              Episode_Reward/feet_phase: 0.2272
     Episode_Reward/feet_phase_contrast: 0.3879
     Episode_Reward/feet_contact_number: 0.1969
           Episode_Reward/feet_air_time: 0.0086
             Episode_Reward/under_speed: -0.0618
               Episode_Reward/feet_slip: -0.0029
          Episode_Reward/feet_clearance: -0.0077
               Episode_Reward/lin_vel_z: -0.0036
              Episode_Reward/ang_vel_xy: -0.1099
             Episode_Reward/base_height: -0.0665
             Episode_Reward/orientation: -0.0423
                    Episode_Reward/pose: -0.0032
             Episode_Reward/action_rate: -0.0293
              Episode_Reward/action_acc: -0.0695
           Episode_Termination/time_out: 0.0417
    Episode_Termination/bad_orientation: 10.3750
--------------------------------------------------------------------------------
                         Iteration time: 0.42s
                           Time elapsed: 00:01:40
                                    ETA: 00:00:23

################################################################################
[1m                           Learning iteration 202/250                           [0m 

                            Total steps: 2494464 
                       Steps per second: 26807 
                        Collection time: 0.389s 
                          Learning time: 0.069s 
                        Mean value loss: 0.1943
                    Mean surrogate loss: -0.0098
                      Mean entropy loss: 4.5273
                            Mean reward: 19.40
                    Mean episode length: 435.42
                        Mean action std: 0.38
                reward/tracking_lin_vel: 1.2988
                reward/tracking_ang_vel: 0.0935
                      reward/feet_phase: 0.5586
             reward/feet_phase_contrast: 1.0427
             reward/feet_contact_number: 0.4481
                   reward/feet_air_time: 0.0189
                     reward/under_speed: -0.1208
                       reward/feet_slip: -0.0090
                  reward/feet_clearance: -0.0225
                       reward/lin_vel_z: -0.0096
                      reward/ang_vel_xy: -0.3220
                     reward/base_height: -0.2417
                     reward/orientation: -0.1310
                            reward/pose: -0.0071
                     reward/action_rate: -0.0782
                      reward/action_acc: -0.1733
             Metrics/twist/error_vel_xy: 0.4457
            Metrics/twist/error_vel_yaw: 0.4065
        Episode_Reward/tracking_lin_vel: 0.4459
        Episode_Reward/tracking_ang_vel: 0.0398
              Episode_Reward/feet_phase: 0.1843
     Episode_Reward/feet_phase_contrast: 0.3142
     Episode_Reward/feet_contact_number: 0.1721
           Episode_Reward/feet_air_time: 0.0097
             Episode_Reward/under_speed: -0.0563
               Episode_Reward/feet_slip: -0.0022
          Episode_Reward/feet_clearance: -0.0060
               Episode_Reward/lin_vel_z: -0.0028
              Episode_Reward/ang_vel_xy: -0.0936
             Episode_Reward/base_height: -0.0753
             Episode_Reward/orientation: -0.0453
                    Episode_Reward/pose: -0.0029
             Episode_Reward/action_rate: -0.0247
              Episode_Reward/action_acc: -0.0592
           Episode_Termination/time_out: 0.0000
    Episode_Termination/bad_orientation: 2.1000
--------------------------------------------------------------------------------
                         Iteration time: 0.46s
                           Time elapsed: 00:01:40
                                    ETA: 00:00:23

################################################################################
[1m                           Learning iteration 203/250                           [0m 

                            Total steps: 2506752 
                       Steps per second: 25998 
                        Collection time: 0.403s 
                          Learning time: 0.070s 
                        Mean value loss: 0.1111
                    Mean surrogate loss: -0.0116
                      Mean entropy loss: 4.5127
                            Mean reward: 14.52
                    Mean episode length: 350.28
                        Mean action std: 0.38
                reward/tracking_lin_vel: 1.3335
                reward/tracking_ang_vel: 0.0929
                      reward/feet_phase: 0.7179
             reward/feet_phase_contrast: 1.0396
             reward/feet_contact_number: 0.4548
                   reward/feet_air_time: 0.0071
                     reward/under_speed: -0.1235
                       reward/feet_slip: -0.0098
                  reward/feet_clearance: -0.0231
                       reward/lin_vel_z: -0.0084
                      reward/ang_vel_xy: -0.2892
                     reward/base_height: -0.1580
                     reward/orientation: -0.0916
                            reward/pose: -0.0074
                     reward/action_rate: -0.0801
                      reward/action_acc: -0.1748
             Metrics/twist/error_vel_xy: 0.3891
            Metrics/twist/error_vel_yaw: 0.2474
        Episode_Reward/tracking_lin_vel: 0.1297
        Episode_Reward/tracking_ang_vel: 0.0142
              Episode_Reward/feet_phase: 0.0542
     Episode_Reward/feet_phase_contrast: 0.0902
     Episode_Reward/feet_contact_number: 0.0632
           Episode_Reward/feet_air_time: 0.0078
             Episode_Reward/under_speed: -0.0211
               Episode_Reward/feet_slip: -0.0007
          Episode_Reward/feet_clearance: -0.0023
               Episode_Reward/lin_vel_z: -0.0013
              Episode_Reward/ang_vel_xy: -0.0557
             Episode_Reward/base_height: -0.0807
             Episode_Reward/orientation: -0.0385
                    Episode_Reward/pose: -0.0009
             Episode_Reward/action_rate: -0.0095
              Episode_Reward/action_acc: -0.0226
           Episode_Termination/time_out: 0.0000
    Episode_Termination/bad_orientation: 1.6250
--------------------------------------------------------------------------------
                         Iteration time: 0.47s
                           Time elapsed: 00:01:41
                                    ETA: 00:00:22

################################################################################
[1m                           Learning iteration 204/250                           [0m 

                            Total steps: 2519040 
                       Steps per second: 25083 
                        Collection time: 0.421s 
                          Learning time: 0.069s 
                        Mean value loss: 0.1051
                    Mean surrogate loss: -0.0096
                      Mean entropy loss: 4.5000
                            Mean reward: 10.78
                    Mean episode length: 281.47
                        Mean action std: 0.38
                reward/tracking_lin_vel: 1.3751
                reward/tracking_ang_vel: 0.0944
                      reward/feet_phase: 0.6050
             reward/feet_phase_contrast: 1.0519
             reward/feet_contact_number: 0.4451
                   reward/feet_air_time: 0.0051
                     reward/under_speed: -0.1242
                       reward/feet_slip: -0.0095
                  reward/feet_clearance: -0.0229
                       reward/lin_vel_z: -0.0074
                      reward/ang_vel_xy: -0.2600
                     reward/base_height: -0.0765
                     reward/orientation: -0.0507
                            reward/pose: -0.0071
                     reward/action_rate: -0.0813
                      reward/action_acc: -0.1784
             Metrics/twist/error_vel_xy: 0.3451
            Metrics/twist/error_vel_yaw: 0.2308
        Episode_Reward/tracking_lin_vel: 0.0320
        Episode_Reward/tracking_ang_vel: 0.0053
              Episode_Reward/feet_phase: 0.0183
     Episode_Reward/feet_phase_contrast: 0.0282
     Episode_Reward/feet_contact_number: 0.0272
           Episode_Reward/feet_air_time: 0.0033
             Episode_Reward/under_speed: -0.0087
               Episode_Reward/feet_slip: -0.0004
          Episode_Reward/feet_clearance: -0.0009
               Episode_Reward/lin_vel_z: -0.0013
              Episode_Reward/ang_vel_xy: -0.0434
             Episode_Reward/base_height: -0.0736
             Episode_Reward/orientation: -0.0354
                    Episode_Reward/pose: -0.0005
             Episode_Reward/action_rate: -0.0046
              Episode_Reward/action_acc: -0.0103
           Episode_Termination/time_out: 0.0000
    Episode_Termination/bad_orientation: 1.6000
--------------------------------------------------------------------------------
                         Iteration time: 0.49s
                           Time elapsed: 00:01:41
                                    ETA: 00:00:22

################################################################################
[1m                           Learning iteration 205/250                           [0m 

                            Total steps: 2531328 
                       Steps per second: 26674 
                        Collection time: 0.389s 
                          Learning time: 0.072s 
                        Mean value loss: 0.0633
                    Mean surrogate loss: -0.0092
                      Mean entropy loss: 4.4866
                            Mean reward: 9.58
                    Mean episode length: 261.15
                        Mean action std: 0.38
                reward/tracking_lin_vel: 1.4009
                reward/tracking_ang_vel: 0.0950
                      reward/feet_phase: 0.5422
             reward/feet_phase_contrast: 1.0740
             reward/feet_contact_number: 0.4530
                   reward/feet_air_time: 0.0018
                     reward/under_speed: -0.1223
                       reward/feet_slip: -0.0101
                  reward/feet_clearance: -0.0231
                       reward/lin_vel_z: -0.0071
                      reward/ang_vel_xy: -0.2531
                     reward/base_height: -0.0490
                     reward/orientation: -0.0417
                            reward/pose: -0.0075
                     reward/action_rate: -0.0826
                      reward/action_acc: -0.1805
--------------------------------------------------------------------------------
                         Iteration time: 0.46s
                           Time elapsed: 00:01:41
                                    ETA: 00:00:21

################################################################################
[1m                           Learning iteration 206/250                           [0m 

                            Total steps: 2543616 
                       Steps per second: 26157 
                        Collection time: 0.400s 
                          Learning time: 0.070s 
                        Mean value loss: 0.0466
                    Mean surrogate loss: -0.0103
                      Mean entropy loss: 4.4707
                            Mean reward: 8.87
                    Mean episode length: 247.57
                        Mean action std: 0.38
                reward/tracking_lin_vel: 1.4047
                reward/tracking_ang_vel: 0.0931
                      reward/feet_phase: 0.6497
             reward/feet_phase_contrast: 1.0765
             reward/feet_contact_number: 0.4510
                   reward/feet_air_time: 0.0008
                     reward/under_speed: -0.1211
                       reward/feet_slip: -0.0108
                  reward/feet_clearance: -0.0237
                       reward/lin_vel_z: -0.0083
                      reward/ang_vel_xy: -0.2623
                     reward/base_height: -0.0272
                     reward/orientation: -0.0388
                            reward/pose: -0.0075
                     reward/action_rate: -0.0846
                      reward/action_acc: -0.1821
--------------------------------------------------------------------------------
                         Iteration time: 0.47s
                           Time elapsed: 00:01:42
                                    ETA: 00:00:21

################################################################################
[1m                           Learning iteration 207/250                           [0m 

                            Total steps: 2555904 
                       Steps per second: 25194 
                        Collection time: 0.418s 
                          Learning time: 0.070s 
                        Mean value loss: 0.0393
                    Mean surrogate loss: -0.0099
                      Mean entropy loss: 4.4543
                            Mean reward: 8.39
                    Mean episode length: 238.59
                        Mean action std: 0.38
                reward/tracking_lin_vel: 1.4253
                reward/tracking_ang_vel: 0.0946
                      reward/feet_phase: 0.7385
             reward/feet_phase_contrast: 1.0954
             reward/feet_contact_number: 0.4579
                   reward/feet_air_time: 0.0001
                     reward/under_speed: -0.1204
                       reward/feet_slip: -0.0101
                  reward/feet_clearance: -0.0239
                       reward/lin_vel_z: -0.0072
                      reward/ang_vel_xy: -0.2448
                     reward/base_height: -0.0155
                     reward/orientation: -0.0298
                            reward/pose: -0.0075
                     reward/action_rate: -0.0839
                      reward/action_acc: -0.1818
--------------------------------------------------------------------------------
                         Iteration time: 0.49s
                           Time elapsed: 00:01:42
                                    ETA: 00:00:20

################################################################################
[1m                           Learning iteration 208/250                           [0m 

                            Total steps: 2568192 
                       Steps per second: 27111 
                        Collection time: 0.387s 
                          Learning time: 0.066s 
                        Mean value loss: 0.0337
                    Mean surrogate loss: -0.0090
                      Mean entropy loss: 4.4286
                            Mean reward: 7.94
                    Mean episode length: 229.42
                        Mean action std: 0.38
                reward/tracking_lin_vel: 1.4252
                reward/tracking_ang_vel: 0.0931
                      reward/feet_phase: 0.5654
             reward/feet_phase_contrast: 1.0931
             reward/feet_contact_number: 0.4476
                   reward/feet_air_time: 0.0000
                     reward/under_speed: -0.1198
                       reward/feet_slip: -0.0107
                  reward/feet_clearance: -0.0244
                       reward/lin_vel_z: -0.0071
                      reward/ang_vel_xy: -0.2482
                     reward/base_height: -0.0121
                     reward/orientation: -0.0267
                            reward/pose: -0.0075
                     reward/action_rate: -0.0858
                      reward/action_acc: -0.1844
--------------------------------------------------------------------------------
                         Iteration time: 0.45s
                           Time elapsed: 00:01:43
                                    ETA: 00:00:20

################################################################################
[1m                           Learning iteration 209/250                           [0m 

                            Total steps: 2580480 
                       Steps per second: 24393 
                        Collection time: 0.436s 
                          Learning time: 0.068s 
                        Mean value loss: 0.0389
                    Mean surrogate loss: -0.0104
                      Mean entropy loss: 4.4163
                            Mean reward: 12.48
                    Mean episode length: 310.99
                        Mean action std: 0.38
                reward/tracking_lin_vel: 1.4316
                reward/tracking_ang_vel: 0.0924
                      reward/feet_phase: 0.5780
             reward/feet_phase_contrast: 1.1119
             reward/feet_contact_number: 0.4527
                   reward/feet_air_time: 0.0006
                     reward/under_speed: -0.1177
                       reward/feet_slip: -0.0112
                  reward/feet_clearance: -0.0247
                       reward/lin_vel_z: -0.0071
                      reward/ang_vel_xy: -0.2453
                     reward/base_height: -0.0045
                     reward/orientation: -0.0258
                            reward/pose: -0.0077
                     reward/action_rate: -0.0858
                      reward/action_acc: -0.1831
--------------------------------------------------------------------------------
                         Iteration time: 0.50s
                           Time elapsed: 00:01:43
                                    ETA: 00:00:19

################################################################################
[1m                           Learning iteration 210/250                           [0m 

                            Total steps: 2592768 
                       Steps per second: 26127 
                        Collection time: 0.400s 
                          Learning time: 0.070s 
                        Mean value loss: 0.0504
                    Mean surrogate loss: -0.0089
                      Mean entropy loss: 4.4092
                            Mean reward: 13.77
                    Mean episode length: 329.71
                        Mean action std: 0.38
                reward/tracking_lin_vel: 1.4381
                reward/tracking_ang_vel: 0.0900
                      reward/feet_phase: 0.7588
             reward/feet_phase_contrast: 1.1214
             reward/feet_contact_number: 0.4510
                   reward/feet_air_time: 0.0029
                     reward/under_speed: -0.1157
                       reward/feet_slip: -0.0115
                  reward/feet_clearance: -0.0255
                       reward/lin_vel_z: -0.0081
                      reward/ang_vel_xy: -0.2657
                     reward/base_height: -0.0227
                     reward/orientation: -0.0325
                            reward/pose: -0.0077
                     reward/action_rate: -0.0871
                      reward/action_acc: -0.1837
             Metrics/twist/error_vel_xy: 0.4212
            Metrics/twist/error_vel_yaw: 0.6954
        Episode_Reward/tracking_lin_vel: 0.8018
        Episode_Reward/tracking_ang_vel: 0.0650
              Episode_Reward/feet_phase: 0.3412
     Episode_Reward/feet_phase_contrast: 0.5773
     Episode_Reward/feet_contact_number: 0.2791
           Episode_Reward/feet_air_time: 0.0006
             Episode_Reward/under_speed: -0.0796
               Episode_Reward/feet_slip: -0.0048
          Episode_Reward/feet_clearance: -0.0124
               Episode_Reward/lin_vel_z: -0.0064
              Episode_Reward/ang_vel_xy: -0.1345
             Episode_Reward/base_height: -0.0286
             Episode_Reward/orientation: -0.0366
                    Episode_Reward/pose: -0.0041
             Episode_Reward/action_rate: -0.0471
              Episode_Reward/action_acc: -0.1064
           Episode_Termination/time_out: 0.7143
    Episode_Termination/bad_orientation: 0.5714
--------------------------------------------------------------------------------
                         Iteration time: 0.47s
                           Time elapsed: 00:01:44
                                    ETA: 00:00:19

################################################################################
[1m                           Learning iteration 211/250                           [0m 

                            Total steps: 2605056 
                       Steps per second: 23397 
                        Collection time: 0.444s 
                          Learning time: 0.082s 
                        Mean value loss: 0.0571
                    Mean surrogate loss: -0.0115
                      Mean entropy loss: 4.4031
                            Mean reward: 14.65
                    Mean episode length: 340.45
                        Mean action std: 0.38
                reward/tracking_lin_vel: 1.4548
                reward/tracking_ang_vel: 0.0906
                      reward/feet_phase: 0.6827
             reward/feet_phase_contrast: 1.1365
             reward/feet_contact_number: 0.4489
                   reward/feet_air_time: 0.0010
                     reward/under_speed: -0.1143
                       reward/feet_slip: -0.0111
                  reward/feet_clearance: -0.0257
                       reward/lin_vel_z: -0.0075
                      reward/ang_vel_xy: -0.2552
                     reward/base_height: -0.0257
                     reward/orientation: -0.0302
                            reward/pose: -0.0076
                     reward/action_rate: -0.0860
                      reward/action_acc: -0.1813
--------------------------------------------------------------------------------
                         Iteration time: 0.53s
                           Time elapsed: 00:01:44
                                    ETA: 00:00:18

################################################################################
[1m                           Learning iteration 212/250                           [0m 

                            Total steps: 2617344 
                       Steps per second: 22342 
                        Collection time: 0.475s 
                          Learning time: 0.075s 
                        Mean value loss: 0.0401
                    Mean surrogate loss: -0.0090
                      Mean entropy loss: 4.3884
                            Mean reward: 16.43
                    Mean episode length: 368.72
                        Mean action std: 0.38
                reward/tracking_lin_vel: 1.4648
                reward/tracking_ang_vel: 0.0915
                      reward/feet_phase: 0.5811
             reward/feet_phase_contrast: 1.1440
             reward/feet_contact_number: 0.4518
                   reward/feet_air_time: 0.0015
                     reward/under_speed: -0.1135
                       reward/feet_slip: -0.0119
                  reward/feet_clearance: -0.0260
                       reward/lin_vel_z: -0.0072
                      reward/ang_vel_xy: -0.2506
                     reward/base_height: -0.0089
                     reward/orientation: -0.0271
                            reward/pose: -0.0080
                     reward/action_rate: -0.0867
                      reward/action_acc: -0.1825
--------------------------------------------------------------------------------
                         Iteration time: 0.55s
                           Time elapsed: 00:01:45
                                    ETA: 00:00:18

################################################################################
[1m                           Learning iteration 213/250                           [0m 

                            Total steps: 2629632 
                       Steps per second: 22442 
                        Collection time: 0.453s 
                          Learning time: 0.094s 
                        Mean value loss: 0.0408
                    Mean surrogate loss: -0.0100
                      Mean entropy loss: 4.3822
                            Mean reward: 15.95
                    Mean episode length: 360.94
                        Mean action std: 0.38
                reward/tracking_lin_vel: 1.4675
                reward/tracking_ang_vel: 0.0911
                      reward/feet_phase: 0.6695
             reward/feet_phase_contrast: 1.1499
             reward/feet_contact_number: 0.4513
                   reward/feet_air_time: 0.0005
                     reward/under_speed: -0.1124
                       reward/feet_slip: -0.0119
                  reward/feet_clearance: -0.0266
                       reward/lin_vel_z: -0.0077
                      reward/ang_vel_xy: -0.2555
                     reward/base_height: -0.0261
                     reward/orientation: -0.0320
                            reward/pose: -0.0085
                     reward/action_rate: -0.0886
                      reward/action_acc: -0.1855
--------------------------------------------------------------------------------
                         Iteration time: 0.55s
                           Time elapsed: 00:01:45
                                    ETA: 00:00:17

################################################################################
[1m                           Learning iteration 214/250                           [0m 

                            Total steps: 2641920 
                       Steps per second: 26027 
                        Collection time: 0.405s 
                          Learning time: 0.067s 
                        Mean value loss: 0.0320
                    Mean surrogate loss: -0.0050
                      Mean entropy loss: 4.3856
                            Mean reward: 16.76
                    Mean episode length: 373.40
                        Mean action std: 0.38
                reward/tracking_lin_vel: 1.4823
                reward/tracking_ang_vel: 0.0907
                      reward/feet_phase: 0.7978
             reward/feet_phase_contrast: 1.1573
             reward/feet_contact_number: 0.4451
                   reward/feet_air_time: 0.0007
                     reward/under_speed: -0.1102
                       reward/feet_slip: -0.0123
                  reward/feet_clearance: -0.0271
                       reward/lin_vel_z: -0.0080
                      reward/ang_vel_xy: -0.2593
                     reward/base_height: -0.0115
                     reward/orientation: -0.0269
                            reward/pose: -0.0083
                     reward/action_rate: -0.0902
                      reward/action_acc: -0.1875
--------------------------------------------------------------------------------
                         Iteration time: 0.47s
                           Time elapsed: 00:01:46
                                    ETA: 00:00:17

################################################################################
[1m                           Learning iteration 215/250                           [0m 

                            Total steps: 2654208 
                       Steps per second: 25373 
                        Collection time: 0.416s 
                          Learning time: 0.069s 
                        Mean value loss: 0.0367
                    Mean surrogate loss: -0.0106
                      Mean entropy loss: 4.3752
                            Mean reward: 17.55
                    Mean episode length: 385.72
                        Mean action std: 0.37
                reward/tracking_lin_vel: 1.4880
                reward/tracking_ang_vel: 0.0903
                      reward/feet_phase: 0.6208
             reward/feet_phase_contrast: 1.1717
             reward/feet_contact_number: 0.4526
                   reward/feet_air_time: 0.0009
                     reward/under_speed: -0.1092
                       reward/feet_slip: -0.0123
                  reward/feet_clearance: -0.0277
                       reward/lin_vel_z: -0.0081
                      reward/ang_vel_xy: -0.2584
                     reward/base_height: -0.0067
                     reward/orientation: -0.0250
                            reward/pose: -0.0083
                     reward/action_rate: -0.0906
                      reward/action_acc: -0.1880
--------------------------------------------------------------------------------
                         Iteration time: 0.48s
                           Time elapsed: 00:01:46
                                    ETA: 00:00:16

################################################################################
[1m                           Learning iteration 216/250                           [0m 

                            Total steps: 2666496 
                       Steps per second: 28515 
                        Collection time: 0.362s 
                          Learning time: 0.069s 
                        Mean value loss: 5.7303
                    Mean surrogate loss: -0.0073
                      Mean entropy loss: 4.3576
                            Mean reward: 17.57
                    Mean episode length: 385.89
                        Mean action std: 0.37
                reward/tracking_lin_vel: 1.1448
                reward/tracking_ang_vel: 0.0851
                      reward/feet_phase: 0.5841
             reward/feet_phase_contrast: 1.0833
             reward/feet_contact_number: 0.4380
                   reward/feet_air_time: 0.0101
                     reward/under_speed: -0.1054
                       reward/feet_slip: -0.0141
                  reward/feet_clearance: -0.0327
                       reward/lin_vel_z: -0.0151
                      reward/ang_vel_xy: -0.3136
                     reward/base_height: -0.0138
                     reward/orientation: -0.0355
                            reward/pose: -0.0086
                     reward/action_rate: -0.0912
                      reward/action_acc: -0.1886
--------------------------------------------------------------------------------
                         Iteration time: 0.43s
                           Time elapsed: 00:01:47
                                    ETA: 00:00:16

################################################################################
[1m                           Learning iteration 217/250                           [0m 

                            Total steps: 2678784 
                       Steps per second: 33132 
                        Collection time: 0.302s 
                          Learning time: 0.069s 
                        Mean value loss: 0.6006
                    Mean surrogate loss: -0.0087
                      Mean entropy loss: 4.3429
                            Mean reward: 24.12
                    Mean episode length: 462.00
                        Mean action std: 0.37
                reward/tracking_lin_vel: 0.7561
                reward/tracking_ang_vel: 0.0769
                      reward/feet_phase: 0.6121
             reward/feet_phase_contrast: 0.9545
             reward/feet_contact_number: 0.4320
                   reward/feet_air_time: 0.2032
                     reward/under_speed: -0.0920
                       reward/feet_slip: -0.0126
                  reward/feet_clearance: -0.0294
                       reward/lin_vel_z: -0.0487
                      reward/ang_vel_xy: -0.8764
                     reward/base_height: -0.7989
                     reward/orientation: -0.5666
                            reward/pose: -0.0115
                     reward/action_rate: -0.0954
                      reward/action_acc: -0.1898
--------------------------------------------------------------------------------
                         Iteration time: 0.37s
                           Time elapsed: 00:01:47
                                    ETA: 00:00:15

################################################################################
[1m                           Learning iteration 218/250                           [0m 

                            Total steps: 2691072 
                       Steps per second: 26691 
                        Collection time: 0.392s 
                          Learning time: 0.068s 
                        Mean value loss: 0.3070
                    Mean surrogate loss: -0.0114
                      Mean entropy loss: 4.3349
                            Mean reward: 25.06
                    Mean episode length: 490.81
                        Mean action std: 0.37
                reward/tracking_lin_vel: 1.1927
                reward/tracking_ang_vel: 0.0896
                      reward/feet_phase: 0.6873
             reward/feet_phase_contrast: 1.0481
             reward/feet_contact_number: 0.4364
                   reward/feet_air_time: 0.0395
                     reward/under_speed: -0.1068
                       reward/feet_slip: -0.0107
                  reward/feet_clearance: -0.0273
                       reward/lin_vel_z: -0.0198
                      reward/ang_vel_xy: -0.4842
                     reward/base_height: -0.6763
                     reward/orientation: -0.2939
                            reward/pose: -0.0083
                     reward/action_rate: -0.0860
                      reward/action_acc: -0.1797
             Metrics/twist/error_vel_xy: 0.4069
            Metrics/twist/error_vel_yaw: 0.4438
        Episode_Reward/tracking_lin_vel: 0.5866
        Episode_Reward/tracking_ang_vel: 0.0410
              Episode_Reward/feet_phase: 0.2751
     Episode_Reward/feet_phase_contrast: 0.4665
     Episode_Reward/feet_contact_number: 0.1996
           Episode_Reward/feet_air_time: 0.0089
             Episode_Reward/under_speed: -0.0534
               Episode_Reward/feet_slip: -0.0046
          Episode_Reward/feet_clearance: -0.0108
               Episode_Reward/lin_vel_z: -0.0047
              Episode_Reward/ang_vel_xy: -0.1380
             Episode_Reward/base_height: -0.0724
             Episode_Reward/orientation: -0.0461
                    Episode_Reward/pose: -0.0036
             Episode_Reward/action_rate: -0.0376
              Episode_Reward/action_acc: -0.0805
           Episode_Termination/time_out: 0.0000
    Episode_Termination/bad_orientation: 5.6667
--------------------------------------------------------------------------------
                         Iteration time: 0.46s
                           Time elapsed: 00:01:48
                                    ETA: 00:00:15

################################################################################
[1m                           Learning iteration 219/250                           [0m 

                            Total steps: 2703360 
                       Steps per second: 26445 
                        Collection time: 0.398s 
                          Learning time: 0.067s 
                        Mean value loss: 0.2020
                    Mean surrogate loss: -0.0120
                      Mean entropy loss: 4.3298
                            Mean reward: 20.38
                    Mean episode length: 414.31
                        Mean action std: 0.37
                reward/tracking_lin_vel: 1.3773
                reward/tracking_ang_vel: 0.0913
                      reward/feet_phase: 0.5944
             reward/feet_phase_contrast: 1.1336
             reward/feet_contact_number: 0.4514
                   reward/feet_air_time: 0.0171
                     reward/under_speed: -0.1071
                       reward/feet_slip: -0.0120
                  reward/feet_clearance: -0.0268
                       reward/lin_vel_z: -0.0108
                      reward/ang_vel_xy: -0.3439
                     reward/base_height: -0.2343
                     reward/orientation: -0.1266
                            reward/pose: -0.0080
                     reward/action_rate: -0.0899
                      reward/action_acc: -0.1851
             Metrics/twist/error_vel_xy: 0.4249
            Metrics/twist/error_vel_yaw: 0.4546
        Episode_Reward/tracking_lin_vel: 0.4225
        Episode_Reward/tracking_ang_vel: 0.0314
              Episode_Reward/feet_phase: 0.2041
     Episode_Reward/feet_phase_contrast: 0.3457
     Episode_Reward/feet_contact_number: 0.1520
           Episode_Reward/feet_air_time: 0.0109
             Episode_Reward/under_speed: -0.0418
               Episode_Reward/feet_slip: -0.0034
          Episode_Reward/feet_clearance: -0.0082
               Episode_Reward/lin_vel_z: -0.0036
              Episode_Reward/ang_vel_xy: -0.1139
             Episode_Reward/base_height: -0.0793
             Episode_Reward/orientation: -0.0455
                    Episode_Reward/pose: -0.0027
             Episode_Reward/action_rate: -0.0290
              Episode_Reward/action_acc: -0.0616
           Episode_Termination/time_out: 0.0000
    Episode_Termination/bad_orientation: 1.9474
--------------------------------------------------------------------------------
                         Iteration time: 0.46s
                           Time elapsed: 00:01:48
                                    ETA: 00:00:14

################################################################################
[1m                           Learning iteration 220/250                           [0m 

                            Total steps: 2715648 
                       Steps per second: 25682 
                        Collection time: 0.411s 
                          Learning time: 0.068s 
                        Mean value loss: 0.1342
                    Mean surrogate loss: -0.0107
                      Mean entropy loss: 4.3312
                            Mean reward: 13.74
                    Mean episode length: 308.28
                        Mean action std: 0.37
                reward/tracking_lin_vel: 1.4451
                reward/tracking_ang_vel: 0.0922
                      reward/feet_phase: 0.6449
             reward/feet_phase_contrast: 1.1611
             reward/feet_contact_number: 0.4456
                   reward/feet_air_time: 0.0052
                     reward/under_speed: -0.1064
                       reward/feet_slip: -0.0125
                  reward/feet_clearance: -0.0279
                       reward/lin_vel_z: -0.0100
                      reward/ang_vel_xy: -0.3014
                     reward/base_height: -0.1620
                     reward/orientation: -0.0805
                            reward/pose: -0.0083
                     reward/action_rate: -0.0909
                      reward/action_acc: -0.1882
             Metrics/twist/error_vel_xy: 0.3931
            Metrics/twist/error_vel_yaw: 0.2919
        Episode_Reward/tracking_lin_vel: 0.0841
        Episode_Reward/tracking_ang_vel: 0.0095
              Episode_Reward/feet_phase: 0.0436
     Episode_Reward/feet_phase_contrast: 0.0702
     Episode_Reward/feet_contact_number: 0.0432
           Episode_Reward/feet_air_time: 0.0101
             Episode_Reward/under_speed: -0.0147
               Episode_Reward/feet_slip: -0.0007
          Episode_Reward/feet_clearance: -0.0021
               Episode_Reward/lin_vel_z: -0.0015
              Episode_Reward/ang_vel_xy: -0.0505
             Episode_Reward/base_height: -0.0826
             Episode_Reward/orientation: -0.0392
                    Episode_Reward/pose: -0.0009
             Episode_Reward/action_rate: -0.0073
              Episode_Reward/action_acc: -0.0164
           Episode_Termination/time_out: 0.0000
    Episode_Termination/bad_orientation: 1.6875
--------------------------------------------------------------------------------
                         Iteration time: 0.48s
                           Time elapsed: 00:01:49
                                    ETA: 00:00:14

################################################################################
[1m                           Learning iteration 221/250                           [0m 

                            Total steps: 2727936 
                       Steps per second: 27533 
                        Collection time: 0.379s 
                          Learning time: 0.067s 
                        Mean value loss: 0.1292
                    Mean surrogate loss: -0.0095
                      Mean entropy loss: 4.3265
                            Mean reward: 11.10
                    Mean episode length: 262.79
                        Mean action std: 0.37
                reward/tracking_lin_vel: 1.4662
                reward/tracking_ang_vel: 0.0905
                      reward/feet_phase: 0.8142
             reward/feet_phase_contrast: 1.1721
             reward/feet_contact_number: 0.4569
                   reward/feet_air_time: 0.0049
                     reward/under_speed: -0.1078
                       reward/feet_slip: -0.0130
                  reward/feet_clearance: -0.0277
                       reward/lin_vel_z: -0.0094
                      reward/ang_vel_xy: -0.2818
                     reward/base_height: -0.0561
                     reward/orientation: -0.0498
                            reward/pose: -0.0085
                     reward/action_rate: -0.0912
                      reward/action_acc: -0.1870
             Metrics/twist/error_vel_xy: 0.3569
            Metrics/twist/error_vel_yaw: 0.3247
        Episode_Reward/tracking_lin_vel: 0.1683
        Episode_Reward/tracking_ang_vel: 0.0132
              Episode_Reward/feet_phase: 0.0860
     Episode_Reward/feet_phase_contrast: 0.1423
     Episode_Reward/feet_contact_number: 0.0643
           Episode_Reward/feet_air_time: 0.0067
             Episode_Reward/under_speed: -0.0161
               Episode_Reward/feet_slip: -0.0019
          Episode_Reward/feet_clearance: -0.0042
               Episode_Reward/lin_vel_z: -0.0033
              Episode_Reward/ang_vel_xy: -0.0773
             Episode_Reward/base_height: -0.0703
             Episode_Reward/orientation: -0.0411
                    Episode_Reward/pose: -0.0014
             Episode_Reward/action_rate: -0.0146
              Episode_Reward/action_acc: -0.0295
           Episode_Termination/time_out: 0.0000
    Episode_Termination/bad_orientation: 1.0000
--------------------------------------------------------------------------------
                         Iteration time: 0.45s
                           Time elapsed: 00:01:49
                                    ETA: 00:00:13

################################################################################
[1m                           Learning iteration 222/250                           [0m 

                            Total steps: 2740224 
                       Steps per second: 27050 
                        Collection time: 0.387s 
                          Learning time: 0.068s 
                        Mean value loss: 0.0442
                    Mean surrogate loss: -0.0108
                      Mean entropy loss: 4.3220
                            Mean reward: 9.36
                    Mean episode length: 235.23
                        Mean action std: 0.37
                reward/tracking_lin_vel: 1.4808
                reward/tracking_ang_vel: 0.0908
                      reward/feet_phase: 0.6548
             reward/feet_phase_contrast: 1.1838
             reward/feet_contact_number: 0.4537
                   reward/feet_air_time: 0.0012
                     reward/under_speed: -0.1073
                       reward/feet_slip: -0.0126
                  reward/feet_clearance: -0.0284
                       reward/lin_vel_z: -0.0087
                      reward/ang_vel_xy: -0.2672
                     reward/base_height: -0.0546
                     reward/orientation: -0.0445
                            reward/pose: -0.0084
                     reward/action_rate: -0.0914
                      reward/action_acc: -0.1869
--------------------------------------------------------------------------------
                         Iteration time: 0.45s
                           Time elapsed: 00:01:50
                                    ETA: 00:00:13

################################################################################
[1m                           Learning iteration 223/250                           [0m 

                            Total steps: 2752512 
                       Steps per second: 28318 
                        Collection time: 0.365s 
                          Learning time: 0.069s 
                        Mean value loss: 0.0327
                    Mean surrogate loss: -0.0108
                      Mean entropy loss: 4.3018
                            Mean reward: 8.70
                    Mean episode length: 224.90
                        Mean action std: 0.37
                reward/tracking_lin_vel: 1.5142
                reward/tracking_ang_vel: 0.0903
                      reward/feet_phase: 0.6170
             reward/feet_phase_contrast: 1.2067
             reward/feet_contact_number: 0.4565
                   reward/feet_air_time: 0.0006
                     reward/under_speed: -0.1036
                       reward/feet_slip: -0.0133
                  reward/feet_clearance: -0.0291
                       reward/lin_vel_z: -0.0086
                      reward/ang_vel_xy: -0.2581
                     reward/base_height: -0.0168
                     reward/orientation: -0.0283
                            reward/pose: -0.0086
                     reward/action_rate: -0.0935
                      reward/action_acc: -0.1906
             Metrics/twist/error_vel_xy: 0.2817
            Metrics/twist/error_vel_yaw: 0.1299
        Episode_Reward/tracking_lin_vel: 0.0162
        Episode_Reward/tracking_ang_vel: 0.0057
              Episode_Reward/feet_phase: 0.0000
     Episode_Reward/feet_phase_contrast: 0.0000
     Episode_Reward/feet_contact_number: 0.0219
           Episode_Reward/feet_air_time: 0.0011
             Episode_Reward/under_speed: -0.0107
               Episode_Reward/feet_slip: -0.0001
          Episode_Reward/feet_clearance: -0.0004
               Episode_Reward/lin_vel_z: -0.0007
              Episode_Reward/ang_vel_xy: -0.0326
             Episode_Reward/base_height: -0.0877
             Episode_Reward/orientation: -0.0368
                    Episode_Reward/pose: -0.0004
             Episode_Reward/action_rate: -0.0031
              Episode_Reward/action_acc: -0.0079
           Episode_Termination/time_out: 0.0000
    Episode_Termination/bad_orientation: 1.0000
--------------------------------------------------------------------------------
                         Iteration time: 0.43s
                           Time elapsed: 00:01:50
                                    ETA: 00:00:12

################################################################################
[1m                           Learning iteration 224/250                           [0m 

                            Total steps: 2764800 
                       Steps per second: 25142 
                        Collection time: 0.422s 
                          Learning time: 0.066s 
                        Mean value loss: 0.0277
                    Mean surrogate loss: -0.0095
                      Mean entropy loss: 4.2835
                            Mean reward: 8.70
                    Mean episode length: 224.90
                        Mean action std: 0.37
                reward/tracking_lin_vel: 1.5232
                reward/tracking_ang_vel: 0.0870
                      reward/feet_phase: 0.7716
             reward/feet_phase_contrast: 1.2144
             reward/feet_contact_number: 0.4490
                   reward/feet_air_time: 0.0000
                     reward/under_speed: -0.1017
                       reward/feet_slip: -0.0142
                  reward/feet_clearance: -0.0304
                       reward/lin_vel_z: -0.0088
                      reward/ang_vel_xy: -0.2620
                     reward/base_height: -0.0037
                     reward/orientation: -0.0239
                            reward/pose: -0.0085
                     reward/action_rate: -0.0959
                      reward/action_acc: -0.1932
--------------------------------------------------------------------------------
                         Iteration time: 0.49s
                           Time elapsed: 00:01:50
                                    ETA: 00:00:12

################################################################################
[1m                           Learning iteration 225/250                           [0m 

                            Total steps: 2777088 
                       Steps per second: 27011 
                        Collection time: 0.386s 
                          Learning time: 0.069s 
                        Mean value loss: 0.0281
                    Mean surrogate loss: -0.0098
                      Mean entropy loss: 4.2705
                            Mean reward: 11.06
                    Mean episode length: 258.83
                        Mean action std: 0.37
                reward/tracking_lin_vel: 1.5469
                reward/tracking_ang_vel: 0.0884
                      reward/feet_phase: 0.8170
             reward/feet_phase_contrast: 1.2485
             reward/feet_contact_number: 0.4423
                   reward/feet_air_time: 0.0001
                     reward/under_speed: -0.0972
                       reward/feet_slip: -0.0141
                  reward/feet_clearance: -0.0300
                       reward/lin_vel_z: -0.0091
                      reward/ang_vel_xy: -0.2570
                     reward/base_height: -0.0038
                     reward/orientation: -0.0244
                            reward/pose: -0.0089
                     reward/action_rate: -0.0938
                      reward/action_acc: -0.1887
--------------------------------------------------------------------------------
                         Iteration time: 0.45s
                           Time elapsed: 00:01:51
                                    ETA: 00:00:11

################################################################################
[1m                           Learning iteration 226/250                           [0m 

                            Total steps: 2789376 
                       Steps per second: 24890 
                        Collection time: 0.423s 
                          Learning time: 0.070s 
                        Mean value loss: 0.0474
                    Mean surrogate loss: -0.0084
                      Mean entropy loss: 4.2694
                            Mean reward: 25.19
                    Mean episode length: 477.41
                        Mean action std: 0.37
                reward/tracking_lin_vel: 1.5358
                reward/tracking_ang_vel: 0.0874
                      reward/feet_phase: 0.6392
             reward/feet_phase_contrast: 1.2362
             reward/feet_contact_number: 0.4548
                   reward/feet_air_time: 0.0012
                     reward/under_speed: -0.0957
                       reward/feet_slip: -0.0143
                  reward/feet_clearance: -0.0311
                       reward/lin_vel_z: -0.0097
                      reward/ang_vel_xy: -0.2654
                     reward/base_height: -0.0042
                     reward/orientation: -0.0265
                            reward/pose: -0.0089
                     reward/action_rate: -0.0967
                      reward/action_acc: -0.1922
--------------------------------------------------------------------------------
                         Iteration time: 0.49s
                           Time elapsed: 00:01:51
                                    ETA: 00:00:11

################################################################################
[1m                           Learning iteration 227/250                           [0m 

                            Total steps: 2801664 
                       Steps per second: 27426 
                        Collection time: 0.378s 
                          Learning time: 0.070s 
                        Mean value loss: 0.0804
                    Mean surrogate loss: -0.0092
                      Mean entropy loss: 4.2622
                            Mean reward: 27.16
                    Mean episode length: 504.96
                        Mean action std: 0.37
                reward/tracking_lin_vel: 1.5526
                reward/tracking_ang_vel: 0.0845
                      reward/feet_phase: 0.6759
             reward/feet_phase_contrast: 1.2543
             reward/feet_contact_number: 0.4499
                   reward/feet_air_time: 0.0023
                     reward/under_speed: -0.0921
                       reward/feet_slip: -0.0150
                  reward/feet_clearance: -0.0322
                       reward/lin_vel_z: -0.0099
                      reward/ang_vel_xy: -0.2702
                     reward/base_height: -0.0155
                     reward/orientation: -0.0311
                            reward/pose: -0.0093
                     reward/action_rate: -0.0980
                      reward/action_acc: -0.1939
--------------------------------------------------------------------------------
                         Iteration time: 0.45s
                           Time elapsed: 00:01:52
                                    ETA: 00:00:10

################################################################################
[1m                           Learning iteration 228/250                           [0m 

                            Total steps: 2813952 
                       Steps per second: 27949 
                        Collection time: 0.373s 
                          Learning time: 0.067s 
                        Mean value loss: 0.0398
                    Mean surrogate loss: -0.0096
                      Mean entropy loss: 4.2596
                            Mean reward: 26.92
                    Mean episode length: 501.28
                        Mean action std: 0.37
                reward/tracking_lin_vel: 1.5739
                reward/tracking_ang_vel: 0.0833
                      reward/feet_phase: 0.8838
             reward/feet_phase_contrast: 1.2753
             reward/feet_contact_number: 0.4477
                   reward/feet_air_time: 0.0020
                     reward/under_speed: -0.0879
                       reward/feet_slip: -0.0160
                  reward/feet_clearance: -0.0333
                       reward/lin_vel_z: -0.0104
                      reward/ang_vel_xy: -0.2860
                     reward/base_height: -0.0308
                     reward/orientation: -0.0354
                            reward/pose: -0.0094
                     reward/action_rate: -0.1002
                      reward/action_acc: -0.1958
--------------------------------------------------------------------------------
                         Iteration time: 0.44s
                           Time elapsed: 00:01:52
                                    ETA: 00:00:10

################################################################################
[1m                           Learning iteration 229/250                           [0m 

                            Total steps: 2826240 
                       Steps per second: 26551 
                        Collection time: 0.377s 
                          Learning time: 0.086s 
                        Mean value loss: 0.0350
                    Mean surrogate loss: -0.0065
                      Mean entropy loss: 4.2524
                            Mean reward: 28.37
                    Mean episode length: 522.28
                        Mean action std: 0.37
                reward/tracking_lin_vel: 1.5821
                reward/tracking_ang_vel: 0.0828
                      reward/feet_phase: 0.7393
             reward/feet_phase_contrast: 1.2805
             reward/feet_contact_number: 0.4503
                   reward/feet_air_time: 0.0020
                     reward/under_speed: -0.0868
                       reward/feet_slip: -0.0165
                  reward/feet_clearance: -0.0343
                       reward/lin_vel_z: -0.0110
                      reward/ang_vel_xy: -0.2767
                     reward/base_height: -0.0046
                     reward/orientation: -0.0267
                            reward/pose: -0.0093
                     reward/action_rate: -0.1019
                      reward/action_acc: -0.1985
             Metrics/twist/error_vel_xy: 0.3652
            Metrics/twist/error_vel_yaw: 0.7963
        Episode_Reward/tracking_lin_vel: 1.3385
        Episode_Reward/tracking_ang_vel: 0.0897
              Episode_Reward/feet_phase: 0.6452
     Episode_Reward/feet_phase_contrast: 1.1092
     Episode_Reward/feet_contact_number: 0.4595
           Episode_Reward/feet_air_time: 0.0003
             Episode_Reward/under_speed: -0.1299
               Episode_Reward/feet_slip: -0.0102
          Episode_Reward/feet_clearance: -0.0238
               Episode_Reward/lin_vel_z: -0.0066
              Episode_Reward/ang_vel_xy: -0.2111
             Episode_Reward/base_height: -0.0031
             Episode_Reward/orientation: -0.0223
                    Episode_Reward/pose: -0.0078
             Episode_Reward/action_rate: -0.0808
              Episode_Reward/action_acc: -0.1750
           Episode_Termination/time_out: 1.0000
    Episode_Termination/bad_orientation: 0.0000
--------------------------------------------------------------------------------
                         Iteration time: 0.46s
                           Time elapsed: 00:01:53
                                    ETA: 00:00:09

################################################################################
[1m                           Learning iteration 230/250                           [0m 

                            Total steps: 2838528 
                       Steps per second: 28810 
                        Collection time: 0.354s 
                          Learning time: 0.073s 
                        Mean value loss: 0.0318
                    Mean surrogate loss: -0.0088
                      Mean entropy loss: 4.2419
                            Mean reward: 28.37
                    Mean episode length: 522.28
                        Mean action std: 0.37
                reward/tracking_lin_vel: 1.5992
                reward/tracking_ang_vel: 0.0822
                      reward/feet_phase: 0.6716
             reward/feet_phase_contrast: 1.2983
             reward/feet_contact_number: 0.4481
                   reward/feet_air_time: 0.0005
                     reward/under_speed: -0.0835
                       reward/feet_slip: -0.0169
                  reward/feet_clearance: -0.0350
                       reward/lin_vel_z: -0.0106
                      reward/ang_vel_xy: -0.2797
                     reward/base_height: -0.0098
                     reward/orientation: -0.0287
                            reward/pose: -0.0093
                     reward/action_rate: -0.1036
                      reward/action_acc: -0.1996
--------------------------------------------------------------------------------
                         Iteration time: 0.43s
                           Time elapsed: 00:01:53
                                    ETA: 00:00:09

################################################################################
[1m                           Learning iteration 231/250                           [0m 

                            Total steps: 2850816 
                       Steps per second: 28519 
                        Collection time: 0.360s 
                          Learning time: 0.071s 
                        Mean value loss: 0.0322
                    Mean surrogate loss: -0.0108
                      Mean entropy loss: 4.2266
                            Mean reward: 29.04
                    Mean episode length: 531.72
                        Mean action std: 0.37
                reward/tracking_lin_vel: 1.5967
                reward/tracking_ang_vel: 0.0812
                      reward/feet_phase: 0.7954
             reward/feet_phase_contrast: 1.3045
             reward/feet_contact_number: 0.4458
                   reward/feet_air_time: 0.0008
                     reward/under_speed: -0.0824
                       reward/feet_slip: -0.0175
                  reward/feet_clearance: -0.0354
                       reward/lin_vel_z: -0.0118
                      reward/ang_vel_xy: -0.2807
                     reward/base_height: -0.0047
                     reward/orientation: -0.0274
                            reward/pose: -0.0093
                     reward/action_rate: -0.1045
                      reward/action_acc: -0.2002
             Metrics/twist/error_vel_xy: 0.2280
            Metrics/twist/error_vel_yaw: 0.7570
        Episode_Reward/tracking_lin_vel: 1.4971
        Episode_Reward/tracking_ang_vel: 0.0878
              Episode_Reward/feet_phase: 0.6661
     Episode_Reward/feet_phase_contrast: 1.1488
     Episode_Reward/feet_contact_number: 0.4426
           Episode_Reward/feet_air_time: 0.0000
             Episode_Reward/under_speed: -0.1182
               Episode_Reward/feet_slip: -0.0125
          Episode_Reward/feet_clearance: -0.0257
               Episode_Reward/lin_vel_z: -0.0079
              Episode_Reward/ang_vel_xy: -0.1964
             Episode_Reward/base_height: -0.0037
             Episode_Reward/orientation: -0.0225
                    Episode_Reward/pose: -0.0093
             Episode_Reward/action_rate: -0.0857
              Episode_Reward/action_acc: -0.1820
           Episode_Termination/time_out: 1.0000
    Episode_Termination/bad_orientation: 0.0000
--------------------------------------------------------------------------------
                         Iteration time: 0.43s
                           Time elapsed: 00:01:54
                                    ETA: 00:00:08

################################################################################
[1m                           Learning iteration 232/250                           [0m 

                            Total steps: 2863104 
                       Steps per second: 27291 
                        Collection time: 0.380s 
                          Learning time: 0.071s 
                        Mean value loss: 0.0491
                    Mean surrogate loss: -0.0070
                      Mean entropy loss: 4.2096
                            Mean reward: 29.21
                    Mean episode length: 534.52
                        Mean action std: 0.37
                reward/tracking_lin_vel: 1.6029
                reward/tracking_ang_vel: 0.0828
                      reward/feet_phase: 0.8943
             reward/feet_phase_contrast: 1.3164
             reward/feet_contact_number: 0.4470
                   reward/feet_air_time: 0.0008
                     reward/under_speed: -0.0809
                       reward/feet_slip: -0.0168
                  reward/feet_clearance: -0.0353
                       reward/lin_vel_z: -0.0117
                      reward/ang_vel_xy: -0.2830
                     reward/base_height: -0.0075
                     reward/orientation: -0.0308
                            reward/pose: -0.0096
                     reward/action_rate: -0.1035
                      reward/action_acc: -0.1989
--------------------------------------------------------------------------------
                         Iteration time: 0.45s
                           Time elapsed: 00:01:54
                                    ETA: 00:00:08

################################################################################
[1m                           Learning iteration 233/250                           [0m 

                            Total steps: 2875392 
                       Steps per second: 32415 
                        Collection time: 0.313s 
                          Learning time: 0.066s 
                        Mean value loss: 5.5051
                    Mean surrogate loss: -0.0065
                      Mean entropy loss: 4.2015
                            Mean reward: 30.35
                    Mean episode length: 550.85
                        Mean action std: 0.37
                reward/tracking_lin_vel: 0.9258
                reward/tracking_ang_vel: 0.0739
                      reward/feet_phase: 0.5666
             reward/feet_phase_contrast: 1.0959
             reward/feet_contact_number: 0.4387
                   reward/feet_air_time: 0.0768
                     reward/under_speed: -0.0844
                       reward/feet_slip: -0.0187
                  reward/feet_clearance: -0.0371
                       reward/lin_vel_z: -0.0314
                      reward/ang_vel_xy: -0.4650
                     reward/base_height: -0.0376
                     reward/orientation: -0.1277
                            reward/pose: -0.0104
                     reward/action_rate: -0.1091
                      reward/action_acc: -0.2038
--------------------------------------------------------------------------------
                         Iteration time: 0.38s
                           Time elapsed: 00:01:54
                                    ETA: 00:00:07

################################################################################
[1m                           Learning iteration 234/250                           [0m 

                            Total steps: 2887680 
                       Steps per second: 28672 
                        Collection time: 0.363s 
                          Learning time: 0.065s 
                        Mean value loss: 0.5025
                    Mean surrogate loss: -0.0104
                      Mean entropy loss: 4.1976
                            Mean reward: 28.12
                    Mean episode length: 483.62
                        Mean action std: 0.37
                reward/tracking_lin_vel: 0.9841
                reward/tracking_ang_vel: 0.0733
                      reward/feet_phase: 0.5978
             reward/feet_phase_contrast: 1.0882
             reward/feet_contact_number: 0.4250
                   reward/feet_air_time: 0.1163
                     reward/under_speed: -0.0790
                       reward/feet_slip: -0.0167
                  reward/feet_clearance: -0.0338
                       reward/lin_vel_z: -0.0517
                      reward/ang_vel_xy: -0.8427
                     reward/base_height: -0.9772
                     reward/orientation: -0.5543
                            reward/pose: -0.0109
                     reward/action_rate: -0.1026
                      reward/action_acc: -0.1962
             Metrics/twist/error_vel_xy: 0.3219
            Metrics/twist/error_vel_yaw: 0.4281
        Episode_Reward/tracking_lin_vel: 0.6669
        Episode_Reward/tracking_ang_vel: 0.0405
              Episode_Reward/feet_phase: 0.3279
     Episode_Reward/feet_phase_contrast: 0.5588
     Episode_Reward/feet_contact_number: 0.2091
           Episode_Reward/feet_air_time: 0.0064
             Episode_Reward/under_speed: -0.0456
               Episode_Reward/feet_slip: -0.0065
          Episode_Reward/feet_clearance: -0.0139
               Episode_Reward/lin_vel_z: -0.0073
              Episode_Reward/ang_vel_xy: -0.1554
             Episode_Reward/base_height: -0.0545
             Episode_Reward/orientation: -0.0411
                    Episode_Reward/pose: -0.0043
             Episode_Reward/action_rate: -0.0439
              Episode_Reward/action_acc: -0.0883
           Episode_Termination/time_out: 0.0417
    Episode_Termination/bad_orientation: 8.9583
--------------------------------------------------------------------------------
                         Iteration time: 0.43s
                           Time elapsed: 00:01:55
                                    ETA: 00:00:07

################################################################################
[1m                           Learning iteration 235/250                           [0m 

                            Total steps: 2899968 
                       Steps per second: 27993 
                        Collection time: 0.372s 
                          Learning time: 0.067s 
                        Mean value loss: 0.3381
                    Mean surrogate loss: -0.0109
                      Mean entropy loss: 4.1956
                            Mean reward: 27.49
                    Mean episode length: 483.17
                        Mean action std: 0.37
                reward/tracking_lin_vel: 1.3690
                reward/tracking_ang_vel: 0.0816
                      reward/feet_phase: 0.8051
             reward/feet_phase_contrast: 1.1904
             reward/feet_contact_number: 0.4423
                   reward/feet_air_time: 0.0233
                     reward/under_speed: -0.0890
                       reward/feet_slip: -0.0144
                  reward/feet_clearance: -0.0318
                       reward/lin_vel_z: -0.0175
                      reward/ang_vel_xy: -0.3997
                     reward/base_height: -0.3541
                     reward/orientation: -0.1783
                            reward/pose: -0.0089
                     reward/action_rate: -0.0965
                      reward/action_acc: -0.1886
             Metrics/twist/error_vel_xy: 0.3827
            Metrics/twist/error_vel_yaw: 0.5015
        Episode_Reward/tracking_lin_vel: 0.6465
        Episode_Reward/tracking_ang_vel: 0.0392
              Episode_Reward/feet_phase: 0.3259
     Episode_Reward/feet_phase_contrast: 0.5513
     Episode_Reward/feet_contact_number: 0.2088
           Episode_Reward/feet_air_time: 0.0087
             Episode_Reward/under_speed: -0.0471
               Episode_Reward/feet_slip: -0.0064
          Episode_Reward/feet_clearance: -0.0137
               Episode_Reward/lin_vel_z: -0.0066
              Episode_Reward/ang_vel_xy: -0.1576
             Episode_Reward/base_height: -0.0682
             Episode_Reward/orientation: -0.0484
                    Episode_Reward/pose: -0.0042
             Episode_Reward/action_rate: -0.0445
              Episode_Reward/action_acc: -0.0884
           Episode_Termination/time_out: 0.0000
    Episode_Termination/bad_orientation: 3.0455
--------------------------------------------------------------------------------
                         Iteration time: 0.44s
                           Time elapsed: 00:01:55
                                    ETA: 00:00:06

################################################################################
[1m                           Learning iteration 236/250                           [0m 

                            Total steps: 2912256 
                       Steps per second: 23435 
                        Collection time: 0.452s 
                          Learning time: 0.072s 
                        Mean value loss: 0.1102
                    Mean surrogate loss: -0.0083
                      Mean entropy loss: 4.1959
                            Mean reward: 19.71
                    Mean episode length: 374.57
                        Mean action std: 0.37
                reward/tracking_lin_vel: 1.5133
                reward/tracking_ang_vel: 0.0814
                      reward/feet_phase: 0.7699
             reward/feet_phase_contrast: 1.2629
             reward/feet_contact_number: 0.4455
                   reward/feet_air_time: 0.0124
                     reward/under_speed: -0.0823
                       reward/feet_slip: -0.0167
                  reward/feet_clearance: -0.0353
                       reward/lin_vel_z: -0.0137
                      reward/ang_vel_xy: -0.3483
                     reward/base_height: -0.2030
                     reward/orientation: -0.1036
                            reward/pose: -0.0095
                     reward/action_rate: -0.1038
                      reward/action_acc: -0.1998
             Metrics/twist/error_vel_xy: 0.3968
            Metrics/twist/error_vel_yaw: 0.3284
        Episode_Reward/tracking_lin_vel: 0.2144
        Episode_Reward/tracking_ang_vel: 0.0151
              Episode_Reward/feet_phase: 0.1057
     Episode_Reward/feet_phase_contrast: 0.1762
     Episode_Reward/feet_contact_number: 0.0818
           Episode_Reward/feet_air_time: 0.0057
             Episode_Reward/under_speed: -0.0208
               Episode_Reward/feet_slip: -0.0020
          Episode_Reward/feet_clearance: -0.0050
               Episode_Reward/lin_vel_z: -0.0028
              Episode_Reward/ang_vel_xy: -0.0881
             Episode_Reward/base_height: -0.0740
             Episode_Reward/orientation: -0.0395
                    Episode_Reward/pose: -0.0015
             Episode_Reward/action_rate: -0.0179
              Episode_Reward/action_acc: -0.0353
           Episode_Termination/time_out: 0.0000
    Episode_Termination/bad_orientation: 1.9000
--------------------------------------------------------------------------------
                         Iteration time: 0.52s
                           Time elapsed: 00:01:56
                                    ETA: 00:00:06

################################################################################
[1m                           Learning iteration 237/250                           [0m 

                            Total steps: 2924544 
                       Steps per second: 24856 
                        Collection time: 0.424s 
                          Learning time: 0.071s 
                        Mean value loss: 0.0828
                    Mean surrogate loss: -0.0089
                      Mean entropy loss: 4.1880
                            Mean reward: 17.22
                    Mean episode length: 340.12
                        Mean action std: 0.37
                reward/tracking_lin_vel: 1.5731
                reward/tracking_ang_vel: 0.0808
                      reward/feet_phase: 0.6822
             reward/feet_phase_contrast: 1.3046
             reward/feet_contact_number: 0.4493
                   reward/feet_air_time: 0.0027
                     reward/under_speed: -0.0793
                       reward/feet_slip: -0.0179
                  reward/feet_clearance: -0.0364
                       reward/lin_vel_z: -0.0127
                      reward/ang_vel_xy: -0.2990
                     reward/base_height: -0.0640
                     reward/orientation: -0.0496
                            reward/pose: -0.0093
                     reward/action_rate: -0.1059
                      reward/action_acc: -0.2022
--------------------------------------------------------------------------------
                         Iteration time: 0.49s
                           Time elapsed: 00:01:56
                                    ETA: 00:00:05

################################################################################
[1m                           Learning iteration 238/250                           [0m 

                            Total steps: 2936832 
                       Steps per second: 24170 
                        Collection time: 0.436s 
                          Learning time: 0.073s 
                        Mean value loss: 0.0492
                    Mean surrogate loss: -0.0090
                      Mean entropy loss: 4.1791
                            Mean reward: 15.45
                    Mean episode length: 314.28
                        Mean action std: 0.37
                reward/tracking_lin_vel: 1.5915
                reward/tracking_ang_vel: 0.0809
                      reward/feet_phase: 0.7675
             reward/feet_phase_contrast: 1.3140
             reward/feet_contact_number: 0.4467
                   reward/feet_air_time: 0.0012
                     reward/under_speed: -0.0764
                       reward/feet_slip: -0.0190
                  reward/feet_clearance: -0.0371
                       reward/lin_vel_z: -0.0128
                      reward/ang_vel_xy: -0.2938
                     reward/base_height: -0.0403
                     reward/orientation: -0.0468
                            reward/pose: -0.0095
                     reward/action_rate: -0.1066
                      reward/action_acc: -0.2020
--------------------------------------------------------------------------------
                         Iteration time: 0.51s
                           Time elapsed: 00:01:57
                                    ETA: 00:00:05

################################################################################
[1m                           Learning iteration 239/250                           [0m 

                            Total steps: 2949120 
                       Steps per second: 28338 
                        Collection time: 0.363s 
                          Learning time: 0.070s 
                        Mean value loss: 0.0327
                    Mean surrogate loss: -0.0106
                      Mean entropy loss: 4.1559
                            Mean reward: 14.05
                    Mean episode length: 290.67
                        Mean action std: 0.37
                reward/tracking_lin_vel: 1.6045
                reward/tracking_ang_vel: 0.0781
                      reward/feet_phase: 0.9187
             reward/feet_phase_contrast: 1.3225
             reward/feet_contact_number: 0.4355
                   reward/feet_air_time: 0.0009
                     reward/under_speed: -0.0764
                       reward/feet_slip: -0.0184
                  reward/feet_clearance: -0.0380
                       reward/lin_vel_z: -0.0130
                      reward/ang_vel_xy: -0.2983
                     reward/base_height: -0.0242
                     reward/orientation: -0.0336
                            reward/pose: -0.0094
                     reward/action_rate: -0.1081
                      reward/action_acc: -0.2042
--------------------------------------------------------------------------------
                         Iteration time: 0.43s
                           Time elapsed: 00:01:57
                                    ETA: 00:00:04

################################################################################
[1m                           Learning iteration 240/250                           [0m 

                            Total steps: 2961408 
                       Steps per second: 26493 
                        Collection time: 0.394s 
                          Learning time: 0.069s 
                        Mean value loss: 0.0405
                    Mean surrogate loss: -0.0072
                      Mean entropy loss: 4.1305
                            Mean reward: 14.05
                    Mean episode length: 290.67
                        Mean action std: 0.37
                reward/tracking_lin_vel: 1.6273
                reward/tracking_ang_vel: 0.0790
                      reward/feet_phase: 0.7256
             reward/feet_phase_contrast: 1.3406
             reward/feet_contact_number: 0.4460
                   reward/feet_air_time: 0.0007
                     reward/under_speed: -0.0731
                       reward/feet_slip: -0.0188
                  reward/feet_clearance: -0.0383
                       reward/lin_vel_z: -0.0123
                      reward/ang_vel_xy: -0.2869
                     reward/base_height: -0.0049
                     reward/orientation: -0.0262
                            reward/pose: -0.0090
                     reward/action_rate: -0.1090
                      reward/action_acc: -0.2061
--------------------------------------------------------------------------------
                         Iteration time: 0.46s
                           Time elapsed: 00:01:58
                                    ETA: 00:00:04

################################################################################
[1m                           Learning iteration 241/250                           [0m 

                            Total steps: 2973696 
                       Steps per second: 28536 
                        Collection time: 0.363s 
                          Learning time: 0.068s 
                        Mean value loss: 0.0194
                    Mean surrogate loss: -0.0114
                      Mean entropy loss: 4.1177
                            Mean reward: 13.94
                    Mean episode length: 289.73
                        Mean action std: 0.37
                reward/tracking_lin_vel: 1.6383
                reward/tracking_ang_vel: 0.0780
                      reward/feet_phase: 0.7120
             reward/feet_phase_contrast: 1.3557
             reward/feet_contact_number: 0.4478
                   reward/feet_air_time: 0.0005
                     reward/under_speed: -0.0709
                       reward/feet_slip: -0.0202
                  reward/feet_clearance: -0.0390
                       reward/lin_vel_z: -0.0117
                      reward/ang_vel_xy: -0.2789
                     reward/base_height: -0.0103
                     reward/orientation: -0.0274
                            reward/pose: -0.0093
                     reward/action_rate: -0.1084
                      reward/action_acc: -0.2043
--------------------------------------------------------------------------------
                         Iteration time: 0.43s
                           Time elapsed: 00:01:58
                                    ETA: 00:00:03

################################################################################
[1m                           Learning iteration 242/250                           [0m 

                            Total steps: 2985984 
                       Steps per second: 26818 
                        Collection time: 0.391s 
                          Learning time: 0.068s 
                        Mean value loss: 0.0262
                    Mean surrogate loss: -0.0112
                      Mean entropy loss: 4.1078
                            Mean reward: 23.84
                    Mean episode length: 436.93
                        Mean action std: 0.37
                reward/tracking_lin_vel: 1.6438
                reward/tracking_ang_vel: 0.0780
                      reward/feet_phase: 0.9068
             reward/feet_phase_contrast: 1.3614
             reward/feet_contact_number: 0.4416
                   reward/feet_air_time: 0.0007
                     reward/under_speed: -0.0685
                       reward/feet_slip: -0.0197
                  reward/feet_clearance: -0.0388
                       reward/lin_vel_z: -0.0114
                      reward/ang_vel_xy: -0.2742
                     reward/base_height: -0.0043
                     reward/orientation: -0.0254
                            reward/pose: -0.0100
                     reward/action_rate: -0.1083
                      reward/action_acc: -0.2034
--------------------------------------------------------------------------------
                         Iteration time: 0.46s
                           Time elapsed: 00:01:59
                                    ETA: 00:00:03

################################################################################
[1m                           Learning iteration 243/250                           [0m 

                            Total steps: 2998272 
                       Steps per second: 27099 
                        Collection time: 0.387s 
                          Learning time: 0.066s 
                        Mean value loss: 0.0903
                    Mean surrogate loss: -0.0078
                      Mean entropy loss: 4.0941
                            Mean reward: 32.30
                    Mean episode length: 554.66
                        Mean action std: 0.36
                reward/tracking_lin_vel: 1.6169
                reward/tracking_ang_vel: 0.0759
                      reward/feet_phase: 0.8533
             reward/feet_phase_contrast: 1.3436
             reward/feet_contact_number: 0.4361
                   reward/feet_air_time: 0.0032
                     reward/under_speed: -0.0693
                       reward/feet_slip: -0.0214
                  reward/feet_clearance: -0.0400
                       reward/lin_vel_z: -0.0120
                      reward/ang_vel_xy: -0.2795
                     reward/base_height: -0.0048
                     reward/orientation: -0.0276
                            reward/pose: -0.0098
                     reward/action_rate: -0.1097
                      reward/action_acc: -0.2048
--------------------------------------------------------------------------------
                         Iteration time: 0.45s
                           Time elapsed: 00:01:59
                                    ETA: 00:00:02

################################################################################
[1m                           Learning iteration 244/250                           [0m 

                            Total steps: 3010560 
                       Steps per second: 28438 
                        Collection time: 0.364s 
                          Learning time: 0.069s 
                        Mean value loss: 0.0497
                    Mean surrogate loss: -0.0085
                      Mean entropy loss: 4.0854
                            Mean reward: 33.34
                    Mean episode length: 568.60
                        Mean action std: 0.36
                reward/tracking_lin_vel: 1.6187
                reward/tracking_ang_vel: 0.0751
                      reward/feet_phase: 0.7108
             reward/feet_phase_contrast: 1.3502
             reward/feet_contact_number: 0.4505
                   reward/feet_air_time: 0.0055
                     reward/under_speed: -0.0670
                       reward/feet_slip: -0.0206
                  reward/feet_clearance: -0.0398
                       reward/lin_vel_z: -0.0125
                      reward/ang_vel_xy: -0.2983
                     reward/base_height: -0.0493
                     reward/orientation: -0.0473
                            reward/pose: -0.0104
                     reward/action_rate: -0.1099
                      reward/action_acc: -0.2031
--------------------------------------------------------------------------------
                         Iteration time: 0.43s
                           Time elapsed: 00:02:00
                                    ETA: 00:00:02

################################################################################
[1m                           Learning iteration 245/250                           [0m 

                            Total steps: 3022848 
                       Steps per second: 27722 
                        Collection time: 0.376s 
                          Learning time: 0.067s 
                        Mean value loss: 0.0288
                    Mean surrogate loss: -0.0073
                      Mean entropy loss: 4.0623
                            Mean reward: 33.70
                    Mean episode length: 570.99
                        Mean action std: 0.36
                reward/tracking_lin_vel: 1.6409
                reward/tracking_ang_vel: 0.0743
                      reward/feet_phase: 0.7770
             reward/feet_phase_contrast: 1.3737
             reward/feet_contact_number: 0.4407
                   reward/feet_air_time: 0.0017
                     reward/under_speed: -0.0628
                       reward/feet_slip: -0.0211
                  reward/feet_clearance: -0.0418
                       reward/lin_vel_z: -0.0134
                      reward/ang_vel_xy: -0.2988
                     reward/base_height: -0.0389
                     reward/orientation: -0.0379
                            reward/pose: -0.0111
                     reward/action_rate: -0.1125
                      reward/action_acc: -0.2072
             Metrics/twist/error_vel_xy: 0.3199
            Metrics/twist/error_vel_yaw: 0.4411
        Episode_Reward/tracking_lin_vel: 0.4900
        Episode_Reward/tracking_ang_vel: 0.0278
              Episode_Reward/feet_phase: 0.2164
     Episode_Reward/feet_phase_contrast: 0.3677
     Episode_Reward/feet_contact_number: 0.1574
           Episode_Reward/feet_air_time: 0.0077
             Episode_Reward/under_speed: -0.0348
               Episode_Reward/feet_slip: -0.0050
          Episode_Reward/feet_clearance: -0.0107
               Episode_Reward/lin_vel_z: -0.0037
              Episode_Reward/ang_vel_xy: -0.1200
             Episode_Reward/base_height: -0.0634
             Episode_Reward/orientation: -0.0360
                    Episode_Reward/pose: -0.0030
             Episode_Reward/action_rate: -0.0331
              Episode_Reward/action_acc: -0.0669
           Episode_Termination/time_out: 0.3750
    Episode_Termination/bad_orientation: 0.7500
--------------------------------------------------------------------------------
                         Iteration time: 0.44s
                           Time elapsed: 00:02:00
                                    ETA: 00:00:01

################################################################################
[1m                           Learning iteration 246/250                           [0m 

                            Total steps: 3035136 
                       Steps per second: 29105 
                        Collection time: 0.354s 
                          Learning time: 0.068s 
                        Mean value loss: 0.0509
                    Mean surrogate loss: -0.0063
                      Mean entropy loss: 4.0489
                            Mean reward: 33.70
                    Mean episode length: 570.90
                        Mean action std: 0.36
                reward/tracking_lin_vel: 1.6610
                reward/tracking_ang_vel: 0.0740
                      reward/feet_phase: 0.9792
             reward/feet_phase_contrast: 1.3964
             reward/feet_contact_number: 0.4361
                   reward/feet_air_time: 0.0015
                     reward/under_speed: -0.0584
                       reward/feet_slip: -0.0213
                  reward/feet_clearance: -0.0419
                       reward/lin_vel_z: -0.0132
                      reward/ang_vel_xy: -0.2923
                     reward/base_height: -0.0098
                     reward/orientation: -0.0317
                            reward/pose: -0.0115
                     reward/action_rate: -0.1139
                      reward/action_acc: -0.2079
--------------------------------------------------------------------------------
                         Iteration time: 0.42s
                           Time elapsed: 00:02:00
                                    ETA: 00:00:01

################################################################################
[1m                           Learning iteration 247/250                           [0m 

                            Total steps: 3047424 
                       Steps per second: 30562 
                        Collection time: 0.335s 
                          Learning time: 0.067s 
                        Mean value loss: 0.0719
                    Mean surrogate loss: -0.0074
                      Mean entropy loss: 4.0427
                            Mean reward: 34.49
                    Mean episode length: 582.97
                        Mean action std: 0.36
                reward/tracking_lin_vel: 1.6538
                reward/tracking_ang_vel: 0.0721
                      reward/feet_phase: 0.7858
             reward/feet_phase_contrast: 1.3952
             reward/feet_contact_number: 0.4439
                   reward/feet_air_time: 0.0010
                     reward/under_speed: -0.0561
                       reward/feet_slip: -0.0214
                  reward/feet_clearance: -0.0428
                       reward/lin_vel_z: -0.0141
                      reward/ang_vel_xy: -0.3002
                     reward/base_height: -0.0165
                     reward/orientation: -0.0370
                            reward/pose: -0.0120
                     reward/action_rate: -0.1155
                      reward/action_acc: -0.2095
--------------------------------------------------------------------------------
                         Iteration time: 0.40s
                           Time elapsed: 00:02:01
                                    ETA: 00:00:00

################################################################################
[1m                           Learning iteration 248/250                           [0m 

                            Total steps: 3059712 
                       Steps per second: 28772 
                        Collection time: 0.361s 
                          Learning time: 0.066s 
                        Mean value loss: 0.0484
                    Mean surrogate loss: -0.0079
                      Mean entropy loss: 4.0404
                            Mean reward: 35.00
                    Mean episode length: 588.93
                        Mean action std: 0.36
                reward/tracking_lin_vel: 1.6532
                reward/tracking_ang_vel: 0.0721
                      reward/feet_phase: 0.7443
             reward/feet_phase_contrast: 1.4004
             reward/feet_contact_number: 0.4397
                   reward/feet_air_time: 0.0009
                     reward/under_speed: -0.0546
                       reward/feet_slip: -0.0227
                  reward/feet_clearance: -0.0440
                       reward/lin_vel_z: -0.0156
                      reward/ang_vel_xy: -0.3152
                     reward/base_height: -0.0304
                     reward/orientation: -0.0430
                            reward/pose: -0.0127
                     reward/action_rate: -0.1198
                      reward/action_acc: -0.2143
             Metrics/twist/error_vel_xy: 0.2253
            Metrics/twist/error_vel_yaw: 0.2842
        Episode_Reward/tracking_lin_vel: 0.2592
        Episode_Reward/tracking_ang_vel: 0.0137
              Episode_Reward/feet_phase: 0.1508
     Episode_Reward/feet_phase_contrast: 0.2400
     Episode_Reward/feet_contact_number: 0.0833
           Episode_Reward/feet_air_time: 0.0060
             Episode_Reward/under_speed: -0.0083
               Episode_Reward/feet_slip: -0.0035
          Episode_Reward/feet_clearance: -0.0082
               Episode_Reward/lin_vel_z: -0.0069
              Episode_Reward/ang_vel_xy: -0.1011
             Episode_Reward/base_height: -0.0696
             Episode_Reward/orientation: -0.0481
                    Episode_Reward/pose: -0.0019
             Episode_Reward/action_rate: -0.0264
              Episode_Reward/action_acc: -0.0448
           Episode_Termination/time_out: 0.0000
    Episode_Termination/bad_orientation: 1.2000
--------------------------------------------------------------------------------
                         Iteration time: 0.43s
                           Time elapsed: 00:02:01
                                    ETA: 00:00:00

################################################################################
[1m                           Learning iteration 249/250                           [0m 

                            Total steps: 3072000 
                       Steps per second: 30525 
                        Collection time: 0.336s 
                          Learning time: 0.067s 
                        Mean value loss: 3.4035
                    Mean surrogate loss: -0.0081
                      Mean entropy loss: 4.0357
                            Mean reward: 35.24
                    Mean episode length: 592.13
                        Mean action std: 0.36
                reward/tracking_lin_vel: 1.6543
                reward/tracking_ang_vel: 0.0709
                      reward/feet_phase: 0.9057
             reward/feet_phase_contrast: 1.4056
             reward/feet_contact_number: 0.4460
                   reward/feet_air_time: 0.0010
                     reward/under_speed: -0.0535
                       reward/feet_slip: -0.0238
                  reward/feet_clearance: -0.0443
                       reward/lin_vel_z: -0.0154
                      reward/ang_vel_xy: -0.3017
                     reward/base_height: -0.0129
                     reward/orientation: -0.0367
                            reward/pose: -0.0128
                     reward/action_rate: -0.1189
                      reward/action_acc: -0.2131
--------------------------------------------------------------------------------
                         Iteration time: 0.40s
                           Time elapsed: 00:02:02
                                    ETA: 00:00:00

