✅ CUDA 可见；训练期间将禁止系统休眠（systemd-inhibit）
[rank 0/1] Using device: cuda
[2026-09-19 23:04:26,902][unisim.backend.mujoco.chunk_tuner][INFO] - chunk_size: cache hit -> chosen=2 | default(=2)=27.19ms, 1=26.05ms, 2=26.52ms, 3=26.82ms, 4=26.75ms, 6=27.84ms, 7=28.76ms, 13=31.78ms, 23=29.17ms, 24=29.21ms
--------------------------------------------------------------------------------
Resolved observation sets: 
	 default :  ['policy']
	 actor :  ['actor']
	 critic :  ['critic']
--------------------------------------------------------------------------------
Actor Model: MLPModel(
  (obs_normalizer): EmpiricalNormalization()
  (distribution): GaussianDistribution()
  (mlp): MLP(
    (0): Linear(in_features=39, out_features=512, bias=True)
    (1): ELU(alpha=1.0)
    (2): Linear(in_features=512, out_features=256, bias=True)
    (3): ELU(alpha=1.0)
    (4): Linear(in_features=256, out_features=128, bias=True)
    (5): ELU(alpha=1.0)
    (6): Linear(in_features=128, out_features=10, bias=True)
  )
)
Critic Model: MLPModel(
  (obs_normalizer): EmpiricalNormalization()
  (mlp): MLP(
    (0): Linear(in_features=42, out_features=512, bias=True)
    (1): ELU(alpha=1.0)
    (2): Linear(in_features=512, out_features=256, bias=True)
    (3): ELU(alpha=1.0)
    (4): Linear(in_features=256, out_features=128, bias=True)
    (5): ELU(alpha=1.0)
    (6): Linear(in_features=128, out_features=1, bias=True)
  )
)
Storing git diff for 'UniLab' in: $UNILAB_ROOT/logs/rsl_rl_ppo/DM10JoystickFlat/2026-09-19_23-04-26_mujoco/git/UniLab.diff
################################################################################
[1m                            Learning iteration 0/250                            [0m 

                            Total steps: 12288 
                       Steps per second: 16660 
                        Collection time: 0.565s 
                          Learning time: 0.173s 
                        Mean value loss: 0.1258
                    Mean surrogate loss: -0.0048
                      Mean entropy loss: 7.2597
                            Mean reward: 0.10
                    Mean episode length: 12.18
                        Mean action std: 0.50
                reward/tracking_lin_vel: 0.6774
                reward/tracking_ang_vel: 0.1158
                      reward/feet_phase: 0.2995
             reward/feet_phase_contrast: 0.4802
             reward/feet_contact_number: 0.4443
                   reward/feet_air_time: 0.0011
                     reward/under_speed: -0.1609
                       reward/feet_slip: -0.0029
                  reward/feet_clearance: -0.0113
                       reward/lin_vel_z: -0.0075
                      reward/ang_vel_xy: -0.2266
                     reward/base_height: -0.2458
                     reward/orientation: -0.1997
                            reward/pose: -0.0092
                     reward/action_rate: -0.0492
                      reward/action_acc: -0.1438
             Metrics/twist/error_vel_xy: 0.0547
            Metrics/twist/error_vel_yaw: 0.0242
        Episode_Reward/tracking_lin_vel: 0.0074
        Episode_Reward/tracking_ang_vel: 0.0016
              Episode_Reward/feet_phase: 0.0034
     Episode_Reward/feet_phase_contrast: 0.0069
     Episode_Reward/feet_contact_number: 0.0055
           Episode_Reward/feet_air_time: 0.0000
             Episode_Reward/under_speed: -0.0020
               Episode_Reward/feet_slip: -0.0000
          Episode_Reward/feet_clearance: -0.0002
               Episode_Reward/lin_vel_z: -0.0001
              Episode_Reward/ang_vel_xy: -0.0038
             Episode_Reward/base_height: -0.0052
             Episode_Reward/orientation: -0.0025
                    Episode_Reward/pose: -0.0001
             Episode_Reward/action_rate: -0.0006
              Episode_Reward/action_acc: -0.0017
           Episode_Termination/time_out: 1.3333
    Episode_Termination/bad_orientation: 0.0833
--------------------------------------------------------------------------------
                         Iteration time: 0.74s
                           Time elapsed: 00:00:00
                                    ETA: 00:03:03

################################################################################
[1m                            Learning iteration 1/250                            [0m 

                            Total steps: 24576 
                       Steps per second: 28884 
                        Collection time: 0.361s 
                          Learning time: 0.065s 
                        Mean value loss: 0.9833
                    Mean surrogate loss: -0.0086
                      Mean entropy loss: 7.2590
                            Mean reward: -2.97
                    Mean episode length: 44.56
                        Mean action std: 0.50
                reward/tracking_lin_vel: 0.5235
                reward/tracking_ang_vel: 0.1013
                      reward/feet_phase: 0.2469
             reward/feet_phase_contrast: 0.4330
             reward/feet_contact_number: 0.4566
                   reward/feet_air_time: 0.0377
                     reward/under_speed: -0.1580
                       reward/feet_slip: -0.0030
                  reward/feet_clearance: -0.0103
                       reward/lin_vel_z: -0.0277
                      reward/ang_vel_xy: -0.5300
                     reward/base_height: -2.7314
                     reward/orientation: -0.9403
                            reward/pose: -0.0186
                     reward/action_rate: -0.0498
                      reward/action_acc: -0.1472
             Metrics/twist/error_vel_xy: 0.2847
            Metrics/twist/error_vel_yaw: 0.1327
        Episode_Reward/tracking_lin_vel: 0.0094
        Episode_Reward/tracking_ang_vel: 0.0037
              Episode_Reward/feet_phase: 0.0065
     Episode_Reward/feet_phase_contrast: 0.0102
     Episode_Reward/feet_contact_number: 0.0165
           Episode_Reward/feet_air_time: 0.0014
             Episode_Reward/under_speed: -0.0061
               Episode_Reward/feet_slip: -0.0001
          Episode_Reward/feet_clearance: -0.0004
               Episode_Reward/lin_vel_z: -0.0014
              Episode_Reward/ang_vel_xy: -0.0279
             Episode_Reward/base_height: -0.1192
             Episode_Reward/orientation: -0.0392
                    Episode_Reward/pose: -0.0006
             Episode_Reward/action_rate: -0.0018
              Episode_Reward/action_acc: -0.0053
           Episode_Termination/time_out: 0.3043
    Episode_Termination/bad_orientation: 9.9130
--------------------------------------------------------------------------------
                         Iteration time: 0.43s
                           Time elapsed: 00:00:01
                                    ETA: 00:02:24

################################################################################
[1m                            Learning iteration 2/250                            [0m 

                            Total steps: 36864 
                       Steps per second: 29134 
                        Collection time: 0.354s 
                          Learning time: 0.068s 
                        Mean value loss: 0.5656
                    Mean surrogate loss: -0.0095
                      Mean entropy loss: 7.2585
                            Mean reward: -2.22
                    Mean episode length: 55.61
                        Mean action std: 0.50
                reward/tracking_lin_vel: 0.5728
                reward/tracking_ang_vel: 0.1083
                      reward/feet_phase: 0.2624
             reward/feet_phase_contrast: 0.4671
             reward/feet_contact_number: 0.4462
                   reward/feet_air_time: 0.0217
                     reward/under_speed: -0.1569
                       reward/feet_slip: -0.0030
                  reward/feet_clearance: -0.0100
                       reward/lin_vel_z: -0.0224
                      reward/ang_vel_xy: -0.4538
                     reward/base_height: -2.1148
                     reward/orientation: -0.7340
                            reward/pose: -0.0159
                     reward/action_rate: -0.0489
                      reward/action_acc: -0.1441
             Metrics/twist/error_vel_xy: 0.3384
            Metrics/twist/error_vel_yaw: 0.1953
        Episode_Reward/tracking_lin_vel: 0.0307
        Episode_Reward/tracking_ang_vel: 0.0057
              Episode_Reward/feet_phase: 0.0163
     Episode_Reward/feet_phase_contrast: 0.0274
     Episode_Reward/feet_contact_number: 0.0245
           Episode_Reward/feet_air_time: 0.0014
             Episode_Reward/under_speed: -0.0083
               Episode_Reward/feet_slip: -0.0002
          Episode_Reward/feet_clearance: -0.0005
               Episode_Reward/lin_vel_z: -0.0014
              Episode_Reward/ang_vel_xy: -0.0260
             Episode_Reward/base_height: -0.1317
             Episode_Reward/orientation: -0.0453
                    Episode_Reward/pose: -0.0009
             Episode_Reward/action_rate: -0.0027
              Episode_Reward/action_acc: -0.0080
           Episode_Termination/time_out: 0.0417
    Episode_Termination/bad_orientation: 8.7083
--------------------------------------------------------------------------------
                         Iteration time: 0.42s
                           Time elapsed: 00:00:01
                                    ETA: 00:02:10

################################################################################
[1m                            Learning iteration 3/250                            [0m 

                            Total steps: 49152 
                       Steps per second: 28427 
                        Collection time: 0.368s 
                          Learning time: 0.064s 
                        Mean value loss: 0.6577
                    Mean surrogate loss: -0.0090
                      Mean entropy loss: 7.2553
                            Mean reward: -2.27
                    Mean episode length: 54.06
                        Mean action std: 0.50
                reward/tracking_lin_vel: 0.5610
                reward/tracking_ang_vel: 0.1047
                      reward/feet_phase: 0.3277
             reward/feet_phase_contrast: 0.4826
             reward/feet_contact_number: 0.4462
                   reward/feet_air_time: 0.0314
                     reward/under_speed: -0.1539
                       reward/feet_slip: -0.0032
                  reward/feet_clearance: -0.0104
                       reward/lin_vel_z: -0.0253
                      reward/ang_vel_xy: -0.4919
                     reward/base_height: -2.4260
                     reward/orientation: -0.8293
                            reward/pose: -0.0173
                     reward/action_rate: -0.0495
                      reward/action_acc: -0.1468
             Metrics/twist/error_vel_xy: 0.3558
            Metrics/twist/error_vel_yaw: 0.1988
        Episode_Reward/tracking_lin_vel: 0.0268
        Episode_Reward/tracking_ang_vel: 0.0054
              Episode_Reward/feet_phase: 0.0134
     Episode_Reward/feet_phase_contrast: 0.0225
     Episode_Reward/feet_contact_number: 0.0233
           Episode_Reward/feet_air_time: 0.0016
             Episode_Reward/under_speed: -0.0081
               Episode_Reward/feet_slip: -0.0002
          Episode_Reward/feet_clearance: -0.0005
               Episode_Reward/lin_vel_z: -0.0013
              Episode_Reward/ang_vel_xy: -0.0267
             Episode_Reward/base_height: -0.1284
             Episode_Reward/orientation: -0.0441
                    Episode_Reward/pose: -0.0008
             Episode_Reward/action_rate: -0.0026
              Episode_Reward/action_acc: -0.0076
           Episode_Termination/time_out: 0.0417
    Episode_Termination/bad_orientation: 9.3750
--------------------------------------------------------------------------------
                         Iteration time: 0.43s
                           Time elapsed: 00:00:02
                                    ETA: 00:02:04

################################################################################
[1m                            Learning iteration 4/250                            [0m 

                            Total steps: 61440 
                       Steps per second: 27127 
                        Collection time: 0.387s 
                          Learning time: 0.066s 
                        Mean value loss: 0.6238
                    Mean surrogate loss: -0.0077
                      Mean entropy loss: 7.2527
                            Mean reward: -2.29
                    Mean episode length: 57.07
                        Mean action std: 0.50
                reward/tracking_lin_vel: 0.6312
                reward/tracking_ang_vel: 0.1031
                      reward/feet_phase: 0.3095
             reward/feet_phase_contrast: 0.5229
             reward/feet_contact_number: 0.4477
                   reward/feet_air_time: 0.0339
                     reward/under_speed: -0.1508
                       reward/feet_slip: -0.0032
                  reward/feet_clearance: -0.0106
                       reward/lin_vel_z: -0.0235
                      reward/ang_vel_xy: -0.4708
                     reward/base_height: -2.3190
                     reward/orientation: -0.7653
                            reward/pose: -0.0170
                     reward/action_rate: -0.0497
                      reward/action_acc: -0.1466
             Metrics/twist/error_vel_xy: 0.3724
            Metrics/twist/error_vel_yaw: 0.2210
        Episode_Reward/tracking_lin_vel: 0.0324
        Episode_Reward/tracking_ang_vel: 0.0060
              Episode_Reward/feet_phase: 0.0178
     Episode_Reward/feet_phase_contrast: 0.0287
     Episode_Reward/feet_contact_number: 0.0254
           Episode_Reward/feet_air_time: 0.0018
             Episode_Reward/under_speed: -0.0087
               Episode_Reward/feet_slip: -0.0002
          Episode_Reward/feet_clearance: -0.0006
               Episode_Reward/lin_vel_z: -0.0013
              Episode_Reward/ang_vel_xy: -0.0270
             Episode_Reward/base_height: -0.1325
             Episode_Reward/orientation: -0.0448
                    Episode_Reward/pose: -0.0010
             Episode_Reward/action_rate: -0.0028
              Episode_Reward/action_acc: -0.0083
           Episode_Termination/time_out: 0.0417
    Episode_Termination/bad_orientation: 9.3333
--------------------------------------------------------------------------------
                         Iteration time: 0.45s
                           Time elapsed: 00:00:02
                                    ETA: 00:02:01

################################################################################
[1m                            Learning iteration 5/250                            [0m 

                            Total steps: 73728 
                       Steps per second: 24805 
                        Collection time: 0.429s 
                          Learning time: 0.067s 
                        Mean value loss: 0.6270
                    Mean surrogate loss: -0.0074
                      Mean entropy loss: 7.2524
                            Mean reward: -1.85
                    Mean episode length: 59.25
                        Mean action std: 0.50
                reward/tracking_lin_vel: 0.6384
                reward/tracking_ang_vel: 0.1055
                      reward/feet_phase: 0.3160
             reward/feet_phase_contrast: 0.5629
             reward/feet_contact_number: 0.4478
                   reward/feet_air_time: 0.0268
                     reward/under_speed: -0.1461
                       reward/feet_slip: -0.0032
                  reward/feet_clearance: -0.0100
                       reward/lin_vel_z: -0.0240
                      reward/ang_vel_xy: -0.4504
                     reward/base_height: -2.1561
                     reward/orientation: -0.7752
                            reward/pose: -0.0183
                     reward/action_rate: -0.0500
                      reward/action_acc: -0.1481
             Metrics/twist/error_vel_xy: 0.3672
            Metrics/twist/error_vel_yaw: 0.2268
        Episode_Reward/tracking_lin_vel: 0.0342
        Episode_Reward/tracking_ang_vel: 0.0059
              Episode_Reward/feet_phase: 0.0178
     Episode_Reward/feet_phase_contrast: 0.0289
     Episode_Reward/feet_contact_number: 0.0257
           Episode_Reward/feet_air_time: 0.0016
             Episode_Reward/under_speed: -0.0086
               Episode_Reward/feet_slip: -0.0002
          Episode_Reward/feet_clearance: -0.0006
               Episode_Reward/lin_vel_z: -0.0014
              Episode_Reward/ang_vel_xy: -0.0264
             Episode_Reward/base_height: -0.1290
             Episode_Reward/orientation: -0.0457
                    Episode_Reward/pose: -0.0010
             Episode_Reward/action_rate: -0.0028
              Episode_Reward/action_acc: -0.0083
           Episode_Termination/time_out: 0.0000
    Episode_Termination/bad_orientation: 8.3333
--------------------------------------------------------------------------------
                         Iteration time: 0.50s
                           Time elapsed: 00:00:02
                                    ETA: 00:02:00

################################################################################
[1m                            Learning iteration 6/250                            [0m 

                            Total steps: 86016 
                       Steps per second: 24534 
                        Collection time: 0.420s 
                          Learning time: 0.081s 
                        Mean value loss: 0.6080
                    Mean surrogate loss: -0.0082
                      Mean entropy loss: 7.2506
                            Mean reward: -2.10
                    Mean episode length: 54.95
                        Mean action std: 0.50
                reward/tracking_lin_vel: 0.6317
                reward/tracking_ang_vel: 0.1055
                      reward/feet_phase: 0.3310
             reward/feet_phase_contrast: 0.5390
             reward/feet_contact_number: 0.4515
                   reward/feet_air_time: 0.0290
                     reward/under_speed: -0.1471
                       reward/feet_slip: -0.0033
                  reward/feet_clearance: -0.0099
                       reward/lin_vel_z: -0.0251
                      reward/ang_vel_xy: -0.4796
                     reward/base_height: -2.2560
                     reward/orientation: -0.7955
                            reward/pose: -0.0176
                     reward/action_rate: -0.0501
                      reward/action_acc: -0.1483
             Metrics/twist/error_vel_xy: 0.3590
            Metrics/twist/error_vel_yaw: 0.2119
        Episode_Reward/tracking_lin_vel: 0.0300
        Episode_Reward/tracking_ang_vel: 0.0056
              Episode_Reward/feet_phase: 0.0163
     Episode_Reward/feet_phase_contrast: 0.0275
     Episode_Reward/feet_contact_number: 0.0238
           Episode_Reward/feet_air_time: 0.0017
             Episode_Reward/under_speed: -0.0079
               Episode_Reward/feet_slip: -0.0002
          Episode_Reward/feet_clearance: -0.0006
               Episode_Reward/lin_vel_z: -0.0014
              Episode_Reward/ang_vel_xy: -0.0266
             Episode_Reward/base_height: -0.1272
             Episode_Reward/orientation: -0.0446
                    Episode_Reward/pose: -0.0010
             Episode_Reward/action_rate: -0.0027
              Episode_Reward/action_acc: -0.0079
           Episode_Termination/time_out: 0.0000
    Episode_Termination/bad_orientation: 9.0000
--------------------------------------------------------------------------------
                         Iteration time: 0.50s
                           Time elapsed: 00:00:03
                                    ETA: 00:02:00

################################################################################
[1m                            Learning iteration 7/250                            [0m 

                            Total steps: 98304 
                       Steps per second: 28048 
                        Collection time: 0.374s 
                          Learning time: 0.064s 
                        Mean value loss: 0.5261
                    Mean surrogate loss: -0.0066
                      Mean entropy loss: 7.2448
                            Mean reward: -2.16
                    Mean episode length: 55.70
                        Mean action std: 0.50
                reward/tracking_lin_vel: 0.6970
                reward/tracking_ang_vel: 0.1081
                      reward/feet_phase: 0.3830
             reward/feet_phase_contrast: 0.5670
             reward/feet_contact_number: 0.4500
                   reward/feet_air_time: 0.0285
                     reward/under_speed: -0.1453
                       reward/feet_slip: -0.0031
                  reward/feet_clearance: -0.0100
                       reward/lin_vel_z: -0.0223
                      reward/ang_vel_xy: -0.4319
                     reward/base_height: -2.0117
                     reward/orientation: -0.7083
                            reward/pose: -0.0172
                     reward/action_rate: -0.0498
                      reward/action_acc: -0.1472
             Metrics/twist/error_vel_xy: 0.3697
            Metrics/twist/error_vel_yaw: 0.2242
        Episode_Reward/tracking_lin_vel: 0.0390
        Episode_Reward/tracking_ang_vel: 0.0064
              Episode_Reward/feet_phase: 0.0198
     Episode_Reward/feet_phase_contrast: 0.0328
     Episode_Reward/feet_contact_number: 0.0266
           Episode_Reward/feet_air_time: 0.0018
             Episode_Reward/under_speed: -0.0088
               Episode_Reward/feet_slip: -0.0002
          Episode_Reward/feet_clearance: -0.0006
               Episode_Reward/lin_vel_z: -0.0014
              Episode_Reward/ang_vel_xy: -0.0272
             Episode_Reward/base_height: -0.1267
             Episode_Reward/orientation: -0.0441
                    Episode_Reward/pose: -0.0010
             Episode_Reward/action_rate: -0.0030
              Episode_Reward/action_acc: -0.0088
           Episode_Termination/time_out: 0.0417
    Episode_Termination/bad_orientation: 8.3333
--------------------------------------------------------------------------------
                         Iteration time: 0.44s
                           Time elapsed: 00:00:03
                                    ETA: 00:01:58

################################################################################
[1m                            Learning iteration 8/250                            [0m 

                            Total steps: 110592 
                       Steps per second: 28285 
                        Collection time: 0.371s 
                          Learning time: 0.064s 
                        Mean value loss: 0.5145
                    Mean surrogate loss: -0.0079
                      Mean entropy loss: 7.2393
                            Mean reward: -1.81
                    Mean episode length: 57.95
                        Mean action std: 0.50
                reward/tracking_lin_vel: 0.7079
                reward/tracking_ang_vel: 0.1074
                      reward/feet_phase: 0.3436
             reward/feet_phase_contrast: 0.6196
             reward/feet_contact_number: 0.4500
                   reward/feet_air_time: 0.0266
                     reward/under_speed: -0.1392
                       reward/feet_slip: -0.0032
                  reward/feet_clearance: -0.0098
                       reward/lin_vel_z: -0.0243
                      reward/ang_vel_xy: -0.4598
                     reward/base_height: -2.1816
                     reward/orientation: -0.7786
                            reward/pose: -0.0184
                     reward/action_rate: -0.0495
                      reward/action_acc: -0.1463
             Metrics/twist/error_vel_xy: 0.3630
            Metrics/twist/error_vel_yaw: 0.2178
        Episode_Reward/tracking_lin_vel: 0.0380
        Episode_Reward/tracking_ang_vel: 0.0062
              Episode_Reward/feet_phase: 0.0210
     Episode_Reward/feet_phase_contrast: 0.0342
     Episode_Reward/feet_contact_number: 0.0263
           Episode_Reward/feet_air_time: 0.0016
             Episode_Reward/under_speed: -0.0084
               Episode_Reward/feet_slip: -0.0002
          Episode_Reward/feet_clearance: -0.0006
               Episode_Reward/lin_vel_z: -0.0013
              Episode_Reward/ang_vel_xy: -0.0271
             Episode_Reward/base_height: -0.1254
             Episode_Reward/orientation: -0.0446
                    Episode_Reward/pose: -0.0011
             Episode_Reward/action_rate: -0.0029
              Episode_Reward/action_acc: -0.0086
           Episode_Termination/time_out: 0.0000
    Episode_Termination/bad_orientation: 8.9583
--------------------------------------------------------------------------------
                         Iteration time: 0.43s
                           Time elapsed: 00:00:04
                                    ETA: 00:01:56

################################################################################
[1m                            Learning iteration 9/250                            [0m 

                            Total steps: 122880 
                       Steps per second: 28892 
                        Collection time: 0.360s 
                          Learning time: 0.065s 
                        Mean value loss: 0.3955
                    Mean surrogate loss: -0.0092
                      Mean entropy loss: 7.2314
                            Mean reward: -1.75
                    Mean episode length: 59.85
                        Mean action std: 0.50
                reward/tracking_lin_vel: 0.7366
                reward/tracking_ang_vel: 0.1068
                      reward/feet_phase: 0.3489
             reward/feet_phase_contrast: 0.6296
             reward/feet_contact_number: 0.4569
                   reward/feet_air_time: 0.0268
                     reward/under_speed: -0.1378
                       reward/feet_slip: -0.0032
                  reward/feet_clearance: -0.0098
                       reward/lin_vel_z: -0.0216
                      reward/ang_vel_xy: -0.4303
                     reward/base_height: -1.9373
                     reward/orientation: -0.7153
                            reward/pose: -0.0179
                     reward/action_rate: -0.0498
                      reward/action_acc: -0.1471
             Metrics/twist/error_vel_xy: 0.3520
            Metrics/twist/error_vel_yaw: 0.2250
        Episode_Reward/tracking_lin_vel: 0.0401
        Episode_Reward/tracking_ang_vel: 0.0062
              Episode_Reward/feet_phase: 0.0217
     Episode_Reward/feet_phase_contrast: 0.0359
     Episode_Reward/feet_contact_number: 0.0265
           Episode_Reward/feet_air_time: 0.0018
             Episode_Reward/under_speed: -0.0080
               Episode_Reward/feet_slip: -0.0002
          Episode_Reward/feet_clearance: -0.0006
               Episode_Reward/lin_vel_z: -0.0014
              Episode_Reward/ang_vel_xy: -0.0267
             Episode_Reward/base_height: -0.1246
             Episode_Reward/orientation: -0.0460
                    Episode_Reward/pose: -0.0011
             Episode_Reward/action_rate: -0.0029
              Episode_Reward/action_acc: -0.0086
           Episode_Termination/time_out: 0.0000
    Episode_Termination/bad_orientation: 8.0833
--------------------------------------------------------------------------------
                         Iteration time: 0.43s
                           Time elapsed: 00:00:04
                                    ETA: 00:01:54

################################################################################
[1m                           Learning iteration 10/250                            [0m 

                            Total steps: 135168 
                       Steps per second: 26332 
                        Collection time: 0.397s 
                          Learning time: 0.070s 
                        Mean value loss: 0.3999
                    Mean surrogate loss: -0.0083
                      Mean entropy loss: 7.2275
                            Mean reward: -1.63
                    Mean episode length: 59.79
                        Mean action std: 0.50
                reward/tracking_lin_vel: 0.7378
                reward/tracking_ang_vel: 0.1058
                      reward/feet_phase: 0.4467
             reward/feet_phase_contrast: 0.6659
             reward/feet_contact_number: 0.4552
                   reward/feet_air_time: 0.0249
                     reward/under_speed: -0.1355
                       reward/feet_slip: -0.0033
                  reward/feet_clearance: -0.0098
                       reward/lin_vel_z: -0.0238
                      reward/ang_vel_xy: -0.4448
                     reward/base_height: -1.9824
                     reward/orientation: -0.7349
                            reward/pose: -0.0182
                     reward/action_rate: -0.0506
                      reward/action_acc: -0.1496
             Metrics/twist/error_vel_xy: 0.3521
            Metrics/twist/error_vel_yaw: 0.2207
        Episode_Reward/tracking_lin_vel: 0.0410
        Episode_Reward/tracking_ang_vel: 0.0063
              Episode_Reward/feet_phase: 0.0214
     Episode_Reward/feet_phase_contrast: 0.0361
     Episode_Reward/feet_contact_number: 0.0266
           Episode_Reward/feet_air_time: 0.0016
             Episode_Reward/under_speed: -0.0081
               Episode_Reward/feet_slip: -0.0002
          Episode_Reward/feet_clearance: -0.0006
               Episode_Reward/lin_vel_z: -0.0014
              Episode_Reward/ang_vel_xy: -0.0268
             Episode_Reward/base_height: -0.1213
             Episode_Reward/orientation: -0.0447
                    Episode_Reward/pose: -0.0011
             Episode_Reward/action_rate: -0.0029
              Episode_Reward/action_acc: -0.0086
           Episode_Termination/time_out: 0.0000
    Episode_Termination/bad_orientation: 8.3750
--------------------------------------------------------------------------------
                         Iteration time: 0.47s
                           Time elapsed: 00:00:05
                                    ETA: 00:01:53

################################################################################
[1m                           Learning iteration 11/250                            [0m 

                            Total steps: 147456 
                       Steps per second: 28911 
                        Collection time: 0.361s 
                          Learning time: 0.064s 
                        Mean value loss: 0.3397
                    Mean surrogate loss: -0.0085
                      Mean entropy loss: 7.2234
                            Mean reward: -1.56
                    Mean episode length: 63.71
                        Mean action std: 0.50
                reward/tracking_lin_vel: 0.7882
                reward/tracking_ang_vel: 0.1073
                      reward/feet_phase: 0.4110
             reward/feet_phase_contrast: 0.6745
             reward/feet_contact_number: 0.4513
                   reward/feet_air_time: 0.0278
                     reward/under_speed: -0.1327
                       reward/feet_slip: -0.0033
                  reward/feet_clearance: -0.0100
                       reward/lin_vel_z: -0.0232
                      reward/ang_vel_xy: -0.4351
                     reward/base_height: -1.9046
                     reward/orientation: -0.7171
                            reward/pose: -0.0177
                     reward/action_rate: -0.0505
                      reward/action_acc: -0.1497
             Metrics/twist/error_vel_xy: 0.3392
            Metrics/twist/error_vel_yaw: 0.2271
        Episode_Reward/tracking_lin_vel: 0.0468
        Episode_Reward/tracking_ang_vel: 0.0064
              Episode_Reward/feet_phase: 0.0250
     Episode_Reward/feet_phase_contrast: 0.0410
     Episode_Reward/feet_contact_number: 0.0274
           Episode_Reward/feet_air_time: 0.0018
             Episode_Reward/under_speed: -0.0080
               Episode_Reward/feet_slip: -0.0002
          Episode_Reward/feet_clearance: -0.0006
               Episode_Reward/lin_vel_z: -0.0015
              Episode_Reward/ang_vel_xy: -0.0276
             Episode_Reward/base_height: -0.1195
             Episode_Reward/orientation: -0.0444
                    Episode_Reward/pose: -0.0011
             Episode_Reward/action_rate: -0.0031
              Episode_Reward/action_acc: -0.0091
           Episode_Termination/time_out: 0.0000
    Episode_Termination/bad_orientation: 8.2917
--------------------------------------------------------------------------------
                         Iteration time: 0.43s
                           Time elapsed: 00:00:05
                                    ETA: 00:01:52

################################################################################
[1m                           Learning iteration 12/250                            [0m 

                            Total steps: 159744 
                       Steps per second: 28418 
                        Collection time: 0.370s 
                          Learning time: 0.062s 
                        Mean value loss: 0.3071
                    Mean surrogate loss: -0.0084
                      Mean entropy loss: 7.2130
                            Mean reward: -0.94
                    Mean episode length: 61.33
                        Mean action std: 0.50
                reward/tracking_lin_vel: 0.8274
                reward/tracking_ang_vel: 0.1076
                      reward/feet_phase: 0.4131
             reward/feet_phase_contrast: 0.7388
             reward/feet_contact_number: 0.4528
                   reward/feet_air_time: 0.0246
                     reward/under_speed: -0.1261
                       reward/feet_slip: -0.0032
                  reward/feet_clearance: -0.0098
                       reward/lin_vel_z: -0.0230
                      reward/ang_vel_xy: -0.4248
                     reward/base_height: -1.7997
                     reward/orientation: -0.6994
                            reward/pose: -0.0183
                     reward/action_rate: -0.0502
                      reward/action_acc: -0.1486
             Metrics/twist/error_vel_xy: 0.3566
            Metrics/twist/error_vel_yaw: 0.2384
        Episode_Reward/tracking_lin_vel: 0.0492
        Episode_Reward/tracking_ang_vel: 0.0069
              Episode_Reward/feet_phase: 0.0263
     Episode_Reward/feet_phase_contrast: 0.0427
     Episode_Reward/feet_contact_number: 0.0292
           Episode_Reward/feet_air_time: 0.0015
             Episode_Reward/under_speed: -0.0086
               Episode_Reward/feet_slip: -0.0002
          Episode_Reward/feet_clearance: -0.0006
               Episode_Reward/lin_vel_z: -0.0014
              Episode_Reward/ang_vel_xy: -0.0275
             Episode_Reward/base_height: -0.1185
             Episode_Reward/orientation: -0.0451
                    Episode_Reward/pose: -0.0011
             Episode_Reward/action_rate: -0.0032
              Episode_Reward/action_acc: -0.0096
           Episode_Termination/time_out: 0.0000
    Episode_Termination/bad_orientation: 8.0417
--------------------------------------------------------------------------------
                         Iteration time: 0.43s
                           Time elapsed: 00:00:06
                                    ETA: 00:01:50

################################################################################
[1m                           Learning iteration 13/250                            [0m 

                            Total steps: 172032 
                       Steps per second: 27556 
                        Collection time: 0.381s 
                          Learning time: 0.065s 
                        Mean value loss: 0.2877
                    Mean surrogate loss: -0.0102
                      Mean entropy loss: 7.1863
                            Mean reward: -0.82
                    Mean episode length: 61.52
                        Mean action std: 0.50
                reward/tracking_lin_vel: 0.8566
                reward/tracking_ang_vel: 0.1056
                      reward/feet_phase: 0.4554
             reward/feet_phase_contrast: 0.7744
             reward/feet_contact_number: 0.4557
                   reward/feet_air_time: 0.0263
                     reward/under_speed: -0.1239
                       reward/feet_slip: -0.0034
                  reward/feet_clearance: -0.0097
                       reward/lin_vel_z: -0.0224
                      reward/ang_vel_xy: -0.4202
                     reward/base_height: -1.7869
                     reward/orientation: -0.6799
                            reward/pose: -0.0193
                     reward/action_rate: -0.0503
                      reward/action_acc: -0.1494
             Metrics/twist/error_vel_xy: 0.3408
            Metrics/twist/error_vel_yaw: 0.2327
        Episode_Reward/tracking_lin_vel: 0.0519
        Episode_Reward/tracking_ang_vel: 0.0068
              Episode_Reward/feet_phase: 0.0271
     Episode_Reward/feet_phase_contrast: 0.0455
     Episode_Reward/feet_contact_number: 0.0285
           Episode_Reward/feet_air_time: 0.0017
             Episode_Reward/under_speed: -0.0080
               Episode_Reward/feet_slip: -0.0002
          Episode_Reward/feet_clearance: -0.0006
               Episode_Reward/lin_vel_z: -0.0014
              Episode_Reward/ang_vel_xy: -0.0273
             Episode_Reward/base_height: -0.1154
             Episode_Reward/orientation: -0.0451
                    Episode_Reward/pose: -0.0012
             Episode_Reward/action_rate: -0.0032
              Episode_Reward/action_acc: -0.0094
           Episode_Termination/time_out: 0.0000
    Episode_Termination/bad_orientation: 7.9167
--------------------------------------------------------------------------------
                         Iteration time: 0.45s
                           Time elapsed: 00:00:06
                                    ETA: 00:01:50

################################################################################
[1m                           Learning iteration 14/250                            [0m 

                            Total steps: 184320 
                       Steps per second: 26937 
                        Collection time: 0.392s 
                          Learning time: 0.065s 
                        Mean value loss: 0.2861
                    Mean surrogate loss: -0.0122
                      Mean entropy loss: 7.1608
                            Mean reward: -0.87
                    Mean episode length: 58.42
                        Mean action std: 0.49
                reward/tracking_lin_vel: 0.8827
                reward/tracking_ang_vel: 0.1080
                      reward/feet_phase: 0.5542
             reward/feet_phase_contrast: 0.8119
             reward/feet_contact_number: 0.4567
                   reward/feet_air_time: 0.0174
                     reward/under_speed: -0.1208
                       reward/feet_slip: -0.0034
                  reward/feet_clearance: -0.0097
                       reward/lin_vel_z: -0.0208
                      reward/ang_vel_xy: -0.4033
                     reward/base_height: -1.6042
                     reward/orientation: -0.6469
                            reward/pose: -0.0204
                     reward/action_rate: -0.0499
                      reward/action_acc: -0.1478
             Metrics/twist/error_vel_xy: 0.3196
            Metrics/twist/error_vel_yaw: 0.2292
        Episode_Reward/tracking_lin_vel: 0.0494
        Episode_Reward/tracking_ang_vel: 0.0062
              Episode_Reward/feet_phase: 0.0291
     Episode_Reward/feet_phase_contrast: 0.0489
     Episode_Reward/feet_contact_number: 0.0270
           Episode_Reward/feet_air_time: 0.0015
             Episode_Reward/under_speed: -0.0068
               Episode_Reward/feet_slip: -0.0002
          Episode_Reward/feet_clearance: -0.0006
               Episode_Reward/lin_vel_z: -0.0015
              Episode_Reward/ang_vel_xy: -0.0278
             Episode_Reward/base_height: -0.1145
             Episode_Reward/orientation: -0.0437
                    Episode_Reward/pose: -0.0013
             Episode_Reward/action_rate: -0.0030
              Episode_Reward/action_acc: -0.0088
           Episode_Termination/time_out: 0.0000
    Episode_Termination/bad_orientation: 6.9167
--------------------------------------------------------------------------------
                         Iteration time: 0.46s
                           Time elapsed: 00:00:06
                                    ETA: 00:01:49

################################################################################
[1m                           Learning iteration 15/250                            [0m 

                            Total steps: 196608 
                       Steps per second: 28760 
                        Collection time: 0.363s 
                          Learning time: 0.064s 
                        Mean value loss: 0.2569
                    Mean surrogate loss: -0.0114
                      Mean entropy loss: 7.1427
                            Mean reward: -0.41
                    Mean episode length: 68.16
                        Mean action std: 0.49
                reward/tracking_lin_vel: 0.8860
                reward/tracking_ang_vel: 0.1067
                      reward/feet_phase: 0.4891
             reward/feet_phase_contrast: 0.8643
             reward/feet_contact_number: 0.4505
                   reward/feet_air_time: 0.0320
                     reward/under_speed: -0.1119
                       reward/feet_slip: -0.0036
                  reward/feet_clearance: -0.0101
                       reward/lin_vel_z: -0.0235
                      reward/ang_vel_xy: -0.4559
                     reward/base_height: -1.9219
                     reward/orientation: -0.7306
                            reward/pose: -0.0219
                     reward/action_rate: -0.0498
                      reward/action_acc: -0.1470
             Metrics/twist/error_vel_xy: 0.3356
            Metrics/twist/error_vel_yaw: 0.2515
        Episode_Reward/tracking_lin_vel: 0.0596
        Episode_Reward/tracking_ang_vel: 0.0072
              Episode_Reward/feet_phase: 0.0337
     Episode_Reward/feet_phase_contrast: 0.0550
     Episode_Reward/feet_contact_number: 0.0303
           Episode_Reward/feet_air_time: 0.0017
             Episode_Reward/under_speed: -0.0080
               Episode_Reward/feet_slip: -0.0002
          Episode_Reward/feet_clearance: -0.0007
               Episode_Reward/lin_vel_z: -0.0014
              Episode_Reward/ang_vel_xy: -0.0284
             Episode_Reward/base_height: -0.1146
             Episode_Reward/orientation: -0.0445
                    Episode_Reward/pose: -0.0013
             Episode_Reward/action_rate: -0.0034
              Episode_Reward/action_acc: -0.0100
           Episode_Termination/time_out: 0.0000
    Episode_Termination/bad_orientation: 8.6667
--------------------------------------------------------------------------------
                         Iteration time: 0.43s
                           Time elapsed: 00:00:07
                                    ETA: 00:01:48

################################################################################
[1m                           Learning iteration 16/250                            [0m 

                            Total steps: 208896 
                       Steps per second: 27998 
                        Collection time: 0.374s 
                          Learning time: 0.064s 
                        Mean value loss: 0.7342
                    Mean surrogate loss: -0.0067
                      Mean entropy loss: 7.1355
                            Mean reward: -0.53
                    Mean episode length: 64.17
                        Mean action std: 0.49
                reward/tracking_lin_vel: 0.7043
                reward/tracking_ang_vel: 0.1033
                      reward/feet_phase: 0.4860
             reward/feet_phase_contrast: 0.8519
             reward/feet_contact_number: 0.4459
                   reward/feet_air_time: 0.0367
                     reward/under_speed: -0.1095
                       reward/feet_slip: -0.0061
                  reward/feet_clearance: -0.0148
                       reward/lin_vel_z: -0.0356
                      reward/ang_vel_xy: -0.5530
                     reward/base_height: -1.8195
                     reward/orientation: -0.7104
                            reward/pose: -0.0210
                     reward/action_rate: -0.0504
                      reward/action_acc: -0.1492
             Metrics/twist/error_vel_xy: 0.3333
            Metrics/twist/error_vel_yaw: 0.2498
        Episode_Reward/tracking_lin_vel: 0.0600
        Episode_Reward/tracking_ang_vel: 0.0071
              Episode_Reward/feet_phase: 0.0346
     Episode_Reward/feet_phase_contrast: 0.0571
     Episode_Reward/feet_contact_number: 0.0304
           Episode_Reward/feet_air_time: 0.0019
             Episode_Reward/under_speed: -0.0078
               Episode_Reward/feet_slip: -0.0003
          Episode_Reward/feet_clearance: -0.0007
               Episode_Reward/lin_vel_z: -0.0018
              Episode_Reward/ang_vel_xy: -0.0283
             Episode_Reward/base_height: -0.1137
             Episode_Reward/orientation: -0.0447
                    Episode_Reward/pose: -0.0014
             Episode_Reward/action_rate: -0.0034
              Episode_Reward/action_acc: -0.0099
           Episode_Termination/time_out: 0.0000
    Episode_Termination/bad_orientation: 8.1667
--------------------------------------------------------------------------------
                         Iteration time: 0.44s
                           Time elapsed: 00:00:07
                                    ETA: 00:01:47

################################################################################
[1m                           Learning iteration 17/250                            [0m 

                            Total steps: 221184 
                       Steps per second: 30048 
                        Collection time: 0.344s 
                          Learning time: 0.064s 
                        Mean value loss: 0.3032
                    Mean surrogate loss: -0.0078
                      Mean entropy loss: 7.1320
                            Mean reward: -0.96
                    Mean episode length: 63.32
                        Mean action std: 0.49
                reward/tracking_lin_vel: 0.6098
                reward/tracking_ang_vel: 0.1005
                      reward/feet_phase: 0.4998
             reward/feet_phase_contrast: 0.7989
             reward/feet_contact_number: 0.4404
                   reward/feet_air_time: 0.1100
                     reward/under_speed: -0.1125
                       reward/feet_slip: -0.0047
                  reward/feet_clearance: -0.0142
                       reward/lin_vel_z: -0.0369
                      reward/ang_vel_xy: -0.8110
                     reward/base_height: -2.7896
                     reward/orientation: -0.8671
                            reward/pose: -0.0191
                     reward/action_rate: -0.0503
                      reward/action_acc: -0.1485
             Metrics/twist/error_vel_xy: 0.3673
            Metrics/twist/error_vel_yaw: 0.2252
        Episode_Reward/tracking_lin_vel: 0.0445
        Episode_Reward/tracking_ang_vel: 0.0061
              Episode_Reward/feet_phase: 0.0270
     Episode_Reward/feet_phase_contrast: 0.0463
     Episode_Reward/feet_contact_number: 0.0261
           Episode_Reward/feet_air_time: 0.0036
             Episode_Reward/under_speed: -0.0071
               Episode_Reward/feet_slip: -0.0003
          Episode_Reward/feet_clearance: -0.0008
               Episode_Reward/lin_vel_z: -0.0017
              Episode_Reward/ang_vel_xy: -0.0349
             Episode_Reward/base_height: -0.1076
             Episode_Reward/orientation: -0.0377
                    Episode_Reward/pose: -0.0011
             Episode_Reward/action_rate: -0.0029
              Episode_Reward/action_acc: -0.0087
           Episode_Termination/time_out: 0.0000
    Episode_Termination/bad_orientation: 13.5000
--------------------------------------------------------------------------------
                         Iteration time: 0.41s
                           Time elapsed: 00:00:08
                                    ETA: 00:01:46

################################################################################
[1m                           Learning iteration 18/250                            [0m 

                            Total steps: 233472 
                       Steps per second: 28175 
                        Collection time: 0.373s 
                          Learning time: 0.064s 
                        Mean value loss: 0.2995
                    Mean surrogate loss: -0.0077
                      Mean entropy loss: 7.1253
                            Mean reward: -1.18
                    Mean episode length: 53.04
                        Mean action std: 0.49
                reward/tracking_lin_vel: 0.9597
                reward/tracking_ang_vel: 0.1074
                      reward/feet_phase: 0.5669
             reward/feet_phase_contrast: 0.8970
             reward/feet_contact_number: 0.4517
                   reward/feet_air_time: 0.0346
                     reward/under_speed: -0.1110
                       reward/feet_slip: -0.0030
                  reward/feet_clearance: -0.0099
                       reward/lin_vel_z: -0.0185
                      reward/ang_vel_xy: -0.3971
                     reward/base_height: -1.4157
                     reward/orientation: -0.5816
                            reward/pose: -0.0190
                     reward/action_rate: -0.0499
                      reward/action_acc: -0.1479
             Metrics/twist/error_vel_xy: 0.3274
            Metrics/twist/error_vel_yaw: 0.2177
        Episode_Reward/tracking_lin_vel: 0.0426
        Episode_Reward/tracking_ang_vel: 0.0060
              Episode_Reward/feet_phase: 0.0281
     Episode_Reward/feet_phase_contrast: 0.0455
     Episode_Reward/feet_contact_number: 0.0256
           Episode_Reward/feet_air_time: 0.0034
             Episode_Reward/under_speed: -0.0066
               Episode_Reward/feet_slip: -0.0002
          Episode_Reward/feet_clearance: -0.0007
               Episode_Reward/lin_vel_z: -0.0014
              Episode_Reward/ang_vel_xy: -0.0305
             Episode_Reward/base_height: -0.1131
             Episode_Reward/orientation: -0.0408
                    Episode_Reward/pose: -0.0012
             Episode_Reward/action_rate: -0.0029
              Episode_Reward/action_acc: -0.0085
           Episode_Termination/time_out: 0.0000
    Episode_Termination/bad_orientation: 6.2917
--------------------------------------------------------------------------------
                         Iteration time: 0.44s
                           Time elapsed: 00:00:08
                                    ETA: 00:01:45

################################################################################
[1m                           Learning iteration 19/250                            [0m 

                            Total steps: 245760 
                       Steps per second: 29120 
                        Collection time: 0.356s 
                          Learning time: 0.066s 
                        Mean value loss: 0.2356
                    Mean surrogate loss: -0.0071
                      Mean entropy loss: 7.1177
                            Mean reward: -0.60
                    Mean episode length: 58.56
                        Mean action std: 0.49
                reward/tracking_lin_vel: 0.9628
                reward/tracking_ang_vel: 0.1075
                      reward/feet_phase: 0.5397
             reward/feet_phase_contrast: 0.9617
             reward/feet_contact_number: 0.4473
                   reward/feet_air_time: 0.0312
                     reward/under_speed: -0.0996
                       reward/feet_slip: -0.0039
                  reward/feet_clearance: -0.0104
                       reward/lin_vel_z: -0.0243
                      reward/ang_vel_xy: -0.4706
                     reward/base_height: -1.8992
                     reward/orientation: -0.7311
                            reward/pose: -0.0218
                     reward/action_rate: -0.0498
                      reward/action_acc: -0.1470
             Metrics/twist/error_vel_xy: 0.3044
            Metrics/twist/error_vel_yaw: 0.2069
        Episode_Reward/tracking_lin_vel: 0.0450
        Episode_Reward/tracking_ang_vel: 0.0058
              Episode_Reward/feet_phase: 0.0291
     Episode_Reward/feet_phase_contrast: 0.0473
     Episode_Reward/feet_contact_number: 0.0248
           Episode_Reward/feet_air_time: 0.0017
             Episode_Reward/under_speed: -0.0059
               Episode_Reward/feet_slip: -0.0002
          Episode_Reward/feet_clearance: -0.0006
               Episode_Reward/lin_vel_z: -0.0014
              Episode_Reward/ang_vel_xy: -0.0285
             Episode_Reward/base_height: -0.1123
             Episode_Reward/orientation: -0.0427
                    Episode_Reward/pose: -0.0011
             Episode_Reward/action_rate: -0.0028
              Episode_Reward/action_acc: -0.0082
           Episode_Termination/time_out: 0.0000
    Episode_Termination/bad_orientation: 8.5417
--------------------------------------------------------------------------------
                         Iteration time: 0.42s
                           Time elapsed: 00:00:09
                                    ETA: 00:01:44

################################################################################
[1m                           Learning iteration 20/250                            [0m 

                            Total steps: 258048 
                       Steps per second: 29302 
                        Collection time: 0.353s 
                          Learning time: 0.066s 
                        Mean value loss: 0.2516
                    Mean surrogate loss: -0.0095
                      Mean entropy loss: 7.1079
                            Mean reward: -0.02
                    Mean episode length: 57.86
                        Mean action std: 0.49
                reward/tracking_lin_vel: 0.9795
                reward/tracking_ang_vel: 0.1063
                      reward/feet_phase: 0.5684
             reward/feet_phase_contrast: 0.9934
             reward/feet_contact_number: 0.4511
                   reward/feet_air_time: 0.0292
                     reward/under_speed: -0.0980
                       reward/feet_slip: -0.0040
                  reward/feet_clearance: -0.0104
                       reward/lin_vel_z: -0.0232
                      reward/ang_vel_xy: -0.4235
                     reward/base_height: -1.6048
                     reward/orientation: -0.6514
                            reward/pose: -0.0207
                     reward/action_rate: -0.0494
                      reward/action_acc: -0.1458
             Metrics/twist/error_vel_xy: 0.2794
            Metrics/twist/error_vel_yaw: 0.2239
        Episode_Reward/tracking_lin_vel: 0.0585
        Episode_Reward/tracking_ang_vel: 0.0063
              Episode_Reward/feet_phase: 0.0379
     Episode_Reward/feet_phase_contrast: 0.0635
     Episode_Reward/feet_contact_number: 0.0264
           Episode_Reward/feet_air_time: 0.0022
             Episode_Reward/under_speed: -0.0051
               Episode_Reward/feet_slip: -0.0003
          Episode_Reward/feet_clearance: -0.0006
               Episode_Reward/lin_vel_z: -0.0015
              Episode_Reward/ang_vel_xy: -0.0279
             Episode_Reward/base_height: -0.1097
             Episode_Reward/orientation: -0.0439
                    Episode_Reward/pose: -0.0014
             Episode_Reward/action_rate: -0.0030
              Episode_Reward/action_acc: -0.0087
           Episode_Termination/time_out: 0.0000
    Episode_Termination/bad_orientation: 7.7917
--------------------------------------------------------------------------------
                         Iteration time: 0.42s
                           Time elapsed: 00:00:09
                                    ETA: 00:01:44

################################################################################
[1m                           Learning iteration 21/250                            [0m 

                            Total steps: 270336 
                       Steps per second: 30079 
                        Collection time: 0.345s 
                          Learning time: 0.063s 
                        Mean value loss: 0.2236
                    Mean surrogate loss: -0.0111
                      Mean entropy loss: 7.0780
                            Mean reward: -0.47
                    Mean episode length: 59.72
                        Mean action std: 0.49
                reward/tracking_lin_vel: 0.9839
                reward/tracking_ang_vel: 0.1064
                      reward/feet_phase: 0.6840
             reward/feet_phase_contrast: 1.0114
             reward/feet_contact_number: 0.4482
                   reward/feet_air_time: 0.0359
                     reward/under_speed: -0.0955
                       reward/feet_slip: -0.0042
                  reward/feet_clearance: -0.0108
                       reward/lin_vel_z: -0.0240
                      reward/ang_vel_xy: -0.4688
                     reward/base_height: -1.8252
                     reward/orientation: -0.7155
                            reward/pose: -0.0212
                     reward/action_rate: -0.0495
                      reward/action_acc: -0.1459
             Metrics/twist/error_vel_xy: 0.2980
            Metrics/twist/error_vel_yaw: 0.2306
        Episode_Reward/tracking_lin_vel: 0.0554
        Episode_Reward/tracking_ang_vel: 0.0063
              Episode_Reward/feet_phase: 0.0333
     Episode_Reward/feet_phase_contrast: 0.0562
     Episode_Reward/feet_contact_number: 0.0270
           Episode_Reward/feet_air_time: 0.0021
             Episode_Reward/under_speed: -0.0059
               Episode_Reward/feet_slip: -0.0003
          Episode_Reward/feet_clearance: -0.0007
               Episode_Reward/lin_vel_z: -0.0015
              Episode_Reward/ang_vel_xy: -0.0286
             Episode_Reward/base_height: -0.1094
             Episode_Reward/orientation: -0.0430
                    Episode_Reward/pose: -0.0012
             Episode_Reward/action_rate: -0.0030
              Episode_Reward/action_acc: -0.0089
           Episode_Termination/time_out: 0.0000
    Episode_Termination/bad_orientation: 8.2917
--------------------------------------------------------------------------------
                         Iteration time: 0.41s
                           Time elapsed: 00:00:09
                                    ETA: 00:01:43

################################################################################
[1m                           Learning iteration 22/250                            [0m 

                            Total steps: 282624 
                       Steps per second: 28339 
                        Collection time: 0.369s 
                          Learning time: 0.064s 
                        Mean value loss: 0.2281
                    Mean surrogate loss: -0.0090
                      Mean entropy loss: 7.0576
                            Mean reward: -0.06
                    Mean episode length: 57.75
                        Mean action std: 0.49
                reward/tracking_lin_vel: 1.0204
                reward/tracking_ang_vel: 0.1093
                      reward/feet_phase: 0.5735
             reward/feet_phase_contrast: 1.0001
             reward/feet_contact_number: 0.4545
                   reward/feet_air_time: 0.0196
                     reward/under_speed: -0.0985
                       reward/feet_slip: -0.0038
                  reward/feet_clearance: -0.0099
                       reward/lin_vel_z: -0.0211
                      reward/ang_vel_xy: -0.4046
                     reward/base_height: -1.4768
                     reward/orientation: -0.6325
                            reward/pose: -0.0214
                     reward/action_rate: -0.0496
                      reward/action_acc: -0.1459
             Metrics/twist/error_vel_xy: 0.2752
            Metrics/twist/error_vel_yaw: 0.2229
        Episode_Reward/tracking_lin_vel: 0.0568
        Episode_Reward/tracking_ang_vel: 0.0061
              Episode_Reward/feet_phase: 0.0379
     Episode_Reward/feet_phase_contrast: 0.0612
     Episode_Reward/feet_contact_number: 0.0262
           Episode_Reward/feet_air_time: 0.0018
             Episode_Reward/under_speed: -0.0049
               Episode_Reward/feet_slip: -0.0003
          Episode_Reward/feet_clearance: -0.0006
               Episode_Reward/lin_vel_z: -0.0015
              Episode_Reward/ang_vel_xy: -0.0283
             Episode_Reward/base_height: -0.1073
             Episode_Reward/orientation: -0.0434
                    Episode_Reward/pose: -0.0012
             Episode_Reward/action_rate: -0.0029
              Episode_Reward/action_acc: -0.0084
           Episode_Termination/time_out: 0.0000
    Episode_Termination/bad_orientation: 7.2083
--------------------------------------------------------------------------------
                         Iteration time: 0.43s
                           Time elapsed: 00:00:10
                                    ETA: 00:01:42

################################################################################
[1m                           Learning iteration 23/250                            [0m 

                            Total steps: 294912 
                       Steps per second: 28686 
                        Collection time: 0.362s 
                          Learning time: 0.066s 
                        Mean value loss: 0.1995
                    Mean surrogate loss: -0.0117
                      Mean entropy loss: 7.0226
                            Mean reward: -0.44
                    Mean episode length: 60.50
                        Mean action std: 0.49
                reward/tracking_lin_vel: 1.0478
                reward/tracking_ang_vel: 0.1075
                      reward/feet_phase: 0.5692
             reward/feet_phase_contrast: 1.0252
             reward/feet_contact_number: 0.4445
                   reward/feet_air_time: 0.0275
                     reward/under_speed: -0.0951
                       reward/feet_slip: -0.0039
                  reward/feet_clearance: -0.0102
                       reward/lin_vel_z: -0.0210
                      reward/ang_vel_xy: -0.4275
                     reward/base_height: -1.6211
                     reward/orientation: -0.6582
                            reward/pose: -0.0222
                     reward/action_rate: -0.0495
                      reward/action_acc: -0.1457
             Metrics/twist/error_vel_xy: 0.3029
            Metrics/twist/error_vel_yaw: 0.2348
        Episode_Reward/tracking_lin_vel: 0.0551
        Episode_Reward/tracking_ang_vel: 0.0062
              Episode_Reward/feet_phase: 0.0339
     Episode_Reward/feet_phase_contrast: 0.0566
     Episode_Reward/feet_contact_number: 0.0268
           Episode_Reward/feet_air_time: 0.0013
             Episode_Reward/under_speed: -0.0058
               Episode_Reward/feet_slip: -0.0003
          Episode_Reward/feet_clearance: -0.0006
               Episode_Reward/lin_vel_z: -0.0014
              Episode_Reward/ang_vel_xy: -0.0288
             Episode_Reward/base_height: -0.1092
             Episode_Reward/orientation: -0.0428
                    Episode_Reward/pose: -0.0012
             Episode_Reward/action_rate: -0.0029
              Episode_Reward/action_acc: -0.0087
           Episode_Termination/time_out: 0.0000
    Episode_Termination/bad_orientation: 7.6250
--------------------------------------------------------------------------------
                         Iteration time: 0.43s
                           Time elapsed: 00:00:10
                                    ETA: 00:01:41

################################################################################
[1m                           Learning iteration 24/250                            [0m 

                            Total steps: 307200 
                       Steps per second: 29166 
                        Collection time: 0.358s 
                          Learning time: 0.063s 
                        Mean value loss: 0.2255
                    Mean surrogate loss: -0.0106
                      Mean entropy loss: 6.9953
                            Mean reward: 0.37
                    Mean episode length: 65.09
                        Mean action std: 0.49
                reward/tracking_lin_vel: 1.0378
                reward/tracking_ang_vel: 0.1078
                      reward/feet_phase: 0.6385
             reward/feet_phase_contrast: 1.0267
             reward/feet_contact_number: 0.4532
                   reward/feet_air_time: 0.0273
                     reward/under_speed: -0.0957
                       reward/feet_slip: -0.0041
                  reward/feet_clearance: -0.0103
                       reward/lin_vel_z: -0.0223
                      reward/ang_vel_xy: -0.4229
                     reward/base_height: -1.5762
                     reward/orientation: -0.6517
                            reward/pose: -0.0222
                     reward/action_rate: -0.0494
                      reward/action_acc: -0.1453
             Metrics/twist/error_vel_xy: 0.2715
            Metrics/twist/error_vel_yaw: 0.2311
        Episode_Reward/tracking_lin_vel: 0.0670
        Episode_Reward/tracking_ang_vel: 0.0069
              Episode_Reward/feet_phase: 0.0419
     Episode_Reward/feet_phase_contrast: 0.0711
     Episode_Reward/feet_contact_number: 0.0284
           Episode_Reward/feet_air_time: 0.0021
             Episode_Reward/under_speed: -0.0052
               Episode_Reward/feet_slip: -0.0003
          Episode_Reward/feet_clearance: -0.0007
               Episode_Reward/lin_vel_z: -0.0015
              Episode_Reward/ang_vel_xy: -0.0283
             Episode_Reward/base_height: -0.1056
             Episode_Reward/orientation: -0.0443
                    Episode_Reward/pose: -0.0015
             Episode_Reward/action_rate: -0.0031
              Episode_Reward/action_acc: -0.0092
           Episode_Termination/time_out: 0.0000
    Episode_Termination/bad_orientation: 7.5833
--------------------------------------------------------------------------------
                         Iteration time: 0.42s
                           Time elapsed: 00:00:11
                                    ETA: 00:01:41

################################################################################
[1m                           Learning iteration 25/250                            [0m 

                            Total steps: 319488 
                       Steps per second: 29173 
                        Collection time: 0.357s 
                          Learning time: 0.064s 
                        Mean value loss: 0.2219
                    Mean surrogate loss: -0.0094
                      Mean entropy loss: 6.9811
                            Mean reward: 0.11
                    Mean episode length: 61.94
                        Mean action std: 0.49
                reward/tracking_lin_vel: 1.0693
                reward/tracking_ang_vel: 0.1067
                      reward/feet_phase: 0.6552
             reward/feet_phase_contrast: 1.0160
             reward/feet_contact_number: 0.4507
                   reward/feet_air_time: 0.0224
                     reward/under_speed: -0.0972
                       reward/feet_slip: -0.0039
                  reward/feet_clearance: -0.0102
                       reward/lin_vel_z: -0.0196
                      reward/ang_vel_xy: -0.3830
                     reward/base_height: -1.3320
                     reward/orientation: -0.5941
                            reward/pose: -0.0221
                     reward/action_rate: -0.0485
                      reward/action_acc: -0.1427
             Metrics/twist/error_vel_xy: 0.2859
            Metrics/twist/error_vel_yaw: 0.2322
        Episode_Reward/tracking_lin_vel: 0.0640
        Episode_Reward/tracking_ang_vel: 0.0067
              Episode_Reward/feet_phase: 0.0391
     Episode_Reward/feet_phase_contrast: 0.0647
     Episode_Reward/feet_contact_number: 0.0281
           Episode_Reward/feet_air_time: 0.0015
             Episode_Reward/under_speed: -0.0056
               Episode_Reward/feet_slip: -0.0003
          Episode_Reward/feet_clearance: -0.0006
               Episode_Reward/lin_vel_z: -0.0014
              Episode_Reward/ang_vel_xy: -0.0289
             Episode_Reward/base_height: -0.1042
             Episode_Reward/orientation: -0.0435
                    Episode_Reward/pose: -0.0013
             Episode_Reward/action_rate: -0.0031
              Episode_Reward/action_acc: -0.0091
           Episode_Termination/time_out: 0.0000
    Episode_Termination/bad_orientation: 6.6667
--------------------------------------------------------------------------------
                         Iteration time: 0.42s
                           Time elapsed: 00:00:11
                                    ETA: 00:01:40

################################################################################
[1m                           Learning iteration 26/250                            [0m 

                            Total steps: 331776 
                       Steps per second: 28641 
                        Collection time: 0.363s 
                          Learning time: 0.066s 
                        Mean value loss: 0.1996
                    Mean surrogate loss: -0.0081
                      Mean entropy loss: 6.9720
                            Mean reward: -0.00
                    Mean episode length: 58.45
                        Mean action std: 0.49
                reward/tracking_lin_vel: 1.0126
                reward/tracking_ang_vel: 0.1048
                      reward/feet_phase: 0.5746
             reward/feet_phase_contrast: 1.0163
             reward/feet_contact_number: 0.4595
                   reward/feet_air_time: 0.0282
                     reward/under_speed: -0.0944
                       reward/feet_slip: -0.0043
                  reward/feet_clearance: -0.0103
                       reward/lin_vel_z: -0.0222
                      reward/ang_vel_xy: -0.4590
                     reward/base_height: -1.6778
                     reward/orientation: -0.6968
                            reward/pose: -0.0232
                     reward/action_rate: -0.0493
                      reward/action_acc: -0.1449
             Metrics/twist/error_vel_xy: 0.2783
            Metrics/twist/error_vel_yaw: 0.2311
        Episode_Reward/tracking_lin_vel: 0.0600
        Episode_Reward/tracking_ang_vel: 0.0062
              Episode_Reward/feet_phase: 0.0396
     Episode_Reward/feet_phase_contrast: 0.0638
     Episode_Reward/feet_contact_number: 0.0267
           Episode_Reward/feet_air_time: 0.0018
             Episode_Reward/under_speed: -0.0050
               Episode_Reward/feet_slip: -0.0003
          Episode_Reward/feet_clearance: -0.0006
               Episode_Reward/lin_vel_z: -0.0014
              Episode_Reward/ang_vel_xy: -0.0289
             Episode_Reward/base_height: -0.1023
             Episode_Reward/orientation: -0.0429
                    Episode_Reward/pose: -0.0013
             Episode_Reward/action_rate: -0.0029
              Episode_Reward/action_acc: -0.0086
           Episode_Termination/time_out: 0.0000
    Episode_Termination/bad_orientation: 8.0417
--------------------------------------------------------------------------------
                         Iteration time: 0.43s
                           Time elapsed: 00:00:12
                                    ETA: 00:01:39

################################################################################
[1m                           Learning iteration 27/250                            [0m 

                            Total steps: 344064 
                       Steps per second: 28371 
                        Collection time: 0.367s 
                          Learning time: 0.066s 
                        Mean value loss: 0.2219
                    Mean surrogate loss: -0.0110
                      Mean entropy loss: 6.9499
                            Mean reward: 0.70
                    Mean episode length: 66.11
                        Mean action std: 0.48
                reward/tracking_lin_vel: 1.0999
                reward/tracking_ang_vel: 0.1093
                      reward/feet_phase: 0.5765
             reward/feet_phase_contrast: 1.0295
             reward/feet_contact_number: 0.4562
                   reward/feet_air_time: 0.0183
                     reward/under_speed: -0.0960
                       reward/feet_slip: -0.0040
                  reward/feet_clearance: -0.0099
                       reward/lin_vel_z: -0.0195
                      reward/ang_vel_xy: -0.3736
                     reward/base_height: -1.3096
                     reward/orientation: -0.5765
                            reward/pose: -0.0229
                     reward/action_rate: -0.0492
                      reward/action_acc: -0.1448
             Metrics/twist/error_vel_xy: 0.2820
            Metrics/twist/error_vel_yaw: 0.2545
        Episode_Reward/tracking_lin_vel: 0.0724
        Episode_Reward/tracking_ang_vel: 0.0071
              Episode_Reward/feet_phase: 0.0445
     Episode_Reward/feet_phase_contrast: 0.0743
     Episode_Reward/feet_contact_number: 0.0311
           Episode_Reward/feet_air_time: 0.0015
             Episode_Reward/under_speed: -0.0058
               Episode_Reward/feet_slip: -0.0003
          Episode_Reward/feet_clearance: -0.0007
               Episode_Reward/lin_vel_z: -0.0015
              Episode_Reward/ang_vel_xy: -0.0281
             Episode_Reward/base_height: -0.1041
             Episode_Reward/orientation: -0.0449
                    Episode_Reward/pose: -0.0015
             Episode_Reward/action_rate: -0.0033
              Episode_Reward/action_acc: -0.0097
           Episode_Termination/time_out: 0.0000
    Episode_Termination/bad_orientation: 6.6667
--------------------------------------------------------------------------------
                         Iteration time: 0.43s
                           Time elapsed: 00:00:12
                                    ETA: 00:01:39

################################################################################
[1m                           Learning iteration 28/250                            [0m 

                            Total steps: 356352 
                       Steps per second: 27284 
                        Collection time: 0.387s 
                          Learning time: 0.064s 
                        Mean value loss: 0.1990
                    Mean surrogate loss: -0.0090
                      Mean entropy loss: 6.9314
                            Mean reward: 0.22
                    Mean episode length: 60.73
                        Mean action std: 0.48
                reward/tracking_lin_vel: 1.0681
                reward/tracking_ang_vel: 0.1092
                      reward/feet_phase: 0.7080
             reward/feet_phase_contrast: 1.0474
             reward/feet_contact_number: 0.4548
                   reward/feet_air_time: 0.0268
                     reward/under_speed: -0.0923
                       reward/feet_slip: -0.0042
                  reward/feet_clearance: -0.0100
                       reward/lin_vel_z: -0.0221
                      reward/ang_vel_xy: -0.4280
                     reward/base_height: -1.4893
                     reward/orientation: -0.6538
                            reward/pose: -0.0237
                     reward/action_rate: -0.0491
                      reward/action_acc: -0.1445
             Metrics/twist/error_vel_xy: 0.2747
            Metrics/twist/error_vel_yaw: 0.2307
        Episode_Reward/tracking_lin_vel: 0.0659
        Episode_Reward/tracking_ang_vel: 0.0067
              Episode_Reward/feet_phase: 0.0398
     Episode_Reward/feet_phase_contrast: 0.0676
     Episode_Reward/feet_contact_number: 0.0286
           Episode_Reward/feet_air_time: 0.0018
             Episode_Reward/under_speed: -0.0054
               Episode_Reward/feet_slip: -0.0003
          Episode_Reward/feet_clearance: -0.0007
               Episode_Reward/lin_vel_z: -0.0015
              Episode_Reward/ang_vel_xy: -0.0288
             Episode_Reward/base_height: -0.1026
             Episode_Reward/orientation: -0.0440
                    Episode_Reward/pose: -0.0014
             Episode_Reward/action_rate: -0.0031
              Episode_Reward/action_acc: -0.0091
           Episode_Termination/time_out: 0.0000
    Episode_Termination/bad_orientation: 7.2083
--------------------------------------------------------------------------------
                         Iteration time: 0.45s
                           Time elapsed: 00:00:12
                                    ETA: 00:01:38

################################################################################
[1m                           Learning iteration 29/250                            [0m 

                            Total steps: 368640 
                       Steps per second: 24417 
                        Collection time: 0.436s 
                          Learning time: 0.068s 
                        Mean value loss: 0.2129
                    Mean surrogate loss: -0.0076
                      Mean entropy loss: 6.9222
                            Mean reward: 0.67
                    Mean episode length: 61.09
                        Mean action std: 0.48
                reward/tracking_lin_vel: 1.0734
                reward/tracking_ang_vel: 0.1103
                      reward/feet_phase: 0.6170
             reward/feet_phase_contrast: 1.0431
             reward/feet_contact_number: 0.4528
                   reward/feet_air_time: 0.0188
                     reward/under_speed: -0.0955
                       reward/feet_slip: -0.0041
                  reward/feet_clearance: -0.0100
                       reward/lin_vel_z: -0.0216
                      reward/ang_vel_xy: -0.4042
                     reward/base_height: -1.3945
                     reward/orientation: -0.6027
                            reward/pose: -0.0233
                     reward/action_rate: -0.0492
                      reward/action_acc: -0.1447
             Metrics/twist/error_vel_xy: 0.2588
            Metrics/twist/error_vel_yaw: 0.2274
        Episode_Reward/tracking_lin_vel: 0.0696
        Episode_Reward/tracking_ang_vel: 0.0067
              Episode_Reward/feet_phase: 0.0449
     Episode_Reward/feet_phase_contrast: 0.0726
     Episode_Reward/feet_contact_number: 0.0280
           Episode_Reward/feet_air_time: 0.0013
             Episode_Reward/under_speed: -0.0046
               Episode_Reward/feet_slip: -0.0003
          Episode_Reward/feet_clearance: -0.0006
               Episode_Reward/lin_vel_z: -0.0015
              Episode_Reward/ang_vel_xy: -0.0286
             Episode_Reward/base_height: -0.0981
             Episode_Reward/orientation: -0.0436
                    Episode_Reward/pose: -0.0014
             Episode_Reward/action_rate: -0.0030
              Episode_Reward/action_acc: -0.0090
           Episode_Termination/time_out: 0.0000
    Episode_Termination/bad_orientation: 7.7083
--------------------------------------------------------------------------------
                         Iteration time: 0.50s
                           Time elapsed: 00:00:13
                                    ETA: 00:01:38

################################################################################
[1m                           Learning iteration 30/250                            [0m 

                            Total steps: 380928 
                       Steps per second: 24520 
                        Collection time: 0.427s 
                          Learning time: 0.074s 
                        Mean value loss: 0.2082
                    Mean surrogate loss: -0.0087
                      Mean entropy loss: 6.9104
                            Mean reward: 0.65
                    Mean episode length: 66.78
                        Mean action std: 0.48
                reward/tracking_lin_vel: 1.1129
                reward/tracking_ang_vel: 0.1104
                      reward/feet_phase: 0.6036
             reward/feet_phase_contrast: 1.0691
             reward/feet_contact_number: 0.4462
                   reward/feet_air_time: 0.0260
                     reward/under_speed: -0.0952
                       reward/feet_slip: -0.0040
                  reward/feet_clearance: -0.0098
                       reward/lin_vel_z: -0.0199
                      reward/ang_vel_xy: -0.3754
                     reward/base_height: -1.2577
                     reward/orientation: -0.5750
                            reward/pose: -0.0248
                     reward/action_rate: -0.0494
                      reward/action_acc: -0.1460
             Metrics/twist/error_vel_xy: 0.2850
            Metrics/twist/error_vel_yaw: 0.2335
        Episode_Reward/tracking_lin_vel: 0.0683
        Episode_Reward/tracking_ang_vel: 0.0072
              Episode_Reward/feet_phase: 0.0424
     Episode_Reward/feet_phase_contrast: 0.0694
     Episode_Reward/feet_contact_number: 0.0295
           Episode_Reward/feet_air_time: 0.0017
             Episode_Reward/under_speed: -0.0061
               Episode_Reward/feet_slip: -0.0003
          Episode_Reward/feet_clearance: -0.0007
               Episode_Reward/lin_vel_z: -0.0015
              Episode_Reward/ang_vel_xy: -0.0290
             Episode_Reward/base_height: -0.1017
             Episode_Reward/orientation: -0.0435
                    Episode_Reward/pose: -0.0015
             Episode_Reward/action_rate: -0.0032
              Episode_Reward/action_acc: -0.0095
           Episode_Termination/time_out: 0.0000
    Episode_Termination/bad_orientation: 6.1250
--------------------------------------------------------------------------------
                         Iteration time: 0.50s
                           Time elapsed: 00:00:13
                                    ETA: 00:01:38

################################################################################
[1m                           Learning iteration 31/250                            [0m 

                            Total steps: 393216 
                       Steps per second: 24697 
                        Collection time: 0.428s 
                          Learning time: 0.070s 
                        Mean value loss: 0.1991
                    Mean surrogate loss: -0.0079
                      Mean entropy loss: 6.8970
                            Mean reward: 1.05
                    Mean episode length: 72.24
                        Mean action std: 0.48
                reward/tracking_lin_vel: 1.1039
                reward/tracking_ang_vel: 0.1098
                      reward/feet_phase: 0.6337
             reward/feet_phase_contrast: 1.0428
             reward/feet_contact_number: 0.4598
                   reward/feet_air_time: 0.0229
                     reward/under_speed: -0.0959
                       reward/feet_slip: -0.0040
                  reward/feet_clearance: -0.0100
                       reward/lin_vel_z: -0.0198
                      reward/ang_vel_xy: -0.3896
                     reward/base_height: -1.3492
                     reward/orientation: -0.5771
                            reward/pose: -0.0241
                     reward/action_rate: -0.0493
                      reward/action_acc: -0.1449
             Metrics/twist/error_vel_xy: 0.2696
            Metrics/twist/error_vel_yaw: 0.2436
        Episode_Reward/tracking_lin_vel: 0.0801
        Episode_Reward/tracking_ang_vel: 0.0078
              Episode_Reward/feet_phase: 0.0476
     Episode_Reward/feet_phase_contrast: 0.0803
     Episode_Reward/feet_contact_number: 0.0330
           Episode_Reward/feet_air_time: 0.0018
             Episode_Reward/under_speed: -0.0064
               Episode_Reward/feet_slip: -0.0003
          Episode_Reward/feet_clearance: -0.0007
               Episode_Reward/lin_vel_z: -0.0015
              Episode_Reward/ang_vel_xy: -0.0291
             Episode_Reward/base_height: -0.1010
             Episode_Reward/orientation: -0.0453
                    Episode_Reward/pose: -0.0018
             Episode_Reward/action_rate: -0.0035
              Episode_Reward/action_acc: -0.0104
           Episode_Termination/time_out: 0.0000
    Episode_Termination/bad_orientation: 7.0000
--------------------------------------------------------------------------------
                         Iteration time: 0.50s
                           Time elapsed: 00:00:14
                                    ETA: 00:01:38

################################################################################
[1m                           Learning iteration 32/250                            [0m 

                            Total steps: 405504 
                       Steps per second: 27801 
                        Collection time: 0.378s 
                          Learning time: 0.064s 
                        Mean value loss: 0.2205
                    Mean surrogate loss: -0.0089
                      Mean entropy loss: 6.8869
                            Mean reward: 0.50
                    Mean episode length: 59.63
                        Mean action std: 0.48
                reward/tracking_lin_vel: 1.0880
                reward/tracking_ang_vel: 0.1110
                      reward/feet_phase: 0.6540
             reward/feet_phase_contrast: 0.9941
             reward/feet_contact_number: 0.4491
                   reward/feet_air_time: 0.0214
                     reward/under_speed: -0.1016
                       reward/feet_slip: -0.0040
                  reward/feet_clearance: -0.0098
                       reward/lin_vel_z: -0.0186
                      reward/ang_vel_xy: -0.3746
                     reward/base_height: -1.1789
                     reward/orientation: -0.5386
                            reward/pose: -0.0245
                     reward/action_rate: -0.0494
                      reward/action_acc: -0.1460
             Metrics/twist/error_vel_xy: 0.2555
            Metrics/twist/error_vel_yaw: 0.2259
        Episode_Reward/tracking_lin_vel: 0.0667
        Episode_Reward/tracking_ang_vel: 0.0064
              Episode_Reward/feet_phase: 0.0437
     Episode_Reward/feet_phase_contrast: 0.0723
     Episode_Reward/feet_contact_number: 0.0272
           Episode_Reward/feet_air_time: 0.0014
             Episode_Reward/under_speed: -0.0044
               Episode_Reward/feet_slip: -0.0003
          Episode_Reward/feet_clearance: -0.0007
               Episode_Reward/lin_vel_z: -0.0015
              Episode_Reward/ang_vel_xy: -0.0293
             Episode_Reward/base_height: -0.0955
             Episode_Reward/orientation: -0.0421
                    Episode_Reward/pose: -0.0014
             Episode_Reward/action_rate: -0.0030
              Episode_Reward/action_acc: -0.0087
           Episode_Termination/time_out: 0.0000
    Episode_Termination/bad_orientation: 6.3750
--------------------------------------------------------------------------------
                         Iteration time: 0.44s
                           Time elapsed: 00:00:14
                                    ETA: 00:01:38

################################################################################
[1m                           Learning iteration 33/250                            [0m 

                            Total steps: 417792 
                       Steps per second: 27522 
                        Collection time: 0.383s 
                          Learning time: 0.063s 
                        Mean value loss: 1.0956
                    Mean surrogate loss: -0.0071
                      Mean entropy loss: 6.8875
                            Mean reward: 0.57
                    Mean episode length: 60.62
                        Mean action std: 0.48
                reward/tracking_lin_vel: 0.6425
                reward/tracking_ang_vel: 0.1035
                      reward/feet_phase: 0.5000
             reward/feet_phase_contrast: 0.8980
             reward/feet_contact_number: 0.4369
                   reward/feet_air_time: 0.0757
                     reward/under_speed: -0.1005
                       reward/feet_slip: -0.0066
                  reward/feet_clearance: -0.0165
                       reward/lin_vel_z: -0.0372
                      reward/ang_vel_xy: -0.6195
                     reward/base_height: -1.3597
                     reward/orientation: -0.6194
                            reward/pose: -0.0237
                     reward/action_rate: -0.0494
                      reward/action_acc: -0.1453
             Metrics/twist/error_vel_xy: 0.2777
            Metrics/twist/error_vel_yaw: 0.2281
        Episode_Reward/tracking_lin_vel: 0.0635
        Episode_Reward/tracking_ang_vel: 0.0064
              Episode_Reward/feet_phase: 0.0422
     Episode_Reward/feet_phase_contrast: 0.0676
     Episode_Reward/feet_contact_number: 0.0268
           Episode_Reward/feet_air_time: 0.0035
             Episode_Reward/under_speed: -0.0049
               Episode_Reward/feet_slip: -0.0003
          Episode_Reward/feet_clearance: -0.0008
               Episode_Reward/lin_vel_z: -0.0021
              Episode_Reward/ang_vel_xy: -0.0322
             Episode_Reward/base_height: -0.0950
             Episode_Reward/orientation: -0.0408
                    Episode_Reward/pose: -0.0014
             Episode_Reward/action_rate: -0.0030
              Episode_Reward/action_acc: -0.0089
           Episode_Termination/time_out: 0.0000
    Episode_Termination/bad_orientation: 6.7917
--------------------------------------------------------------------------------
                         Iteration time: 0.45s
                           Time elapsed: 00:00:15
                                    ETA: 00:01:37

################################################################################
[1m                           Learning iteration 34/250                            [0m 

                            Total steps: 430080 
                       Steps per second: 28058 
                        Collection time: 0.376s 
                          Learning time: 0.062s 
                        Mean value loss: 0.2928
                    Mean surrogate loss: -0.0070
                      Mean entropy loss: 6.8891
                            Mean reward: 1.78
                    Mean episode length: 132.85
                        Mean action std: 0.48
                reward/tracking_lin_vel: 0.8880
                reward/tracking_ang_vel: 0.1031
                      reward/feet_phase: 0.4912
             reward/feet_phase_contrast: 0.9333
             reward/feet_contact_number: 0.4488
                   reward/feet_air_time: 0.1066
                     reward/under_speed: -0.1047
                       reward/feet_slip: -0.0039
                  reward/feet_clearance: -0.0137
                       reward/lin_vel_z: -0.0284
                      reward/ang_vel_xy: -0.6070
                     reward/base_height: -2.0113
                     reward/orientation: -0.6656
                            reward/pose: -0.0183
                     reward/action_rate: -0.0498
                      reward/action_acc: -0.1460
             Metrics/twist/error_vel_xy: 0.4263
            Metrics/twist/error_vel_yaw: 0.2979
        Episode_Reward/tracking_lin_vel: 0.1067
        Episode_Reward/tracking_ang_vel: 0.0130
              Episode_Reward/feet_phase: 0.0475
     Episode_Reward/feet_phase_contrast: 0.0812
     Episode_Reward/feet_contact_number: 0.0520
           Episode_Reward/feet_air_time: 0.0064
             Episode_Reward/under_speed: -0.0166
               Episode_Reward/feet_slip: -0.0004
          Episode_Reward/feet_clearance: -0.0013
               Episode_Reward/lin_vel_z: -0.0017
              Episode_Reward/ang_vel_xy: -0.0394
             Episode_Reward/base_height: -0.1037
             Episode_Reward/orientation: -0.0421
                    Episode_Reward/pose: -0.0025
             Episode_Reward/action_rate: -0.0057
              Episode_Reward/action_acc: -0.0167
           Episode_Termination/time_out: 0.0000
    Episode_Termination/bad_orientation: 11.2083
--------------------------------------------------------------------------------
                         Iteration time: 0.44s
                           Time elapsed: 00:00:15
                                    ETA: 00:01:37

################################################################################
[1m                           Learning iteration 35/250                            [0m 

                            Total steps: 442368 
                       Steps per second: 30076 
                        Collection time: 0.344s 
                          Learning time: 0.065s 
                        Mean value loss: 0.2398
                    Mean surrogate loss: -0.0072
                      Mean entropy loss: 6.8850
                            Mean reward: 0.29
                    Mean episode length: 70.26
                        Mean action std: 0.48
                reward/tracking_lin_vel: 1.0978
                reward/tracking_ang_vel: 0.1099
                      reward/feet_phase: 0.7334
             reward/feet_phase_contrast: 1.0869
             reward/feet_contact_number: 0.4601
                   reward/feet_air_time: 0.0357
                     reward/under_speed: -0.0944
                       reward/feet_slip: -0.0039
                  reward/feet_clearance: -0.0103
                       reward/lin_vel_z: -0.0197
                      reward/ang_vel_xy: -0.4151
                     reward/base_height: -1.3093
                     reward/orientation: -0.5678
                            reward/pose: -0.0232
                     reward/action_rate: -0.0500
                      reward/action_acc: -0.1474
             Metrics/twist/error_vel_xy: 0.3328
            Metrics/twist/error_vel_yaw: 0.2453
        Episode_Reward/tracking_lin_vel: 0.0747
        Episode_Reward/tracking_ang_vel: 0.0087
              Episode_Reward/feet_phase: 0.0413
     Episode_Reward/feet_phase_contrast: 0.0691
     Episode_Reward/feet_contact_number: 0.0358
           Episode_Reward/feet_air_time: 0.0036
             Episode_Reward/under_speed: -0.0091
               Episode_Reward/feet_slip: -0.0003
          Episode_Reward/feet_clearance: -0.0008
               Episode_Reward/lin_vel_z: -0.0015
              Episode_Reward/ang_vel_xy: -0.0323
             Episode_Reward/base_height: -0.1034
             Episode_Reward/orientation: -0.0426
                    Episode_Reward/pose: -0.0018
             Episode_Reward/action_rate: -0.0040
              Episode_Reward/action_acc: -0.0118
           Episode_Termination/time_out: 0.0000
    Episode_Termination/bad_orientation: 6.4167
--------------------------------------------------------------------------------
                         Iteration time: 0.41s
                           Time elapsed: 00:00:16
                                    ETA: 00:01:36

################################################################################
[1m                           Learning iteration 36/250                            [0m 

                            Total steps: 454656 
                       Steps per second: 27001 
                        Collection time: 0.393s 
                          Learning time: 0.062s 
                        Mean value loss: 0.2103
                    Mean surrogate loss: -0.0096
                      Mean entropy loss: 6.8811
                            Mean reward: 0.24
                    Mean episode length: 62.59
                        Mean action std: 0.48
                reward/tracking_lin_vel: 1.0888
                reward/tracking_ang_vel: 0.1097
                      reward/feet_phase: 0.6328
             reward/feet_phase_contrast: 1.0482
             reward/feet_contact_number: 0.4488
                   reward/feet_air_time: 0.0309
                     reward/under_speed: -0.0962
                       reward/feet_slip: -0.0039
                  reward/feet_clearance: -0.0102
                       reward/lin_vel_z: -0.0207
                      reward/ang_vel_xy: -0.4107
                     reward/base_height: -1.3248
                     reward/orientation: -0.5840
                            reward/pose: -0.0256
                     reward/action_rate: -0.0504
                      reward/action_acc: -0.1481
             Metrics/twist/error_vel_xy: 0.2903
            Metrics/twist/error_vel_yaw: 0.2295
        Episode_Reward/tracking_lin_vel: 0.0626
        Episode_Reward/tracking_ang_vel: 0.0067
              Episode_Reward/feet_phase: 0.0401
     Episode_Reward/feet_phase_contrast: 0.0657
     Episode_Reward/feet_contact_number: 0.0281
           Episode_Reward/feet_air_time: 0.0021
             Episode_Reward/under_speed: -0.0056
               Episode_Reward/feet_slip: -0.0003
          Episode_Reward/feet_clearance: -0.0007
               Episode_Reward/lin_vel_z: -0.0015
              Episode_Reward/ang_vel_xy: -0.0303
             Episode_Reward/base_height: -0.0989
             Episode_Reward/orientation: -0.0414
                    Episode_Reward/pose: -0.0013
             Episode_Reward/action_rate: -0.0031
              Episode_Reward/action_acc: -0.0092
           Episode_Termination/time_out: 0.0000
    Episode_Termination/bad_orientation: 6.5833
--------------------------------------------------------------------------------
                         Iteration time: 0.46s
                           Time elapsed: 00:00:16
                                    ETA: 00:01:35

################################################################################
[1m                           Learning iteration 37/250                            [0m 

                            Total steps: 466944 
                       Steps per second: 29590 
                        Collection time: 0.351s 
                          Learning time: 0.064s 
                        Mean value loss: 0.1971
                    Mean surrogate loss: -0.0090
                      Mean entropy loss: 6.8772
                            Mean reward: 0.68
                    Mean episode length: 62.46
                        Mean action std: 0.48
                reward/tracking_lin_vel: 1.0959
                reward/tracking_ang_vel: 0.1119
                      reward/feet_phase: 0.5663
             reward/feet_phase_contrast: 1.0019
             reward/feet_contact_number: 0.4604
                   reward/feet_air_time: 0.0248
                     reward/under_speed: -0.1032
                       reward/feet_slip: -0.0039
                  reward/feet_clearance: -0.0100
                       reward/lin_vel_z: -0.0196
                      reward/ang_vel_xy: -0.3759
                     reward/base_height: -1.1513
                     reward/orientation: -0.5302
                            reward/pose: -0.0246
                     reward/action_rate: -0.0503
                      reward/action_acc: -0.1479
             Metrics/twist/error_vel_xy: 0.2618
            Metrics/twist/error_vel_yaw: 0.2264
        Episode_Reward/tracking_lin_vel: 0.0710
        Episode_Reward/tracking_ang_vel: 0.0071
              Episode_Reward/feet_phase: 0.0465
     Episode_Reward/feet_phase_contrast: 0.0756
     Episode_Reward/feet_contact_number: 0.0299
           Episode_Reward/feet_air_time: 0.0023
             Episode_Reward/under_speed: -0.0051
               Episode_Reward/feet_slip: -0.0003
          Episode_Reward/feet_clearance: -0.0007
               Episode_Reward/lin_vel_z: -0.0016
              Episode_Reward/ang_vel_xy: -0.0302
             Episode_Reward/base_height: -0.0926
             Episode_Reward/orientation: -0.0422
                    Episode_Reward/pose: -0.0015
             Episode_Reward/action_rate: -0.0033
              Episode_Reward/action_acc: -0.0097
           Episode_Termination/time_out: 0.0000
    Episode_Termination/bad_orientation: 6.6250
--------------------------------------------------------------------------------
                         Iteration time: 0.42s
                           Time elapsed: 00:00:17
                                    ETA: 00:01:35

################################################################################
[1m                           Learning iteration 38/250                            [0m 

                            Total steps: 479232 
                       Steps per second: 28977 
                        Collection time: 0.361s 
                          Learning time: 0.064s 
                        Mean value loss: 0.1926
                    Mean surrogate loss: -0.0082
                      Mean entropy loss: 6.8695
                            Mean reward: 0.94
                    Mean episode length: 67.03
                        Mean action std: 0.48
                reward/tracking_lin_vel: 1.0675
                reward/tracking_ang_vel: 0.1116
                      reward/feet_phase: 0.5696
             reward/feet_phase_contrast: 0.9507
             reward/feet_contact_number: 0.4591
                   reward/feet_air_time: 0.0274
                     reward/under_speed: -0.1058
                       reward/feet_slip: -0.0038
                  reward/feet_clearance: -0.0095
                       reward/lin_vel_z: -0.0199
                      reward/ang_vel_xy: -0.3874
                     reward/base_height: -1.1812
                     reward/orientation: -0.5474
                            reward/pose: -0.0243
                     reward/action_rate: -0.0505
                      reward/action_acc: -0.1485
             Metrics/twist/error_vel_xy: 0.2760
            Metrics/twist/error_vel_yaw: 0.2419
        Episode_Reward/tracking_lin_vel: 0.0741
        Episode_Reward/tracking_ang_vel: 0.0073
              Episode_Reward/feet_phase: 0.0452
     Episode_Reward/feet_phase_contrast: 0.0757
     Episode_Reward/feet_contact_number: 0.0308
           Episode_Reward/feet_air_time: 0.0016
             Episode_Reward/under_speed: -0.0056
               Episode_Reward/feet_slip: -0.0003
          Episode_Reward/feet_clearance: -0.0007
               Episode_Reward/lin_vel_z: -0.0015
              Episode_Reward/ang_vel_xy: -0.0298
             Episode_Reward/base_height: -0.0926
             Episode_Reward/orientation: -0.0429
                    Episode_Reward/pose: -0.0016
             Episode_Reward/action_rate: -0.0033
              Episode_Reward/action_acc: -0.0098
           Episode_Termination/time_out: 0.0000
    Episode_Termination/bad_orientation: 6.1667
--------------------------------------------------------------------------------
                         Iteration time: 0.42s
                           Time elapsed: 00:00:17
                                    ETA: 00:01:34

################################################################################
[1m                           Learning iteration 39/250                            [0m 

                            Total steps: 491520 
                       Steps per second: 28408 
                        Collection time: 0.368s 
                          Learning time: 0.064s 
                        Mean value loss: 0.2290
                    Mean surrogate loss: -0.0100
                      Mean entropy loss: 6.8601
                            Mean reward: 0.65
                    Mean episode length: 61.38
                        Mean action std: 0.48
                reward/tracking_lin_vel: 1.0814
                reward/tracking_ang_vel: 0.1115
                      reward/feet_phase: 0.6156
             reward/feet_phase_contrast: 0.9118
             reward/feet_contact_number: 0.4518
                   reward/feet_air_time: 0.0198
                     reward/under_speed: -0.1161
                       reward/feet_slip: -0.0034
                  reward/feet_clearance: -0.0092
                       reward/lin_vel_z: -0.0174
                      reward/ang_vel_xy: -0.3511
                     reward/base_height: -1.0469
                     reward/orientation: -0.4711
                            reward/pose: -0.0224
                     reward/action_rate: -0.0503
                      reward/action_acc: -0.1483
             Metrics/twist/error_vel_xy: 0.2640
            Metrics/twist/error_vel_yaw: 0.2278
        Episode_Reward/tracking_lin_vel: 0.0706
        Episode_Reward/tracking_ang_vel: 0.0070
              Episode_Reward/feet_phase: 0.0441
     Episode_Reward/feet_phase_contrast: 0.0736
     Episode_Reward/feet_contact_number: 0.0294
           Episode_Reward/feet_air_time: 0.0020
             Episode_Reward/under_speed: -0.0054
               Episode_Reward/feet_slip: -0.0003
          Episode_Reward/feet_clearance: -0.0007
               Episode_Reward/lin_vel_z: -0.0015
              Episode_Reward/ang_vel_xy: -0.0297
             Episode_Reward/base_height: -0.0911
             Episode_Reward/orientation: -0.0421
                    Episode_Reward/pose: -0.0015
             Episode_Reward/action_rate: -0.0033
              Episode_Reward/action_acc: -0.0096
           Episode_Termination/time_out: 0.0000
    Episode_Termination/bad_orientation: 6.2083
--------------------------------------------------------------------------------
                         Iteration time: 0.43s
                           Time elapsed: 00:00:17
                                    ETA: 00:01:34

################################################################################
[1m                           Learning iteration 40/250                            [0m 

                            Total steps: 503808 
                       Steps per second: 26182 
                        Collection time: 0.405s 
                          Learning time: 0.064s 
                        Mean value loss: 0.1903
                    Mean surrogate loss: -0.0115
                      Mean entropy loss: 6.8439
                            Mean reward: 0.39
                    Mean episode length: 60.83
                        Mean action std: 0.48
                reward/tracking_lin_vel: 1.1560
                reward/tracking_ang_vel: 0.1119
                      reward/feet_phase: 0.5169
             reward/feet_phase_contrast: 0.9254
             reward/feet_contact_number: 0.4609
                   reward/feet_air_time: 0.0145
                     reward/under_speed: -0.1183
                       reward/feet_slip: -0.0032
                  reward/feet_clearance: -0.0091
                       reward/lin_vel_z: -0.0139
                      reward/ang_vel_xy: -0.2952
                     reward/base_height: -0.8560
                     reward/orientation: -0.4044
                            reward/pose: -0.0247
                     reward/action_rate: -0.0511
                      reward/action_acc: -0.1511
             Metrics/twist/error_vel_xy: 0.2826
            Metrics/twist/error_vel_yaw: 0.2320
        Episode_Reward/tracking_lin_vel: 0.0597
        Episode_Reward/tracking_ang_vel: 0.0062
              Episode_Reward/feet_phase: 0.0393
     Episode_Reward/feet_phase_contrast: 0.0626
     Episode_Reward/feet_contact_number: 0.0271
           Episode_Reward/feet_air_time: 0.0018
             Episode_Reward/under_speed: -0.0054
               Episode_Reward/feet_slip: -0.0003
          Episode_Reward/feet_clearance: -0.0006
               Episode_Reward/lin_vel_z: -0.0015
              Episode_Reward/ang_vel_xy: -0.0303
             Episode_Reward/base_height: -0.0929
             Episode_Reward/orientation: -0.0404
                    Episode_Reward/pose: -0.0012
             Episode_Reward/action_rate: -0.0030
              Episode_Reward/action_acc: -0.0088
           Episode_Termination/time_out: 0.0000
    Episode_Termination/bad_orientation: 5.0000
--------------------------------------------------------------------------------
                         Iteration time: 0.47s
                           Time elapsed: 00:00:18
                                    ETA: 00:01:33

################################################################################
[1m                           Learning iteration 41/250                            [0m 

                            Total steps: 516096 
                       Steps per second: 26192 
                        Collection time: 0.402s 
                          Learning time: 0.067s 
                        Mean value loss: 0.1831
                    Mean surrogate loss: -0.0096
                      Mean entropy loss: 6.8280
                            Mean reward: 1.02
                    Mean episode length: 62.80
                        Mean action std: 0.48
                reward/tracking_lin_vel: 1.0969
                reward/tracking_ang_vel: 0.1128
                      reward/feet_phase: 0.5055
             reward/feet_phase_contrast: 0.8936
             reward/feet_contact_number: 0.4529
                   reward/feet_air_time: 0.0215
                     reward/under_speed: -0.1195
                       reward/feet_slip: -0.0034
                  reward/feet_clearance: -0.0091
                       reward/lin_vel_z: -0.0175
                      reward/ang_vel_xy: -0.3255
                     reward/base_height: -0.9219
                     reward/orientation: -0.4509
                            reward/pose: -0.0265
                     reward/action_rate: -0.0506
                      reward/action_acc: -0.1497
             Metrics/twist/error_vel_xy: 0.2497
            Metrics/twist/error_vel_yaw: 0.2326
        Episode_Reward/tracking_lin_vel: 0.0691
        Episode_Reward/tracking_ang_vel: 0.0065
              Episode_Reward/feet_phase: 0.0459
     Episode_Reward/feet_phase_contrast: 0.0749
     Episode_Reward/feet_contact_number: 0.0280
           Episode_Reward/feet_air_time: 0.0022
             Episode_Reward/under_speed: -0.0044
               Episode_Reward/feet_slip: -0.0003
          Episode_Reward/feet_clearance: -0.0007
               Episode_Reward/lin_vel_z: -0.0016
              Episode_Reward/ang_vel_xy: -0.0299
             Episode_Reward/base_height: -0.0879
             Episode_Reward/orientation: -0.0413
                    Episode_Reward/pose: -0.0015
             Episode_Reward/action_rate: -0.0031
              Episode_Reward/action_acc: -0.0093
           Episode_Termination/time_out: 0.0000
    Episode_Termination/bad_orientation: 5.2500
--------------------------------------------------------------------------------
                         Iteration time: 0.47s
                           Time elapsed: 00:00:18
                                    ETA: 00:01:33

################################################################################
[1m                           Learning iteration 42/250                            [0m 

                            Total steps: 528384 
                       Steps per second: 26509 
                        Collection time: 0.401s 
                          Learning time: 0.063s 
                        Mean value loss: 0.1869
                    Mean surrogate loss: -0.0081
                      Mean entropy loss: 6.8177
                            Mean reward: 1.04
                    Mean episode length: 75.32
                        Mean action std: 0.48
                reward/tracking_lin_vel: 1.1080
                reward/tracking_ang_vel: 0.1119
                      reward/feet_phase: 0.5477
             reward/feet_phase_contrast: 0.8449
             reward/feet_contact_number: 0.4558
                   reward/feet_air_time: 0.0182
                     reward/under_speed: -0.1276
                       reward/feet_slip: -0.0032
                  reward/feet_clearance: -0.0089
                       reward/lin_vel_z: -0.0139
                      reward/ang_vel_xy: -0.2835
                     reward/base_height: -0.8205
                     reward/orientation: -0.3928
                            reward/pose: -0.0269
                     reward/action_rate: -0.0509
                      reward/action_acc: -0.1504
             Metrics/twist/error_vel_xy: 0.2876
            Metrics/twist/error_vel_yaw: 0.2618
        Episode_Reward/tracking_lin_vel: 0.0771
        Episode_Reward/tracking_ang_vel: 0.0076
              Episode_Reward/feet_phase: 0.0448
     Episode_Reward/feet_phase_contrast: 0.0756
     Episode_Reward/feet_contact_number: 0.0328
           Episode_Reward/feet_air_time: 0.0019
             Episode_Reward/under_speed: -0.0068
               Episode_Reward/feet_slip: -0.0003
          Episode_Reward/feet_clearance: -0.0007
               Episode_Reward/lin_vel_z: -0.0015
              Episode_Reward/ang_vel_xy: -0.0308
             Episode_Reward/base_height: -0.0925
             Episode_Reward/orientation: -0.0430
                    Episode_Reward/pose: -0.0017
             Episode_Reward/action_rate: -0.0036
              Episode_Reward/action_acc: -0.0107
           Episode_Termination/time_out: 0.0000
    Episode_Termination/bad_orientation: 4.4167
--------------------------------------------------------------------------------
                         Iteration time: 0.46s
                           Time elapsed: 00:00:19
                                    ETA: 00:01:33

################################################################################
[1m                           Learning iteration 43/250                            [0m 

                            Total steps: 540672 
                       Steps per second: 24029 
                        Collection time: 0.446s 
                          Learning time: 0.065s 
                        Mean value loss: 0.1682
                    Mean surrogate loss: -0.0115
                      Mean entropy loss: 6.8020
                            Mean reward: 0.91
                    Mean episode length: 63.09
                        Mean action std: 0.48
                reward/tracking_lin_vel: 1.1192
                reward/tracking_ang_vel: 0.1147
                      reward/feet_phase: 0.5467
             reward/feet_phase_contrast: 0.8710
             reward/feet_contact_number: 0.4641
                   reward/feet_air_time: 0.0212
                     reward/under_speed: -0.1260
                       reward/feet_slip: -0.0030
                  reward/feet_clearance: -0.0088
                       reward/lin_vel_z: -0.0147
                      reward/ang_vel_xy: -0.2898
                     reward/base_height: -0.7766
                     reward/orientation: -0.3842
                            reward/pose: -0.0282
                     reward/action_rate: -0.0507
                      reward/action_acc: -0.1502
             Metrics/twist/error_vel_xy: 0.2610
            Metrics/twist/error_vel_yaw: 0.2376
        Episode_Reward/tracking_lin_vel: 0.0706
        Episode_Reward/tracking_ang_vel: 0.0067
              Episode_Reward/feet_phase: 0.0457
     Episode_Reward/feet_phase_contrast: 0.0747
     Episode_Reward/feet_contact_number: 0.0287
           Episode_Reward/feet_air_time: 0.0020
             Episode_Reward/under_speed: -0.0049
               Episode_Reward/feet_slip: -0.0003
          Episode_Reward/feet_clearance: -0.0007
               Episode_Reward/lin_vel_z: -0.0016
              Episode_Reward/ang_vel_xy: -0.0305
             Episode_Reward/base_height: -0.0860
             Episode_Reward/orientation: -0.0411
                    Episode_Reward/pose: -0.0016
             Episode_Reward/action_rate: -0.0032
              Episode_Reward/action_acc: -0.0094
           Episode_Termination/time_out: 0.0000
    Episode_Termination/bad_orientation: 4.3333
--------------------------------------------------------------------------------
                         Iteration time: 0.51s
                           Time elapsed: 00:00:19
                                    ETA: 00:01:32

################################################################################
[1m                           Learning iteration 44/250                            [0m 

                            Total steps: 552960 
                       Steps per second: 26495 
                        Collection time: 0.401s 
                          Learning time: 0.063s 
                        Mean value loss: 0.1610
                    Mean surrogate loss: -0.0113
                      Mean entropy loss: 6.7840
                            Mean reward: 1.15
                    Mean episode length: 69.76
                        Mean action std: 0.48
                reward/tracking_lin_vel: 1.1669
                reward/tracking_ang_vel: 0.1141
                      reward/feet_phase: 0.4741
             reward/feet_phase_contrast: 0.8682
             reward/feet_contact_number: 0.4606
                   reward/feet_air_time: 0.0118
                     reward/under_speed: -0.1286
                       reward/feet_slip: -0.0028
                  reward/feet_clearance: -0.0087
                       reward/lin_vel_z: -0.0122
                      reward/ang_vel_xy: -0.2404
                     reward/base_height: -0.6273
                     reward/orientation: -0.3300
                            reward/pose: -0.0306
                     reward/action_rate: -0.0508
                      reward/action_acc: -0.1501
             Metrics/twist/error_vel_xy: 0.2858
            Metrics/twist/error_vel_yaw: 0.2592
        Episode_Reward/tracking_lin_vel: 0.0765
        Episode_Reward/tracking_ang_vel: 0.0075
              Episode_Reward/feet_phase: 0.0487
     Episode_Reward/feet_phase_contrast: 0.0790
     Episode_Reward/feet_contact_number: 0.0314
           Episode_Reward/feet_air_time: 0.0023
             Episode_Reward/under_speed: -0.0066
               Episode_Reward/feet_slip: -0.0003
          Episode_Reward/feet_clearance: -0.0007
               Episode_Reward/lin_vel_z: -0.0017
              Episode_Reward/ang_vel_xy: -0.0312
             Episode_Reward/base_height: -0.0905
             Episode_Reward/orientation: -0.0422
                    Episode_Reward/pose: -0.0019
             Episode_Reward/action_rate: -0.0036
              Episode_Reward/action_acc: -0.0107
           Episode_Termination/time_out: 0.0000
    Episode_Termination/bad_orientation: 3.7391
--------------------------------------------------------------------------------
                         Iteration time: 0.46s
                           Time elapsed: 00:00:20
                                    ETA: 00:01:32

################################################################################
[1m                           Learning iteration 45/250                            [0m 

                            Total steps: 565248 
                       Steps per second: 24323 
                        Collection time: 0.440s 
                          Learning time: 0.065s 
                        Mean value loss: 0.1365
                    Mean surrogate loss: -0.0116
                      Mean entropy loss: 6.7541
                            Mean reward: 1.48
                    Mean episode length: 71.46
                        Mean action std: 0.48
                reward/tracking_lin_vel: 1.1102
                reward/tracking_ang_vel: 0.1160
                      reward/feet_phase: 0.4682
             reward/feet_phase_contrast: 0.8129
             reward/feet_contact_number: 0.4583
                   reward/feet_air_time: 0.0117
                     reward/under_speed: -0.1307
                       reward/feet_slip: -0.0031
                  reward/feet_clearance: -0.0088
                       reward/lin_vel_z: -0.0142
                      reward/ang_vel_xy: -0.2676
                     reward/base_height: -0.7137
                     reward/orientation: -0.3676
                            reward/pose: -0.0301
                     reward/action_rate: -0.0514
                      reward/action_acc: -0.1524
             Metrics/twist/error_vel_xy: 0.2486
            Metrics/twist/error_vel_yaw: 0.2497
        Episode_Reward/tracking_lin_vel: 0.0905
        Episode_Reward/tracking_ang_vel: 0.0081
              Episode_Reward/feet_phase: 0.0506
     Episode_Reward/feet_phase_contrast: 0.0845
     Episode_Reward/feet_contact_number: 0.0342
           Episode_Reward/feet_air_time: 0.0017
             Episode_Reward/under_speed: -0.0065
               Episode_Reward/feet_slip: -0.0003
          Episode_Reward/feet_clearance: -0.0008
               Episode_Reward/lin_vel_z: -0.0017
              Episode_Reward/ang_vel_xy: -0.0308
             Episode_Reward/base_height: -0.0834
             Episode_Reward/orientation: -0.0429
                    Episode_Reward/pose: -0.0020
             Episode_Reward/action_rate: -0.0038
              Episode_Reward/action_acc: -0.0112
           Episode_Termination/time_out: 0.0000
    Episode_Termination/bad_orientation: 4.2500
--------------------------------------------------------------------------------
                         Iteration time: 0.51s
                           Time elapsed: 00:00:20
                                    ETA: 00:01:32

################################################################################
[1m                           Learning iteration 46/250                            [0m 

                            Total steps: 577536 
                       Steps per second: 25475 
                        Collection time: 0.416s 
                          Learning time: 0.067s 
                        Mean value loss: 0.1409
                    Mean surrogate loss: -0.0102
                      Mean entropy loss: 6.7290
                            Mean reward: 2.28
                    Mean episode length: 82.76
                        Mean action std: 0.47
                reward/tracking_lin_vel: 1.1234
                reward/tracking_ang_vel: 0.1179
                      reward/feet_phase: 0.5409
             reward/feet_phase_contrast: 0.7989
             reward/feet_contact_number: 0.4636
                   reward/feet_air_time: 0.0064
                     reward/under_speed: -0.1328
                       reward/feet_slip: -0.0027
                  reward/feet_clearance: -0.0079
                       reward/lin_vel_z: -0.0123
                      reward/ang_vel_xy: -0.2421
                     reward/base_height: -0.5946
                     reward/orientation: -0.3254
                            reward/pose: -0.0280
                     reward/action_rate: -0.0511
                      reward/action_acc: -0.1518
             Metrics/twist/error_vel_xy: 0.2824
            Metrics/twist/error_vel_yaw: 0.2830
        Episode_Reward/tracking_lin_vel: 0.1041
        Episode_Reward/tracking_ang_vel: 0.0094
              Episode_Reward/feet_phase: 0.0585
     Episode_Reward/feet_phase_contrast: 0.0979
     Episode_Reward/feet_contact_number: 0.0394
           Episode_Reward/feet_air_time: 0.0007
             Episode_Reward/under_speed: -0.0081
               Episode_Reward/feet_slip: -0.0003
          Episode_Reward/feet_clearance: -0.0008
               Episode_Reward/lin_vel_z: -0.0017
              Episode_Reward/ang_vel_xy: -0.0303
             Episode_Reward/base_height: -0.0857
             Episode_Reward/orientation: -0.0446
                    Episode_Reward/pose: -0.0025
             Episode_Reward/action_rate: -0.0043
              Episode_Reward/action_acc: -0.0128
           Episode_Termination/time_out: 0.0000
    Episode_Termination/bad_orientation: 3.8261
--------------------------------------------------------------------------------
                         Iteration time: 0.48s
                           Time elapsed: 00:00:21
                                    ETA: 00:01:31

################################################################################
[1m                           Learning iteration 47/250                            [0m 

                            Total steps: 589824 
                       Steps per second: 24712 
                        Collection time: 0.432s 
                          Learning time: 0.065s 
                        Mean value loss: 0.1185
                    Mean surrogate loss: -0.0116
                      Mean entropy loss: 6.7047
                            Mean reward: 1.76
                    Mean episode length: 74.18
                        Mean action std: 0.47
                reward/tracking_lin_vel: 1.1096
                reward/tracking_ang_vel: 0.1195
                      reward/feet_phase: 0.4378
             reward/feet_phase_contrast: 0.7725
             reward/feet_contact_number: 0.4649
                   reward/feet_air_time: 0.0100
                     reward/under_speed: -0.1385
                       reward/feet_slip: -0.0026
                  reward/feet_clearance: -0.0079
                       reward/lin_vel_z: -0.0121
                      reward/ang_vel_xy: -0.2359
                     reward/base_height: -0.5732
                     reward/orientation: -0.3111
                            reward/pose: -0.0277
                     reward/action_rate: -0.0512
                      reward/action_acc: -0.1518
             Metrics/twist/error_vel_xy: 0.2448
            Metrics/twist/error_vel_yaw: 0.2074
        Episode_Reward/tracking_lin_vel: 0.0801
        Episode_Reward/tracking_ang_vel: 0.0078
              Episode_Reward/feet_phase: 0.0514
     Episode_Reward/feet_phase_contrast: 0.0821
     Episode_Reward/feet_contact_number: 0.0310
           Episode_Reward/feet_air_time: 0.0009
             Episode_Reward/under_speed: -0.0054
               Episode_Reward/feet_slip: -0.0003
          Episode_Reward/feet_clearance: -0.0007
               Episode_Reward/lin_vel_z: -0.0018
              Episode_Reward/ang_vel_xy: -0.0314
             Episode_Reward/base_height: -0.0796
             Episode_Reward/orientation: -0.0412
                    Episode_Reward/pose: -0.0017
             Episode_Reward/action_rate: -0.0035
              Episode_Reward/action_acc: -0.0102
           Episode_Termination/time_out: 0.0000
    Episode_Termination/bad_orientation: 3.3750
--------------------------------------------------------------------------------
                         Iteration time: 0.50s
                           Time elapsed: 00:00:21
                                    ETA: 00:01:31

################################################################################
[1m                           Learning iteration 48/250                            [0m 

                            Total steps: 602112 
                       Steps per second: 24589 
                        Collection time: 0.427s 
                          Learning time: 0.073s 
                        Mean value loss: 0.1403
                    Mean surrogate loss: -0.0104
                      Mean entropy loss: 6.6799
                            Mean reward: 1.61
                    Mean episode length: 72.45
                        Mean action std: 0.47
                reward/tracking_lin_vel: 1.0839
                reward/tracking_ang_vel: 0.1200
                      reward/feet_phase: 0.3771
             reward/feet_phase_contrast: 0.6898
             reward/feet_contact_number: 0.4593
                   reward/feet_air_time: 0.0120
                     reward/under_speed: -0.1468
                       reward/feet_slip: -0.0024
                  reward/feet_clearance: -0.0079
                       reward/lin_vel_z: -0.0101
                      reward/ang_vel_xy: -0.2079
                     reward/base_height: -0.4965
                     reward/orientation: -0.2707
                            reward/pose: -0.0279
                     reward/action_rate: -0.0514
                      reward/action_acc: -0.1531
             Metrics/twist/error_vel_xy: 0.2605
            Metrics/twist/error_vel_yaw: 0.2301
        Episode_Reward/tracking_lin_vel: 0.0824
        Episode_Reward/tracking_ang_vel: 0.0081
              Episode_Reward/feet_phase: 0.0496
     Episode_Reward/feet_phase_contrast: 0.0815
     Episode_Reward/feet_contact_number: 0.0333
           Episode_Reward/feet_air_time: 0.0020
             Episode_Reward/under_speed: -0.0062
               Episode_Reward/feet_slip: -0.0003
          Episode_Reward/feet_clearance: -0.0007
               Episode_Reward/lin_vel_z: -0.0017
              Episode_Reward/ang_vel_xy: -0.0304
             Episode_Reward/base_height: -0.0810
             Episode_Reward/orientation: -0.0423
                    Episode_Reward/pose: -0.0018
             Episode_Reward/action_rate: -0.0036
              Episode_Reward/action_acc: -0.0108
           Episode_Termination/time_out: 0.0000
    Episode_Termination/bad_orientation: 3.0000
--------------------------------------------------------------------------------
                         Iteration time: 0.50s
                           Time elapsed: 00:00:22
                                    ETA: 00:01:31

################################################################################
[1m                           Learning iteration 49/250                            [0m 

                            Total steps: 614400 
                       Steps per second: 25364 
                        Collection time: 0.422s 
                          Learning time: 0.063s 
                        Mean value loss: 0.6625
                    Mean surrogate loss: -0.0075
                      Mean entropy loss: 6.6688
                            Mean reward: 1.53
                    Mean episode length: 70.35
                        Mean action std: 0.47
                reward/tracking_lin_vel: 1.0725
                reward/tracking_ang_vel: 0.1211
                      reward/feet_phase: 0.4214
             reward/feet_phase_contrast: 0.6695
             reward/feet_contact_number: 0.4698
                   reward/feet_air_time: 0.0130
                     reward/under_speed: -0.1491
                       reward/feet_slip: -0.0022
                  reward/feet_clearance: -0.0077
                       reward/lin_vel_z: -0.0103
                      reward/ang_vel_xy: -0.1997
                     reward/base_height: -0.4504
                     reward/orientation: -0.2600
                            reward/pose: -0.0270
                     reward/action_rate: -0.0513
                      reward/action_acc: -0.1531
             Metrics/twist/error_vel_xy: 0.2724
            Metrics/twist/error_vel_yaw: 0.2394
        Episode_Reward/tracking_lin_vel: 0.0795
        Episode_Reward/tracking_ang_vel: 0.0078
              Episode_Reward/feet_phase: 0.0498
     Episode_Reward/feet_phase_contrast: 0.0832
     Episode_Reward/feet_contact_number: 0.0315
           Episode_Reward/feet_air_time: 0.0028
             Episode_Reward/under_speed: -0.0061
               Episode_Reward/feet_slip: -0.0003
          Episode_Reward/feet_clearance: -0.0007
               Episode_Reward/lin_vel_z: -0.0018
              Episode_Reward/ang_vel_xy: -0.0311
             Episode_Reward/base_height: -0.0820
             Episode_Reward/orientation: -0.0418
                    Episode_Reward/pose: -0.0016
             Episode_Reward/action_rate: -0.0036
              Episode_Reward/action_acc: -0.0106
           Episode_Termination/time_out: 0.0000
    Episode_Termination/bad_orientation: 2.7826
--------------------------------------------------------------------------------
                         Iteration time: 0.48s
                           Time elapsed: 00:00:22
                                    ETA: 00:01:31

################################################################################
[1m                           Learning iteration 50/250                            [0m 

                            Total steps: 626688 
                       Steps per second: 29960 
                        Collection time: 0.347s 
                          Learning time: 0.063s 
                        Mean value loss: 0.4396
                    Mean surrogate loss: -0.0075
                      Mean entropy loss: 6.6585
                            Mean reward: 3.80
                    Mean episode length: 151.62
                        Mean action std: 0.47
                reward/tracking_lin_vel: 0.5323
                reward/tracking_ang_vel: 0.1021
                      reward/feet_phase: 0.5028
             reward/feet_phase_contrast: 0.8138
             reward/feet_contact_number: 0.4406
                   reward/feet_air_time: 0.0999
                     reward/under_speed: -0.1113
                       reward/feet_slip: -0.0060
                  reward/feet_clearance: -0.0168
                       reward/lin_vel_z: -0.0337
                      reward/ang_vel_xy: -0.6094
                     reward/base_height: -1.0240
                     reward/orientation: -0.5545
                            reward/pose: -0.0244
                     reward/action_rate: -0.0510
                      reward/action_acc: -0.1511
             Metrics/twist/error_vel_xy: 0.3620
            Metrics/twist/error_vel_yaw: 0.2721
        Episode_Reward/tracking_lin_vel: 0.1079
        Episode_Reward/tracking_ang_vel: 0.0120
              Episode_Reward/feet_phase: 0.0501
     Episode_Reward/feet_phase_contrast: 0.0833
     Episode_Reward/feet_contact_number: 0.0473
           Episode_Reward/feet_air_time: 0.0032
             Episode_Reward/under_speed: -0.0139
               Episode_Reward/feet_slip: -0.0004
          Episode_Reward/feet_clearance: -0.0011
               Episode_Reward/lin_vel_z: -0.0026
              Episode_Reward/ang_vel_xy: -0.0378
             Episode_Reward/base_height: -0.0787
             Episode_Reward/orientation: -0.0401
                    Episode_Reward/pose: -0.0026
             Episode_Reward/action_rate: -0.0053
              Episode_Reward/action_acc: -0.0157
           Episode_Termination/time_out: 0.0000
    Episode_Termination/bad_orientation: 5.5417
--------------------------------------------------------------------------------
                         Iteration time: 0.41s
                           Time elapsed: 00:00:23
                                    ETA: 00:01:30

################################################################################
[1m                           Learning iteration 51/250                            [0m 

                            Total steps: 638976 
                       Steps per second: 28044 
                        Collection time: 0.376s 
                          Learning time: 0.062s 
                        Mean value loss: 0.2596
                    Mean surrogate loss: -0.0083
                      Mean entropy loss: 6.6520
                            Mean reward: 6.60
                    Mean episode length: 253.13
                        Mean action std: 0.47
                reward/tracking_lin_vel: 0.9623
                reward/tracking_ang_vel: 0.1063
                      reward/feet_phase: 0.5368
             reward/feet_phase_contrast: 0.9203
             reward/feet_contact_number: 0.4519
                   reward/feet_air_time: 0.0771
                     reward/under_speed: -0.1132
                       reward/feet_slip: -0.0034
                  reward/feet_clearance: -0.0123
                       reward/lin_vel_z: -0.0229
                      reward/ang_vel_xy: -0.5136
                     reward/base_height: -1.6757
                     reward/orientation: -0.5811
                            reward/pose: -0.0180
                     reward/action_rate: -0.0513
                      reward/action_acc: -0.1510
             Metrics/twist/error_vel_xy: 0.5463
            Metrics/twist/error_vel_yaw: 0.3917
        Episode_Reward/tracking_lin_vel: 0.2469
        Episode_Reward/tracking_ang_vel: 0.0287
              Episode_Reward/feet_phase: 0.0829
     Episode_Reward/feet_phase_contrast: 0.1393
     Episode_Reward/feet_contact_number: 0.1120
           Episode_Reward/feet_air_time: 0.0066
             Episode_Reward/under_speed: -0.0392
               Episode_Reward/feet_slip: -0.0005
          Episode_Reward/feet_clearance: -0.0021
               Episode_Reward/lin_vel_z: -0.0018
              Episode_Reward/ang_vel_xy: -0.0451
             Episode_Reward/base_height: -0.1035
             Episode_Reward/orientation: -0.0507
                    Episode_Reward/pose: -0.0067
             Episode_Reward/action_rate: -0.0123
              Episode_Reward/action_acc: -0.0365
           Episode_Termination/time_out: 0.0000
    Episode_Termination/bad_orientation: 9.9167
--------------------------------------------------------------------------------
                         Iteration time: 0.44s
                           Time elapsed: 00:00:23
                                    ETA: 00:01:29

################################################################################
[1m                           Learning iteration 52/250                            [0m 

                            Total steps: 651264 
                       Steps per second: 28063 
                        Collection time: 0.375s 
                          Learning time: 0.062s 
                        Mean value loss: 0.2070
                    Mean surrogate loss: -0.0093
                      Mean entropy loss: 6.6361
                            Mean reward: 1.80
                    Mean episode length: 105.55
                        Mean action std: 0.47
                reward/tracking_lin_vel: 1.1532
                reward/tracking_ang_vel: 0.1153
                      reward/feet_phase: 0.5712
             reward/feet_phase_contrast: 0.9949
             reward/feet_contact_number: 0.4625
                   reward/feet_air_time: 0.0307
                     reward/under_speed: -0.1133
                       reward/feet_slip: -0.0029
                  reward/feet_clearance: -0.0092
                       reward/lin_vel_z: -0.0159
                      reward/ang_vel_xy: -0.2941
                     reward/base_height: -0.7759
                     reward/orientation: -0.4093
                            reward/pose: -0.0222
                     reward/action_rate: -0.0514
                      reward/action_acc: -0.1525
             Metrics/twist/error_vel_xy: 0.3393
            Metrics/twist/error_vel_yaw: 0.2658
        Episode_Reward/tracking_lin_vel: 0.1101
        Episode_Reward/tracking_ang_vel: 0.0121
              Episode_Reward/feet_phase: 0.0504
     Episode_Reward/feet_phase_contrast: 0.0840
     Episode_Reward/feet_contact_number: 0.0492
           Episode_Reward/feet_air_time: 0.0030
             Episode_Reward/under_speed: -0.0137
               Episode_Reward/feet_slip: -0.0003
          Episode_Reward/feet_clearance: -0.0010
               Episode_Reward/lin_vel_z: -0.0017
              Episode_Reward/ang_vel_xy: -0.0337
             Episode_Reward/base_height: -0.0907
             Episode_Reward/orientation: -0.0445
                    Episode_Reward/pose: -0.0026
             Episode_Reward/action_rate: -0.0055
              Episode_Reward/action_acc: -0.0162
           Episode_Termination/time_out: 0.0000
    Episode_Termination/bad_orientation: 4.3750
--------------------------------------------------------------------------------
                         Iteration time: 0.44s
                           Time elapsed: 00:00:24
                                    ETA: 00:01:29

################################################################################
[1m                           Learning iteration 53/250                            [0m 

                            Total steps: 663552 
                       Steps per second: 24210 
                        Collection time: 0.439s 
                          Learning time: 0.068s 
                        Mean value loss: 0.1754
                    Mean surrogate loss: -0.0080
                      Mean entropy loss: 6.6296
                            Mean reward: 0.89
                    Mean episode length: 68.50
                        Mean action std: 0.47
                reward/tracking_lin_vel: 1.0712
                reward/tracking_ang_vel: 0.1149
                      reward/feet_phase: 0.6069
             reward/feet_phase_contrast: 0.9025
             reward/feet_contact_number: 0.4581
                   reward/feet_air_time: 0.0274
                     reward/under_speed: -0.1197
                       reward/feet_slip: -0.0035
                  reward/feet_clearance: -0.0096
                       reward/lin_vel_z: -0.0206
                      reward/ang_vel_xy: -0.3461
                     reward/base_height: -0.9373
                     reward/orientation: -0.4697
                            reward/pose: -0.0235
                     reward/action_rate: -0.0514
                      reward/action_acc: -0.1527
             Metrics/twist/error_vel_xy: 0.2853
            Metrics/twist/error_vel_yaw: 0.2336
        Episode_Reward/tracking_lin_vel: 0.0808
        Episode_Reward/tracking_ang_vel: 0.0085
              Episode_Reward/feet_phase: 0.0453
     Episode_Reward/feet_phase_contrast: 0.0756
     Episode_Reward/feet_contact_number: 0.0346
           Episode_Reward/feet_air_time: 0.0029
             Episode_Reward/under_speed: -0.0078
               Episode_Reward/feet_slip: -0.0003
          Episode_Reward/feet_clearance: -0.0008
               Episode_Reward/lin_vel_z: -0.0018
              Episode_Reward/ang_vel_xy: -0.0309
             Episode_Reward/base_height: -0.0835
             Episode_Reward/orientation: -0.0430
                    Episode_Reward/pose: -0.0017
             Episode_Reward/action_rate: -0.0039
              Episode_Reward/action_acc: -0.0117
           Episode_Termination/time_out: 0.0000
    Episode_Termination/bad_orientation: 5.7917
--------------------------------------------------------------------------------
                         Iteration time: 0.51s
                           Time elapsed: 00:00:24
                                    ETA: 00:01:29

################################################################################
[1m                           Learning iteration 54/250                            [0m 

                            Total steps: 675840 
                       Steps per second: 23593 
                        Collection time: 0.447s 
                          Learning time: 0.074s 
                        Mean value loss: 0.1747
                    Mean surrogate loss: -0.0080
                      Mean entropy loss: 6.6227
                            Mean reward: 2.03
                    Mean episode length: 82.34
                        Mean action std: 0.47
                reward/tracking_lin_vel: 1.1102
                reward/tracking_ang_vel: 0.1171
                      reward/feet_phase: 0.5007
             reward/feet_phase_contrast: 0.8581
             reward/feet_contact_number: 0.4571
                   reward/feet_air_time: 0.0227
                     reward/under_speed: -0.1268
                       reward/feet_slip: -0.0029
                  reward/feet_clearance: -0.0085
                       reward/lin_vel_z: -0.0150
                      reward/ang_vel_xy: -0.2783
                     reward/base_height: -0.6618
                     reward/orientation: -0.3669
                            reward/pose: -0.0228
                     reward/action_rate: -0.0514
                      reward/action_acc: -0.1525
             Metrics/twist/error_vel_xy: 0.2854
            Metrics/twist/error_vel_yaw: 0.2448
        Episode_Reward/tracking_lin_vel: 0.0896
        Episode_Reward/tracking_ang_vel: 0.0093
              Episode_Reward/feet_phase: 0.0528
     Episode_Reward/feet_phase_contrast: 0.0850
     Episode_Reward/feet_contact_number: 0.0376
           Episode_Reward/feet_air_time: 0.0027
             Episode_Reward/under_speed: -0.0087
               Episode_Reward/feet_slip: -0.0003
          Episode_Reward/feet_clearance: -0.0008
               Episode_Reward/lin_vel_z: -0.0017
              Episode_Reward/ang_vel_xy: -0.0315
             Episode_Reward/base_height: -0.0802
             Episode_Reward/orientation: -0.0424
                    Episode_Reward/pose: -0.0019
             Episode_Reward/action_rate: -0.0042
              Episode_Reward/action_acc: -0.0125
           Episode_Termination/time_out: 0.0435
    Episode_Termination/bad_orientation: 4.6522
--------------------------------------------------------------------------------
                         Iteration time: 0.52s
                           Time elapsed: 00:00:25
                                    ETA: 00:01:28

################################################################################
[1m                           Learning iteration 55/250                            [0m 

                            Total steps: 688128 
                       Steps per second: 23655 
                        Collection time: 0.450s 
                          Learning time: 0.070s 
                        Mean value loss: 0.1504
                    Mean surrogate loss: -0.0079
                      Mean entropy loss: 6.6151
                            Mean reward: 1.51
                    Mean episode length: 68.20
                        Mean action std: 0.47
                reward/tracking_lin_vel: 1.0900
                reward/tracking_ang_vel: 0.1196
                      reward/feet_phase: 0.4333
             reward/feet_phase_contrast: 0.7771
             reward/feet_contact_number: 0.4581
                   reward/feet_air_time: 0.0157
                     reward/under_speed: -0.1368
                       reward/feet_slip: -0.0027
                  reward/feet_clearance: -0.0084
                       reward/lin_vel_z: -0.0132
                      reward/ang_vel_xy: -0.2460
                     reward/base_height: -0.5875
                     reward/orientation: -0.3190
                            reward/pose: -0.0220
                     reward/action_rate: -0.0519
                      reward/action_acc: -0.1544
             Metrics/twist/error_vel_xy: 0.2634
            Metrics/twist/error_vel_yaw: 0.2250
        Episode_Reward/tracking_lin_vel: 0.0791
        Episode_Reward/tracking_ang_vel: 0.0078
              Episode_Reward/feet_phase: 0.0500
     Episode_Reward/feet_phase_contrast: 0.0819
     Episode_Reward/feet_contact_number: 0.0312
           Episode_Reward/feet_air_time: 0.0016
             Episode_Reward/under_speed: -0.0055
               Episode_Reward/feet_slip: -0.0003
          Episode_Reward/feet_clearance: -0.0007
               Episode_Reward/lin_vel_z: -0.0017
              Episode_Reward/ang_vel_xy: -0.0310
             Episode_Reward/base_height: -0.0769
             Episode_Reward/orientation: -0.0420
                    Episode_Reward/pose: -0.0014
             Episode_Reward/action_rate: -0.0035
              Episode_Reward/action_acc: -0.0105
           Episode_Termination/time_out: 0.0000
    Episode_Termination/bad_orientation: 3.9565
--------------------------------------------------------------------------------
                         Iteration time: 0.52s
                           Time elapsed: 00:00:25
                                    ETA: 00:01:28

################################################################################
[1m                           Learning iteration 56/250                            [0m 

                            Total steps: 700416 
                       Steps per second: 25814 
                        Collection time: 0.413s 
                          Learning time: 0.063s 
                        Mean value loss: 0.1363
                    Mean surrogate loss: -0.0088
                      Mean entropy loss: 6.6036
                            Mean reward: 1.53
                    Mean episode length: 68.77
                        Mean action std: 0.47
                reward/tracking_lin_vel: 1.1005
                reward/tracking_ang_vel: 0.1203
                      reward/feet_phase: 0.4497
             reward/feet_phase_contrast: 0.7264
             reward/feet_contact_number: 0.4633
                   reward/feet_air_time: 0.0104
                     reward/under_speed: -0.1444
                       reward/feet_slip: -0.0023
                  reward/feet_clearance: -0.0078
                       reward/lin_vel_z: -0.0108
                      reward/ang_vel_xy: -0.2061
                     reward/base_height: -0.4342
                     reward/orientation: -0.2665
                            reward/pose: -0.0226
                     reward/action_rate: -0.0518
                      reward/action_acc: -0.1540
             Metrics/twist/error_vel_xy: 0.2568
            Metrics/twist/error_vel_yaw: 0.2219
        Episode_Reward/tracking_lin_vel: 0.0708
        Episode_Reward/tracking_ang_vel: 0.0071
              Episode_Reward/feet_phase: 0.0441
     Episode_Reward/feet_phase_contrast: 0.0737
     Episode_Reward/feet_contact_number: 0.0290
           Episode_Reward/feet_air_time: 0.0017
             Episode_Reward/under_speed: -0.0054
               Episode_Reward/feet_slip: -0.0003
          Episode_Reward/feet_clearance: -0.0006
               Episode_Reward/lin_vel_z: -0.0018
              Episode_Reward/ang_vel_xy: -0.0303
             Episode_Reward/base_height: -0.0756
             Episode_Reward/orientation: -0.0413
                    Episode_Reward/pose: -0.0012
             Episode_Reward/action_rate: -0.0033
              Episode_Reward/action_acc: -0.0098
           Episode_Termination/time_out: 0.0000
    Episode_Termination/bad_orientation: 2.9130
--------------------------------------------------------------------------------
                         Iteration time: 0.48s
                           Time elapsed: 00:00:26
                                    ETA: 00:01:28

################################################################################
[1m                           Learning iteration 57/250                            [0m 

                            Total steps: 712704 
                       Steps per second: 24149 
                        Collection time: 0.442s 
                          Learning time: 0.067s 
                        Mean value loss: 0.1269
                    Mean surrogate loss: -0.0081
                      Mean entropy loss: 6.5930
                            Mean reward: 1.52
                    Mean episode length: 68.80
                        Mean action std: 0.47
                reward/tracking_lin_vel: 1.0836
                reward/tracking_ang_vel: 0.1219
                      reward/feet_phase: 0.4372
             reward/feet_phase_contrast: 0.6567
             reward/feet_contact_number: 0.4572
                   reward/feet_air_time: 0.0086
                     reward/under_speed: -0.1525
                       reward/feet_slip: -0.0021
                  reward/feet_clearance: -0.0072
                       reward/lin_vel_z: -0.0093
                      reward/ang_vel_xy: -0.1859
                     reward/base_height: -0.3981
                     reward/orientation: -0.2378
                            reward/pose: -0.0218
                     reward/action_rate: -0.0518
                      reward/action_acc: -0.1545
             Metrics/twist/error_vel_xy: 0.2622
            Metrics/twist/error_vel_yaw: 0.2316
        Episode_Reward/tracking_lin_vel: 0.0771
        Episode_Reward/tracking_ang_vel: 0.0077
              Episode_Reward/feet_phase: 0.0487
     Episode_Reward/feet_phase_contrast: 0.0796
     Episode_Reward/feet_contact_number: 0.0309
           Episode_Reward/feet_air_time: 0.0029
             Episode_Reward/under_speed: -0.0057
               Episode_Reward/feet_slip: -0.0003
          Episode_Reward/feet_clearance: -0.0007
               Episode_Reward/lin_vel_z: -0.0017
              Episode_Reward/ang_vel_xy: -0.0303
             Episode_Reward/base_height: -0.0732
             Episode_Reward/orientation: -0.0422
                    Episode_Reward/pose: -0.0013
             Episode_Reward/action_rate: -0.0036
              Episode_Reward/action_acc: -0.0106
           Episode_Termination/time_out: 0.0000
    Episode_Termination/bad_orientation: 2.7391
--------------------------------------------------------------------------------
                         Iteration time: 0.51s
                           Time elapsed: 00:00:26
                                    ETA: 00:01:28

################################################################################
[1m                           Learning iteration 58/250                            [0m 

                            Total steps: 724992 
                       Steps per second: 23338 
                        Collection time: 0.462s 
                          Learning time: 0.064s 
                        Mean value loss: 0.1010
                    Mean surrogate loss: -0.0093
                      Mean entropy loss: 6.5798
                            Mean reward: 1.62
                    Mean episode length: 73.61
                        Mean action std: 0.47
                reward/tracking_lin_vel: 1.0864
                reward/tracking_ang_vel: 0.1240
                      reward/feet_phase: 0.3273
             reward/feet_phase_contrast: 0.6081
             reward/feet_contact_number: 0.4674
                   reward/feet_air_time: 0.0037
                     reward/under_speed: -0.1584
                       reward/feet_slip: -0.0019
                  reward/feet_clearance: -0.0071
                       reward/lin_vel_z: -0.0078
                      reward/ang_vel_xy: -0.1538
                     reward/base_height: -0.3126
                     reward/orientation: -0.1892
                            reward/pose: -0.0211
                     reward/action_rate: -0.0520
                      reward/action_acc: -0.1548
             Metrics/twist/error_vel_xy: 0.2827
            Metrics/twist/error_vel_yaw: 0.2339
        Episode_Reward/tracking_lin_vel: 0.0859
        Episode_Reward/tracking_ang_vel: 0.0086
              Episode_Reward/feet_phase: 0.0512
     Episode_Reward/feet_phase_contrast: 0.0815
     Episode_Reward/feet_contact_number: 0.0350
           Episode_Reward/feet_air_time: 0.0007
             Episode_Reward/under_speed: -0.0073
               Episode_Reward/feet_slip: -0.0003
          Episode_Reward/feet_clearance: -0.0007
               Episode_Reward/lin_vel_z: -0.0017
              Episode_Reward/ang_vel_xy: -0.0305
             Episode_Reward/base_height: -0.0757
             Episode_Reward/orientation: -0.0432
                    Episode_Reward/pose: -0.0014
             Episode_Reward/action_rate: -0.0039
              Episode_Reward/action_acc: -0.0116
           Episode_Termination/time_out: 0.0000
    Episode_Termination/bad_orientation: 2.4545
--------------------------------------------------------------------------------
                         Iteration time: 0.53s
                           Time elapsed: 00:00:27
                                    ETA: 00:01:27

################################################################################
[1m                           Learning iteration 59/250                            [0m 

                            Total steps: 737280 
                       Steps per second: 24517 
                        Collection time: 0.434s 
                          Learning time: 0.067s 
                        Mean value loss: 0.1005
                    Mean surrogate loss: -0.0088
                      Mean entropy loss: 6.5578
                            Mean reward: 1.79
                    Mean episode length: 75.63
                        Mean action std: 0.47
                reward/tracking_lin_vel: 1.0787
                reward/tracking_ang_vel: 0.1240
                      reward/feet_phase: 0.3077
             reward/feet_phase_contrast: 0.5723
             reward/feet_contact_number: 0.4651
                   reward/feet_air_time: 0.0033
                     reward/under_speed: -0.1640
                       reward/feet_slip: -0.0017
                  reward/feet_clearance: -0.0068
                       reward/lin_vel_z: -0.0065
                      reward/ang_vel_xy: -0.1291
                     reward/base_height: -0.2225
                     reward/orientation: -0.1558
                            reward/pose: -0.0210
                     reward/action_rate: -0.0527
                      reward/action_acc: -0.1575
--------------------------------------------------------------------------------
                         Iteration time: 0.50s
                           Time elapsed: 00:00:27
                                    ETA: 00:01:27

################################################################################
[1m                           Learning iteration 60/250                            [0m 

                            Total steps: 749568 
                       Steps per second: 24864 
                        Collection time: 0.430s 
                          Learning time: 0.064s 
                        Mean value loss: 0.0821
                    Mean surrogate loss: -0.0092
                      Mean entropy loss: 6.5281
                            Mean reward: 1.81
                    Mean episode length: 75.64
                        Mean action std: 0.46
                reward/tracking_lin_vel: 1.0699
                reward/tracking_ang_vel: 0.1260
                      reward/feet_phase: 0.3636
             reward/feet_phase_contrast: 0.5432
             reward/feet_contact_number: 0.4693
                   reward/feet_air_time: 0.0041
                     reward/under_speed: -0.1667
                       reward/feet_slip: -0.0017
                  reward/feet_clearance: -0.0066
                       reward/lin_vel_z: -0.0064
                      reward/ang_vel_xy: -0.1280
                     reward/base_height: -0.2311
                     reward/orientation: -0.1532
                            reward/pose: -0.0209
                     reward/action_rate: -0.0522
                      reward/action_acc: -0.1555
             Metrics/twist/error_vel_xy: 0.2463
            Metrics/twist/error_vel_yaw: 0.2005
        Episode_Reward/tracking_lin_vel: 0.0770
        Episode_Reward/tracking_ang_vel: 0.0081
              Episode_Reward/feet_phase: 0.0470
     Episode_Reward/feet_phase_contrast: 0.0776
     Episode_Reward/feet_contact_number: 0.0314
           Episode_Reward/feet_air_time: 0.0015
             Episode_Reward/under_speed: -0.0061
               Episode_Reward/feet_slip: -0.0003
          Episode_Reward/feet_clearance: -0.0007
               Episode_Reward/lin_vel_z: -0.0019
              Episode_Reward/ang_vel_xy: -0.0299
             Episode_Reward/base_height: -0.0775
             Episode_Reward/orientation: -0.0439
                    Episode_Reward/pose: -0.0014
             Episode_Reward/action_rate: -0.0037
              Episode_Reward/action_acc: -0.0108
           Episode_Termination/time_out: 0.0000
    Episode_Termination/bad_orientation: 2.1875
--------------------------------------------------------------------------------
                         Iteration time: 0.49s
                           Time elapsed: 00:00:28
                                    ETA: 00:01:27

################################################################################
[1m                           Learning iteration 61/250                            [0m 

                            Total steps: 761856 
                       Steps per second: 24207 
                        Collection time: 0.443s 
                          Learning time: 0.065s 
                        Mean value loss: 0.0695
                    Mean surrogate loss: -0.0084
                      Mean entropy loss: 6.5104
                            Mean reward: 1.87
                    Mean episode length: 76.30
                        Mean action std: 0.46
                reward/tracking_lin_vel: 1.0644
                reward/tracking_ang_vel: 0.1273
                      reward/feet_phase: 0.3095
             reward/feet_phase_contrast: 0.5109
             reward/feet_contact_number: 0.4646
                   reward/feet_air_time: 0.0077
                     reward/under_speed: -0.1705
                       reward/feet_slip: -0.0015
                  reward/feet_clearance: -0.0065
                       reward/lin_vel_z: -0.0054
                      reward/ang_vel_xy: -0.1195
                     reward/base_height: -0.2122
                     reward/orientation: -0.1295
                            reward/pose: -0.0199
                     reward/action_rate: -0.0523
                      reward/action_acc: -0.1565
--------------------------------------------------------------------------------
                         Iteration time: 0.51s
                           Time elapsed: 00:00:28
                                    ETA: 00:01:26

################################################################################
[1m                           Learning iteration 62/250                            [0m 

                            Total steps: 774144 
                       Steps per second: 24784 
                        Collection time: 0.426s 
                          Learning time: 0.070s 
                        Mean value loss: 0.0599
                    Mean surrogate loss: -0.0102
                      Mean entropy loss: 6.4915
                            Mean reward: 1.76
                    Mean episode length: 76.13
                        Mean action std: 0.46
                reward/tracking_lin_vel: 1.0883
                reward/tracking_ang_vel: 0.1263
                      reward/feet_phase: 0.2582
             reward/feet_phase_contrast: 0.5032
             reward/feet_contact_number: 0.4637
                   reward/feet_air_time: 0.0051
                     reward/under_speed: -0.1720
                       reward/feet_slip: -0.0013
                  reward/feet_clearance: -0.0063
                       reward/lin_vel_z: -0.0034
                      reward/ang_vel_xy: -0.0866
                     reward/base_height: -0.1010
                     reward/orientation: -0.0957
                            reward/pose: -0.0200
                     reward/action_rate: -0.0524
                      reward/action_acc: -0.1568
--------------------------------------------------------------------------------
                         Iteration time: 0.50s
                           Time elapsed: 00:00:29
                                    ETA: 00:01:26

################################################################################
[1m                           Learning iteration 63/250                            [0m 

                            Total steps: 786432 
                       Steps per second: 24147 
                        Collection time: 0.443s 
                          Learning time: 0.066s 
                        Mean value loss: 0.0461
                    Mean surrogate loss: -0.0105
                      Mean entropy loss: 6.4636
                            Mean reward: 1.79
                    Mean episode length: 77.28
                        Mean action std: 0.46
                reward/tracking_lin_vel: 1.0683
                reward/tracking_ang_vel: 0.1259
                      reward/feet_phase: 0.2763
             reward/feet_phase_contrast: 0.4881
             reward/feet_contact_number: 0.4629
                   reward/feet_air_time: 0.0048
                     reward/under_speed: -0.1743
                       reward/feet_slip: -0.0014
                  reward/feet_clearance: -0.0062
                       reward/lin_vel_z: -0.0042
                      reward/ang_vel_xy: -0.0981
                     reward/base_height: -0.1519
                     reward/orientation: -0.1052
                            reward/pose: -0.0196
                     reward/action_rate: -0.0524
                      reward/action_acc: -0.1565
             Metrics/twist/error_vel_xy: 0.2514
            Metrics/twist/error_vel_yaw: 0.2118
        Episode_Reward/tracking_lin_vel: 0.0835
        Episode_Reward/tracking_ang_vel: 0.0088
              Episode_Reward/feet_phase: 0.0493
     Episode_Reward/feet_phase_contrast: 0.0820
     Episode_Reward/feet_contact_number: 0.0367
           Episode_Reward/feet_air_time: 0.0039
             Episode_Reward/under_speed: -0.0081
               Episode_Reward/feet_slip: -0.0003
          Episode_Reward/feet_clearance: -0.0008
               Episode_Reward/lin_vel_z: -0.0018
              Episode_Reward/ang_vel_xy: -0.0309
             Episode_Reward/base_height: -0.0750
             Episode_Reward/orientation: -0.0440
                    Episode_Reward/pose: -0.0013
             Episode_Reward/action_rate: -0.0041
              Episode_Reward/action_acc: -0.0120
           Episode_Termination/time_out: 0.0000
    Episode_Termination/bad_orientation: 1.9167
--------------------------------------------------------------------------------
                         Iteration time: 0.51s
                           Time elapsed: 00:00:29
                                    ETA: 00:01:26

################################################################################
[1m                           Learning iteration 64/250                            [0m 

                            Total steps: 798720 
                       Steps per second: 24018 
                        Collection time: 0.441s 
                          Learning time: 0.070s 
                        Mean value loss: 0.0450
                    Mean surrogate loss: -0.0096
                      Mean entropy loss: 6.4352
                            Mean reward: 1.78
                    Mean episode length: 77.05
                        Mean action std: 0.46
                reward/tracking_lin_vel: 1.0635
                reward/tracking_ang_vel: 0.1277
                      reward/feet_phase: 0.3115
             reward/feet_phase_contrast: 0.4581
             reward/feet_contact_number: 0.4656
                   reward/feet_air_time: 0.0010
                     reward/under_speed: -0.1770
                       reward/feet_slip: -0.0013
                  reward/feet_clearance: -0.0060
                       reward/lin_vel_z: -0.0033
                      reward/ang_vel_xy: -0.0821
                     reward/base_height: -0.1029
                     reward/orientation: -0.0834
                            reward/pose: -0.0196
                     reward/action_rate: -0.0526
                      reward/action_acc: -0.1580
--------------------------------------------------------------------------------
                         Iteration time: 0.51s
                           Time elapsed: 00:00:30
                                    ETA: 00:01:25

################################################################################
[1m                           Learning iteration 65/250                            [0m 

                            Total steps: 811008 
                       Steps per second: 24331 
                        Collection time: 0.441s 
                          Learning time: 0.064s 
                        Mean value loss: 0.0342
                    Mean surrogate loss: -0.0112
                      Mean entropy loss: 6.3828
                            Mean reward: 2.06
                    Mean episode length: 81.36
                        Mean action std: 0.46
                reward/tracking_lin_vel: 1.0639
                reward/tracking_ang_vel: 0.1278
                      reward/feet_phase: 0.2474
             reward/feet_phase_contrast: 0.4667
             reward/feet_contact_number: 0.4653
                   reward/feet_air_time: 0.0020
                     reward/under_speed: -0.1780
                       reward/feet_slip: -0.0011
                  reward/feet_clearance: -0.0057
                       reward/lin_vel_z: -0.0024
                      reward/ang_vel_xy: -0.0761
                     reward/base_height: -0.0755
                     reward/orientation: -0.0719
                            reward/pose: -0.0195
                     reward/action_rate: -0.0518
                      reward/action_acc: -0.1553
--------------------------------------------------------------------------------
                         Iteration time: 0.51s
                           Time elapsed: 00:00:30
                                    ETA: 00:01:25

################################################################################
[1m                           Learning iteration 66/250                            [0m 

                            Total steps: 823296 
                       Steps per second: 25429 
                        Collection time: 0.417s 
                          Learning time: 0.066s 
                        Mean value loss: 3.3841
                    Mean surrogate loss: -0.0103
                      Mean entropy loss: 6.3547
                            Mean reward: 2.08
                    Mean episode length: 82.83
                        Mean action std: 0.46
                reward/tracking_lin_vel: 0.8396
                reward/tracking_ang_vel: 0.1229
                      reward/feet_phase: 0.2799
             reward/feet_phase_contrast: 0.5363
             reward/feet_contact_number: 0.4565
                   reward/feet_air_time: 0.0081
                     reward/under_speed: -0.1586
                       reward/feet_slip: -0.0036
                  reward/feet_clearance: -0.0127
                       reward/lin_vel_z: -0.0082
                      reward/ang_vel_xy: -0.1736
                     reward/base_height: -0.0856
                     reward/orientation: -0.0878
                            reward/pose: -0.0196
                     reward/action_rate: -0.0524
                      reward/action_acc: -0.1566
--------------------------------------------------------------------------------
                         Iteration time: 0.48s
                           Time elapsed: 00:00:31
                                    ETA: 00:01:25

################################################################################
[1m                           Learning iteration 67/250                            [0m 

                            Total steps: 835584 
                       Steps per second: 32322 
                        Collection time: 0.315s 
                          Learning time: 0.065s 
                        Mean value loss: 0.2002
                    Mean surrogate loss: -0.0101
                      Mean entropy loss: 6.3431
                            Mean reward: 10.60
                    Mean episode length: 356.80
                        Mean action std: 0.46
                reward/tracking_lin_vel: 0.6084
                reward/tracking_ang_vel: 0.0993
                      reward/feet_phase: 0.5010
             reward/feet_phase_contrast: 0.7772
             reward/feet_contact_number: 0.4477
                   reward/feet_air_time: 0.1609
                     reward/under_speed: -0.1162
                       reward/feet_slip: -0.0039
                  reward/feet_clearance: -0.0129
                       reward/lin_vel_z: -0.0370
                      reward/ang_vel_xy: -0.7033
                     reward/base_height: -1.4877
                     reward/orientation: -0.7538
                            reward/pose: -0.0191
                     reward/action_rate: -0.0529
                      reward/action_acc: -0.1574
--------------------------------------------------------------------------------
                         Iteration time: 0.38s
                           Time elapsed: 00:00:31
                                    ETA: 00:01:24

################################################################################
[1m                           Learning iteration 68/250                            [0m 

                            Total steps: 847872 
                       Steps per second: 27241 
                        Collection time: 0.388s 
                          Learning time: 0.063s 
                        Mean value loss: 0.2132
                    Mean surrogate loss: -0.0110
                      Mean entropy loss: 6.3371
                            Mean reward: 10.13
                    Mean episode length: 347.43
                        Mean action std: 0.46
                reward/tracking_lin_vel: 1.0984
                reward/tracking_ang_vel: 0.1161
                      reward/feet_phase: 0.6099
             reward/feet_phase_contrast: 0.9303
             reward/feet_contact_number: 0.4562
                   reward/feet_air_time: 0.0451
                     reward/under_speed: -0.1208
                       reward/feet_slip: -0.0027
                  reward/feet_clearance: -0.0108
                       reward/lin_vel_z: -0.0156
                      reward/ang_vel_xy: -0.3373
                     reward/base_height: -0.9765
                     reward/orientation: -0.3777
                            reward/pose: -0.0146
                     reward/action_rate: -0.0522
                      reward/action_acc: -0.1555
             Metrics/twist/error_vel_xy: 0.4518
            Metrics/twist/error_vel_yaw: 0.3264
        Episode_Reward/tracking_lin_vel: 0.3464
        Episode_Reward/tracking_ang_vel: 0.0419
              Episode_Reward/feet_phase: 0.1028
     Episode_Reward/feet_phase_contrast: 0.1742
     Episode_Reward/feet_contact_number: 0.1565
           Episode_Reward/feet_air_time: 0.0084
             Episode_Reward/under_speed: -0.0570
               Episode_Reward/feet_slip: -0.0006
          Episode_Reward/feet_clearance: -0.0026
               Episode_Reward/lin_vel_z: -0.0018
              Episode_Reward/ang_vel_xy: -0.0483
             Episode_Reward/base_height: -0.0965
             Episode_Reward/orientation: -0.0534
                    Episode_Reward/pose: -0.0074
             Episode_Reward/action_rate: -0.0176
              Episode_Reward/action_acc: -0.0525
           Episode_Termination/time_out: 0.0000
    Episode_Termination/bad_orientation: 7.1739
--------------------------------------------------------------------------------
                         Iteration time: 0.45s
                           Time elapsed: 00:00:31
                                    ETA: 00:01:23

################################################################################
[1m                           Learning iteration 69/250                            [0m 

                            Total steps: 860160 
                       Steps per second: 26188 
                        Collection time: 0.404s 
                          Learning time: 0.065s 
                        Mean value loss: 0.1465
                    Mean surrogate loss: -0.0111
                      Mean entropy loss: 6.3160
                            Mean reward: 4.61
                    Mean episode length: 182.39
                        Mean action std: 0.45
                reward/tracking_lin_vel: 1.1200
                reward/tracking_ang_vel: 0.1194
                      reward/feet_phase: 0.4682
             reward/feet_phase_contrast: 0.8429
             reward/feet_contact_number: 0.4617
                   reward/feet_air_time: 0.0249
                     reward/under_speed: -0.1317
                       reward/feet_slip: -0.0025
                  reward/feet_clearance: -0.0084
                       reward/lin_vel_z: -0.0121
                      reward/ang_vel_xy: -0.2341
                     reward/base_height: -0.4881
                     reward/orientation: -0.3301
                            reward/pose: -0.0198
                     reward/action_rate: -0.0530
                      reward/action_acc: -0.1580
             Metrics/twist/error_vel_xy: 0.3038
            Metrics/twist/error_vel_yaw: 0.2135
        Episode_Reward/tracking_lin_vel: 0.1594
        Episode_Reward/tracking_ang_vel: 0.0191
              Episode_Reward/feet_phase: 0.0597
     Episode_Reward/feet_phase_contrast: 0.0993
     Episode_Reward/feet_contact_number: 0.0743
           Episode_Reward/feet_air_time: 0.0029
             Episode_Reward/under_speed: -0.0241
               Episode_Reward/feet_slip: -0.0003
          Episode_Reward/feet_clearance: -0.0012
               Episode_Reward/lin_vel_z: -0.0019
              Episode_Reward/ang_vel_xy: -0.0368
             Episode_Reward/base_height: -0.0799
             Episode_Reward/orientation: -0.0457
                    Episode_Reward/pose: -0.0033
             Episode_Reward/action_rate: -0.0082
              Episode_Reward/action_acc: -0.0245
           Episode_Termination/time_out: 0.0000
    Episode_Termination/bad_orientation: 3.3333
--------------------------------------------------------------------------------
                         Iteration time: 0.47s
                           Time elapsed: 00:00:32
                                    ETA: 00:01:23

################################################################################
[1m                           Learning iteration 70/250                            [0m 

                            Total steps: 872448 
                       Steps per second: 23594 
                        Collection time: 0.457s 
                          Learning time: 0.064s 
                        Mean value loss: 0.1410
                    Mean surrogate loss: -0.0117
                      Mean entropy loss: 6.3027
                            Mean reward: 1.75
                    Mean episode length: 72.73
                        Mean action std: 0.45
                reward/tracking_lin_vel: 1.0249
                reward/tracking_ang_vel: 0.1199
                      reward/feet_phase: 0.4197
             reward/feet_phase_contrast: 0.7376
             reward/feet_contact_number: 0.4603
                   reward/feet_air_time: 0.0184
                     reward/under_speed: -0.1372
                       reward/feet_slip: -0.0029
                  reward/feet_clearance: -0.0085
                       reward/lin_vel_z: -0.0177
                      reward/ang_vel_xy: -0.2961
                     reward/base_height: -0.6775
                     reward/orientation: -0.3726
                            reward/pose: -0.0184
                     reward/action_rate: -0.0525
                      reward/action_acc: -0.1562
             Metrics/twist/error_vel_xy: 0.2466
            Metrics/twist/error_vel_yaw: 0.2092
        Episode_Reward/tracking_lin_vel: 0.0798
        Episode_Reward/tracking_ang_vel: 0.0081
              Episode_Reward/feet_phase: 0.0480
     Episode_Reward/feet_phase_contrast: 0.0789
     Episode_Reward/feet_contact_number: 0.0330
           Episode_Reward/feet_air_time: 0.0026
             Episode_Reward/under_speed: -0.0067
               Episode_Reward/feet_slip: -0.0003
          Episode_Reward/feet_clearance: -0.0007
               Episode_Reward/lin_vel_z: -0.0018
              Episode_Reward/ang_vel_xy: -0.0304
             Episode_Reward/base_height: -0.0707
             Episode_Reward/orientation: -0.0425
                    Episode_Reward/pose: -0.0013
             Episode_Reward/action_rate: -0.0038
              Episode_Reward/action_acc: -0.0113
           Episode_Termination/time_out: 0.0000
    Episode_Termination/bad_orientation: 5.0417
--------------------------------------------------------------------------------
                         Iteration time: 0.52s
                           Time elapsed: 00:00:32
                                    ETA: 00:01:23

################################################################################
[1m                           Learning iteration 71/250                            [0m 

                            Total steps: 884736 
                       Steps per second: 26317 
                        Collection time: 0.402s 
                          Learning time: 0.065s 
                        Mean value loss: 0.1184
                    Mean surrogate loss: -0.0078
                      Mean entropy loss: 6.2970
                            Mean reward: 1.83
                    Mean episode length: 74.56
                        Mean action std: 0.45
                reward/tracking_lin_vel: 1.0678
                reward/tracking_ang_vel: 0.1235
                      reward/feet_phase: 0.4472
             reward/feet_phase_contrast: 0.6542
             reward/feet_contact_number: 0.4589
                   reward/feet_air_time: 0.0118
                     reward/under_speed: -0.1522
                       reward/feet_slip: -0.0020
                  reward/feet_clearance: -0.0074
                       reward/lin_vel_z: -0.0095
                      reward/ang_vel_xy: -0.1861
                     reward/base_height: -0.3414
                     reward/orientation: -0.2243
                            reward/pose: -0.0178
                     reward/action_rate: -0.0525
                      reward/action_acc: -0.1570
             Metrics/twist/error_vel_xy: 0.2736
            Metrics/twist/error_vel_yaw: 0.2123
        Episode_Reward/tracking_lin_vel: 0.0812
        Episode_Reward/tracking_ang_vel: 0.0087
              Episode_Reward/feet_phase: 0.0474
     Episode_Reward/feet_phase_contrast: 0.0773
     Episode_Reward/feet_contact_number: 0.0335
           Episode_Reward/feet_air_time: 0.0030
             Episode_Reward/under_speed: -0.0075
               Episode_Reward/feet_slip: -0.0003
          Episode_Reward/feet_clearance: -0.0008
               Episode_Reward/lin_vel_z: -0.0019
              Episode_Reward/ang_vel_xy: -0.0324
             Episode_Reward/base_height: -0.0726
             Episode_Reward/orientation: -0.0421
                    Episode_Reward/pose: -0.0012
             Episode_Reward/action_rate: -0.0040
              Episode_Reward/action_acc: -0.0120
           Episode_Termination/time_out: 0.0000
    Episode_Termination/bad_orientation: 2.5455
--------------------------------------------------------------------------------
                         Iteration time: 0.47s
                           Time elapsed: 00:00:33
                                    ETA: 00:01:22

################################################################################
[1m                           Learning iteration 72/250                            [0m 

                            Total steps: 897024 
                       Steps per second: 24419 
                        Collection time: 0.440s 
                          Learning time: 0.063s 
                        Mean value loss: 0.0909
                    Mean surrogate loss: -0.0084
                      Mean entropy loss: 6.2903
                            Mean reward: 1.34
                    Mean episode length: 70.34
                        Mean action std: 0.45
                reward/tracking_lin_vel: 1.0482
                reward/tracking_ang_vel: 0.1241
                      reward/feet_phase: 0.3255
             reward/feet_phase_contrast: 0.5768
             reward/feet_contact_number: 0.4575
                   reward/feet_air_time: 0.0079
                     reward/under_speed: -0.1595
                       reward/feet_slip: -0.0019
                  reward/feet_clearance: -0.0071
                       reward/lin_vel_z: -0.0092
                      reward/ang_vel_xy: -0.1735
                     reward/base_height: -0.3276
                     reward/orientation: -0.2009
                            reward/pose: -0.0177
                     reward/action_rate: -0.0527
                      reward/action_acc: -0.1576
             Metrics/twist/error_vel_xy: 0.2556
            Metrics/twist/error_vel_yaw: 0.2099
        Episode_Reward/tracking_lin_vel: 0.0813
        Episode_Reward/tracking_ang_vel: 0.0084
              Episode_Reward/feet_phase: 0.0509
     Episode_Reward/feet_phase_contrast: 0.0810
     Episode_Reward/feet_contact_number: 0.0317
           Episode_Reward/feet_air_time: 0.0017
             Episode_Reward/under_speed: -0.0067
               Episode_Reward/feet_slip: -0.0003
          Episode_Reward/feet_clearance: -0.0007
               Episode_Reward/lin_vel_z: -0.0019
              Episode_Reward/ang_vel_xy: -0.0309
             Episode_Reward/base_height: -0.0655
             Episode_Reward/orientation: -0.0424
                    Episode_Reward/pose: -0.0012
             Episode_Reward/action_rate: -0.0038
              Episode_Reward/action_acc: -0.0112
           Episode_Termination/time_out: 0.0000
    Episode_Termination/bad_orientation: 2.8095
--------------------------------------------------------------------------------
                         Iteration time: 0.50s
                           Time elapsed: 00:00:33
                                    ETA: 00:01:22

################################################################################
[1m                           Learning iteration 73/250                            [0m 

                            Total steps: 909312 
                       Steps per second: 24852 
                        Collection time: 0.429s 
                          Learning time: 0.066s 
                        Mean value loss: 0.0822
                    Mean surrogate loss: -0.0086
                      Mean entropy loss: 6.2807
                            Mean reward: 1.23
                    Mean episode length: 66.28
                        Mean action std: 0.45
                reward/tracking_lin_vel: 1.0584
                reward/tracking_ang_vel: 0.1255
                      reward/feet_phase: 0.2919
             reward/feet_phase_contrast: 0.5391
             reward/feet_contact_number: 0.4651
                   reward/feet_air_time: 0.0057
                     reward/under_speed: -0.1657
                       reward/feet_slip: -0.0016
                  reward/feet_clearance: -0.0066
                       reward/lin_vel_z: -0.0062
                      reward/ang_vel_xy: -0.1306
                     reward/base_height: -0.2111
                     reward/orientation: -0.1523
                            reward/pose: -0.0172
                     reward/action_rate: -0.0526
                      reward/action_acc: -0.1578
             Metrics/twist/error_vel_xy: 0.2405
            Metrics/twist/error_vel_yaw: 0.1988
        Episode_Reward/tracking_lin_vel: 0.0639
        Episode_Reward/tracking_ang_vel: 0.0066
              Episode_Reward/feet_phase: 0.0416
     Episode_Reward/feet_phase_contrast: 0.0674
     Episode_Reward/feet_contact_number: 0.0278
           Episode_Reward/feet_air_time: 0.0013
             Episode_Reward/under_speed: -0.0052
               Episode_Reward/feet_slip: -0.0003
          Episode_Reward/feet_clearance: -0.0006
               Episode_Reward/lin_vel_z: -0.0018
              Episode_Reward/ang_vel_xy: -0.0301
             Episode_Reward/base_height: -0.0699
             Episode_Reward/orientation: -0.0415
                    Episode_Reward/pose: -0.0009
             Episode_Reward/action_rate: -0.0032
              Episode_Reward/action_acc: -0.0094
           Episode_Termination/time_out: 0.0000
    Episode_Termination/bad_orientation: 2.0625
--------------------------------------------------------------------------------
                         Iteration time: 0.49s
                           Time elapsed: 00:00:34
                                    ETA: 00:01:21

################################################################################
[1m                           Learning iteration 74/250                            [0m 

                            Total steps: 921600 
                       Steps per second: 23981 
                        Collection time: 0.447s 
                          Learning time: 0.066s 
                        Mean value loss: 0.0597
                    Mean surrogate loss: -0.0097
                      Mean entropy loss: 6.2548
                            Mean reward: 1.22
                    Mean episode length: 64.15
                        Mean action std: 0.45
                reward/tracking_lin_vel: 1.0738
                reward/tracking_ang_vel: 0.1287
                      reward/feet_phase: 0.3398
             reward/feet_phase_contrast: 0.5381
             reward/feet_contact_number: 0.4654
                   reward/feet_air_time: 0.0074
                     reward/under_speed: -0.1675
                       reward/feet_slip: -0.0015
                  reward/feet_clearance: -0.0065
                       reward/lin_vel_z: -0.0056
                      reward/ang_vel_xy: -0.1210
                     reward/base_height: -0.1976
                     reward/orientation: -0.1287
                            reward/pose: -0.0165
                     reward/action_rate: -0.0523
                      reward/action_acc: -0.1568
             Metrics/twist/error_vel_xy: 0.2394
            Metrics/twist/error_vel_yaw: 0.1899
        Episode_Reward/tracking_lin_vel: 0.0651
        Episode_Reward/tracking_ang_vel: 0.0070
              Episode_Reward/feet_phase: 0.0428
     Episode_Reward/feet_phase_contrast: 0.0687
     Episode_Reward/feet_contact_number: 0.0287
           Episode_Reward/feet_air_time: 0.0039
             Episode_Reward/under_speed: -0.0055
               Episode_Reward/feet_slip: -0.0002
          Episode_Reward/feet_clearance: -0.0007
               Episode_Reward/lin_vel_z: -0.0018
              Episode_Reward/ang_vel_xy: -0.0308
             Episode_Reward/base_height: -0.0685
             Episode_Reward/orientation: -0.0407
                    Episode_Reward/pose: -0.0009
             Episode_Reward/action_rate: -0.0034
              Episode_Reward/action_acc: -0.0100
           Episode_Termination/time_out: 0.0000
    Episode_Termination/bad_orientation: 2.0556
--------------------------------------------------------------------------------
                         Iteration time: 0.51s
                           Time elapsed: 00:00:34
                                    ETA: 00:01:21

################################################################################
[1m                           Learning iteration 75/250                            [0m 

                            Total steps: 933888 
                       Steps per second: 24680 
                        Collection time: 0.428s 
                          Learning time: 0.070s 
                        Mean value loss: 0.0466
                    Mean surrogate loss: -0.0093
                      Mean entropy loss: 6.2328
                            Mean reward: 1.43
                    Mean episode length: 67.36
                        Mean action std: 0.45
                reward/tracking_lin_vel: 1.0739
                reward/tracking_ang_vel: 0.1300
                      reward/feet_phase: 0.3231
             reward/feet_phase_contrast: 0.5019
             reward/feet_contact_number: 0.4646
                   reward/feet_air_time: 0.0035
                     reward/under_speed: -0.1711
                       reward/feet_slip: -0.0014
                  reward/feet_clearance: -0.0063
                       reward/lin_vel_z: -0.0046
                      reward/ang_vel_xy: -0.1002
                     reward/base_height: -0.1273
                     reward/orientation: -0.1059
                            reward/pose: -0.0167
                     reward/action_rate: -0.0521
                      reward/action_acc: -0.1568
             Metrics/twist/error_vel_xy: 0.2459
            Metrics/twist/error_vel_yaw: 0.2348
        Episode_Reward/tracking_lin_vel: 0.0927
        Episode_Reward/tracking_ang_vel: 0.0090
              Episode_Reward/feet_phase: 0.0571
     Episode_Reward/feet_phase_contrast: 0.0935
     Episode_Reward/feet_contact_number: 0.0360
           Episode_Reward/feet_air_time: 0.0018
             Episode_Reward/under_speed: -0.0072
               Episode_Reward/feet_slip: -0.0003
          Episode_Reward/feet_clearance: -0.0008
               Episode_Reward/lin_vel_z: -0.0020
              Episode_Reward/ang_vel_xy: -0.0301
             Episode_Reward/base_height: -0.0648
             Episode_Reward/orientation: -0.0434
                    Episode_Reward/pose: -0.0013
             Episode_Reward/action_rate: -0.0043
              Episode_Reward/action_acc: -0.0127
           Episode_Termination/time_out: 0.0000
    Episode_Termination/bad_orientation: 1.2353
--------------------------------------------------------------------------------
                         Iteration time: 0.50s
                           Time elapsed: 00:00:35
                                    ETA: 00:01:21

################################################################################
[1m                           Learning iteration 76/250                            [0m 

                            Total steps: 946176 
                       Steps per second: 20796 
                        Collection time: 0.513s 
                          Learning time: 0.077s 
                        Mean value loss: 0.0358
                    Mean surrogate loss: -0.0086
                      Mean entropy loss: 6.2182
                            Mean reward: 2.75
                    Mean episode length: 96.87
                        Mean action std: 0.45
                reward/tracking_lin_vel: 1.0579
                reward/tracking_ang_vel: 0.1297
                      reward/feet_phase: 0.2503
             reward/feet_phase_contrast: 0.4756
             reward/feet_contact_number: 0.4640
                   reward/feet_air_time: 0.0041
                     reward/under_speed: -0.1732
                       reward/feet_slip: -0.0014
                  reward/feet_clearance: -0.0062
                       reward/lin_vel_z: -0.0048
                      reward/ang_vel_xy: -0.1006
                     reward/base_height: -0.1304
                     reward/orientation: -0.1010
                            reward/pose: -0.0159
                     reward/action_rate: -0.0528
                      reward/action_acc: -0.1588
             Metrics/twist/error_vel_xy: 0.2978
            Metrics/twist/error_vel_yaw: 0.2565
        Episode_Reward/tracking_lin_vel: 0.2348
        Episode_Reward/tracking_ang_vel: 0.0252
              Episode_Reward/feet_phase: 0.0872
     Episode_Reward/feet_phase_contrast: 0.1446
     Episode_Reward/feet_contact_number: 0.0944
           Episode_Reward/feet_air_time: 0.0011
             Episode_Reward/under_speed: -0.0298
               Episode_Reward/feet_slip: -0.0004
          Episode_Reward/feet_clearance: -0.0015
               Episode_Reward/lin_vel_z: -0.0020
              Episode_Reward/ang_vel_xy: -0.0351
             Episode_Reward/base_height: -0.0534
             Episode_Reward/orientation: -0.0433
                    Episode_Reward/pose: -0.0036
             Episode_Reward/action_rate: -0.0106
              Episode_Reward/action_acc: -0.0315
           Episode_Termination/time_out: 0.1875
    Episode_Termination/bad_orientation: 1.5000
--------------------------------------------------------------------------------
                         Iteration time: 0.59s
                           Time elapsed: 00:00:36
                                    ETA: 00:01:20

################################################################################
[1m                           Learning iteration 77/250                            [0m 

                            Total steps: 958464 
                       Steps per second: 22015 
                        Collection time: 0.481s 
                          Learning time: 0.078s 
                        Mean value loss: 0.0352
                    Mean surrogate loss: -0.0106
                      Mean entropy loss: 6.1881
                            Mean reward: 3.20
                    Mean episode length: 106.39
                        Mean action std: 0.45
                reward/tracking_lin_vel: 1.0579
                reward/tracking_ang_vel: 0.1317
                      reward/feet_phase: 0.2386
             reward/feet_phase_contrast: 0.4433
             reward/feet_contact_number: 0.4667
                   reward/feet_air_time: 0.0016
                     reward/under_speed: -0.1774
                       reward/feet_slip: -0.0012
                  reward/feet_clearance: -0.0058
                       reward/lin_vel_z: -0.0028
                      reward/ang_vel_xy: -0.0783
                     reward/base_height: -0.0563
                     reward/orientation: -0.0668
                            reward/pose: -0.0158
                     reward/action_rate: -0.0524
                      reward/action_acc: -0.1578
--------------------------------------------------------------------------------
                         Iteration time: 0.56s
                           Time elapsed: 00:00:36
                                    ETA: 00:01:20

################################################################################
[1m                           Learning iteration 78/250                            [0m 

                            Total steps: 970752 
                       Steps per second: 24337 
                        Collection time: 0.440s 
                          Learning time: 0.065s 
                        Mean value loss: 0.0372
                    Mean surrogate loss: -0.0102
                      Mean entropy loss: 6.1396
                            Mean reward: 3.64
                    Mean episode length: 116.56
                        Mean action std: 0.45
                reward/tracking_lin_vel: 1.0503
                reward/tracking_ang_vel: 0.1305
                      reward/feet_phase: 0.3012
             reward/feet_phase_contrast: 0.4400
             reward/feet_contact_number: 0.4658
                   reward/feet_air_time: 0.0023
                     reward/under_speed: -0.1790
                       reward/feet_slip: -0.0012
                  reward/feet_clearance: -0.0059
                       reward/lin_vel_z: -0.0028
                      reward/ang_vel_xy: -0.0757
                     reward/base_height: -0.0629
                     reward/orientation: -0.0626
                            reward/pose: -0.0152
                     reward/action_rate: -0.0522
                      reward/action_acc: -0.1575
--------------------------------------------------------------------------------
                         Iteration time: 0.50s
                           Time elapsed: 00:00:37
                                    ETA: 00:01:20

################################################################################
[1m                           Learning iteration 79/250                            [0m 

                            Total steps: 983040 
                       Steps per second: 24650 
                        Collection time: 0.433s 
                          Learning time: 0.065s 
                        Mean value loss: 0.0326
                    Mean surrogate loss: -0.0091
                      Mean entropy loss: 6.1056
                            Mean reward: 5.00
                    Mean episode length: 148.21
                        Mean action std: 0.45
                reward/tracking_lin_vel: 1.0462
                reward/tracking_ang_vel: 0.1328
                      reward/feet_phase: 0.2455
             reward/feet_phase_contrast: 0.4364
             reward/feet_contact_number: 0.4630
                   reward/feet_air_time: 0.0004
                     reward/under_speed: -0.1793
                       reward/feet_slip: -0.0012
                  reward/feet_clearance: -0.0058
                       reward/lin_vel_z: -0.0028
                      reward/ang_vel_xy: -0.0758
                     reward/base_height: -0.0615
                     reward/orientation: -0.0606
                            reward/pose: -0.0150
                     reward/action_rate: -0.0515
                      reward/action_acc: -0.1553
--------------------------------------------------------------------------------
                         Iteration time: 0.50s
                           Time elapsed: 00:00:37
                                    ETA: 00:01:19

################################################################################
[1m                           Learning iteration 80/250                            [0m 

                            Total steps: 995328 
                       Steps per second: 24483 
                        Collection time: 0.435s 
                          Learning time: 0.067s 
                        Mean value loss: 0.0273
                    Mean surrogate loss: -0.0070
                      Mean entropy loss: 6.0886
                            Mean reward: 5.18
                    Mean episode length: 157.43
                        Mean action std: 0.44
                reward/tracking_lin_vel: 1.0470
                reward/tracking_ang_vel: 0.1331
                      reward/feet_phase: 0.2097
             reward/feet_phase_contrast: 0.4199
             reward/feet_contact_number: 0.4642
                   reward/feet_air_time: 0.0012
                     reward/under_speed: -0.1805
                       reward/feet_slip: -0.0011
                  reward/feet_clearance: -0.0056
                       reward/lin_vel_z: -0.0020
                      reward/ang_vel_xy: -0.0693
                     reward/base_height: -0.0529
                     reward/orientation: -0.0537
                            reward/pose: -0.0150
                     reward/action_rate: -0.0513
                      reward/action_acc: -0.1547
--------------------------------------------------------------------------------
                         Iteration time: 0.50s
                           Time elapsed: 00:00:38
                                    ETA: 00:01:19

################################################################################
[1m                           Learning iteration 81/250                            [0m 

                            Total steps: 1007616 
                       Steps per second: 25025 
                        Collection time: 0.428s 
                          Learning time: 0.063s 
                        Mean value loss: 0.0265
                    Mean surrogate loss: -0.0092
                      Mean entropy loss: 6.0544
                            Mean reward: 5.43
                    Mean episode length: 164.66
                        Mean action std: 0.44
                reward/tracking_lin_vel: 1.0491
                reward/tracking_ang_vel: 0.1341
                      reward/feet_phase: 0.2647
             reward/feet_phase_contrast: 0.4370
             reward/feet_contact_number: 0.4687
                   reward/feet_air_time: 0.0027
                     reward/under_speed: -0.1802
                       reward/feet_slip: -0.0011
                  reward/feet_clearance: -0.0056
                       reward/lin_vel_z: -0.0022
                      reward/ang_vel_xy: -0.0708
                     reward/base_height: -0.0614
                     reward/orientation: -0.0540
                            reward/pose: -0.0153
                     reward/action_rate: -0.0511
                      reward/action_acc: -0.1544
--------------------------------------------------------------------------------
                         Iteration time: 0.49s
                           Time elapsed: 00:00:38
                                    ETA: 00:01:19

################################################################################
[1m                           Learning iteration 82/250                            [0m 

                            Total steps: 1019904 
                       Steps per second: 24159 
                        Collection time: 0.443s 
                          Learning time: 0.066s 
                        Mean value loss: 0.0294
                    Mean surrogate loss: -0.0080
                      Mean entropy loss: 6.0384
                            Mean reward: 6.12
                    Mean episode length: 184.80
                        Mean action std: 0.44
                reward/tracking_lin_vel: 1.0430
                reward/tracking_ang_vel: 0.1345
                      reward/feet_phase: 0.2822
             reward/feet_phase_contrast: 0.4246
             reward/feet_contact_number: 0.4678
                   reward/feet_air_time: 0.0005
                     reward/under_speed: -0.1813
                       reward/feet_slip: -0.0011
                  reward/feet_clearance: -0.0055
                       reward/lin_vel_z: -0.0020
                      reward/ang_vel_xy: -0.0674
                     reward/base_height: -0.0532
                     reward/orientation: -0.0531
                            reward/pose: -0.0152
                     reward/action_rate: -0.0512
                      reward/action_acc: -0.1548
--------------------------------------------------------------------------------
                         Iteration time: 0.51s
                           Time elapsed: 00:00:39
                                    ETA: 00:01:18

################################################################################
[1m                           Learning iteration 83/250                            [0m 

                            Total steps: 1032192 
                       Steps per second: 30453 
                        Collection time: 0.339s 
                          Learning time: 0.065s 
                        Mean value loss: 2.8806
                    Mean surrogate loss: -0.0097
                      Mean entropy loss: 6.0185
                            Mean reward: 6.36
                    Mean episode length: 192.39
                        Mean action std: 0.44
                reward/tracking_lin_vel: 0.6731
                reward/tracking_ang_vel: 0.1203
                      reward/feet_phase: 0.3498
             reward/feet_phase_contrast: 0.6532
             reward/feet_contact_number: 0.4599
                   reward/feet_air_time: 0.0564
                     reward/under_speed: -0.1371
                       reward/feet_slip: -0.0044
                  reward/feet_clearance: -0.0148
                       reward/lin_vel_z: -0.0160
                      reward/ang_vel_xy: -0.3013
                     reward/base_height: -0.0677
                     reward/orientation: -0.1817
                            reward/pose: -0.0165
                     reward/action_rate: -0.0525
                      reward/action_acc: -0.1574
--------------------------------------------------------------------------------
                         Iteration time: 0.40s
                           Time elapsed: 00:00:39
                                    ETA: 00:01:18

################################################################################
[1m                           Learning iteration 84/250                            [0m 

                            Total steps: 1044480 
                       Steps per second: 29475 
                        Collection time: 0.354s 
                          Learning time: 0.063s 
                        Mean value loss: 0.1867
                    Mean surrogate loss: -0.0109
                      Mean entropy loss: 6.0063
                            Mean reward: 12.02
                    Mean episode length: 410.75
                        Mean action std: 0.44
                reward/tracking_lin_vel: 0.7223
                reward/tracking_ang_vel: 0.1108
                      reward/feet_phase: 0.4429
             reward/feet_phase_contrast: 0.7943
             reward/feet_contact_number: 0.4329
                   reward/feet_air_time: 0.1436
                     reward/under_speed: -0.1160
                       reward/feet_slip: -0.0040
                  reward/feet_clearance: -0.0136
                       reward/lin_vel_z: -0.0419
                      reward/ang_vel_xy: -0.7432
                     reward/base_height: -1.8512
                     reward/orientation: -0.8194
                            reward/pose: -0.0160
                     reward/action_rate: -0.0511
                      reward/action_acc: -0.1513
--------------------------------------------------------------------------------
                         Iteration time: 0.42s
                           Time elapsed: 00:00:39
                                    ETA: 00:01:17

################################################################################
[1m                           Learning iteration 85/250                            [0m 

                            Total steps: 1056768 
                       Steps per second: 27756 
                        Collection time: 0.379s 
                          Learning time: 0.064s 
                        Mean value loss: 0.2122
                    Mean surrogate loss: -0.0104
                      Mean entropy loss: 6.0006
                            Mean reward: 11.95
                    Mean episode length: 392.84
                        Mean action std: 0.44
                reward/tracking_lin_vel: 1.1066
                reward/tracking_ang_vel: 0.1246
                      reward/feet_phase: 0.5957
             reward/feet_phase_contrast: 0.8709
             reward/feet_contact_number: 0.4597
                   reward/feet_air_time: 0.0292
                     reward/under_speed: -0.1311
                       reward/feet_slip: -0.0023
                  reward/feet_clearance: -0.0087
                       reward/lin_vel_z: -0.0117
                      reward/ang_vel_xy: -0.2417
                     reward/base_height: -0.5327
                     reward/orientation: -0.2857
                            reward/pose: -0.0141
                     reward/action_rate: -0.0515
                      reward/action_acc: -0.1539
             Metrics/twist/error_vel_xy: 0.3651
            Metrics/twist/error_vel_yaw: 0.2264
        Episode_Reward/tracking_lin_vel: 0.3804
        Episode_Reward/tracking_ang_vel: 0.0470
              Episode_Reward/feet_phase: 0.1120
     Episode_Reward/feet_phase_contrast: 0.1908
     Episode_Reward/feet_contact_number: 0.1711
           Episode_Reward/feet_air_time: 0.0060
             Episode_Reward/under_speed: -0.0621
               Episode_Reward/feet_slip: -0.0006
          Episode_Reward/feet_clearance: -0.0026
               Episode_Reward/lin_vel_z: -0.0021
              Episode_Reward/ang_vel_xy: -0.0488
             Episode_Reward/base_height: -0.0860
             Episode_Reward/orientation: -0.0521
                    Episode_Reward/pose: -0.0065
             Episode_Reward/action_rate: -0.0192
              Episode_Reward/action_acc: -0.0578
           Episode_Termination/time_out: 0.0000
    Episode_Termination/bad_orientation: 3.9583
--------------------------------------------------------------------------------
                         Iteration time: 0.44s
                           Time elapsed: 00:00:40
                                    ETA: 00:01:16

################################################################################
[1m                           Learning iteration 86/250                            [0m 

                            Total steps: 1069056 
                       Steps per second: 25497 
                        Collection time: 0.417s 
                          Learning time: 0.065s 
                        Mean value loss: 0.1125
                    Mean surrogate loss: -0.0097
                      Mean entropy loss: 5.9911
                            Mean reward: 2.15
                    Mean episode length: 115.87
                        Mean action std: 0.44
                reward/tracking_lin_vel: 1.0421
                reward/tracking_ang_vel: 0.1256
                      reward/feet_phase: 0.4112
             reward/feet_phase_contrast: 0.6812
             reward/feet_contact_number: 0.4617
                   reward/feet_air_time: 0.0167
                     reward/under_speed: -0.1483
                       reward/feet_slip: -0.0022
                  reward/feet_clearance: -0.0078
                       reward/lin_vel_z: -0.0120
                      reward/ang_vel_xy: -0.2439
                     reward/base_height: -0.5171
                     reward/orientation: -0.2885
                            reward/pose: -0.0168
                     reward/action_rate: -0.0516
                      reward/action_acc: -0.1545
             Metrics/twist/error_vel_xy: 0.3001
            Metrics/twist/error_vel_yaw: 0.1811
        Episode_Reward/tracking_lin_vel: 0.0835
        Episode_Reward/tracking_ang_vel: 0.0112
              Episode_Reward/feet_phase: 0.0394
     Episode_Reward/feet_phase_contrast: 0.0640
     Episode_Reward/feet_contact_number: 0.0424
           Episode_Reward/feet_air_time: 0.0030
             Episode_Reward/under_speed: -0.0122
               Episode_Reward/feet_slip: -0.0003
          Episode_Reward/feet_clearance: -0.0008
               Episode_Reward/lin_vel_z: -0.0017
              Episode_Reward/ang_vel_xy: -0.0330
             Episode_Reward/base_height: -0.0719
             Episode_Reward/orientation: -0.0410
                    Episode_Reward/pose: -0.0014
             Episode_Reward/action_rate: -0.0047
              Episode_Reward/action_acc: -0.0141
           Episode_Termination/time_out: 0.0000
    Episode_Termination/bad_orientation: 3.8261
--------------------------------------------------------------------------------
                         Iteration time: 0.48s
                           Time elapsed: 00:00:40
                                    ETA: 00:01:16

################################################################################
[1m                           Learning iteration 87/250                            [0m 

                            Total steps: 1081344 
                       Steps per second: 25719 
                        Collection time: 0.415s 
                          Learning time: 0.062s 
                        Mean value loss: 0.0889
                    Mean surrogate loss: -0.0076
                      Mean entropy loss: 5.9841
                            Mean reward: 1.40
                    Mean episode length: 77.10
                        Mean action std: 0.44
                reward/tracking_lin_vel: 1.0615
                reward/tracking_ang_vel: 0.1286
                      reward/feet_phase: 0.3397
             reward/feet_phase_contrast: 0.6189
             reward/feet_contact_number: 0.4590
                   reward/feet_air_time: 0.0146
                     reward/under_speed: -0.1554
                       reward/feet_slip: -0.0018
                  reward/feet_clearance: -0.0069
                       reward/lin_vel_z: -0.0090
                      reward/ang_vel_xy: -0.1790
                     reward/base_height: -0.2949
                     reward/orientation: -0.2006
                            reward/pose: -0.0162
                     reward/action_rate: -0.0515
                      reward/action_acc: -0.1551
             Metrics/twist/error_vel_xy: 0.2587
            Metrics/twist/error_vel_yaw: 0.1818
        Episode_Reward/tracking_lin_vel: 0.0666
        Episode_Reward/tracking_ang_vel: 0.0075
              Episode_Reward/feet_phase: 0.0441
     Episode_Reward/feet_phase_contrast: 0.0705
     Episode_Reward/feet_contact_number: 0.0278
           Episode_Reward/feet_air_time: 0.0012
             Episode_Reward/under_speed: -0.0054
               Episode_Reward/feet_slip: -0.0003
          Episode_Reward/feet_clearance: -0.0006
               Episode_Reward/lin_vel_z: -0.0019
              Episode_Reward/ang_vel_xy: -0.0310
             Episode_Reward/base_height: -0.0659
             Episode_Reward/orientation: -0.0414
                    Episode_Reward/pose: -0.0009
             Episode_Reward/action_rate: -0.0032
              Episode_Reward/action_acc: -0.0095
           Episode_Termination/time_out: 0.0000
    Episode_Termination/bad_orientation: 2.4545
--------------------------------------------------------------------------------
                         Iteration time: 0.48s
                           Time elapsed: 00:00:41
                                    ETA: 00:01:16

################################################################################
[1m                           Learning iteration 88/250                            [0m 

                            Total steps: 1093632 
                       Steps per second: 24928 
                        Collection time: 0.428s 
                          Learning time: 0.065s 
                        Mean value loss: 0.0766
                    Mean surrogate loss: -0.0091
                      Mean entropy loss: 5.9767
                            Mean reward: 2.06
                    Mean episode length: 81.99
                        Mean action std: 0.44
                reward/tracking_lin_vel: 1.0626
                reward/tracking_ang_vel: 0.1311
                      reward/feet_phase: 0.3358
             reward/feet_phase_contrast: 0.5714
             reward/feet_contact_number: 0.4613
                   reward/feet_air_time: 0.0062
                     reward/under_speed: -0.1635
                       reward/feet_slip: -0.0015
                  reward/feet_clearance: -0.0065
                       reward/lin_vel_z: -0.0068
                      reward/ang_vel_xy: -0.1413
                     reward/base_height: -0.2087
                     reward/orientation: -0.1506
                            reward/pose: -0.0161
                     reward/action_rate: -0.0515
                      reward/action_acc: -0.1552
             Metrics/twist/error_vel_xy: 0.2791
            Metrics/twist/error_vel_yaw: 0.2360
        Episode_Reward/tracking_lin_vel: 0.1108
        Episode_Reward/tracking_ang_vel: 0.0122
              Episode_Reward/feet_phase: 0.0563
     Episode_Reward/feet_phase_contrast: 0.0934
     Episode_Reward/feet_contact_number: 0.0471
           Episode_Reward/feet_air_time: 0.0056
             Episode_Reward/under_speed: -0.0125
               Episode_Reward/feet_slip: -0.0003
          Episode_Reward/feet_clearance: -0.0010
               Episode_Reward/lin_vel_z: -0.0019
              Episode_Reward/ang_vel_xy: -0.0334
             Episode_Reward/base_height: -0.0650
             Episode_Reward/orientation: -0.0427
                    Episode_Reward/pose: -0.0017
             Episode_Reward/action_rate: -0.0054
              Episode_Reward/action_acc: -0.0160
           Episode_Termination/time_out: 0.0500
    Episode_Termination/bad_orientation: 2.0500
--------------------------------------------------------------------------------
                         Iteration time: 0.49s
                           Time elapsed: 00:00:41
                                    ETA: 00:01:15

################################################################################
[1m                           Learning iteration 89/250                            [0m 

                            Total steps: 1105920 
                       Steps per second: 24227 
                        Collection time: 0.440s 
                          Learning time: 0.067s 
                        Mean value loss: 0.0689
                    Mean surrogate loss: -0.0070
                      Mean entropy loss: 5.9617
                            Mean reward: 2.61
                    Mean episode length: 93.05
                        Mean action std: 0.44
                reward/tracking_lin_vel: 1.0380
                reward/tracking_ang_vel: 0.1321
                      reward/feet_phase: 0.3393
             reward/feet_phase_contrast: 0.4987
             reward/feet_contact_number: 0.4674
                   reward/feet_air_time: 0.0067
                     reward/under_speed: -0.1712
                       reward/feet_slip: -0.0014
                  reward/feet_clearance: -0.0061
                       reward/lin_vel_z: -0.0058
                      reward/ang_vel_xy: -0.1211
                     reward/base_height: -0.1610
                     reward/orientation: -0.1252
                            reward/pose: -0.0159
                     reward/action_rate: -0.0517
                      reward/action_acc: -0.1558
             Metrics/twist/error_vel_xy: 0.2592
            Metrics/twist/error_vel_yaw: 0.1884
        Episode_Reward/tracking_lin_vel: 0.1191
        Episode_Reward/tracking_ang_vel: 0.0144
              Episode_Reward/feet_phase: 0.0564
     Episode_Reward/feet_phase_contrast: 0.0933
     Episode_Reward/feet_contact_number: 0.0519
           Episode_Reward/feet_air_time: 0.0008
             Episode_Reward/under_speed: -0.0145
               Episode_Reward/feet_slip: -0.0003
          Episode_Reward/feet_clearance: -0.0009
               Episode_Reward/lin_vel_z: -0.0021
              Episode_Reward/ang_vel_xy: -0.0331
             Episode_Reward/base_height: -0.0602
             Episode_Reward/orientation: -0.0412
                    Episode_Reward/pose: -0.0022
             Episode_Reward/action_rate: -0.0058
              Episode_Reward/action_acc: -0.0173
           Episode_Termination/time_out: 0.0526
    Episode_Termination/bad_orientation: 1.4211
--------------------------------------------------------------------------------
                         Iteration time: 0.51s
                           Time elapsed: 00:00:42
                                    ETA: 00:01:15

################################################################################
[1m                           Learning iteration 90/250                            [0m 

                            Total steps: 1118208 
                       Steps per second: 24787 
                        Collection time: 0.431s 
                          Learning time: 0.065s 
                        Mean value loss: 0.0507
                    Mean surrogate loss: -0.0080
                      Mean entropy loss: 5.9526
                            Mean reward: 2.35
                    Mean episode length: 94.21
                        Mean action std: 0.44
                reward/tracking_lin_vel: 1.0393
                reward/tracking_ang_vel: 0.1317
                      reward/feet_phase: 0.2478
             reward/feet_phase_contrast: 0.4656
             reward/feet_contact_number: 0.4653
                   reward/feet_air_time: 0.0044
                     reward/under_speed: -0.1762
                       reward/feet_slip: -0.0013
                  reward/feet_clearance: -0.0061
                       reward/lin_vel_z: -0.0041
                      reward/ang_vel_xy: -0.1037
                     reward/base_height: -0.1555
                     reward/orientation: -0.0965
                            reward/pose: -0.0158
                     reward/action_rate: -0.0519
                      reward/action_acc: -0.1565
             Metrics/twist/error_vel_xy: 0.3030
            Metrics/twist/error_vel_yaw: 0.2038
        Episode_Reward/tracking_lin_vel: 0.0584
        Episode_Reward/tracking_ang_vel: 0.0074
              Episode_Reward/feet_phase: 0.0367
     Episode_Reward/feet_phase_contrast: 0.0575
     Episode_Reward/feet_contact_number: 0.0304
           Episode_Reward/feet_air_time: 0.0040
             Episode_Reward/under_speed: -0.0081
               Episode_Reward/feet_slip: -0.0003
          Episode_Reward/feet_clearance: -0.0007
               Episode_Reward/lin_vel_z: -0.0016
              Episode_Reward/ang_vel_xy: -0.0303
             Episode_Reward/base_height: -0.0778
             Episode_Reward/orientation: -0.0422
                    Episode_Reward/pose: -0.0010
             Episode_Reward/action_rate: -0.0034
              Episode_Reward/action_acc: -0.0101
           Episode_Termination/time_out: 0.0000
    Episode_Termination/bad_orientation: 1.6250
--------------------------------------------------------------------------------
                         Iteration time: 0.50s
                           Time elapsed: 00:00:42
                                    ETA: 00:01:14

################################################################################
[1m                           Learning iteration 91/250                            [0m 

                            Total steps: 1130496 
                       Steps per second: 24650 
                        Collection time: 0.434s 
                          Learning time: 0.065s 
                        Mean value loss: 0.0317
                    Mean surrogate loss: -0.0102
                      Mean entropy loss: 5.9232
                            Mean reward: 2.67
                    Mean episode length: 104.79
                        Mean action std: 0.44
                reward/tracking_lin_vel: 1.0688
                reward/tracking_ang_vel: 0.1338
                      reward/feet_phase: 0.2440
             reward/feet_phase_contrast: 0.4732
             reward/feet_contact_number: 0.4683
                   reward/feet_air_time: 0.0023
                     reward/under_speed: -0.1759
                       reward/feet_slip: -0.0012
                  reward/feet_clearance: -0.0057
                       reward/lin_vel_z: -0.0029
                      reward/ang_vel_xy: -0.0832
                     reward/base_height: -0.0809
                     reward/orientation: -0.0742
                            reward/pose: -0.0155
                     reward/action_rate: -0.0521
                      reward/action_acc: -0.1575
--------------------------------------------------------------------------------
                         Iteration time: 0.50s
                           Time elapsed: 00:00:43
                                    ETA: 00:01:14

################################################################################
[1m                           Learning iteration 92/250                            [0m 

                            Total steps: 1142784 
                       Steps per second: 25248 
                        Collection time: 0.423s 
                          Learning time: 0.064s 
                        Mean value loss: 0.0268
                    Mean surrogate loss: -0.0099
                      Mean entropy loss: 5.9020
                            Mean reward: 4.29
                    Mean episode length: 142.74
                        Mean action std: 0.44
                reward/tracking_lin_vel: 1.0456
                reward/tracking_ang_vel: 0.1339
                      reward/feet_phase: 0.2893
             reward/feet_phase_contrast: 0.4404
             reward/feet_contact_number: 0.4642
                   reward/feet_air_time: 0.0035
                     reward/under_speed: -0.1783
                       reward/feet_slip: -0.0011
                  reward/feet_clearance: -0.0057
                       reward/lin_vel_z: -0.0031
                      reward/ang_vel_xy: -0.0836
                     reward/base_height: -0.0820
                     reward/orientation: -0.0727
                            reward/pose: -0.0154
                     reward/action_rate: -0.0523
                      reward/action_acc: -0.1584
--------------------------------------------------------------------------------
                         Iteration time: 0.49s
                           Time elapsed: 00:00:43
                                    ETA: 00:01:13

################################################################################
[1m                           Learning iteration 93/250                            [0m 

                            Total steps: 1155072 
                       Steps per second: 24504 
                        Collection time: 0.436s 
                          Learning time: 0.066s 
                        Mean value loss: 0.0305
                    Mean surrogate loss: -0.0084
                      Mean entropy loss: 5.8918
                            Mean reward: 4.23
                    Mean episode length: 142.28
                        Mean action std: 0.44
                reward/tracking_lin_vel: 1.0574
                reward/tracking_ang_vel: 0.1345
                      reward/feet_phase: 0.2803
             reward/feet_phase_contrast: 0.4449
             reward/feet_contact_number: 0.4688
                   reward/feet_air_time: 0.0018
                     reward/under_speed: -0.1793
                       reward/feet_slip: -0.0011
                  reward/feet_clearance: -0.0055
                       reward/lin_vel_z: -0.0023
                      reward/ang_vel_xy: -0.0726
                     reward/base_height: -0.0507
                     reward/orientation: -0.0528
                            reward/pose: -0.0150
                     reward/action_rate: -0.0520
                      reward/action_acc: -0.1567
             Metrics/twist/error_vel_xy: 0.2110
            Metrics/twist/error_vel_yaw: 0.1984
        Episode_Reward/tracking_lin_vel: 0.1543
        Episode_Reward/tracking_ang_vel: 0.0158
              Episode_Reward/feet_phase: 0.0689
     Episode_Reward/feet_phase_contrast: 0.1089
     Episode_Reward/feet_contact_number: 0.0582
           Episode_Reward/feet_air_time: 0.0041
             Episode_Reward/under_speed: -0.0160
               Episode_Reward/feet_slip: -0.0003
          Episode_Reward/feet_clearance: -0.0011
               Episode_Reward/lin_vel_z: -0.0020
              Episode_Reward/ang_vel_xy: -0.0318
             Episode_Reward/base_height: -0.0544
             Episode_Reward/orientation: -0.0436
                    Episode_Reward/pose: -0.0021
             Episode_Reward/action_rate: -0.0066
              Episode_Reward/action_acc: -0.0197
           Episode_Termination/time_out: 0.1250
    Episode_Termination/bad_orientation: 1.1250
--------------------------------------------------------------------------------
                         Iteration time: 0.50s
                           Time elapsed: 00:00:44
                                    ETA: 00:01:13

################################################################################
[1m                           Learning iteration 94/250                            [0m 

                            Total steps: 1167360 
                       Steps per second: 25046 
                        Collection time: 0.428s 
                          Learning time: 0.062s 
                        Mean value loss: 0.0299
                    Mean surrogate loss: -0.0095
                      Mean entropy loss: 5.8725
                            Mean reward: 4.88
                    Mean episode length: 160.95
                        Mean action std: 0.44
                reward/tracking_lin_vel: 1.0368
                reward/tracking_ang_vel: 0.1348
                      reward/feet_phase: 0.2016
             reward/feet_phase_contrast: 0.3967
             reward/feet_contact_number: 0.4613
                   reward/feet_air_time: 0.0020
                     reward/under_speed: -0.1818
                       reward/feet_slip: -0.0011
                  reward/feet_clearance: -0.0056
                       reward/lin_vel_z: -0.0024
                      reward/ang_vel_xy: -0.0736
                     reward/base_height: -0.0541
                     reward/orientation: -0.0533
                            reward/pose: -0.0146
                     reward/action_rate: -0.0522
                      reward/action_acc: -0.1582
             Metrics/twist/error_vel_xy: 0.2605
            Metrics/twist/error_vel_yaw: 0.2013
        Episode_Reward/tracking_lin_vel: 0.2626
        Episode_Reward/tracking_ang_vel: 0.0295
              Episode_Reward/feet_phase: 0.0802
     Episode_Reward/feet_phase_contrast: 0.1329
     Episode_Reward/feet_contact_number: 0.1089
           Episode_Reward/feet_air_time: 0.0033
             Episode_Reward/under_speed: -0.0387
               Episode_Reward/feet_slip: -0.0004
          Episode_Reward/feet_clearance: -0.0017
               Episode_Reward/lin_vel_z: -0.0016
              Episode_Reward/ang_vel_xy: -0.0370
             Episode_Reward/base_height: -0.0582
             Episode_Reward/orientation: -0.0410
                    Episode_Reward/pose: -0.0048
             Episode_Reward/action_rate: -0.0123
              Episode_Reward/action_acc: -0.0366
           Episode_Termination/time_out: 0.2500
    Episode_Termination/bad_orientation: 1.0000
--------------------------------------------------------------------------------
                         Iteration time: 0.49s
                           Time elapsed: 00:00:44
                                    ETA: 00:01:13

################################################################################
[1m                           Learning iteration 95/250                            [0m 

                            Total steps: 1179648 
                       Steps per second: 25230 
                        Collection time: 0.424s 
                          Learning time: 0.063s 
                        Mean value loss: 0.0249
                    Mean surrogate loss: -0.0069
                      Mean entropy loss: 5.8562
                            Mean reward: 5.80
                    Mean episode length: 188.26
                        Mean action std: 0.43
                reward/tracking_lin_vel: 1.0530
                reward/tracking_ang_vel: 0.1342
                      reward/feet_phase: 0.2384
             reward/feet_phase_contrast: 0.4282
             reward/feet_contact_number: 0.4680
                   reward/feet_air_time: 0.0011
                     reward/under_speed: -0.1818
                       reward/feet_slip: -0.0010
                  reward/feet_clearance: -0.0055
                       reward/lin_vel_z: -0.0016
                      reward/ang_vel_xy: -0.0670
                     reward/base_height: -0.0404
                     reward/orientation: -0.0416
                            reward/pose: -0.0143
                     reward/action_rate: -0.0519
                      reward/action_acc: -0.1570
             Metrics/twist/error_vel_xy: 0.4080
            Metrics/twist/error_vel_yaw: 0.3082
        Episode_Reward/tracking_lin_vel: 0.5644
        Episode_Reward/tracking_ang_vel: 0.0678
              Episode_Reward/feet_phase: 0.1516
     Episode_Reward/feet_phase_contrast: 0.2582
     Episode_Reward/feet_contact_number: 0.2458
           Episode_Reward/feet_air_time: 0.0030
             Episode_Reward/under_speed: -0.0914
               Episode_Reward/feet_slip: -0.0008
          Episode_Reward/feet_clearance: -0.0036
               Episode_Reward/lin_vel_z: -0.0018
              Episode_Reward/ang_vel_xy: -0.0500
             Episode_Reward/base_height: -0.0502
             Episode_Reward/orientation: -0.0392
                    Episode_Reward/pose: -0.0071
             Episode_Reward/action_rate: -0.0275
              Episode_Reward/action_acc: -0.0823
           Episode_Termination/time_out: 0.5000
    Episode_Termination/bad_orientation: 0.6667
--------------------------------------------------------------------------------
                         Iteration time: 0.49s
                           Time elapsed: 00:00:45
                                    ETA: 00:01:12

################################################################################
[1m                           Learning iteration 96/250                            [0m 

                            Total steps: 1191936 
                       Steps per second: 27090 
                        Collection time: 0.389s 
                          Learning time: 0.064s 
                        Mean value loss: 0.0223
                    Mean surrogate loss: -0.0076
                      Mean entropy loss: 5.8407
                            Mean reward: 5.72
                    Mean episode length: 187.60
                        Mean action std: 0.43
                reward/tracking_lin_vel: 1.0644
                reward/tracking_ang_vel: 0.1348
                      reward/feet_phase: 0.2992
             reward/feet_phase_contrast: 0.4326
             reward/feet_contact_number: 0.4686
                   reward/feet_air_time: 0.0000
                     reward/under_speed: -0.1811
                       reward/feet_slip: -0.0010
                  reward/feet_clearance: -0.0053
                       reward/lin_vel_z: -0.0014
                      reward/ang_vel_xy: -0.0621
                     reward/base_height: -0.0245
                     reward/orientation: -0.0381
                            reward/pose: -0.0141
                     reward/action_rate: -0.0524
                      reward/action_acc: -0.1593
--------------------------------------------------------------------------------
                         Iteration time: 0.45s
                           Time elapsed: 00:00:45
                                    ETA: 00:01:12

################################################################################
[1m                           Learning iteration 97/250                            [0m 

                            Total steps: 1204224 
                       Steps per second: 25552 
                        Collection time: 0.415s 
                          Learning time: 0.066s 
                        Mean value loss: 0.0200
                    Mean surrogate loss: -0.0086
                      Mean entropy loss: 5.8171
                            Mean reward: 5.74
                    Mean episode length: 187.09
                        Mean action std: 0.43
                reward/tracking_lin_vel: 1.0564
                reward/tracking_ang_vel: 0.1360
                      reward/feet_phase: 0.2224
             reward/feet_phase_contrast: 0.4081
             reward/feet_contact_number: 0.4695
                   reward/feet_air_time: 0.0000
                     reward/under_speed: -0.1822
                       reward/feet_slip: -0.0010
                  reward/feet_clearance: -0.0055
                       reward/lin_vel_z: -0.0017
                      reward/ang_vel_xy: -0.0644
                     reward/base_height: -0.0326
                     reward/orientation: -0.0401
                            reward/pose: -0.0143
                     reward/action_rate: -0.0524
                      reward/action_acc: -0.1581
--------------------------------------------------------------------------------
                         Iteration time: 0.48s
                           Time elapsed: 00:00:46
                                    ETA: 00:01:11

################################################################################
[1m                           Learning iteration 98/250                            [0m 

                            Total steps: 1216512 
                       Steps per second: 25504 
                        Collection time: 0.409s 
                          Learning time: 0.072s 
                        Mean value loss: 0.0147
                    Mean surrogate loss: -0.0103
                      Mean entropy loss: 5.7573
                            Mean reward: 5.74
                    Mean episode length: 186.89
                        Mean action std: 0.43
                reward/tracking_lin_vel: 1.0585
                reward/tracking_ang_vel: 0.1356
                      reward/feet_phase: 0.2110
             reward/feet_phase_contrast: 0.4248
             reward/feet_contact_number: 0.4661
                   reward/feet_air_time: 0.0000
                     reward/under_speed: -0.1817
                       reward/feet_slip: -0.0010
                  reward/feet_clearance: -0.0053
                       reward/lin_vel_z: -0.0015
                      reward/ang_vel_xy: -0.0621
                     reward/base_height: -0.0198
                     reward/orientation: -0.0349
                            reward/pose: -0.0142
                     reward/action_rate: -0.0519
                      reward/action_acc: -0.1569
--------------------------------------------------------------------------------
                         Iteration time: 0.48s
                           Time elapsed: 00:00:46
                                    ETA: 00:01:11

################################################################################
[1m                           Learning iteration 99/250                            [0m 

                            Total steps: 1228800 
                       Steps per second: 21401 
                        Collection time: 0.502s 
                          Learning time: 0.072s 
                        Mean value loss: 1.8903
                    Mean surrogate loss: -0.0094
                      Mean entropy loss: 5.7278
                            Mean reward: 6.42
                    Mean episode length: 205.47
                        Mean action std: 0.43
                reward/tracking_lin_vel: 1.0527
                reward/tracking_ang_vel: 0.1355
                      reward/feet_phase: 0.2584
             reward/feet_phase_contrast: 0.4037
             reward/feet_contact_number: 0.4651
                   reward/feet_air_time: 0.0000
                     reward/under_speed: -0.1829
                       reward/feet_slip: -0.0010
                  reward/feet_clearance: -0.0054
                       reward/lin_vel_z: -0.0013
                      reward/ang_vel_xy: -0.0561
                     reward/base_height: -0.0151
                     reward/orientation: -0.0321
                            reward/pose: -0.0142
                     reward/action_rate: -0.0512
                      reward/action_acc: -0.1551
--------------------------------------------------------------------------------
                         Iteration time: 0.57s
                           Time elapsed: 00:00:47
                                    ETA: 00:01:10

################################################################################
[1m                           Learning iteration 100/250                           [0m 

                            Total steps: 1241088 
                       Steps per second: 29434 
                        Collection time: 0.334s 
                          Learning time: 0.084s 
                        Mean value loss: 0.3738
                    Mean surrogate loss: -0.0105
                      Mean entropy loss: 5.7365
                            Mean reward: 12.08
                    Mean episode length: 369.23
                        Mean action std: 0.43
                reward/tracking_lin_vel: 0.5166
                reward/tracking_ang_vel: 0.1132
                      reward/feet_phase: 0.4584
             reward/feet_phase_contrast: 0.7535
             reward/feet_contact_number: 0.4491
                   reward/feet_air_time: 0.1437
                     reward/under_speed: -0.1189
                       reward/feet_slip: -0.0051
                  reward/feet_clearance: -0.0169
                       reward/lin_vel_z: -0.0310
                      reward/ang_vel_xy: -0.5366
                     reward/base_height: -0.5039
                     reward/orientation: -0.4506
                            reward/pose: -0.0171
                     reward/action_rate: -0.0528
                      reward/action_acc: -0.1575
--------------------------------------------------------------------------------
                         Iteration time: 0.42s
                           Time elapsed: 00:00:47
                                    ETA: 00:01:10

################################################################################
[1m                           Learning iteration 101/250                           [0m 

                            Total steps: 1253376 
                       Steps per second: 26387 
                        Collection time: 0.402s 
                          Learning time: 0.064s 
                        Mean value loss: 0.2092
                    Mean surrogate loss: -0.0114
                      Mean entropy loss: 5.7371
                            Mean reward: 12.35
                    Mean episode length: 406.21
                        Mean action std: 0.43
                reward/tracking_lin_vel: 0.8894
                reward/tracking_ang_vel: 0.1186
                      reward/feet_phase: 0.4919
             reward/feet_phase_contrast: 0.8263
             reward/feet_contact_number: 0.4345
                   reward/feet_air_time: 0.0794
                     reward/under_speed: -0.1248
                       reward/feet_slip: -0.0033
                  reward/feet_clearance: -0.0133
                       reward/lin_vel_z: -0.0275
                      reward/ang_vel_xy: -0.5489
                     reward/base_height: -1.5633
                     reward/orientation: -0.5922
                            reward/pose: -0.0134
                     reward/action_rate: -0.0520
                      reward/action_acc: -0.1539
             Metrics/twist/error_vel_xy: 0.4119
            Metrics/twist/error_vel_yaw: 0.2350
        Episode_Reward/tracking_lin_vel: 0.4151
        Episode_Reward/tracking_ang_vel: 0.0536
              Episode_Reward/feet_phase: 0.1168
     Episode_Reward/feet_phase_contrast: 0.1969
     Episode_Reward/feet_contact_number: 0.1895
           Episode_Reward/feet_air_time: 0.0080
             Episode_Reward/under_speed: -0.0703
               Episode_Reward/feet_slip: -0.0006
          Episode_Reward/feet_clearance: -0.0028
               Episode_Reward/lin_vel_z: -0.0022
              Episode_Reward/ang_vel_xy: -0.0551
             Episode_Reward/base_height: -0.0852
             Episode_Reward/orientation: -0.0489
                    Episode_Reward/pose: -0.0063
             Episode_Reward/action_rate: -0.0213
              Episode_Reward/action_acc: -0.0643
           Episode_Termination/time_out: 0.0417
    Episode_Termination/bad_orientation: 11.4167
--------------------------------------------------------------------------------
                         Iteration time: 0.47s
                           Time elapsed: 00:00:48
                                    ETA: 00:01:09

################################################################################
[1m                           Learning iteration 102/250                           [0m 

                            Total steps: 1265664 
                       Steps per second: 28053 
                        Collection time: 0.373s 
                          Learning time: 0.065s 
                        Mean value loss: 0.1780
                    Mean surrogate loss: -0.0100
                      Mean entropy loss: 5.7291
                            Mean reward: 10.02
                    Mean episode length: 342.06
                        Mean action std: 0.43
                reward/tracking_lin_vel: 1.0910
                reward/tracking_ang_vel: 0.1259
                      reward/feet_phase: 0.4493
             reward/feet_phase_contrast: 0.7832
             reward/feet_contact_number: 0.4627
                   reward/feet_air_time: 0.0274
                     reward/under_speed: -0.1429
                       reward/feet_slip: -0.0021
                  reward/feet_clearance: -0.0083
                       reward/lin_vel_z: -0.0089
                      reward/ang_vel_xy: -0.2056
                     reward/base_height: -0.4147
                     reward/orientation: -0.2479
                            reward/pose: -0.0151
                     reward/action_rate: -0.0525
                      reward/action_acc: -0.1573
             Metrics/twist/error_vel_xy: 0.3533
            Metrics/twist/error_vel_yaw: 0.2242
        Episode_Reward/tracking_lin_vel: 0.2718
        Episode_Reward/tracking_ang_vel: 0.0358
              Episode_Reward/feet_phase: 0.0858
     Episode_Reward/feet_phase_contrast: 0.1439
     Episode_Reward/feet_contact_number: 0.1269
           Episode_Reward/feet_air_time: 0.0061
             Episode_Reward/under_speed: -0.0455
               Episode_Reward/feet_slip: -0.0005
          Episode_Reward/feet_clearance: -0.0021
               Episode_Reward/lin_vel_z: -0.0019
              Episode_Reward/ang_vel_xy: -0.0451
             Episode_Reward/base_height: -0.0807
             Episode_Reward/orientation: -0.0482
                    Episode_Reward/pose: -0.0042
             Episode_Reward/action_rate: -0.0142
              Episode_Reward/action_acc: -0.0428
           Episode_Termination/time_out: 0.0000
    Episode_Termination/bad_orientation: 3.0455
--------------------------------------------------------------------------------
                         Iteration time: 0.44s
                           Time elapsed: 00:00:48
                                    ETA: 00:01:09

################################################################################
[1m                           Learning iteration 103/250                           [0m 

                            Total steps: 1277952 
                       Steps per second: 25641 
                        Collection time: 0.414s 
                          Learning time: 0.065s 
                        Mean value loss: 0.1058
                    Mean surrogate loss: -0.0087
                      Mean entropy loss: 5.7233
                            Mean reward: 1.85
                    Mean episode length: 104.36
                        Mean action std: 0.43
                reward/tracking_lin_vel: 1.0320
                reward/tracking_ang_vel: 0.1303
                      reward/feet_phase: 0.4141
             reward/feet_phase_contrast: 0.6103
             reward/feet_contact_number: 0.4646
                   reward/feet_air_time: 0.0148
                     reward/under_speed: -0.1554
                       reward/feet_slip: -0.0021
                  reward/feet_clearance: -0.0075
                       reward/lin_vel_z: -0.0098
                      reward/ang_vel_xy: -0.2119
                     reward/base_height: -0.4115
                     reward/orientation: -0.2438
                            reward/pose: -0.0152
                     reward/action_rate: -0.0526
                      reward/action_acc: -0.1580
             Metrics/twist/error_vel_xy: 0.2865
            Metrics/twist/error_vel_yaw: 0.1725
        Episode_Reward/tracking_lin_vel: 0.0711
        Episode_Reward/tracking_ang_vel: 0.0091
              Episode_Reward/feet_phase: 0.0374
     Episode_Reward/feet_phase_contrast: 0.0620
     Episode_Reward/feet_contact_number: 0.0342
           Episode_Reward/feet_air_time: 0.0040
             Episode_Reward/under_speed: -0.0087
               Episode_Reward/feet_slip: -0.0003
          Episode_Reward/feet_clearance: -0.0007
               Episode_Reward/lin_vel_z: -0.0016
              Episode_Reward/ang_vel_xy: -0.0320
             Episode_Reward/base_height: -0.0731
             Episode_Reward/orientation: -0.0417
                    Episode_Reward/pose: -0.0012
             Episode_Reward/action_rate: -0.0039
              Episode_Reward/action_acc: -0.0115
           Episode_Termination/time_out: 0.0000
    Episode_Termination/bad_orientation: 2.9167
--------------------------------------------------------------------------------
                         Iteration time: 0.48s
                           Time elapsed: 00:00:49
                                    ETA: 00:01:08

################################################################################
[1m                           Learning iteration 104/250                           [0m 

                            Total steps: 1290240 
                       Steps per second: 25399 
                        Collection time: 0.421s 
                          Learning time: 0.063s 
                        Mean value loss: 0.0859
                    Mean surrogate loss: -0.0079
                      Mean entropy loss: 5.7190
                            Mean reward: 1.61
                    Mean episode length: 85.39
                        Mean action std: 0.43
                reward/tracking_lin_vel: 1.0501
                reward/tracking_ang_vel: 0.1321
                      reward/feet_phase: 0.3174
             reward/feet_phase_contrast: 0.5483
             reward/feet_contact_number: 0.4658
                   reward/feet_air_time: 0.0043
                     reward/under_speed: -0.1638
                       reward/feet_slip: -0.0017
                  reward/feet_clearance: -0.0066
                       reward/lin_vel_z: -0.0072
                      reward/ang_vel_xy: -0.1452
                     reward/base_height: -0.2256
                     reward/orientation: -0.1569
                            reward/pose: -0.0145
                     reward/action_rate: -0.0529
                      reward/action_acc: -0.1598
             Metrics/twist/error_vel_xy: 0.2872
            Metrics/twist/error_vel_yaw: 0.1982
        Episode_Reward/tracking_lin_vel: 0.0870
        Episode_Reward/tracking_ang_vel: 0.0110
              Episode_Reward/feet_phase: 0.0496
     Episode_Reward/feet_phase_contrast: 0.0789
     Episode_Reward/feet_contact_number: 0.0398
           Episode_Reward/feet_air_time: 0.0032
             Episode_Reward/under_speed: -0.0109
               Episode_Reward/feet_slip: -0.0003
          Episode_Reward/feet_clearance: -0.0008
               Episode_Reward/lin_vel_z: -0.0018
              Episode_Reward/ang_vel_xy: -0.0327
             Episode_Reward/base_height: -0.0684
             Episode_Reward/orientation: -0.0424
                    Episode_Reward/pose: -0.0013
             Episode_Reward/action_rate: -0.0046
              Episode_Reward/action_acc: -0.0136
           Episode_Termination/time_out: 0.0000
    Episode_Termination/bad_orientation: 2.4444
--------------------------------------------------------------------------------
                         Iteration time: 0.48s
                           Time elapsed: 00:00:49
                                    ETA: 00:01:08

################################################################################
[1m                           Learning iteration 105/250                           [0m 

                            Total steps: 1302528 
                       Steps per second: 25189 
                        Collection time: 0.422s 
                          Learning time: 0.066s 
                        Mean value loss: 0.0588
                    Mean surrogate loss: -0.0086
                      Mean entropy loss: 5.7117
                            Mean reward: 2.16
                    Mean episode length: 88.58
                        Mean action std: 0.43
                reward/tracking_lin_vel: 1.0668
                reward/tracking_ang_vel: 0.1324
                      reward/feet_phase: 0.2807
             reward/feet_phase_contrast: 0.5280
             reward/feet_contact_number: 0.4663
                   reward/feet_air_time: 0.0037
                     reward/under_speed: -0.1674
                       reward/feet_slip: -0.0015
                  reward/feet_clearance: -0.0063
                       reward/lin_vel_z: -0.0059
                      reward/ang_vel_xy: -0.1259
                     reward/base_height: -0.1608
                     reward/orientation: -0.1238
                            reward/pose: -0.0137
                     reward/action_rate: -0.0531
                      reward/action_acc: -0.1604
             Metrics/twist/error_vel_xy: 0.2533
            Metrics/twist/error_vel_yaw: 0.1803
        Episode_Reward/tracking_lin_vel: 0.0731
        Episode_Reward/tracking_ang_vel: 0.0085
              Episode_Reward/feet_phase: 0.0445
     Episode_Reward/feet_phase_contrast: 0.0706
     Episode_Reward/feet_contact_number: 0.0312
           Episode_Reward/feet_air_time: 0.0036
             Episode_Reward/under_speed: -0.0064
               Episode_Reward/feet_slip: -0.0003
          Episode_Reward/feet_clearance: -0.0007
               Episode_Reward/lin_vel_z: -0.0020
              Episode_Reward/ang_vel_xy: -0.0313
             Episode_Reward/base_height: -0.0645
             Episode_Reward/orientation: -0.0426
                    Episode_Reward/pose: -0.0010
             Episode_Reward/action_rate: -0.0036
              Episode_Reward/action_acc: -0.0108
           Episode_Termination/time_out: 0.0000
    Episode_Termination/bad_orientation: 1.7222
--------------------------------------------------------------------------------
                         Iteration time: 0.49s
                           Time elapsed: 00:00:50
                                    ETA: 00:01:07

################################################################################
[1m                           Learning iteration 106/250                           [0m 

                            Total steps: 1314816 
                       Steps per second: 25711 
                        Collection time: 0.413s 
                          Learning time: 0.065s 
                        Mean value loss: 0.0393
                    Mean surrogate loss: -0.0088
                      Mean entropy loss: 5.7025
                            Mean reward: 1.91
                    Mean episode length: 78.85
                        Mean action std: 0.43
                reward/tracking_lin_vel: 1.0621
                reward/tracking_ang_vel: 0.1342
                      reward/feet_phase: 0.2946
             reward/feet_phase_contrast: 0.4909
             reward/feet_contact_number: 0.4640
                   reward/feet_air_time: 0.0021
                     reward/under_speed: -0.1728
                       reward/feet_slip: -0.0014
                  reward/feet_clearance: -0.0060
                       reward/lin_vel_z: -0.0043
                      reward/ang_vel_xy: -0.1010
                     reward/base_height: -0.1000
                     reward/orientation: -0.0896
                            reward/pose: -0.0131
                     reward/action_rate: -0.0527
                      reward/action_acc: -0.1585
--------------------------------------------------------------------------------
                         Iteration time: 0.48s
                           Time elapsed: 00:00:50
                                    ETA: 00:01:07

################################################################################
[1m                           Learning iteration 107/250                           [0m 

                            Total steps: 1327104 
                       Steps per second: 24615 
                        Collection time: 0.435s 
                          Learning time: 0.064s 
                        Mean value loss: 0.0300
                    Mean surrogate loss: -0.0105
                      Mean entropy loss: 5.6721
                            Mean reward: 2.06
                    Mean episode length: 76.28
                        Mean action std: 0.43
                reward/tracking_lin_vel: 1.0616
                reward/tracking_ang_vel: 0.1340
                      reward/feet_phase: 0.3171
             reward/feet_phase_contrast: 0.4744
             reward/feet_contact_number: 0.4676
                   reward/feet_air_time: 0.0007
                     reward/under_speed: -0.1741
                       reward/feet_slip: -0.0013
                  reward/feet_clearance: -0.0058
                       reward/lin_vel_z: -0.0039
                      reward/ang_vel_xy: -0.0961
                     reward/base_height: -0.0817
                     reward/orientation: -0.0816
                            reward/pose: -0.0125
                     reward/action_rate: -0.0522
                      reward/action_acc: -0.1570
             Metrics/twist/error_vel_xy: 0.2003
            Metrics/twist/error_vel_yaw: 0.1746
        Episode_Reward/tracking_lin_vel: 0.0880
        Episode_Reward/tracking_ang_vel: 0.0089
              Episode_Reward/feet_phase: 0.0568
     Episode_Reward/feet_phase_contrast: 0.0912
     Episode_Reward/feet_contact_number: 0.0340
           Episode_Reward/feet_air_time: 0.0006
             Episode_Reward/under_speed: -0.0054
               Episode_Reward/feet_slip: -0.0003
          Episode_Reward/feet_clearance: -0.0006
               Episode_Reward/lin_vel_z: -0.0023
              Episode_Reward/ang_vel_xy: -0.0310
             Episode_Reward/base_height: -0.0530
             Episode_Reward/orientation: -0.0432
                    Episode_Reward/pose: -0.0010
             Episode_Reward/action_rate: -0.0037
              Episode_Reward/action_acc: -0.0109
           Episode_Termination/time_out: 0.0000
    Episode_Termination/bad_orientation: 1.1538
--------------------------------------------------------------------------------
                         Iteration time: 0.50s
                           Time elapsed: 00:00:51
                                    ETA: 00:01:07

################################################################################
[1m                           Learning iteration 108/250                           [0m 

                            Total steps: 1339392 
                       Steps per second: 25123 
                        Collection time: 0.425s 
                          Learning time: 0.065s 
                        Mean value loss: 0.0496
                    Mean surrogate loss: -0.0097
                      Mean entropy loss: 5.6594
                            Mean reward: 2.00
                    Mean episode length: 72.98
                        Mean action std: 0.43
                reward/tracking_lin_vel: 1.0494
                reward/tracking_ang_vel: 0.1358
                      reward/feet_phase: 0.2267
             reward/feet_phase_contrast: 0.4346
             reward/feet_contact_number: 0.4654
                   reward/feet_air_time: 0.0016
                     reward/under_speed: -0.1780
                       reward/feet_slip: -0.0012
                  reward/feet_clearance: -0.0057
                       reward/lin_vel_z: -0.0034
                      reward/ang_vel_xy: -0.0885
                     reward/base_height: -0.0771
                     reward/orientation: -0.0668
                            reward/pose: -0.0118
                     reward/action_rate: -0.0519
                      reward/action_acc: -0.1559
             Metrics/twist/error_vel_xy: 0.2092
            Metrics/twist/error_vel_yaw: 0.1659
        Episode_Reward/tracking_lin_vel: 0.0861
        Episode_Reward/tracking_ang_vel: 0.0088
              Episode_Reward/feet_phase: 0.0523
     Episode_Reward/feet_phase_contrast: 0.0825
     Episode_Reward/feet_contact_number: 0.0335
           Episode_Reward/feet_air_time: 0.0021
             Episode_Reward/under_speed: -0.0060
               Episode_Reward/feet_slip: -0.0003
          Episode_Reward/feet_clearance: -0.0007
               Episode_Reward/lin_vel_z: -0.0021
              Episode_Reward/ang_vel_xy: -0.0306
             Episode_Reward/base_height: -0.0596
             Episode_Reward/orientation: -0.0432
                    Episode_Reward/pose: -0.0011
             Episode_Reward/action_rate: -0.0036
              Episode_Reward/action_acc: -0.0106
           Episode_Termination/time_out: 0.0000
    Episode_Termination/bad_orientation: 1.3333
--------------------------------------------------------------------------------
                         Iteration time: 0.49s
                           Time elapsed: 00:00:51
                                    ETA: 00:01:06

################################################################################
[1m                           Learning iteration 109/250                           [0m 

                            Total steps: 1351680 
                       Steps per second: 25876 
                        Collection time: 0.411s 
                          Learning time: 0.064s 
                        Mean value loss: 0.0238
                    Mean surrogate loss: -0.0092
                      Mean entropy loss: 5.6489
                            Mean reward: 3.94
                    Mean episode length: 123.03
                        Mean action std: 0.43
                reward/tracking_lin_vel: 1.0639
                reward/tracking_ang_vel: 0.1342
                      reward/feet_phase: 0.2304
             reward/feet_phase_contrast: 0.4529
             reward/feet_contact_number: 0.4686
                   reward/feet_air_time: 0.0007
                     reward/under_speed: -0.1789
                       reward/feet_slip: -0.0010
                  reward/feet_clearance: -0.0056
                       reward/lin_vel_z: -0.0022
                      reward/ang_vel_xy: -0.0773
                     reward/base_height: -0.0587
                     reward/orientation: -0.0530
                            reward/pose: -0.0113
                     reward/action_rate: -0.0518
                      reward/action_acc: -0.1563
--------------------------------------------------------------------------------
                         Iteration time: 0.47s
                           Time elapsed: 00:00:51
                                    ETA: 00:01:06

################################################################################
[1m                           Learning iteration 110/250                           [0m 

                            Total steps: 1363968 
                       Steps per second: 25730 
                        Collection time: 0.413s 
                          Learning time: 0.065s 
                        Mean value loss: 0.0193
                    Mean surrogate loss: -0.0085
                      Mean entropy loss: 5.6342
                            Mean reward: 5.87
                    Mean episode length: 179.26
                        Mean action std: 0.42
                reward/tracking_lin_vel: 1.0619
                reward/tracking_ang_vel: 0.1350
                      reward/feet_phase: 0.2901
             reward/feet_phase_contrast: 0.4319
             reward/feet_contact_number: 0.4678
                   reward/feet_air_time: 0.0021
                     reward/under_speed: -0.1796
                       reward/feet_slip: -0.0011
                  reward/feet_clearance: -0.0056
                       reward/lin_vel_z: -0.0021
                      reward/ang_vel_xy: -0.0735
                     reward/base_height: -0.0443
                     reward/orientation: -0.0452
                            reward/pose: -0.0110
                     reward/action_rate: -0.0514
                      reward/action_acc: -0.1541
             Metrics/twist/error_vel_xy: 0.4420
            Metrics/twist/error_vel_yaw: 0.3256
        Episode_Reward/tracking_lin_vel: 0.4924
        Episode_Reward/tracking_ang_vel: 0.0648
              Episode_Reward/feet_phase: 0.1277
     Episode_Reward/feet_phase_contrast: 0.2226
     Episode_Reward/feet_contact_number: 0.2293
           Episode_Reward/feet_air_time: 0.0016
             Episode_Reward/under_speed: -0.0873
               Episode_Reward/feet_slip: -0.0005
          Episode_Reward/feet_clearance: -0.0026
               Episode_Reward/lin_vel_z: -0.0014
              Episode_Reward/ang_vel_xy: -0.0404
             Episode_Reward/base_height: -0.0463
             Episode_Reward/orientation: -0.0372
                    Episode_Reward/pose: -0.0071
             Episode_Reward/action_rate: -0.0254
              Episode_Reward/action_acc: -0.0766
           Episode_Termination/time_out: 0.6000
    Episode_Termination/bad_orientation: 0.7000
--------------------------------------------------------------------------------
                         Iteration time: 0.48s
                           Time elapsed: 00:00:52
                                    ETA: 00:01:05

################################################################################
[1m                           Learning iteration 111/250                           [0m 

                            Total steps: 1376256 
                       Steps per second: 26431 
                        Collection time: 0.402s 
                          Learning time: 0.063s 
                        Mean value loss: 0.0418
                    Mean surrogate loss: -0.0093
                      Mean entropy loss: 5.5999
                            Mean reward: 5.92
                    Mean episode length: 179.71
                        Mean action std: 0.42
                reward/tracking_lin_vel: 1.0754
                reward/tracking_ang_vel: 0.1349
                      reward/feet_phase: 0.2623
             reward/feet_phase_contrast: 0.4436
             reward/feet_contact_number: 0.4668
                   reward/feet_air_time: 0.0000
                     reward/under_speed: -0.1804
                       reward/feet_slip: -0.0010
                  reward/feet_clearance: -0.0054
                       reward/lin_vel_z: -0.0017
                      reward/ang_vel_xy: -0.0670
                     reward/base_height: -0.0231
                     reward/orientation: -0.0360
                            reward/pose: -0.0108
                     reward/action_rate: -0.0523
                      reward/action_acc: -0.1570
--------------------------------------------------------------------------------
                         Iteration time: 0.46s
                           Time elapsed: 00:00:52
                                    ETA: 00:01:05

################################################################################
[1m                           Learning iteration 112/250                           [0m 

                            Total steps: 1388544 
                       Steps per second: 25346 
                        Collection time: 0.423s 
                          Learning time: 0.062s 
                        Mean value loss: 0.0196
                    Mean surrogate loss: -0.0082
                      Mean entropy loss: 5.5891
                            Mean reward: 7.68
                    Mean episode length: 225.72
                        Mean action std: 0.42
                reward/tracking_lin_vel: 1.0725
                reward/tracking_ang_vel: 0.1346
                      reward/feet_phase: 0.2170
             reward/feet_phase_contrast: 0.4376
             reward/feet_contact_number: 0.4641
                   reward/feet_air_time: 0.0001
                     reward/under_speed: -0.1805
                       reward/feet_slip: -0.0010
                  reward/feet_clearance: -0.0054
                       reward/lin_vel_z: -0.0016
                      reward/ang_vel_xy: -0.0695
                     reward/base_height: -0.0359
                     reward/orientation: -0.0384
                            reward/pose: -0.0111
                     reward/action_rate: -0.0523
                      reward/action_acc: -0.1566
--------------------------------------------------------------------------------
                         Iteration time: 0.48s
                           Time elapsed: 00:00:53
                                    ETA: 00:01:04

################################################################################
[1m                           Learning iteration 113/250                           [0m 

                            Total steps: 1400832 
                       Steps per second: 25895 
                        Collection time: 0.411s 
                          Learning time: 0.064s 
                        Mean value loss: 0.0158
                    Mean surrogate loss: -0.0100
                      Mean entropy loss: 5.5756
                            Mean reward: 7.98
                    Mean episode length: 235.39
                        Mean action std: 0.42
                reward/tracking_lin_vel: 1.0715
                reward/tracking_ang_vel: 0.1362
                      reward/feet_phase: 0.2428
             reward/feet_phase_contrast: 0.4230
             reward/feet_contact_number: 0.4674
                   reward/feet_air_time: 0.0001
                     reward/under_speed: -0.1811
                       reward/feet_slip: -0.0010
                  reward/feet_clearance: -0.0054
                       reward/lin_vel_z: -0.0016
                      reward/ang_vel_xy: -0.0674
                     reward/base_height: -0.0260
                     reward/orientation: -0.0353
                            reward/pose: -0.0113
                     reward/action_rate: -0.0520
                      reward/action_acc: -0.1570
--------------------------------------------------------------------------------
                         Iteration time: 0.47s
                           Time elapsed: 00:00:53
                                    ETA: 00:01:04

################################################################################
[1m                           Learning iteration 114/250                           [0m 

                            Total steps: 1413120 
                       Steps per second: 25978 
                        Collection time: 0.406s 
                          Learning time: 0.067s 
                        Mean value loss: 0.0157
                    Mean surrogate loss: -0.0102
                      Mean entropy loss: 5.5488
                            Mean reward: 8.32
                    Mean episode length: 244.17
                        Mean action std: 0.42
                reward/tracking_lin_vel: 1.0793
                reward/tracking_ang_vel: 0.1355
                      reward/feet_phase: 0.2924
             reward/feet_phase_contrast: 0.4271
             reward/feet_contact_number: 0.4683
                   reward/feet_air_time: 0.0000
                     reward/under_speed: -0.1812
                       reward/feet_slip: -0.0009
                  reward/feet_clearance: -0.0052
                       reward/lin_vel_z: -0.0016
                      reward/ang_vel_xy: -0.0637
                     reward/base_height: -0.0184
                     reward/orientation: -0.0318
                            reward/pose: -0.0112
                     reward/action_rate: -0.0515
                      reward/action_acc: -0.1550
             Metrics/twist/error_vel_xy: 0.2879
            Metrics/twist/error_vel_yaw: 0.1952
        Episode_Reward/tracking_lin_vel: 0.3584
        Episode_Reward/tracking_ang_vel: 0.0499
              Episode_Reward/feet_phase: 0.1105
     Episode_Reward/feet_phase_contrast: 0.1901
     Episode_Reward/feet_contact_number: 0.1689
           Episode_Reward/feet_air_time: 0.0013
             Episode_Reward/under_speed: -0.0621
               Episode_Reward/feet_slip: -0.0005
          Episode_Reward/feet_clearance: -0.0023
               Episode_Reward/lin_vel_z: -0.0023
              Episode_Reward/ang_vel_xy: -0.0352
             Episode_Reward/base_height: -0.0379
             Episode_Reward/orientation: -0.0403
                    Episode_Reward/pose: -0.0057
             Episode_Reward/action_rate: -0.0190
              Episode_Reward/action_acc: -0.0570
           Episode_Termination/time_out: 0.3333
    Episode_Termination/bad_orientation: 0.6667
--------------------------------------------------------------------------------
                         Iteration time: 0.47s
                           Time elapsed: 00:00:54
                                    ETA: 00:01:03

################################################################################
[1m                           Learning iteration 115/250                           [0m 

                            Total steps: 1425408 
                       Steps per second: 25655 
                        Collection time: 0.413s 
                          Learning time: 0.066s 
                        Mean value loss: 0.0162
                    Mean surrogate loss: -0.0103
                      Mean entropy loss: 5.5244
                            Mean reward: 8.72
                    Mean episode length: 253.71
                        Mean action std: 0.42
                reward/tracking_lin_vel: 1.0812
                reward/tracking_ang_vel: 0.1354
                      reward/feet_phase: 0.2227
             reward/feet_phase_contrast: 0.4303
             reward/feet_contact_number: 0.4686
                   reward/feet_air_time: 0.0000
                     reward/under_speed: -0.1811
                       reward/feet_slip: -0.0009
                  reward/feet_clearance: -0.0053
                       reward/lin_vel_z: -0.0013
                      reward/ang_vel_xy: -0.0658
                     reward/base_height: -0.0136
                     reward/orientation: -0.0287
                            reward/pose: -0.0114
                     reward/action_rate: -0.0517
                      reward/action_acc: -0.1550
--------------------------------------------------------------------------------
                         Iteration time: 0.48s
                           Time elapsed: 00:00:54
                                    ETA: 00:01:03

################################################################################
[1m                           Learning iteration 116/250                           [0m 

                            Total steps: 1437696 
                       Steps per second: 26622 
                        Collection time: 0.398s 
                          Learning time: 0.063s 
                        Mean value loss: 3.6469
                    Mean surrogate loss: -0.0076
                      Mean entropy loss: 5.5165
                            Mean reward: 8.72
                    Mean episode length: 253.71
                        Mean action std: 0.42
                reward/tracking_lin_vel: 0.8558
                reward/tracking_ang_vel: 0.1282
                      reward/feet_phase: 0.2809
             reward/feet_phase_contrast: 0.5471
             reward/feet_contact_number: 0.4632
                   reward/feet_air_time: 0.0080
                     reward/under_speed: -0.1599
                       reward/feet_slip: -0.0032
                  reward/feet_clearance: -0.0126
                       reward/lin_vel_z: -0.0074
                      reward/ang_vel_xy: -0.1558
                     reward/base_height: -0.0125
                     reward/orientation: -0.0440
                            reward/pose: -0.0117
                     reward/action_rate: -0.0518
                      reward/action_acc: -0.1537
--------------------------------------------------------------------------------
                         Iteration time: 0.46s
                           Time elapsed: 00:00:55
                                    ETA: 00:01:02

################################################################################
[1m                           Learning iteration 117/250                           [0m 

                            Total steps: 1449984 
                       Steps per second: 33549 
                        Collection time: 0.302s 
                          Learning time: 0.064s 
                        Mean value loss: 0.1938
                    Mean surrogate loss: -0.0110
                      Mean entropy loss: 5.5168
                            Mean reward: 13.34
                    Mean episode length: 434.88
                        Mean action std: 0.42
                reward/tracking_lin_vel: 0.6078
                reward/tracking_ang_vel: 0.1096
                      reward/feet_phase: 0.4981
             reward/feet_phase_contrast: 0.7653
             reward/feet_contact_number: 0.4369
                   reward/feet_air_time: 0.2164
                     reward/under_speed: -0.1156
                       reward/feet_slip: -0.0037
                  reward/feet_clearance: -0.0148
                       reward/lin_vel_z: -0.0406
                      reward/ang_vel_xy: -0.7316
                     reward/base_height: -1.2934
                     reward/orientation: -0.7397
                            reward/pose: -0.0175
                     reward/action_rate: -0.0506
                      reward/action_acc: -0.1488
--------------------------------------------------------------------------------
                         Iteration time: 0.37s
                           Time elapsed: 00:00:55
                                    ETA: 00:01:02

################################################################################
[1m                           Learning iteration 118/250                           [0m 

                            Total steps: 1462272 
                       Steps per second: 26387 
                        Collection time: 0.399s 
                          Learning time: 0.067s 
                        Mean value loss: 0.2118
                    Mean surrogate loss: -0.0117
                      Mean entropy loss: 5.5142
                            Mean reward: 13.89
                    Mean episode length: 439.85
                        Mean action std: 0.42
                reward/tracking_lin_vel: 1.0205
                reward/tracking_ang_vel: 0.1223
                      reward/feet_phase: 0.5432
             reward/feet_phase_contrast: 0.8270
             reward/feet_contact_number: 0.4517
                   reward/feet_air_time: 0.0467
                     reward/under_speed: -0.1339
                       reward/feet_slip: -0.0026
                  reward/feet_clearance: -0.0116
                       reward/lin_vel_z: -0.0155
                      reward/ang_vel_xy: -0.3580
                     reward/base_height: -0.9324
                     reward/orientation: -0.3622
                            reward/pose: -0.0113
                     reward/action_rate: -0.0513
                      reward/action_acc: -0.1507
             Metrics/twist/error_vel_xy: 0.4312
            Metrics/twist/error_vel_yaw: 0.2634
        Episode_Reward/tracking_lin_vel: 0.4450
        Episode_Reward/tracking_ang_vel: 0.0569
              Episode_Reward/feet_phase: 0.1262
     Episode_Reward/feet_phase_contrast: 0.2137
     Episode_Reward/feet_contact_number: 0.1993
           Episode_Reward/feet_air_time: 0.0094
             Episode_Reward/under_speed: -0.0741
               Episode_Reward/feet_slip: -0.0006
          Episode_Reward/feet_clearance: -0.0031
               Episode_Reward/lin_vel_z: -0.0019
              Episode_Reward/ang_vel_xy: -0.0569
             Episode_Reward/base_height: -0.0875
             Episode_Reward/orientation: -0.0508
                    Episode_Reward/pose: -0.0057
             Episode_Reward/action_rate: -0.0225
              Episode_Reward/action_acc: -0.0676
           Episode_Termination/time_out: 0.0000
    Episode_Termination/bad_orientation: 7.4348
--------------------------------------------------------------------------------
                         Iteration time: 0.47s
                           Time elapsed: 00:00:56
                                    ETA: 00:01:01

################################################################################
[1m                           Learning iteration 119/250                           [0m 

                            Total steps: 1474560 
                       Steps per second: 26856 
                        Collection time: 0.392s 
                          Learning time: 0.066s 
                        Mean value loss: 0.1111
                    Mean surrogate loss: -0.0100
                      Mean entropy loss: 5.5053
                            Mean reward: 7.08
                    Mean episode length: 253.48
                        Mean action std: 0.42
                reward/tracking_lin_vel: 1.0591
                reward/tracking_ang_vel: 0.1288
                      reward/feet_phase: 0.3651
             reward/feet_phase_contrast: 0.6753
             reward/feet_contact_number: 0.4628
                   reward/feet_air_time: 0.0172
                     reward/under_speed: -0.1532
                       reward/feet_slip: -0.0020
                  reward/feet_clearance: -0.0079
                       reward/lin_vel_z: -0.0091
                      reward/ang_vel_xy: -0.2118
                     reward/base_height: -0.3624
                     reward/orientation: -0.2319
                            reward/pose: -0.0126
                     reward/action_rate: -0.0513
                      reward/action_acc: -0.1525
             Metrics/twist/error_vel_xy: 0.3429
            Metrics/twist/error_vel_yaw: 0.1907
        Episode_Reward/tracking_lin_vel: 0.1489
        Episode_Reward/tracking_ang_vel: 0.0215
              Episode_Reward/feet_phase: 0.0560
     Episode_Reward/feet_phase_contrast: 0.0934
     Episode_Reward/feet_contact_number: 0.0772
           Episode_Reward/feet_air_time: 0.0037
             Episode_Reward/under_speed: -0.0270
               Episode_Reward/feet_slip: -0.0003
          Episode_Reward/feet_clearance: -0.0013
               Episode_Reward/lin_vel_z: -0.0016
              Episode_Reward/ang_vel_xy: -0.0406
             Episode_Reward/base_height: -0.0770
             Episode_Reward/orientation: -0.0423
                    Episode_Reward/pose: -0.0024
             Episode_Reward/action_rate: -0.0086
              Episode_Reward/action_acc: -0.0257
           Episode_Termination/time_out: 0.0000
    Episode_Termination/bad_orientation: 2.7273
--------------------------------------------------------------------------------
                         Iteration time: 0.46s
                           Time elapsed: 00:00:56
                                    ETA: 00:01:01

################################################################################
[1m                           Learning iteration 120/250                           [0m 

                            Total steps: 1486848 
                       Steps per second: 25785 
                        Collection time: 0.415s 
                          Learning time: 0.062s 
                        Mean value loss: 0.0996
                    Mean surrogate loss: -0.0077
                      Mean entropy loss: 5.5007
                            Mean reward: 1.99
                    Mean episode length: 110.10
                        Mean action std: 0.42
                reward/tracking_lin_vel: 1.0467
                reward/tracking_ang_vel: 0.1325
                      reward/feet_phase: 0.3098
             reward/feet_phase_contrast: 0.5589
             reward/feet_contact_number: 0.4625
                   reward/feet_air_time: 0.0085
                     reward/under_speed: -0.1645
                       reward/feet_slip: -0.0019
                  reward/feet_clearance: -0.0074
                       reward/lin_vel_z: -0.0081
                      reward/ang_vel_xy: -0.1691
                     reward/base_height: -0.2842
                     reward/orientation: -0.1711
                            reward/pose: -0.0119
                     reward/action_rate: -0.0516
                      reward/action_acc: -0.1534
             Metrics/twist/error_vel_xy: 0.2942
            Metrics/twist/error_vel_yaw: 0.1806
        Episode_Reward/tracking_lin_vel: 0.0687
        Episode_Reward/tracking_ang_vel: 0.0094
              Episode_Reward/feet_phase: 0.0372
     Episode_Reward/feet_phase_contrast: 0.0609
     Episode_Reward/feet_contact_number: 0.0350
           Episode_Reward/feet_air_time: 0.0044
             Episode_Reward/under_speed: -0.0099
               Episode_Reward/feet_slip: -0.0002
          Episode_Reward/feet_clearance: -0.0008
               Episode_Reward/lin_vel_z: -0.0018
              Episode_Reward/ang_vel_xy: -0.0328
             Episode_Reward/base_height: -0.0679
             Episode_Reward/orientation: -0.0413
                    Episode_Reward/pose: -0.0011
             Episode_Reward/action_rate: -0.0040
              Episode_Reward/action_acc: -0.0117
           Episode_Termination/time_out: 0.0000
    Episode_Termination/bad_orientation: 2.4762
--------------------------------------------------------------------------------
                         Iteration time: 0.48s
                           Time elapsed: 00:00:57
                                    ETA: 00:01:00

################################################################################
[1m                           Learning iteration 121/250                           [0m 

                            Total steps: 1499136 
                       Steps per second: 24631 
                        Collection time: 0.435s 
                          Learning time: 0.064s 
                        Mean value loss: 0.0595
                    Mean surrogate loss: -0.0087
                      Mean entropy loss: 5.4936
                            Mean reward: 1.53
                    Mean episode length: 90.36
                        Mean action std: 0.42
                reward/tracking_lin_vel: 1.0698
                reward/tracking_ang_vel: 0.1319
                      reward/feet_phase: 0.3681
             reward/feet_phase_contrast: 0.5335
             reward/feet_contact_number: 0.4690
                   reward/feet_air_time: 0.0057
                     reward/under_speed: -0.1700
                       reward/feet_slip: -0.0015
                  reward/feet_clearance: -0.0065
                       reward/lin_vel_z: -0.0049
                      reward/ang_vel_xy: -0.1245
                     reward/base_height: -0.1537
                     reward/orientation: -0.1111
                            reward/pose: -0.0117
                     reward/action_rate: -0.0514
                      reward/action_acc: -0.1528
             Metrics/twist/error_vel_xy: 0.2990
            Metrics/twist/error_vel_yaw: 0.2007
        Episode_Reward/tracking_lin_vel: 0.0798
        Episode_Reward/tracking_ang_vel: 0.0098
              Episode_Reward/feet_phase: 0.0387
     Episode_Reward/feet_phase_contrast: 0.0621
     Episode_Reward/feet_contact_number: 0.0367
           Episode_Reward/feet_air_time: 0.0026
             Episode_Reward/under_speed: -0.0105
               Episode_Reward/feet_slip: -0.0003
          Episode_Reward/feet_clearance: -0.0007
               Episode_Reward/lin_vel_z: -0.0016
              Episode_Reward/ang_vel_xy: -0.0322
             Episode_Reward/base_height: -0.0678
             Episode_Reward/orientation: -0.0422
                    Episode_Reward/pose: -0.0012
             Episode_Reward/action_rate: -0.0041
              Episode_Reward/action_acc: -0.0122
           Episode_Termination/time_out: 0.0000
    Episode_Termination/bad_orientation: 1.7059
--------------------------------------------------------------------------------
                         Iteration time: 0.50s
                           Time elapsed: 00:00:57
                                    ETA: 00:01:00

################################################################################
[1m                           Learning iteration 122/250                           [0m 

                            Total steps: 1511424 
                       Steps per second: 22055 
                        Collection time: 0.481s 
                          Learning time: 0.076s 
                        Mean value loss: 0.0318
                    Mean surrogate loss: -0.0103
                      Mean entropy loss: 5.4797
                            Mean reward: 1.51
                    Mean episode length: 86.90
                        Mean action std: 0.42
                reward/tracking_lin_vel: 1.0716
                reward/tracking_ang_vel: 0.1326
                      reward/feet_phase: 0.2662
             reward/feet_phase_contrast: 0.4819
             reward/feet_contact_number: 0.4621
                   reward/feet_air_time: 0.0031
                     reward/under_speed: -0.1750
                       reward/feet_slip: -0.0012
                  reward/feet_clearance: -0.0061
                       reward/lin_vel_z: -0.0035
                      reward/ang_vel_xy: -0.1029
                     reward/base_height: -0.1103
                     reward/orientation: -0.0760
                            reward/pose: -0.0115
                     reward/action_rate: -0.0515
                      reward/action_acc: -0.1530
             Metrics/twist/error_vel_xy: 0.2738
            Metrics/twist/error_vel_yaw: 0.1939
        Episode_Reward/tracking_lin_vel: 0.0654
        Episode_Reward/tracking_ang_vel: 0.0081
              Episode_Reward/feet_phase: 0.0450
     Episode_Reward/feet_phase_contrast: 0.0701
     Episode_Reward/feet_contact_number: 0.0289
           Episode_Reward/feet_air_time: 0.0071
             Episode_Reward/under_speed: -0.0071
               Episode_Reward/feet_slip: -0.0002
          Episode_Reward/feet_clearance: -0.0009
               Episode_Reward/lin_vel_z: -0.0017
              Episode_Reward/ang_vel_xy: -0.0332
             Episode_Reward/base_height: -0.0730
             Episode_Reward/orientation: -0.0417
                    Episode_Reward/pose: -0.0010
             Episode_Reward/action_rate: -0.0035
              Episode_Reward/action_acc: -0.0101
           Episode_Termination/time_out: 0.0000
    Episode_Termination/bad_orientation: 1.3571
--------------------------------------------------------------------------------
                         Iteration time: 0.56s
                           Time elapsed: 00:00:58
                                    ETA: 00:00:59

################################################################################
[1m                           Learning iteration 123/250                           [0m 

                            Total steps: 1523712 
                       Steps per second: 22258 
                        Collection time: 0.485s 
                          Learning time: 0.067s 
                        Mean value loss: 0.0527
                    Mean surrogate loss: -0.0073
                      Mean entropy loss: 5.4691
                            Mean reward: 1.11
                    Mean episode length: 73.21
                        Mean action std: 0.42
                reward/tracking_lin_vel: 1.0721
                reward/tracking_ang_vel: 0.1315
                      reward/feet_phase: 0.2350
             reward/feet_phase_contrast: 0.4697
             reward/feet_contact_number: 0.4653
                   reward/feet_air_time: 0.0012
                     reward/under_speed: -0.1779
                       reward/feet_slip: -0.0012
                  reward/feet_clearance: -0.0059
                       reward/lin_vel_z: -0.0025
                      reward/ang_vel_xy: -0.0817
                     reward/base_height: -0.0549
                     reward/orientation: -0.0505
                            reward/pose: -0.0111
                     reward/action_rate: -0.0514
                      reward/action_acc: -0.1526
             Metrics/twist/error_vel_xy: 0.2541
            Metrics/twist/error_vel_yaw: 0.1721
        Episode_Reward/tracking_lin_vel: 0.0589
        Episode_Reward/tracking_ang_vel: 0.0078
              Episode_Reward/feet_phase: 0.0424
     Episode_Reward/feet_phase_contrast: 0.0680
     Episode_Reward/feet_contact_number: 0.0306
           Episode_Reward/feet_air_time: 0.0043
             Episode_Reward/under_speed: -0.0066
               Episode_Reward/feet_slip: -0.0003
          Episode_Reward/feet_clearance: -0.0008
               Episode_Reward/lin_vel_z: -0.0019
              Episode_Reward/ang_vel_xy: -0.0324
             Episode_Reward/base_height: -0.0624
             Episode_Reward/orientation: -0.0405
                    Episode_Reward/pose: -0.0010
             Episode_Reward/action_rate: -0.0034
              Episode_Reward/action_acc: -0.0102
           Episode_Termination/time_out: 0.0000
    Episode_Termination/bad_orientation: 1.2500
--------------------------------------------------------------------------------
                         Iteration time: 0.55s
                           Time elapsed: 00:00:58
                                    ETA: 00:00:59

################################################################################
[1m                           Learning iteration 124/250                           [0m 

                            Total steps: 1536000 
                       Steps per second: 22847 
                        Collection time: 0.474s 
                          Learning time: 0.064s 
                        Mean value loss: 0.0241
                    Mean surrogate loss: -0.0074
                      Mean entropy loss: 5.4618
                            Mean reward: 1.47
                    Mean episode length: 83.14
                        Mean action std: 0.42
                reward/tracking_lin_vel: 1.0722
                reward/tracking_ang_vel: 0.1338
                      reward/feet_phase: 0.2924
             reward/feet_phase_contrast: 0.4610
             reward/feet_contact_number: 0.4645
                   reward/feet_air_time: 0.0026
                     reward/under_speed: -0.1788
                       reward/feet_slip: -0.0012
                  reward/feet_clearance: -0.0059
                       reward/lin_vel_z: -0.0023
                      reward/ang_vel_xy: -0.0836
                     reward/base_height: -0.0491
                     reward/orientation: -0.0490
                            reward/pose: -0.0110
                     reward/action_rate: -0.0515
                      reward/action_acc: -0.1525
--------------------------------------------------------------------------------
                         Iteration time: 0.54s
                           Time elapsed: 00:00:59
                                    ETA: 00:00:59

################################################################################
[1m                           Learning iteration 125/250                           [0m 

                            Total steps: 1548288 
                       Steps per second: 24393 
                        Collection time: 0.438s 
                          Learning time: 0.066s 
                        Mean value loss: 0.0195
                    Mean surrogate loss: -0.0114
                      Mean entropy loss: 5.4378
                            Mean reward: 2.55
                    Mean episode length: 111.87
                        Mean action std: 0.42
                reward/tracking_lin_vel: 1.0722
                reward/tracking_ang_vel: 0.1329
                      reward/feet_phase: 0.2892
             reward/feet_phase_contrast: 0.4452
             reward/feet_contact_number: 0.4659
                   reward/feet_air_time: 0.0007
                     reward/under_speed: -0.1799
                       reward/feet_slip: -0.0011
                  reward/feet_clearance: -0.0058
                       reward/lin_vel_z: -0.0016
                      reward/ang_vel_xy: -0.0717
                     reward/base_height: -0.0172
                     reward/orientation: -0.0349
                            reward/pose: -0.0107
                     reward/action_rate: -0.0514
                      reward/action_acc: -0.1524
--------------------------------------------------------------------------------
                         Iteration time: 0.50s
                           Time elapsed: 00:00:59
                                    ETA: 00:00:58

################################################################################
[1m                           Learning iteration 126/250                           [0m 

                            Total steps: 1560576 
                       Steps per second: 24411 
                        Collection time: 0.439s 
                          Learning time: 0.064s 
                        Mean value loss: 0.0254
                    Mean surrogate loss: -0.0075
                      Mean entropy loss: 5.4122
                            Mean reward: 5.63
                    Mean episode length: 192.99
                        Mean action std: 0.42
                reward/tracking_lin_vel: 1.0843
                reward/tracking_ang_vel: 0.1341
                      reward/feet_phase: 0.2381
             reward/feet_phase_contrast: 0.4709
             reward/feet_contact_number: 0.4679
                   reward/feet_air_time: 0.0001
                     reward/under_speed: -0.1781
                       reward/feet_slip: -0.0011
                  reward/feet_clearance: -0.0059
                       reward/lin_vel_z: -0.0018
                      reward/ang_vel_xy: -0.0783
                     reward/base_height: -0.0386
                     reward/orientation: -0.0393
                            reward/pose: -0.0107
                     reward/action_rate: -0.0513
                      reward/action_acc: -0.1516
--------------------------------------------------------------------------------
                         Iteration time: 0.50s
                           Time elapsed: 00:01:00
                                    ETA: 00:00:58

################################################################################
[1m                           Learning iteration 127/250                           [0m 

                            Total steps: 1572864 
                       Steps per second: 25278 
                        Collection time: 0.421s 
                          Learning time: 0.065s 
                        Mean value loss: 0.0164
                    Mean surrogate loss: -0.0083
                      Mean entropy loss: 5.4042
                            Mean reward: 6.37
                    Mean episode length: 211.56
                        Mean action std: 0.42
                reward/tracking_lin_vel: 1.0805
                reward/tracking_ang_vel: 0.1340
                      reward/feet_phase: 0.2417
             reward/feet_phase_contrast: 0.4525
             reward/feet_contact_number: 0.4646
                   reward/feet_air_time: 0.0002
                     reward/under_speed: -0.1795
                       reward/feet_slip: -0.0011
                  reward/feet_clearance: -0.0057
                       reward/lin_vel_z: -0.0019
                      reward/ang_vel_xy: -0.0768
                     reward/base_height: -0.0335
                     reward/orientation: -0.0409
                            reward/pose: -0.0109
                     reward/action_rate: -0.0512
                      reward/action_acc: -0.1517
--------------------------------------------------------------------------------
                         Iteration time: 0.49s
                           Time elapsed: 00:01:00
                                    ETA: 00:00:57

################################################################################
[1m                           Learning iteration 128/250                           [0m 

                            Total steps: 1585152 
                       Steps per second: 25447 
                        Collection time: 0.420s 
                          Learning time: 0.063s 
                        Mean value loss: 0.0295
                    Mean surrogate loss: -0.0100
                      Mean entropy loss: 5.3779
                            Mean reward: 7.47
                    Mean episode length: 239.64
                        Mean action std: 0.41
                reward/tracking_lin_vel: 1.0903
                reward/tracking_ang_vel: 0.1331
                      reward/feet_phase: 0.3204
             reward/feet_phase_contrast: 0.4676
             reward/feet_contact_number: 0.4646
                   reward/feet_air_time: 0.0013
                     reward/under_speed: -0.1786
                       reward/feet_slip: -0.0011
                  reward/feet_clearance: -0.0058
                       reward/lin_vel_z: -0.0016
                      reward/ang_vel_xy: -0.0728
                     reward/base_height: -0.0215
                     reward/orientation: -0.0347
                            reward/pose: -0.0107
                     reward/action_rate: -0.0510
                      reward/action_acc: -0.1508
--------------------------------------------------------------------------------
                         Iteration time: 0.48s
                           Time elapsed: 00:01:01
                                    ETA: 00:00:57

################################################################################
[1m                           Learning iteration 129/250                           [0m 

                            Total steps: 1597440 
                       Steps per second: 25084 
                        Collection time: 0.424s 
                          Learning time: 0.066s 
                        Mean value loss: 0.0145
                    Mean surrogate loss: -0.0103
                      Mean entropy loss: 5.3601
                            Mean reward: 7.49
                    Mean episode length: 239.28
                        Mean action std: 0.41
                reward/tracking_lin_vel: 1.0850
                reward/tracking_ang_vel: 0.1347
                      reward/feet_phase: 0.2613
             reward/feet_phase_contrast: 0.4665
             reward/feet_contact_number: 0.4654
                   reward/feet_air_time: 0.0005
                     reward/under_speed: -0.1793
                       reward/feet_slip: -0.0011
                  reward/feet_clearance: -0.0058
                       reward/lin_vel_z: -0.0017
                      reward/ang_vel_xy: -0.0716
                     reward/base_height: -0.0196
                     reward/orientation: -0.0354
                            reward/pose: -0.0108
                     reward/action_rate: -0.0512
                      reward/action_acc: -0.1515
--------------------------------------------------------------------------------
                         Iteration time: 0.49s
                           Time elapsed: 00:01:01
                                    ETA: 00:00:56

################################################################################
[1m                           Learning iteration 130/250                           [0m 

                            Total steps: 1609728 
                       Steps per second: 25255 
                        Collection time: 0.423s 
                          Learning time: 0.063s 
                        Mean value loss: 0.0138
                    Mean surrogate loss: -0.0092
                      Mean entropy loss: 5.3394
                            Mean reward: 8.20
                    Mean episode length: 257.92
                        Mean action std: 0.41
                reward/tracking_lin_vel: 1.0852
                reward/tracking_ang_vel: 0.1349
                      reward/feet_phase: 0.2279
             reward/feet_phase_contrast: 0.4713
             reward/feet_contact_number: 0.4677
                   reward/feet_air_time: 0.0005
                     reward/under_speed: -0.1790
                       reward/feet_slip: -0.0011
                  reward/feet_clearance: -0.0058
                       reward/lin_vel_z: -0.0015
                      reward/ang_vel_xy: -0.0725
                     reward/base_height: -0.0117
                     reward/orientation: -0.0295
                            reward/pose: -0.0107
                     reward/action_rate: -0.0512
                      reward/action_acc: -0.1513
--------------------------------------------------------------------------------
                         Iteration time: 0.49s
                           Time elapsed: 00:01:02
                                    ETA: 00:00:56

################################################################################
[1m                           Learning iteration 131/250                           [0m 

                            Total steps: 1622016 
                       Steps per second: 24970 
                        Collection time: 0.427s 
                          Learning time: 0.065s 
                        Mean value loss: 0.0125
                    Mean surrogate loss: -0.0103
                      Mean entropy loss: 5.2980
                            Mean reward: 8.20
                    Mean episode length: 257.92
                        Mean action std: 0.41
                reward/tracking_lin_vel: 1.0811
                reward/tracking_ang_vel: 0.1344
                      reward/feet_phase: 0.2780
             reward/feet_phase_contrast: 0.4588
             reward/feet_contact_number: 0.4653
                   reward/feet_air_time: 0.0000
                     reward/under_speed: -0.1799
                       reward/feet_slip: -0.0010
                  reward/feet_clearance: -0.0057
                       reward/lin_vel_z: -0.0015
                      reward/ang_vel_xy: -0.0707
                     reward/base_height: -0.0115
                     reward/orientation: -0.0304
                            reward/pose: -0.0106
                     reward/action_rate: -0.0508
                      reward/action_acc: -0.1506
--------------------------------------------------------------------------------
                         Iteration time: 0.49s
                           Time elapsed: 00:01:02
                                    ETA: 00:00:55

################################################################################
[1m                           Learning iteration 132/250                           [0m 

                            Total steps: 1634304 
                       Steps per second: 25742 
                        Collection time: 0.412s 
                          Learning time: 0.066s 
                        Mean value loss: 0.0147
                    Mean surrogate loss: -0.0109
                      Mean entropy loss: 5.2700
                            Mean reward: 8.62
                    Mean episode length: 267.24
                        Mean action std: 0.41
                reward/tracking_lin_vel: 1.0885
                reward/tracking_ang_vel: 0.1348
                      reward/feet_phase: 0.3153
             reward/feet_phase_contrast: 0.4710
             reward/feet_contact_number: 0.4645
                   reward/feet_air_time: 0.0000
                     reward/under_speed: -0.1791
                       reward/feet_slip: -0.0011
                  reward/feet_clearance: -0.0057
                       reward/lin_vel_z: -0.0016
                      reward/ang_vel_xy: -0.0751
                     reward/base_height: -0.0149
                     reward/orientation: -0.0318
                            reward/pose: -0.0105
                     reward/action_rate: -0.0510
                      reward/action_acc: -0.1512
--------------------------------------------------------------------------------
                         Iteration time: 0.48s
                           Time elapsed: 00:01:03
                                    ETA: 00:00:55

################################################################################
[1m                           Learning iteration 133/250                           [0m 

                            Total steps: 1646592 
                       Steps per second: 31796 
                        Collection time: 0.320s 
                          Learning time: 0.066s 
                        Mean value loss: 3.0661
                    Mean surrogate loss: -0.0095
                      Mean entropy loss: 5.2418
                            Mean reward: 8.72
                    Mean episode length: 270.19
                        Mean action std: 0.41
                reward/tracking_lin_vel: 0.6709
                reward/tracking_ang_vel: 0.1184
                      reward/feet_phase: 0.3282
             reward/feet_phase_contrast: 0.6250
             reward/feet_contact_number: 0.4562
                   reward/feet_air_time: 0.0805
                     reward/under_speed: -0.1430
                       reward/feet_slip: -0.0041
                  reward/feet_clearance: -0.0154
                       reward/lin_vel_z: -0.0164
                      reward/ang_vel_xy: -0.2942
                     reward/base_height: -0.0371
                     reward/orientation: -0.1561
                            reward/pose: -0.0126
                     reward/action_rate: -0.0518
                      reward/action_acc: -0.1507
--------------------------------------------------------------------------------
                         Iteration time: 0.39s
                           Time elapsed: 00:01:03
                                    ETA: 00:00:54

################################################################################
[1m                           Learning iteration 134/250                           [0m 

                            Total steps: 1658880 
                       Steps per second: 27762 
                        Collection time: 0.378s 
                          Learning time: 0.065s 
                        Mean value loss: 0.1814
                    Mean surrogate loss: -0.0114
                      Mean entropy loss: 5.2411
                            Mean reward: 13.16
                    Mean episode length: 414.31
                        Mean action std: 0.41
                reward/tracking_lin_vel: 0.7161
                reward/tracking_ang_vel: 0.1108
                      reward/feet_phase: 0.4063
             reward/feet_phase_contrast: 0.7320
             reward/feet_contact_number: 0.4392
                   reward/feet_air_time: 0.1672
                     reward/under_speed: -0.1238
                       reward/feet_slip: -0.0035
                  reward/feet_clearance: -0.0157
                       reward/lin_vel_z: -0.0404
                      reward/ang_vel_xy: -0.7303
                     reward/base_height: -1.6088
                     reward/orientation: -0.7710
                            reward/pose: -0.0145
                     reward/action_rate: -0.0509
                      reward/action_acc: -0.1467
--------------------------------------------------------------------------------
                         Iteration time: 0.44s
                           Time elapsed: 00:01:03
                                    ETA: 00:00:54

################################################################################
[1m                           Learning iteration 135/250                           [0m 

                            Total steps: 1671168 
                       Steps per second: 25959 
                        Collection time: 0.408s 
                          Learning time: 0.065s 
                        Mean value loss: 0.1558
                    Mean surrogate loss: -0.0110
                      Mean entropy loss: 5.2398
                            Mean reward: 12.06
                    Mean episode length: 395.17
                        Mean action std: 0.41
                reward/tracking_lin_vel: 1.1144
                reward/tracking_ang_vel: 0.1232
                      reward/feet_phase: 0.5599
             reward/feet_phase_contrast: 0.8124
             reward/feet_contact_number: 0.4609
                   reward/feet_air_time: 0.0249
                     reward/under_speed: -0.1434
                       reward/feet_slip: -0.0023
                  reward/feet_clearance: -0.0098
                       reward/lin_vel_z: -0.0091
                      reward/ang_vel_xy: -0.2301
                     reward/base_height: -0.4916
                     reward/orientation: -0.2364
                            reward/pose: -0.0117
                     reward/action_rate: -0.0514
                      reward/action_acc: -0.1492
             Metrics/twist/error_vel_xy: 0.4095
            Metrics/twist/error_vel_yaw: 0.2557
        Episode_Reward/tracking_lin_vel: 0.3684
        Episode_Reward/tracking_ang_vel: 0.0479
              Episode_Reward/feet_phase: 0.1127
     Episode_Reward/feet_phase_contrast: 0.1899
     Episode_Reward/feet_contact_number: 0.1694
           Episode_Reward/feet_air_time: 0.0079
             Episode_Reward/under_speed: -0.0623
               Episode_Reward/feet_slip: -0.0006
          Episode_Reward/feet_clearance: -0.0028
               Episode_Reward/lin_vel_z: -0.0019
              Episode_Reward/ang_vel_xy: -0.0540
             Episode_Reward/base_height: -0.0832
             Episode_Reward/orientation: -0.0499
                    Episode_Reward/pose: -0.0041
             Episode_Reward/action_rate: -0.0189
              Episode_Reward/action_acc: -0.0559
           Episode_Termination/time_out: 0.0000
    Episode_Termination/bad_orientation: 3.6667
--------------------------------------------------------------------------------
                         Iteration time: 0.47s
                           Time elapsed: 00:01:04
                                    ETA: 00:00:53

################################################################################
[1m                           Learning iteration 136/250                           [0m 

                            Total steps: 1683456 
                       Steps per second: 27258 
                        Collection time: 0.388s 
                          Learning time: 0.062s 
                        Mean value loss: 0.1038
                    Mean surrogate loss: -0.0093
                      Mean entropy loss: 5.2348
                            Mean reward: 7.42
                    Mean episode length: 258.14
                        Mean action std: 0.41
                reward/tracking_lin_vel: 1.0583
                reward/tracking_ang_vel: 0.1270
                      reward/feet_phase: 0.3696
             reward/feet_phase_contrast: 0.6290
             reward/feet_contact_number: 0.4668
                   reward/feet_air_time: 0.0193
                     reward/under_speed: -0.1582
                       reward/feet_slip: -0.0019
                  reward/feet_clearance: -0.0079
                       reward/lin_vel_z: -0.0073
                      reward/ang_vel_xy: -0.1800
                     reward/base_height: -0.2559
                     reward/orientation: -0.1798
                            reward/pose: -0.0124
                     reward/action_rate: -0.0514
                      reward/action_acc: -0.1489
             Metrics/twist/error_vel_xy: 0.3210
            Metrics/twist/error_vel_yaw: 0.2090
        Episode_Reward/tracking_lin_vel: 0.1383
        Episode_Reward/tracking_ang_vel: 0.0183
              Episode_Reward/feet_phase: 0.0533
     Episode_Reward/feet_phase_contrast: 0.0866
     Episode_Reward/feet_contact_number: 0.0695
           Episode_Reward/feet_air_time: 0.0067
             Episode_Reward/under_speed: -0.0234
               Episode_Reward/feet_slip: -0.0003
          Episode_Reward/feet_clearance: -0.0014
               Episode_Reward/lin_vel_z: -0.0017
              Episode_Reward/ang_vel_xy: -0.0379
             Episode_Reward/base_height: -0.0742
             Episode_Reward/orientation: -0.0425
                    Episode_Reward/pose: -0.0019
             Episode_Reward/action_rate: -0.0076
              Episode_Reward/action_acc: -0.0225
           Episode_Termination/time_out: 0.0000
    Episode_Termination/bad_orientation: 2.3158
--------------------------------------------------------------------------------
                         Iteration time: 0.45s
                           Time elapsed: 00:01:04
                                    ETA: 00:00:53

################################################################################
[1m                           Learning iteration 137/250                           [0m 

                            Total steps: 1695744 
                       Steps per second: 24447 
                        Collection time: 0.437s 
                          Learning time: 0.066s 
                        Mean value loss: 0.0626
                    Mean surrogate loss: -0.0090
                      Mean entropy loss: 5.2328
                            Mean reward: 2.67
                    Mean episode length: 124.45
                        Mean action std: 0.41
                reward/tracking_lin_vel: 1.0644
                reward/tracking_ang_vel: 0.1278
                      reward/feet_phase: 0.3057
             reward/feet_phase_contrast: 0.5769
             reward/feet_contact_number: 0.4590
                   reward/feet_air_time: 0.0070
                     reward/under_speed: -0.1641
                       reward/feet_slip: -0.0016
                  reward/feet_clearance: -0.0071
                       reward/lin_vel_z: -0.0070
                      reward/ang_vel_xy: -0.1746
                     reward/base_height: -0.2376
                     reward/orientation: -0.1560
                            reward/pose: -0.0116
                     reward/action_rate: -0.0511
                      reward/action_acc: -0.1485
             Metrics/twist/error_vel_xy: 0.3140
            Metrics/twist/error_vel_yaw: 0.2130
        Episode_Reward/tracking_lin_vel: 0.0956
        Episode_Reward/tracking_ang_vel: 0.0127
              Episode_Reward/feet_phase: 0.0466
     Episode_Reward/feet_phase_contrast: 0.0749
     Episode_Reward/feet_contact_number: 0.0470
           Episode_Reward/feet_air_time: 0.0047
             Episode_Reward/under_speed: -0.0144
               Episode_Reward/feet_slip: -0.0003
          Episode_Reward/feet_clearance: -0.0011
               Episode_Reward/lin_vel_z: -0.0016
              Episode_Reward/ang_vel_xy: -0.0345
             Episode_Reward/base_height: -0.0637
             Episode_Reward/orientation: -0.0422
                    Episode_Reward/pose: -0.0013
             Episode_Reward/action_rate: -0.0053
              Episode_Reward/action_acc: -0.0154
           Episode_Termination/time_out: 0.0000
    Episode_Termination/bad_orientation: 2.0952
--------------------------------------------------------------------------------
                         Iteration time: 0.50s
                           Time elapsed: 00:01:05
                                    ETA: 00:00:53

################################################################################
[1m                           Learning iteration 138/250                           [0m 

                            Total steps: 1708032 
                       Steps per second: 24908 
                        Collection time: 0.429s 
                          Learning time: 0.064s 
                        Mean value loss: 0.0570
                    Mean surrogate loss: -0.0108
                      Mean entropy loss: 5.2165
                            Mean reward: 2.50
                    Mean episode length: 108.87
                        Mean action std: 0.41
                reward/tracking_lin_vel: 1.0847
                reward/tracking_ang_vel: 0.1303
                      reward/feet_phase: 0.3297
             reward/feet_phase_contrast: 0.5627
             reward/feet_contact_number: 0.4659
                   reward/feet_air_time: 0.0043
                     reward/under_speed: -0.1672
                       reward/feet_slip: -0.0015
                  reward/feet_clearance: -0.0065
                       reward/lin_vel_z: -0.0054
                      reward/ang_vel_xy: -0.1324
                     reward/base_height: -0.1192
                     reward/orientation: -0.0980
                            reward/pose: -0.0110
                     reward/action_rate: -0.0511
                      reward/action_acc: -0.1491
             Metrics/twist/error_vel_xy: 0.2791
            Metrics/twist/error_vel_yaw: 0.2135
        Episode_Reward/tracking_lin_vel: 0.1155
        Episode_Reward/tracking_ang_vel: 0.0136
              Episode_Reward/feet_phase: 0.0574
     Episode_Reward/feet_phase_contrast: 0.0947
     Episode_Reward/feet_contact_number: 0.0511
           Episode_Reward/feet_air_time: 0.0024
             Episode_Reward/under_speed: -0.0137
               Episode_Reward/feet_slip: -0.0003
          Episode_Reward/feet_clearance: -0.0010
               Episode_Reward/lin_vel_z: -0.0023
              Episode_Reward/ang_vel_xy: -0.0353
             Episode_Reward/base_height: -0.0584
             Episode_Reward/orientation: -0.0434
                    Episode_Reward/pose: -0.0012
             Episode_Reward/action_rate: -0.0057
              Episode_Reward/action_acc: -0.0165
           Episode_Termination/time_out: 0.0000
    Episode_Termination/bad_orientation: 1.5625
--------------------------------------------------------------------------------
                         Iteration time: 0.49s
                           Time elapsed: 00:01:05
                                    ETA: 00:00:52

################################################################################
[1m                           Learning iteration 139/250                           [0m 

                            Total steps: 1720320 
                       Steps per second: 24321 
                        Collection time: 0.439s 
                          Learning time: 0.066s 
                        Mean value loss: 0.0379
                    Mean surrogate loss: -0.0095
                      Mean entropy loss: 5.1879
                            Mean reward: 2.30
                    Mean episode length: 101.67
                        Mean action std: 0.41
                reward/tracking_lin_vel: 1.0660
                reward/tracking_ang_vel: 0.1311
                      reward/feet_phase: 0.3475
             reward/feet_phase_contrast: 0.5131
             reward/feet_contact_number: 0.4660
                   reward/feet_air_time: 0.0028
                     reward/under_speed: -0.1728
                       reward/feet_slip: -0.0013
                  reward/feet_clearance: -0.0062
                       reward/lin_vel_z: -0.0044
                      reward/ang_vel_xy: -0.1250
                     reward/base_height: -0.1155
                     reward/orientation: -0.0894
                            reward/pose: -0.0107
                     reward/action_rate: -0.0508
                      reward/action_acc: -0.1485
             Metrics/twist/error_vel_xy: 0.2334
            Metrics/twist/error_vel_yaw: 0.1601
        Episode_Reward/tracking_lin_vel: 0.0861
        Episode_Reward/tracking_ang_vel: 0.0098
              Episode_Reward/feet_phase: 0.0427
     Episode_Reward/feet_phase_contrast: 0.0701
     Episode_Reward/feet_contact_number: 0.0372
           Episode_Reward/feet_air_time: 0.0020
             Episode_Reward/under_speed: -0.0094
               Episode_Reward/feet_slip: -0.0002
          Episode_Reward/feet_clearance: -0.0007
               Episode_Reward/lin_vel_z: -0.0018
              Episode_Reward/ang_vel_xy: -0.0335
             Episode_Reward/base_height: -0.0627
             Episode_Reward/orientation: -0.0407
                    Episode_Reward/pose: -0.0009
             Episode_Reward/action_rate: -0.0040
              Episode_Reward/action_acc: -0.0115
           Episode_Termination/time_out: 0.0000
    Episode_Termination/bad_orientation: 1.5000
--------------------------------------------------------------------------------
                         Iteration time: 0.51s
                           Time elapsed: 00:01:06
                                    ETA: 00:00:52

################################################################################
[1m                           Learning iteration 140/250                           [0m 

                            Total steps: 1732608 
                       Steps per second: 23759 
                        Collection time: 0.439s 
                          Learning time: 0.078s 
                        Mean value loss: 0.0258
                    Mean surrogate loss: -0.0097
                      Mean entropy loss: 5.1777
                            Mean reward: 2.29
                    Mean episode length: 97.95
                        Mean action std: 0.41
                reward/tracking_lin_vel: 1.0847
                reward/tracking_ang_vel: 0.1326
                      reward/feet_phase: 0.2765
             reward/feet_phase_contrast: 0.5233
             reward/feet_contact_number: 0.4611
                   reward/feet_air_time: 0.0027
                     reward/under_speed: -0.1746
                       reward/feet_slip: -0.0012
                  reward/feet_clearance: -0.0061
                       reward/lin_vel_z: -0.0029
                      reward/ang_vel_xy: -0.1040
                     reward/base_height: -0.0580
                     reward/orientation: -0.0566
                            reward/pose: -0.0104
                     reward/action_rate: -0.0510
                      reward/action_acc: -0.1491
--------------------------------------------------------------------------------
                         Iteration time: 0.52s
                           Time elapsed: 00:01:06
                                    ETA: 00:00:51

################################################################################
[1m                           Learning iteration 141/250                           [0m 

                            Total steps: 1744896 
                       Steps per second: 24967 
                        Collection time: 0.428s 
                          Learning time: 0.065s 
                        Mean value loss: 0.0319
                    Mean surrogate loss: -0.0074
                      Mean entropy loss: 5.1626
                            Mean reward: 2.13
                    Mean episode length: 94.62
                        Mean action std: 0.41
                reward/tracking_lin_vel: 1.0898
                reward/tracking_ang_vel: 0.1313
                      reward/feet_phase: 0.2558
             reward/feet_phase_contrast: 0.5047
             reward/feet_contact_number: 0.4634
                   reward/feet_air_time: 0.0026
                     reward/under_speed: -0.1756
                       reward/feet_slip: -0.0012
                  reward/feet_clearance: -0.0059
                       reward/lin_vel_z: -0.0020
                      reward/ang_vel_xy: -0.0915
                     reward/base_height: -0.0368
                     reward/orientation: -0.0455
                            reward/pose: -0.0104
                     reward/action_rate: -0.0507
                      reward/action_acc: -0.1478
             Metrics/twist/error_vel_xy: 0.2715
            Metrics/twist/error_vel_yaw: 0.1472
        Episode_Reward/tracking_lin_vel: 0.0522
        Episode_Reward/tracking_ang_vel: 0.0083
              Episode_Reward/feet_phase: 0.0304
     Episode_Reward/feet_phase_contrast: 0.0479
     Episode_Reward/feet_contact_number: 0.0307
           Episode_Reward/feet_air_time: 0.0005
             Episode_Reward/under_speed: -0.0088
               Episode_Reward/feet_slip: -0.0002
          Episode_Reward/feet_clearance: -0.0006
               Episode_Reward/lin_vel_z: -0.0013
              Episode_Reward/ang_vel_xy: -0.0327
             Episode_Reward/base_height: -0.0631
             Episode_Reward/orientation: -0.0418
                    Episode_Reward/pose: -0.0008
             Episode_Reward/action_rate: -0.0034
              Episode_Reward/action_acc: -0.0096
           Episode_Termination/time_out: 0.0000
    Episode_Termination/bad_orientation: 1.0000
--------------------------------------------------------------------------------
                         Iteration time: 0.49s
                           Time elapsed: 00:01:07
                                    ETA: 00:00:51

################################################################################
[1m                           Learning iteration 142/250                           [0m 

                            Total steps: 1757184 
                       Steps per second: 23155 
                        Collection time: 0.463s 
                          Learning time: 0.067s 
                        Mean value loss: 0.0227
                    Mean surrogate loss: -0.0084
                      Mean entropy loss: 5.1379
                            Mean reward: 7.19
                    Mean episode length: 218.49
                        Mean action std: 0.40
                reward/tracking_lin_vel: 1.0762
                reward/tracking_ang_vel: 0.1312
                      reward/feet_phase: 0.3218
             reward/feet_phase_contrast: 0.4908
             reward/feet_contact_number: 0.4654
                   reward/feet_air_time: 0.0005
                     reward/under_speed: -0.1774
                       reward/feet_slip: -0.0012
                  reward/feet_clearance: -0.0061
                       reward/lin_vel_z: -0.0022
                      reward/ang_vel_xy: -0.0955
                     reward/base_height: -0.0540
                     reward/orientation: -0.0455
                            reward/pose: -0.0102
                     reward/action_rate: -0.0510
                      reward/action_acc: -0.1486
--------------------------------------------------------------------------------
                         Iteration time: 0.53s
                           Time elapsed: 00:01:07
                                    ETA: 00:00:50

################################################################################
[1m                           Learning iteration 143/250                           [0m 

                            Total steps: 1769472 
                       Steps per second: 25084 
                        Collection time: 0.425s 
                          Learning time: 0.065s 
                        Mean value loss: 0.0306
                    Mean surrogate loss: -0.0083
                      Mean entropy loss: 5.1208
                            Mean reward: 7.65
                    Mean episode length: 233.51
                        Mean action std: 0.40
                reward/tracking_lin_vel: 1.0844
                reward/tracking_ang_vel: 0.1303
                      reward/feet_phase: 0.3079
             reward/feet_phase_contrast: 0.4983
             reward/feet_contact_number: 0.4673
                   reward/feet_air_time: 0.0013
                     reward/under_speed: -0.1772
                       reward/feet_slip: -0.0011
                  reward/feet_clearance: -0.0059
                       reward/lin_vel_z: -0.0018
                      reward/ang_vel_xy: -0.0894
                     reward/base_height: -0.0317
                     reward/orientation: -0.0401
                            reward/pose: -0.0100
                     reward/action_rate: -0.0504
                      reward/action_acc: -0.1466
--------------------------------------------------------------------------------
                         Iteration time: 0.49s
                           Time elapsed: 00:01:08
                                    ETA: 00:00:50

################################################################################
[1m                           Learning iteration 144/250                           [0m 

                            Total steps: 1781760 
                       Steps per second: 24231 
                        Collection time: 0.442s 
                          Learning time: 0.066s 
                        Mean value loss: 0.0262
                    Mean surrogate loss: -0.0074
                      Mean entropy loss: 5.1150
                            Mean reward: 7.75
                    Mean episode length: 238.28
                        Mean action std: 0.40
                reward/tracking_lin_vel: 1.0892
                reward/tracking_ang_vel: 0.1297
                      reward/feet_phase: 0.2529
             reward/feet_phase_contrast: 0.5120
             reward/feet_contact_number: 0.4641
                   reward/feet_air_time: 0.0008
                     reward/under_speed: -0.1763
                       reward/feet_slip: -0.0012
                  reward/feet_clearance: -0.0060
                       reward/lin_vel_z: -0.0020
                      reward/ang_vel_xy: -0.0935
                     reward/base_height: -0.0389
                     reward/orientation: -0.0421
                            reward/pose: -0.0101
                     reward/action_rate: -0.0504
                      reward/action_acc: -0.1457
--------------------------------------------------------------------------------
                         Iteration time: 0.51s
                           Time elapsed: 00:01:08
                                    ETA: 00:00:49

################################################################################
[1m                           Learning iteration 145/250                           [0m 

                            Total steps: 1794048 
                       Steps per second: 21310 
                        Collection time: 0.502s 
                          Learning time: 0.075s 
                        Mean value loss: 0.0256
                    Mean surrogate loss: -0.0093
                      Mean entropy loss: 5.1072
                            Mean reward: 8.84
                    Mean episode length: 266.23
                        Mean action std: 0.40
                reward/tracking_lin_vel: 1.0909
                reward/tracking_ang_vel: 0.1295
                      reward/feet_phase: 0.2798
             reward/feet_phase_contrast: 0.5096
             reward/feet_contact_number: 0.4681
                   reward/feet_air_time: 0.0014
                     reward/under_speed: -0.1764
                       reward/feet_slip: -0.0012
                  reward/feet_clearance: -0.0062
                       reward/lin_vel_z: -0.0019
                      reward/ang_vel_xy: -0.0892
                     reward/base_height: -0.0257
                     reward/orientation: -0.0341
                            reward/pose: -0.0102
                     reward/action_rate: -0.0506
                      reward/action_acc: -0.1463
--------------------------------------------------------------------------------
                         Iteration time: 0.58s
                           Time elapsed: 00:01:09
                                    ETA: 00:00:49

################################################################################
[1m                           Learning iteration 146/250                           [0m 

                            Total steps: 1806336 
                       Steps per second: 21531 
                        Collection time: 0.495s 
                          Learning time: 0.076s 
                        Mean value loss: 0.0176
                    Mean surrogate loss: -0.0119
                      Mean entropy loss: 5.0776
                            Mean reward: 9.62
                    Mean episode length: 285.04
                        Mean action std: 0.40
                reward/tracking_lin_vel: 1.0939
                reward/tracking_ang_vel: 0.1308
                      reward/feet_phase: 0.3575
             reward/feet_phase_contrast: 0.5184
             reward/feet_contact_number: 0.4672
                   reward/feet_air_time: 0.0006
                     reward/under_speed: -0.1761
                       reward/feet_slip: -0.0012
                  reward/feet_clearance: -0.0061
                       reward/lin_vel_z: -0.0021
                      reward/ang_vel_xy: -0.0898
                     reward/base_height: -0.0193
                     reward/orientation: -0.0371
                            reward/pose: -0.0102
                     reward/action_rate: -0.0510
                      reward/action_acc: -0.1473
--------------------------------------------------------------------------------
                         Iteration time: 0.57s
                           Time elapsed: 00:01:10
                                    ETA: 00:00:49

################################################################################
[1m                           Learning iteration 147/250                           [0m 

                            Total steps: 1818624 
                       Steps per second: 22742 
                        Collection time: 0.472s 
                          Learning time: 0.068s 
                        Mean value loss: 0.0151
                    Mean surrogate loss: -0.0101
                      Mean entropy loss: 5.0543
                            Mean reward: 9.65
                    Mean episode length: 284.78
                        Mean action std: 0.40
                reward/tracking_lin_vel: 1.0994
                reward/tracking_ang_vel: 0.1284
                      reward/feet_phase: 0.2896
             reward/feet_phase_contrast: 0.5267
             reward/feet_contact_number: 0.4681
                   reward/feet_air_time: 0.0000
                     reward/under_speed: -0.1756
                       reward/feet_slip: -0.0012
                  reward/feet_clearance: -0.0060
                       reward/lin_vel_z: -0.0020
                      reward/ang_vel_xy: -0.0941
                     reward/base_height: -0.0183
                     reward/orientation: -0.0344
                            reward/pose: -0.0101
                     reward/action_rate: -0.0509
                      reward/action_acc: -0.1464
--------------------------------------------------------------------------------
                         Iteration time: 0.54s
                           Time elapsed: 00:01:10
                                    ETA: 00:00:48

################################################################################
[1m                           Learning iteration 148/250                           [0m 

                            Total steps: 1830912 
                       Steps per second: 24922 
                        Collection time: 0.427s 
                          Learning time: 0.066s 
                        Mean value loss: 0.0147
                    Mean surrogate loss: -0.0088
                      Mean entropy loss: 5.0313
                            Mean reward: 9.69
                    Mean episode length: 284.90
                        Mean action std: 0.40
                reward/tracking_lin_vel: 1.0967
                reward/tracking_ang_vel: 0.1276
                      reward/feet_phase: 0.2504
             reward/feet_phase_contrast: 0.5083
             reward/feet_contact_number: 0.4622
                   reward/feet_air_time: 0.0000
                     reward/under_speed: -0.1766
                       reward/feet_slip: -0.0012
                  reward/feet_clearance: -0.0061
                       reward/lin_vel_z: -0.0019
                      reward/ang_vel_xy: -0.0914
                     reward/base_height: -0.0144
                     reward/orientation: -0.0310
                            reward/pose: -0.0103
                     reward/action_rate: -0.0505
                      reward/action_acc: -0.1445
--------------------------------------------------------------------------------
                         Iteration time: 0.49s
                           Time elapsed: 00:01:11
                                    ETA: 00:00:48

################################################################################
[1m                           Learning iteration 149/250                           [0m 

                            Total steps: 1843200 
                       Steps per second: 24424 
                        Collection time: 0.431s 
                          Learning time: 0.072s 
                        Mean value loss: 2.4125
                    Mean surrogate loss: -0.0096
                      Mean entropy loss: 5.0240
                            Mean reward: 9.75
                    Mean episode length: 286.11
                        Mean action std: 0.40
                reward/tracking_lin_vel: 1.1038
                reward/tracking_ang_vel: 0.1290
                      reward/feet_phase: 0.3277
             reward/feet_phase_contrast: 0.5272
             reward/feet_contact_number: 0.4657
                   reward/feet_air_time: 0.0000
                     reward/under_speed: -0.1762
                       reward/feet_slip: -0.0012
                  reward/feet_clearance: -0.0061
                       reward/lin_vel_z: -0.0019
                      reward/ang_vel_xy: -0.0921
                     reward/base_height: -0.0162
                     reward/orientation: -0.0314
                            reward/pose: -0.0102
                     reward/action_rate: -0.0509
                      reward/action_acc: -0.1456
--------------------------------------------------------------------------------
                         Iteration time: 0.50s
                           Time elapsed: 00:01:11
                                    ETA: 00:00:47

################################################################################
[1m                           Learning iteration 150/250                           [0m 

                            Total steps: 1855488 
                       Steps per second: 34954 
                        Collection time: 0.285s 
                          Learning time: 0.067s 
                        Mean value loss: 0.3839
                    Mean surrogate loss: -0.0114
                      Mean entropy loss: 5.0224
                            Mean reward: 18.18
                    Mean episode length: 507.48
                        Mean action std: 0.40
                reward/tracking_lin_vel: 0.5645
                reward/tracking_ang_vel: 0.1066
                      reward/feet_phase: 0.4634
             reward/feet_phase_contrast: 0.7620
             reward/feet_contact_number: 0.4349
                   reward/feet_air_time: 0.1695
                     reward/under_speed: -0.1208
                       reward/feet_slip: -0.0048
                  reward/feet_clearance: -0.0183
                       reward/lin_vel_z: -0.0308
                      reward/ang_vel_xy: -0.5355
                     reward/base_height: -0.4169
                     reward/orientation: -0.4101
                            reward/pose: -0.0157
                     reward/action_rate: -0.0528
                      reward/action_acc: -0.1498
--------------------------------------------------------------------------------
                         Iteration time: 0.35s
                           Time elapsed: 00:01:11
                                    ETA: 00:00:47

################################################################################
[1m                           Learning iteration 151/250                           [0m 

                            Total steps: 1867776 
                       Steps per second: 28109 
                        Collection time: 0.373s 
                          Learning time: 0.064s 
                        Mean value loss: 0.2145
                    Mean surrogate loss: -0.0105
                      Mean entropy loss: 5.0129
                            Mean reward: 14.26
                    Mean episode length: 430.08
                        Mean action std: 0.40
                reward/tracking_lin_vel: 0.9259
                reward/tracking_ang_vel: 0.1120
                      reward/feet_phase: 0.4851
             reward/feet_phase_contrast: 0.8133
             reward/feet_contact_number: 0.4606
                   reward/feet_air_time: 0.0809
                     reward/under_speed: -0.1262
                       reward/feet_slip: -0.0034
                  reward/feet_clearance: -0.0146
                       reward/lin_vel_z: -0.0259
                      reward/ang_vel_xy: -0.5574
                     reward/base_height: -1.3789
                     reward/orientation: -0.5438
                            reward/pose: -0.0129
                     reward/action_rate: -0.0516
                      reward/action_acc: -0.1451
             Metrics/twist/error_vel_xy: 0.4149
            Metrics/twist/error_vel_yaw: 0.2522
        Episode_Reward/tracking_lin_vel: 0.4599
        Episode_Reward/tracking_ang_vel: 0.0566
              Episode_Reward/feet_phase: 0.1408
     Episode_Reward/feet_phase_contrast: 0.2393
     Episode_Reward/feet_contact_number: 0.2039
           Episode_Reward/feet_air_time: 0.0084
             Episode_Reward/under_speed: -0.0744
               Episode_Reward/feet_slip: -0.0007
          Episode_Reward/feet_clearance: -0.0033
               Episode_Reward/lin_vel_z: -0.0023
              Episode_Reward/ang_vel_xy: -0.0673
             Episode_Reward/base_height: -0.0785
             Episode_Reward/orientation: -0.0467
                    Episode_Reward/pose: -0.0048
             Episode_Reward/action_rate: -0.0223
              Episode_Reward/action_acc: -0.0650
           Episode_Termination/time_out: 0.0000
    Episode_Termination/bad_orientation: 10.8333
--------------------------------------------------------------------------------
                         Iteration time: 0.44s
                           Time elapsed: 00:01:12
                                    ETA: 00:00:46

################################################################################
[1m                           Learning iteration 152/250                           [0m 

                            Total steps: 1880064 
                       Steps per second: 27465 
                        Collection time: 0.382s 
                          Learning time: 0.065s 
                        Mean value loss: 0.1707
                    Mean surrogate loss: -0.0108
                      Mean entropy loss: 5.0109
                            Mean reward: 11.97
                    Mean episode length: 360.79
                        Mean action std: 0.40
                reward/tracking_lin_vel: 1.0911
                reward/tracking_ang_vel: 0.1178
                      reward/feet_phase: 0.4429
             reward/feet_phase_contrast: 0.7772
             reward/feet_contact_number: 0.4559
                   reward/feet_air_time: 0.0203
                     reward/under_speed: -0.1448
                       reward/feet_slip: -0.0025
                  reward/feet_clearance: -0.0094
                       reward/lin_vel_z: -0.0091
                      reward/ang_vel_xy: -0.2365
                     reward/base_height: -0.3216
                     reward/orientation: -0.2112
                            reward/pose: -0.0120
                     reward/action_rate: -0.0530
                      reward/action_acc: -0.1491
             Metrics/twist/error_vel_xy: 0.3565
            Metrics/twist/error_vel_yaw: 0.2537
        Episode_Reward/tracking_lin_vel: 0.3101
        Episode_Reward/tracking_ang_vel: 0.0372
              Episode_Reward/feet_phase: 0.1046
     Episode_Reward/feet_phase_contrast: 0.1763
     Episode_Reward/feet_contact_number: 0.1392
           Episode_Reward/feet_air_time: 0.0074
             Episode_Reward/under_speed: -0.0491
               Episode_Reward/feet_slip: -0.0005
          Episode_Reward/feet_clearance: -0.0022
               Episode_Reward/lin_vel_z: -0.0019
              Episode_Reward/ang_vel_xy: -0.0549
             Episode_Reward/base_height: -0.0795
             Episode_Reward/orientation: -0.0459
                    Episode_Reward/pose: -0.0039
             Episode_Reward/action_rate: -0.0155
              Episode_Reward/action_acc: -0.0447
           Episode_Termination/time_out: 0.0000
    Episode_Termination/bad_orientation: 2.7143
--------------------------------------------------------------------------------
                         Iteration time: 0.45s
                           Time elapsed: 00:01:12
                                    ETA: 00:00:46

################################################################################
[1m                           Learning iteration 153/250                           [0m 

                            Total steps: 1892352 
                       Steps per second: 25349 
                        Collection time: 0.419s 
                          Learning time: 0.065s 
                        Mean value loss: 0.1322
                    Mean surrogate loss: -0.0112
                      Mean entropy loss: 5.0025
                            Mean reward: 4.89
                    Mean episode length: 175.98
                        Mean action std: 0.40
                reward/tracking_lin_vel: 1.0617
                reward/tracking_ang_vel: 0.1214
                      reward/feet_phase: 0.4548
             reward/feet_phase_contrast: 0.6650
             reward/feet_contact_number: 0.4609
                   reward/feet_air_time: 0.0084
                     reward/under_speed: -0.1565
                       reward/feet_slip: -0.0022
                  reward/feet_clearance: -0.0081
                       reward/lin_vel_z: -0.0095
                      reward/ang_vel_xy: -0.2311
                     reward/base_height: -0.3252
                     reward/orientation: -0.1959
                            reward/pose: -0.0119
                     reward/action_rate: -0.0525
                      reward/action_acc: -0.1472
             Metrics/twist/error_vel_xy: 0.3034
            Metrics/twist/error_vel_yaw: 0.2158
        Episode_Reward/tracking_lin_vel: 0.1302
        Episode_Reward/tracking_ang_vel: 0.0158
              Episode_Reward/feet_phase: 0.0567
     Episode_Reward/feet_phase_contrast: 0.0950
     Episode_Reward/feet_contact_number: 0.0589
           Episode_Reward/feet_air_time: 0.0037
             Episode_Reward/under_speed: -0.0182
               Episode_Reward/feet_slip: -0.0004
          Episode_Reward/feet_clearance: -0.0012
               Episode_Reward/lin_vel_z: -0.0019
              Episode_Reward/ang_vel_xy: -0.0402
             Episode_Reward/base_height: -0.0633
             Episode_Reward/orientation: -0.0407
                    Episode_Reward/pose: -0.0016
             Episode_Reward/action_rate: -0.0067
              Episode_Reward/action_acc: -0.0191
           Episode_Termination/time_out: 0.0000
    Episode_Termination/bad_orientation: 2.8182
--------------------------------------------------------------------------------
                         Iteration time: 0.48s
                           Time elapsed: 00:01:13
                                    ETA: 00:00:45

################################################################################
[1m                           Learning iteration 154/250                           [0m 

                            Total steps: 1904640 
                       Steps per second: 25193 
                        Collection time: 0.422s 
                          Learning time: 0.066s 
                        Mean value loss: 0.0512
                    Mean surrogate loss: -0.0101
                      Mean entropy loss: 4.9863
                            Mean reward: 2.78
                    Mean episode length: 120.53
                        Mean action std: 0.40
                reward/tracking_lin_vel: 1.0774
                reward/tracking_ang_vel: 0.1235
                      reward/feet_phase: 0.3443
             reward/feet_phase_contrast: 0.6018
             reward/feet_contact_number: 0.4615
                   reward/feet_air_time: 0.0090
                     reward/under_speed: -0.1631
                       reward/feet_slip: -0.0018
                  reward/feet_clearance: -0.0074
                       reward/lin_vel_z: -0.0063
                      reward/ang_vel_xy: -0.1766
                     reward/base_height: -0.1985
                     reward/orientation: -0.1341
                            reward/pose: -0.0109
                     reward/action_rate: -0.0522
                      reward/action_acc: -0.1467
             Metrics/twist/error_vel_xy: 0.3434
            Metrics/twist/error_vel_yaw: 0.2456
        Episode_Reward/tracking_lin_vel: 0.0995
        Episode_Reward/tracking_ang_vel: 0.0118
              Episode_Reward/feet_phase: 0.0480
     Episode_Reward/feet_phase_contrast: 0.0776
     Episode_Reward/feet_contact_number: 0.0453
           Episode_Reward/feet_air_time: 0.0035
             Episode_Reward/under_speed: -0.0139
               Episode_Reward/feet_slip: -0.0003
          Episode_Reward/feet_clearance: -0.0010
               Episode_Reward/lin_vel_z: -0.0016
              Episode_Reward/ang_vel_xy: -0.0365
             Episode_Reward/base_height: -0.0678
             Episode_Reward/orientation: -0.0425
                    Episode_Reward/pose: -0.0013
             Episode_Reward/action_rate: -0.0053
              Episode_Reward/action_acc: -0.0149
           Episode_Termination/time_out: 0.0000
    Episode_Termination/bad_orientation: 2.1053
--------------------------------------------------------------------------------
                         Iteration time: 0.49s
                           Time elapsed: 00:01:13
                                    ETA: 00:00:45

################################################################################
[1m                           Learning iteration 155/250                           [0m 

                            Total steps: 1916928 
                       Steps per second: 24016 
                        Collection time: 0.447s 
                          Learning time: 0.065s 
                        Mean value loss: 0.0674
                    Mean surrogate loss: -0.0083
                      Mean entropy loss: 4.9725
                            Mean reward: 2.02
                    Mean episode length: 98.84
                        Mean action std: 0.40
                reward/tracking_lin_vel: 1.0771
                reward/tracking_ang_vel: 0.1245
                      reward/feet_phase: 0.3150
             reward/feet_phase_contrast: 0.6053
             reward/feet_contact_number: 0.4684
                   reward/feet_air_time: 0.0014
                     reward/under_speed: -0.1660
                       reward/feet_slip: -0.0017
                  reward/feet_clearance: -0.0071
                       reward/lin_vel_z: -0.0058
                      reward/ang_vel_xy: -0.1557
                     reward/base_height: -0.1282
                     reward/orientation: -0.1004
                            reward/pose: -0.0102
                     reward/action_rate: -0.0517
                      reward/action_acc: -0.1444
             Metrics/twist/error_vel_xy: 0.2717
            Metrics/twist/error_vel_yaw: 0.2340
        Episode_Reward/tracking_lin_vel: 0.0874
        Episode_Reward/tracking_ang_vel: 0.0089
              Episode_Reward/feet_phase: 0.0523
     Episode_Reward/feet_phase_contrast: 0.0838
     Episode_Reward/feet_contact_number: 0.0353
           Episode_Reward/feet_air_time: 0.0027
             Episode_Reward/under_speed: -0.0082
               Episode_Reward/feet_slip: -0.0003
          Episode_Reward/feet_clearance: -0.0008
               Episode_Reward/lin_vel_z: -0.0021
              Episode_Reward/ang_vel_xy: -0.0358
             Episode_Reward/base_height: -0.0568
             Episode_Reward/orientation: -0.0414
                    Episode_Reward/pose: -0.0011
             Episode_Reward/action_rate: -0.0043
              Episode_Reward/action_acc: -0.0114
           Episode_Termination/time_out: 0.0000
    Episode_Termination/bad_orientation: 1.7333
--------------------------------------------------------------------------------
                         Iteration time: 0.51s
                           Time elapsed: 00:01:14
                                    ETA: 00:00:44

################################################################################
[1m                           Learning iteration 156/250                           [0m 

                            Total steps: 1929216 
                       Steps per second: 24132 
                        Collection time: 0.443s 
                          Learning time: 0.066s 
                        Mean value loss: 0.0289
                    Mean surrogate loss: -0.0093
                      Mean entropy loss: 4.9630
                            Mean reward: 1.68
                    Mean episode length: 85.46
                        Mean action std: 0.40
                reward/tracking_lin_vel: 1.0808
                reward/tracking_ang_vel: 0.1264
                      reward/feet_phase: 0.3338
             reward/feet_phase_contrast: 0.5636
             reward/feet_contact_number: 0.4646
                   reward/feet_air_time: 0.0034
                     reward/under_speed: -0.1712
                       reward/feet_slip: -0.0015
                  reward/feet_clearance: -0.0067
                       reward/lin_vel_z: -0.0038
                      reward/ang_vel_xy: -0.1294
                     reward/base_height: -0.0902
                     reward/orientation: -0.0672
                            reward/pose: -0.0096
                     reward/action_rate: -0.0516
                      reward/action_acc: -0.1450
             Metrics/twist/error_vel_xy: 0.2409
            Metrics/twist/error_vel_yaw: 0.1879
        Episode_Reward/tracking_lin_vel: 0.0683
        Episode_Reward/tracking_ang_vel: 0.0073
              Episode_Reward/feet_phase: 0.0439
     Episode_Reward/feet_phase_contrast: 0.0724
     Episode_Reward/feet_contact_number: 0.0293
           Episode_Reward/feet_air_time: 0.0039
             Episode_Reward/under_speed: -0.0061
               Episode_Reward/feet_slip: -0.0003
          Episode_Reward/feet_clearance: -0.0007
               Episode_Reward/lin_vel_z: -0.0019
              Episode_Reward/ang_vel_xy: -0.0348
             Episode_Reward/base_height: -0.0598
             Episode_Reward/orientation: -0.0404
                    Episode_Reward/pose: -0.0010
             Episode_Reward/action_rate: -0.0035
              Episode_Reward/action_acc: -0.0093
           Episode_Termination/time_out: 0.0000
    Episode_Termination/bad_orientation: 1.6364
--------------------------------------------------------------------------------
                         Iteration time: 0.51s
                           Time elapsed: 00:01:14
                                    ETA: 00:00:44

################################################################################
[1m                           Learning iteration 157/250                           [0m 

                            Total steps: 1941504 
                       Steps per second: 25436 
                        Collection time: 0.416s 
                          Learning time: 0.067s 
                        Mean value loss: 0.0191
                    Mean surrogate loss: -0.0096
                      Mean entropy loss: 4.9349
                            Mean reward: 1.79
                    Mean episode length: 86.17
                        Mean action std: 0.40
                reward/tracking_lin_vel: 1.0871
                reward/tracking_ang_vel: 0.1275
                      reward/feet_phase: 0.3711
             reward/feet_phase_contrast: 0.5548
             reward/feet_contact_number: 0.4663
                   reward/feet_air_time: 0.0017
                     reward/under_speed: -0.1735
                       reward/feet_slip: -0.0013
                  reward/feet_clearance: -0.0066
                       reward/lin_vel_z: -0.0025
                      reward/ang_vel_xy: -0.1055
                     reward/base_height: -0.0216
                     reward/orientation: -0.0388
                            reward/pose: -0.0094
                     reward/action_rate: -0.0518
                      reward/action_acc: -0.1461
--------------------------------------------------------------------------------
                         Iteration time: 0.48s
                           Time elapsed: 00:01:15
                                    ETA: 00:00:43

################################################################################
[1m                           Learning iteration 158/250                           [0m 

                            Total steps: 1953792 
                       Steps per second: 24488 
                        Collection time: 0.435s 
                          Learning time: 0.067s 
                        Mean value loss: 0.0181
                    Mean surrogate loss: -0.0091
                      Mean entropy loss: 4.8987
                            Mean reward: 1.71
                    Mean episode length: 84.60
                        Mean action std: 0.39
                reward/tracking_lin_vel: 1.0796
                reward/tracking_ang_vel: 0.1252
                      reward/feet_phase: 0.2773
             reward/feet_phase_contrast: 0.5448
             reward/feet_contact_number: 0.4646
                   reward/feet_air_time: 0.0014
                     reward/under_speed: -0.1743
                       reward/feet_slip: -0.0014
                  reward/feet_clearance: -0.0066
                       reward/lin_vel_z: -0.0026
                      reward/ang_vel_xy: -0.1105
                     reward/base_height: -0.0248
                     reward/orientation: -0.0373
                            reward/pose: -0.0092
                     reward/action_rate: -0.0520
                      reward/action_acc: -0.1460
--------------------------------------------------------------------------------
                         Iteration time: 0.50s
                           Time elapsed: 00:01:15
                                    ETA: 00:00:43

################################################################################
[1m                           Learning iteration 159/250                           [0m 

                            Total steps: 1966080 
                       Steps per second: 24133 
                        Collection time: 0.442s 
                          Learning time: 0.067s 
                        Mean value loss: 0.0241
                    Mean surrogate loss: -0.0089
                      Mean entropy loss: 4.8602
                            Mean reward: 7.43
                    Mean episode length: 224.21
                        Mean action std: 0.39
                reward/tracking_lin_vel: 1.0739
                reward/tracking_ang_vel: 0.1255
                      reward/feet_phase: 0.2765
             reward/feet_phase_contrast: 0.5376
             reward/feet_contact_number: 0.4658
                   reward/feet_air_time: 0.0010
                     reward/under_speed: -0.1754
                       reward/feet_slip: -0.0014
                  reward/feet_clearance: -0.0067
                       reward/lin_vel_z: -0.0022
                      reward/ang_vel_xy: -0.1013
                     reward/base_height: -0.0202
                     reward/orientation: -0.0324
                            reward/pose: -0.0090
                     reward/action_rate: -0.0520
                      reward/action_acc: -0.1464
--------------------------------------------------------------------------------
                         Iteration time: 0.51s
                           Time elapsed: 00:01:16
                                    ETA: 00:00:42

################################################################################
[1m                           Learning iteration 160/250                           [0m 

                            Total steps: 1978368 
                       Steps per second: 24124 
                        Collection time: 0.444s 
                          Learning time: 0.065s 
                        Mean value loss: 0.0216
                    Mean surrogate loss: -0.0108
                      Mean entropy loss: 4.8375
                            Mean reward: 7.98
                    Mean episode length: 241.58
                        Mean action std: 0.39
                reward/tracking_lin_vel: 1.0899
                reward/tracking_ang_vel: 0.1247
                      reward/feet_phase: 0.3795
             reward/feet_phase_contrast: 0.5653
             reward/feet_contact_number: 0.4641
                   reward/feet_air_time: 0.0012
                     reward/under_speed: -0.1734
                       reward/feet_slip: -0.0014
                  reward/feet_clearance: -0.0067
                       reward/lin_vel_z: -0.0022
                      reward/ang_vel_xy: -0.1141
                     reward/base_height: -0.0262
                     reward/orientation: -0.0342
                            reward/pose: -0.0089
                     reward/action_rate: -0.0516
                      reward/action_acc: -0.1437
--------------------------------------------------------------------------------
                         Iteration time: 0.51s
                           Time elapsed: 00:01:16
                                    ETA: 00:00:42

################################################################################
[1m                           Learning iteration 161/250                           [0m 

                            Total steps: 1990656 
                       Steps per second: 24279 
                        Collection time: 0.439s 
                          Learning time: 0.067s 
                        Mean value loss: 0.0310
                    Mean surrogate loss: -0.0111
                      Mean entropy loss: 4.8248
                            Mean reward: 10.12
                    Mean episode length: 288.23
                        Mean action std: 0.39
                reward/tracking_lin_vel: 1.0974
                reward/tracking_ang_vel: 0.1228
                      reward/feet_phase: 0.3470
             reward/feet_phase_contrast: 0.5823
             reward/feet_contact_number: 0.4647
                   reward/feet_air_time: 0.0020
                     reward/under_speed: -0.1721
                       reward/feet_slip: -0.0015
                  reward/feet_clearance: -0.0069
                       reward/lin_vel_z: -0.0025
                      reward/ang_vel_xy: -0.1179
                     reward/base_height: -0.0200
                     reward/orientation: -0.0352
                            reward/pose: -0.0089
                     reward/action_rate: -0.0521
                      reward/action_acc: -0.1452
--------------------------------------------------------------------------------
                         Iteration time: 0.51s
                           Time elapsed: 00:01:17
                                    ETA: 00:00:42

################################################################################
[1m                           Learning iteration 162/250                           [0m 

                            Total steps: 2002944 
                       Steps per second: 24904 
                        Collection time: 0.428s 
                          Learning time: 0.065s 
                        Mean value loss: 0.0190
                    Mean surrogate loss: -0.0096
                      Mean entropy loss: 4.8109
                            Mean reward: 9.98
                    Mean episode length: 284.53
                        Mean action std: 0.39
                reward/tracking_lin_vel: 1.0936
                reward/tracking_ang_vel: 0.1216
                      reward/feet_phase: 0.2828
             reward/feet_phase_contrast: 0.5699
             reward/feet_contact_number: 0.4615
                   reward/feet_air_time: 0.0025
                     reward/under_speed: -0.1729
                       reward/feet_slip: -0.0015
                  reward/feet_clearance: -0.0070
                       reward/lin_vel_z: -0.0026
                      reward/ang_vel_xy: -0.1192
                     reward/base_height: -0.0226
                     reward/orientation: -0.0379
                            reward/pose: -0.0089
                     reward/action_rate: -0.0522
                      reward/action_acc: -0.1449
--------------------------------------------------------------------------------
                         Iteration time: 0.49s
                           Time elapsed: 00:01:17
                                    ETA: 00:00:41

################################################################################
[1m                           Learning iteration 163/250                           [0m 

                            Total steps: 2015232 
                       Steps per second: 24777 
                        Collection time: 0.430s 
                          Learning time: 0.066s 
                        Mean value loss: 0.0154
                    Mean surrogate loss: -0.0096
                      Mean entropy loss: 4.7973
                            Mean reward: 10.61
                    Mean episode length: 301.86
                        Mean action std: 0.39
                reward/tracking_lin_vel: 1.0956
                reward/tracking_ang_vel: 0.1215
                      reward/feet_phase: 0.3251
             reward/feet_phase_contrast: 0.5724
             reward/feet_contact_number: 0.4620
                   reward/feet_air_time: 0.0005
                     reward/under_speed: -0.1731
                       reward/feet_slip: -0.0015
                  reward/feet_clearance: -0.0071
                       reward/lin_vel_z: -0.0023
                      reward/ang_vel_xy: -0.1150
                     reward/base_height: -0.0253
                     reward/orientation: -0.0329
                            reward/pose: -0.0088
                     reward/action_rate: -0.0527
                      reward/action_acc: -0.1460
--------------------------------------------------------------------------------
                         Iteration time: 0.50s
                           Time elapsed: 00:01:18
                                    ETA: 00:00:41

################################################################################
[1m                           Learning iteration 164/250                           [0m 

                            Total steps: 2027520 
                       Steps per second: 25212 
                        Collection time: 0.424s 
                          Learning time: 0.064s 
                        Mean value loss: 0.0190
                    Mean surrogate loss: -0.0109
                      Mean entropy loss: 4.7716
                            Mean reward: 10.58
                    Mean episode length: 301.69
                        Mean action std: 0.39
                reward/tracking_lin_vel: 1.1092
                reward/tracking_ang_vel: 0.1209
                      reward/feet_phase: 0.3955
             reward/feet_phase_contrast: 0.5795
             reward/feet_contact_number: 0.4655
                   reward/feet_air_time: 0.0003
                     reward/under_speed: -0.1727
                       reward/feet_slip: -0.0015
                  reward/feet_clearance: -0.0072
                       reward/lin_vel_z: -0.0023
                      reward/ang_vel_xy: -0.1107
                     reward/base_height: -0.0147
                     reward/orientation: -0.0301
                            reward/pose: -0.0089
                     reward/action_rate: -0.0525
                      reward/action_acc: -0.1441
--------------------------------------------------------------------------------
                         Iteration time: 0.49s
                           Time elapsed: 00:01:18
                                    ETA: 00:00:40

################################################################################
[1m                           Learning iteration 165/250                           [0m 

                            Total steps: 2039808 
                       Steps per second: 25154 
                        Collection time: 0.423s 
                          Learning time: 0.066s 
                        Mean value loss: 0.0151
                    Mean surrogate loss: -0.0109
                      Mean entropy loss: 4.7467
                            Mean reward: 10.55
                    Mean episode length: 301.78
                        Mean action std: 0.39
                reward/tracking_lin_vel: 1.1117
                reward/tracking_ang_vel: 0.1194
                      reward/feet_phase: 0.3043
             reward/feet_phase_contrast: 0.5880
             reward/feet_contact_number: 0.4658
                   reward/feet_air_time: 0.0000
                     reward/under_speed: -0.1724
                       reward/feet_slip: -0.0016
                  reward/feet_clearance: -0.0072
                       reward/lin_vel_z: -0.0022
                      reward/ang_vel_xy: -0.1152
                     reward/base_height: -0.0159
                     reward/orientation: -0.0295
                            reward/pose: -0.0090
                     reward/action_rate: -0.0527
                      reward/action_acc: -0.1448
--------------------------------------------------------------------------------
                         Iteration time: 0.49s
                           Time elapsed: 00:01:19
                                    ETA: 00:00:40

################################################################################
[1m                           Learning iteration 166/250                           [0m 

                            Total steps: 2052096 
                       Steps per second: 26465 
                        Collection time: 0.399s 
                          Learning time: 0.065s 
                        Mean value loss: 4.4084
                    Mean surrogate loss: -0.0090
                      Mean entropy loss: 4.7335
                            Mean reward: 10.96
                    Mean episode length: 310.92
                        Mean action std: 0.39
                reward/tracking_lin_vel: 0.8870
                reward/tracking_ang_vel: 0.1130
                      reward/feet_phase: 0.3366
             reward/feet_phase_contrast: 0.6452
             reward/feet_contact_number: 0.4531
                   reward/feet_air_time: 0.0077
                     reward/under_speed: -0.1546
                       reward/feet_slip: -0.0040
                  reward/feet_clearance: -0.0145
                       reward/lin_vel_z: -0.0094
                      reward/ang_vel_xy: -0.1936
                     reward/base_height: -0.0086
                     reward/orientation: -0.0402
                            reward/pose: -0.0095
                     reward/action_rate: -0.0539
                      reward/action_acc: -0.1453
--------------------------------------------------------------------------------
                         Iteration time: 0.46s
                           Time elapsed: 00:01:19
                                    ETA: 00:00:39

################################################################################
[1m                           Learning iteration 167/250                           [0m 

                            Total steps: 2064384 
                       Steps per second: 30530 
                        Collection time: 0.340s 
                          Learning time: 0.062s 
                        Mean value loss: 0.2219
                    Mean surrogate loss: -0.0097
                      Mean entropy loss: 4.7349
                            Mean reward: 15.53
                    Mean episode length: 447.29
                        Mean action std: 0.39
                reward/tracking_lin_vel: 0.6462
                reward/tracking_ang_vel: 0.1013
                      reward/feet_phase: 0.4567
             reward/feet_phase_contrast: 0.7119
             reward/feet_contact_number: 0.4526
                   reward/feet_air_time: 0.1986
                     reward/under_speed: -0.1253
                       reward/feet_slip: -0.0037
                  reward/feet_clearance: -0.0149
                       reward/lin_vel_z: -0.0396
                      reward/ang_vel_xy: -0.6997
                     reward/base_height: -0.9629
                     reward/orientation: -0.6494
                            reward/pose: -0.0152
                     reward/action_rate: -0.0534
                      reward/action_acc: -0.1448
--------------------------------------------------------------------------------
                         Iteration time: 0.40s
                           Time elapsed: 00:01:20
                                    ETA: 00:00:39

################################################################################
[1m                           Learning iteration 168/250                           [0m 

                            Total steps: 2076672 
                       Steps per second: 23471 
                        Collection time: 0.456s 
                          Learning time: 0.067s 
                        Mean value loss: 0.2111
                    Mean surrogate loss: -0.0107
                      Mean entropy loss: 4.7306
                            Mean reward: 15.39
                    Mean episode length: 445.44
                        Mean action std: 0.39
                reward/tracking_lin_vel: 0.9987
                reward/tracking_ang_vel: 0.1106
                      reward/feet_phase: 0.5057
             reward/feet_phase_contrast: 0.7739
             reward/feet_contact_number: 0.4561
                   reward/feet_air_time: 0.0342
                     reward/under_speed: -0.1411
                       reward/feet_slip: -0.0032
                  reward/feet_clearance: -0.0130
                       reward/lin_vel_z: -0.0156
                      reward/ang_vel_xy: -0.3990
                     reward/base_height: -0.9066
                     reward/orientation: -0.3578
                            reward/pose: -0.0103
                     reward/action_rate: -0.0547
                      reward/action_acc: -0.1455
             Metrics/twist/error_vel_xy: 0.4164
            Metrics/twist/error_vel_yaw: 0.2779
        Episode_Reward/tracking_lin_vel: 0.4524
        Episode_Reward/tracking_ang_vel: 0.0532
              Episode_Reward/feet_phase: 0.1502
     Episode_Reward/feet_phase_contrast: 0.2561
     Episode_Reward/feet_contact_number: 0.2024
           Episode_Reward/feet_air_time: 0.0094
             Episode_Reward/under_speed: -0.0735
               Episode_Reward/feet_slip: -0.0008
          Episode_Reward/feet_clearance: -0.0036
               Episode_Reward/lin_vel_z: -0.0022
              Episode_Reward/ang_vel_xy: -0.0743
             Episode_Reward/base_height: -0.0817
             Episode_Reward/orientation: -0.0486
                    Episode_Reward/pose: -0.0043
             Episode_Reward/action_rate: -0.0229
              Episode_Reward/action_acc: -0.0640
           Episode_Termination/time_out: 0.0435
    Episode_Termination/bad_orientation: 7.3478
--------------------------------------------------------------------------------
                         Iteration time: 0.52s
                           Time elapsed: 00:01:20
                                    ETA: 00:00:38

################################################################################
[1m                           Learning iteration 169/250                           [0m 

                            Total steps: 2088960 
                       Steps per second: 22451 
                        Collection time: 0.480s 
                          Learning time: 0.067s 
                        Mean value loss: 0.1169
                    Mean surrogate loss: -0.0111
                      Mean entropy loss: 4.7261
                            Mean reward: 12.39
                    Mean episode length: 383.10
                        Mean action std: 0.39
                reward/tracking_lin_vel: 1.0937
                reward/tracking_ang_vel: 0.1150
                      reward/feet_phase: 0.3802
             reward/feet_phase_contrast: 0.7300
             reward/feet_contact_number: 0.4609
                   reward/feet_air_time: 0.0212
                     reward/under_speed: -0.1547
                       reward/feet_slip: -0.0025
                  reward/feet_clearance: -0.0096
                       reward/lin_vel_z: -0.0076
                      reward/ang_vel_xy: -0.2257
                     reward/base_height: -0.2897
                     reward/orientation: -0.1636
                            reward/pose: -0.0105
                     reward/action_rate: -0.0550
                      reward/action_acc: -0.1475
             Metrics/twist/error_vel_xy: 0.3945
            Metrics/twist/error_vel_yaw: 0.2459
        Episode_Reward/tracking_lin_vel: 0.3105
        Episode_Reward/tracking_ang_vel: 0.0366
              Episode_Reward/feet_phase: 0.0949
     Episode_Reward/feet_phase_contrast: 0.1619
     Episode_Reward/feet_contact_number: 0.1416
           Episode_Reward/feet_air_time: 0.0043
             Episode_Reward/under_speed: -0.0519
               Episode_Reward/feet_slip: -0.0006
          Episode_Reward/feet_clearance: -0.0024
               Episode_Reward/lin_vel_z: -0.0018
              Episode_Reward/ang_vel_xy: -0.0562
             Episode_Reward/base_height: -0.0820
             Episode_Reward/orientation: -0.0463
                    Episode_Reward/pose: -0.0030
             Episode_Reward/action_rate: -0.0159
              Episode_Reward/action_acc: -0.0447
           Episode_Termination/time_out: 0.0000
    Episode_Termination/bad_orientation: 2.5263
--------------------------------------------------------------------------------
                         Iteration time: 0.55s
                           Time elapsed: 00:01:21
                                    ETA: 00:00:38

################################################################################
[1m                           Learning iteration 170/250                           [0m 

                            Total steps: 2101248 
                       Steps per second: 22549 
                        Collection time: 0.477s 
                          Learning time: 0.068s 
                        Mean value loss: 0.0671
                    Mean surrogate loss: -0.0105
                      Mean entropy loss: 4.7224
                            Mean reward: 7.40
                    Mean episode length: 254.56
                        Mean action std: 0.39
                reward/tracking_lin_vel: 1.1004
                reward/tracking_ang_vel: 0.1153
                      reward/feet_phase: 0.3664
             reward/feet_phase_contrast: 0.6580
             reward/feet_contact_number: 0.4608
                   reward/feet_air_time: 0.0033
                     reward/under_speed: -0.1620
                       reward/feet_slip: -0.0023
                  reward/feet_clearance: -0.0091
                       reward/lin_vel_z: -0.0065
                      reward/ang_vel_xy: -0.1899
                     reward/base_height: -0.1972
                     reward/orientation: -0.1139
                            reward/pose: -0.0096
                     reward/action_rate: -0.0548
                      reward/action_acc: -0.1462
             Metrics/twist/error_vel_xy: 0.2817
            Metrics/twist/error_vel_yaw: 0.1703
        Episode_Reward/tracking_lin_vel: 0.0366
        Episode_Reward/tracking_ang_vel: 0.0053
              Episode_Reward/feet_phase: 0.0235
     Episode_Reward/feet_phase_contrast: 0.0384
     Episode_Reward/feet_contact_number: 0.0232
           Episode_Reward/feet_air_time: 0.0048
             Episode_Reward/under_speed: -0.0056
               Episode_Reward/feet_slip: -0.0002
          Episode_Reward/feet_clearance: -0.0007
               Episode_Reward/lin_vel_z: -0.0018
              Episode_Reward/ang_vel_xy: -0.0346
             Episode_Reward/base_height: -0.0681
             Episode_Reward/orientation: -0.0378
                    Episode_Reward/pose: -0.0006
             Episode_Reward/action_rate: -0.0027
              Episode_Reward/action_acc: -0.0072
           Episode_Termination/time_out: 0.0000
    Episode_Termination/bad_orientation: 2.1176
--------------------------------------------------------------------------------
                         Iteration time: 0.54s
                           Time elapsed: 00:01:21
                                    ETA: 00:00:37

################################################################################
[1m                           Learning iteration 171/250                           [0m 

                            Total steps: 2113536 
                       Steps per second: 25217 
                        Collection time: 0.421s 
                          Learning time: 0.066s 
                        Mean value loss: 0.0374
                    Mean surrogate loss: -0.0099
                      Mean entropy loss: 4.7036
                            Mean reward: 4.22
                    Mean episode length: 173.87
                        Mean action std: 0.39
                reward/tracking_lin_vel: 1.1127
                reward/tracking_ang_vel: 0.1171
                      reward/feet_phase: 0.4479
             reward/feet_phase_contrast: 0.6500
             reward/feet_contact_number: 0.4587
                   reward/feet_air_time: 0.0042
                     reward/under_speed: -0.1661
                       reward/feet_slip: -0.0022
                  reward/feet_clearance: -0.0084
                       reward/lin_vel_z: -0.0050
                      reward/ang_vel_xy: -0.1540
                     reward/base_height: -0.0864
                     reward/orientation: -0.0724
                            reward/pose: -0.0094
                     reward/action_rate: -0.0547
                      reward/action_acc: -0.1474
             Metrics/twist/error_vel_xy: 0.2628
            Metrics/twist/error_vel_yaw: 0.2143
        Episode_Reward/tracking_lin_vel: 0.0560
        Episode_Reward/tracking_ang_vel: 0.0059
              Episode_Reward/feet_phase: 0.0346
     Episode_Reward/feet_phase_contrast: 0.0556
     Episode_Reward/feet_contact_number: 0.0267
           Episode_Reward/feet_air_time: 0.0014
             Episode_Reward/under_speed: -0.0058
               Episode_Reward/feet_slip: -0.0004
          Episode_Reward/feet_clearance: -0.0008
               Episode_Reward/lin_vel_z: -0.0020
              Episode_Reward/ang_vel_xy: -0.0390
             Episode_Reward/base_height: -0.0578
             Episode_Reward/orientation: -0.0394
                    Episode_Reward/pose: -0.0007
             Episode_Reward/action_rate: -0.0037
              Episode_Reward/action_acc: -0.0090
           Episode_Termination/time_out: 0.0000
    Episode_Termination/bad_orientation: 1.2000
--------------------------------------------------------------------------------
                         Iteration time: 0.49s
                           Time elapsed: 00:01:22
                                    ETA: 00:00:37

################################################################################
[1m                           Learning iteration 172/250                           [0m 

                            Total steps: 2125824 
                       Steps per second: 25960 
                        Collection time: 0.405s 
                          Learning time: 0.068s 
                        Mean value loss: 0.0424
                    Mean surrogate loss: -0.0084
                      Mean entropy loss: 4.6921
                            Mean reward: 3.01
                    Mean episode length: 138.92
                        Mean action std: 0.39
                reward/tracking_lin_vel: 1.1125
                reward/tracking_ang_vel: 0.1173
                      reward/feet_phase: 0.3326
             reward/feet_phase_contrast: 0.6116
             reward/feet_contact_number: 0.4623
                   reward/feet_air_time: 0.0021
                     reward/under_speed: -0.1699
                       reward/feet_slip: -0.0020
                  reward/feet_clearance: -0.0082
                       reward/lin_vel_z: -0.0032
                      reward/ang_vel_xy: -0.1310
                     reward/base_height: -0.0405
                     reward/orientation: -0.0413
                            reward/pose: -0.0092
                     reward/action_rate: -0.0545
                      reward/action_acc: -0.1467
--------------------------------------------------------------------------------
                         Iteration time: 0.47s
                           Time elapsed: 00:01:22
                                    ETA: 00:00:36

################################################################################
[1m                           Learning iteration 173/250                           [0m 

                            Total steps: 2138112 
                       Steps per second: 26267 
                        Collection time: 0.405s 
                          Learning time: 0.063s 
                        Mean value loss: 0.0169
                    Mean surrogate loss: -0.0091
                      Mean entropy loss: 4.6780
                            Mean reward: 2.49
                    Mean episode length: 124.94
                        Mean action std: 0.39
                reward/tracking_lin_vel: 1.1301
                reward/tracking_ang_vel: 0.1168
                      reward/feet_phase: 0.3175
             reward/feet_phase_contrast: 0.6368
             reward/feet_contact_number: 0.4626
                   reward/feet_air_time: 0.0011
                     reward/under_speed: -0.1694
                       reward/feet_slip: -0.0020
                  reward/feet_clearance: -0.0081
                       reward/lin_vel_z: -0.0028
                      reward/ang_vel_xy: -0.1231
                     reward/base_height: -0.0269
                     reward/orientation: -0.0350
                            reward/pose: -0.0090
                     reward/action_rate: -0.0547
                      reward/action_acc: -0.1476
--------------------------------------------------------------------------------
                         Iteration time: 0.47s
                           Time elapsed: 00:01:23
                                    ETA: 00:00:36

################################################################################
[1m                           Learning iteration 174/250                           [0m 

                            Total steps: 2150400 
                       Steps per second: 25900 
                        Collection time: 0.408s 
                          Learning time: 0.066s 
                        Mean value loss: 0.0255
                    Mean surrogate loss: -0.0068
                      Mean entropy loss: 4.6492
                            Mean reward: 1.89
                    Mean episode length: 110.74
                        Mean action std: 0.39
                reward/tracking_lin_vel: 1.1411
                reward/tracking_ang_vel: 0.1153
                      reward/feet_phase: 0.4092
             reward/feet_phase_contrast: 0.6536
             reward/feet_contact_number: 0.4602
                   reward/feet_air_time: 0.0000
                     reward/under_speed: -0.1688
                       reward/feet_slip: -0.0021
                  reward/feet_clearance: -0.0086
                       reward/lin_vel_z: -0.0028
                      reward/ang_vel_xy: -0.1262
                     reward/base_height: -0.0230
                     reward/orientation: -0.0320
                            reward/pose: -0.0091
                     reward/action_rate: -0.0558
                      reward/action_acc: -0.1492
--------------------------------------------------------------------------------
                         Iteration time: 0.47s
                           Time elapsed: 00:01:23
                                    ETA: 00:00:35

################################################################################
[1m                           Learning iteration 175/250                           [0m 

                            Total steps: 2162688 
                       Steps per second: 26022 
                        Collection time: 0.408s 
                          Learning time: 0.064s 
                        Mean value loss: 0.0193
                    Mean surrogate loss: -0.0091
                      Mean entropy loss: 4.6320
                            Mean reward: 2.31
                    Mean episode length: 119.68
                        Mean action std: 0.38
                reward/tracking_lin_vel: 1.1307
                reward/tracking_ang_vel: 0.1136
                      reward/feet_phase: 0.4104
             reward/feet_phase_contrast: 0.6314
             reward/feet_contact_number: 0.4646
                   reward/feet_air_time: 0.0000
                     reward/under_speed: -0.1696
                       reward/feet_slip: -0.0023
                  reward/feet_clearance: -0.0086
                       reward/lin_vel_z: -0.0028
                      reward/ang_vel_xy: -0.1279
                     reward/base_height: -0.0196
                     reward/orientation: -0.0314
                            reward/pose: -0.0092
                     reward/action_rate: -0.0557
                      reward/action_acc: -0.1482
--------------------------------------------------------------------------------
                         Iteration time: 0.47s
                           Time elapsed: 00:01:24
                                    ETA: 00:00:35

################################################################################
[1m                           Learning iteration 176/250                           [0m 

                            Total steps: 2174976 
                       Steps per second: 24857 
                        Collection time: 0.429s 
                          Learning time: 0.065s 
                        Mean value loss: 0.0242
                    Mean surrogate loss: -0.0104
                      Mean entropy loss: 4.6100
                            Mean reward: 8.77
                    Mean episode length: 260.27
                        Mean action std: 0.38
                reward/tracking_lin_vel: 1.1544
                reward/tracking_ang_vel: 0.1133
                      reward/feet_phase: 0.3425
             reward/feet_phase_contrast: 0.6858
             reward/feet_contact_number: 0.4620
                   reward/feet_air_time: 0.0000
                     reward/under_speed: -0.1665
                       reward/feet_slip: -0.0021
                  reward/feet_clearance: -0.0087
                       reward/lin_vel_z: -0.0031
                      reward/ang_vel_xy: -0.1248
                     reward/base_height: -0.0177
                     reward/orientation: -0.0304
                            reward/pose: -0.0093
                     reward/action_rate: -0.0561
                      reward/action_acc: -0.1486
--------------------------------------------------------------------------------
                         Iteration time: 0.49s
                           Time elapsed: 00:01:24
                                    ETA: 00:00:34

################################################################################
[1m                           Learning iteration 177/250                           [0m 

                            Total steps: 2187264 
                       Steps per second: 24149 
                        Collection time: 0.442s 
                          Learning time: 0.067s 
                        Mean value loss: 0.0174
                    Mean surrogate loss: -0.0123
                      Mean entropy loss: 4.5815
                            Mean reward: 9.43
                    Mean episode length: 274.58
                        Mean action std: 0.38
                reward/tracking_lin_vel: 1.1567
                reward/tracking_ang_vel: 0.1109
                      reward/feet_phase: 0.3601
             reward/feet_phase_contrast: 0.6918
             reward/feet_contact_number: 0.4603
                   reward/feet_air_time: 0.0001
                     reward/under_speed: -0.1658
                       reward/feet_slip: -0.0027
                  reward/feet_clearance: -0.0093
                       reward/lin_vel_z: -0.0034
                      reward/ang_vel_xy: -0.1367
                     reward/base_height: -0.0176
                     reward/orientation: -0.0325
                            reward/pose: -0.0096
                     reward/action_rate: -0.0574
                      reward/action_acc: -0.1504
--------------------------------------------------------------------------------
                         Iteration time: 0.51s
                           Time elapsed: 00:01:25
                                    ETA: 00:00:34

################################################################################
[1m                           Learning iteration 178/250                           [0m 

                            Total steps: 2199552 
                       Steps per second: 24090 
                        Collection time: 0.445s 
                          Learning time: 0.065s 
                        Mean value loss: 0.0305
                    Mean surrogate loss: -0.0103
                      Mean entropy loss: 4.5681
                            Mean reward: 9.47
                    Mean episode length: 274.58
                        Mean action std: 0.38
                reward/tracking_lin_vel: 1.1797
                reward/tracking_ang_vel: 0.1123
                      reward/feet_phase: 0.4881
             reward/feet_phase_contrast: 0.7156
             reward/feet_contact_number: 0.4623
                   reward/feet_air_time: 0.0002
                     reward/under_speed: -0.1645
                       reward/feet_slip: -0.0028
                  reward/feet_clearance: -0.0097
                       reward/lin_vel_z: -0.0033
                      reward/ang_vel_xy: -0.1312
                     reward/base_height: -0.0125
                     reward/orientation: -0.0287
                            reward/pose: -0.0099
                     reward/action_rate: -0.0586
                      reward/action_acc: -0.1527
--------------------------------------------------------------------------------
                         Iteration time: 0.51s
                           Time elapsed: 00:01:25
                                    ETA: 00:00:33

################################################################################
[1m                           Learning iteration 179/250                           [0m 

                            Total steps: 2211840 
                       Steps per second: 25560 
                        Collection time: 0.416s 
                          Learning time: 0.065s 
                        Mean value loss: 0.0187
                    Mean surrogate loss: -0.0112
                      Mean entropy loss: 4.5414
                            Mean reward: 10.40
                    Mean episode length: 293.64
                        Mean action std: 0.38
                reward/tracking_lin_vel: 1.1781
                reward/tracking_ang_vel: 0.1105
                      reward/feet_phase: 0.4007
             reward/feet_phase_contrast: 0.7080
             reward/feet_contact_number: 0.4642
                   reward/feet_air_time: 0.0000
                     reward/under_speed: -0.1647
                       reward/feet_slip: -0.0028
                  reward/feet_clearance: -0.0099
                       reward/lin_vel_z: -0.0034
                      reward/ang_vel_xy: -0.1323
                     reward/base_height: -0.0150
                     reward/orientation: -0.0289
                            reward/pose: -0.0102
                     reward/action_rate: -0.0590
                      reward/action_acc: -0.1532
--------------------------------------------------------------------------------
                         Iteration time: 0.48s
                           Time elapsed: 00:01:26
                                    ETA: 00:00:33

################################################################################
[1m                           Learning iteration 180/250                           [0m 

                            Total steps: 2224128 
                       Steps per second: 25734 
                        Collection time: 0.412s 
                          Learning time: 0.065s 
                        Mean value loss: 0.0202
                    Mean surrogate loss: -0.0107
                      Mean entropy loss: 4.5184
                            Mean reward: 10.07
                    Mean episode length: 285.96
                        Mean action std: 0.38
                reward/tracking_lin_vel: 1.1724
                reward/tracking_ang_vel: 0.1093
                      reward/feet_phase: 0.3567
             reward/feet_phase_contrast: 0.7201
             reward/feet_contact_number: 0.4632
                   reward/feet_air_time: 0.0000
                     reward/under_speed: -0.1645
                       reward/feet_slip: -0.0031
                  reward/feet_clearance: -0.0102
                       reward/lin_vel_z: -0.0036
                      reward/ang_vel_xy: -0.1357
                     reward/base_height: -0.0119
                     reward/orientation: -0.0292
                            reward/pose: -0.0102
                     reward/action_rate: -0.0601
                      reward/action_acc: -0.1556
             Metrics/twist/error_vel_xy: 0.3087
            Metrics/twist/error_vel_yaw: 0.1661
        Episode_Reward/tracking_lin_vel: 0.0473
        Episode_Reward/tracking_ang_vel: 0.0097
              Episode_Reward/feet_phase: 0.0000
     Episode_Reward/feet_phase_contrast: 0.0000
     Episode_Reward/feet_contact_number: 0.0404
           Episode_Reward/feet_air_time: 0.0000
             Episode_Reward/under_speed: -0.0174
               Episode_Reward/feet_slip: -0.0001
          Episode_Reward/feet_clearance: -0.0007
               Episode_Reward/lin_vel_z: -0.0009
              Episode_Reward/ang_vel_xy: -0.0341
             Episode_Reward/base_height: -0.0846
             Episode_Reward/orientation: -0.0353
                    Episode_Reward/pose: -0.0008
             Episode_Reward/action_rate: -0.0044
              Episode_Reward/action_acc: -0.0126
           Episode_Termination/time_out: 0.0000
    Episode_Termination/bad_orientation: 1.0000
--------------------------------------------------------------------------------
                         Iteration time: 0.48s
                           Time elapsed: 00:01:26
                                    ETA: 00:00:33

################################################################################
[1m                           Learning iteration 181/250                           [0m 

                            Total steps: 2236416 
                       Steps per second: 24813 
                        Collection time: 0.429s 
                          Learning time: 0.066s 
                        Mean value loss: 0.0158
                    Mean surrogate loss: -0.0098
                      Mean entropy loss: 4.5079
                            Mean reward: 10.82
                    Mean episode length: 301.76
                        Mean action std: 0.38
                reward/tracking_lin_vel: 1.1874
                reward/tracking_ang_vel: 0.1076
                      reward/feet_phase: 0.4399
             reward/feet_phase_contrast: 0.7366
             reward/feet_contact_number: 0.4595
                   reward/feet_air_time: 0.0000
                     reward/under_speed: -0.1621
                       reward/feet_slip: -0.0032
                  reward/feet_clearance: -0.0107
                       reward/lin_vel_z: -0.0040
                      reward/ang_vel_xy: -0.1477
                     reward/base_height: -0.0239
                     reward/orientation: -0.0345
                            reward/pose: -0.0103
                     reward/action_rate: -0.0605
                      reward/action_acc: -0.1541
--------------------------------------------------------------------------------
                         Iteration time: 0.50s
                           Time elapsed: 00:01:27
                                    ETA: 00:00:32

################################################################################
[1m                           Learning iteration 182/250                           [0m 

                            Total steps: 2248704 
                       Steps per second: 25657 
                        Collection time: 0.413s 
                          Learning time: 0.066s 
                        Mean value loss: 0.0204
                    Mean surrogate loss: -0.0110
                      Mean entropy loss: 4.4920
                            Mean reward: 10.82
                    Mean episode length: 301.76
                        Mean action std: 0.38
                reward/tracking_lin_vel: 1.2001
                reward/tracking_ang_vel: 0.1060
                      reward/feet_phase: 0.5092
             reward/feet_phase_contrast: 0.7608
             reward/feet_contact_number: 0.4616
                   reward/feet_air_time: 0.0001
                     reward/under_speed: -0.1615
                       reward/feet_slip: -0.0033
                  reward/feet_clearance: -0.0112
                       reward/lin_vel_z: -0.0039
                      reward/ang_vel_xy: -0.1428
                     reward/base_height: -0.0099
                     reward/orientation: -0.0272
                            reward/pose: -0.0104
                     reward/action_rate: -0.0611
                      reward/action_acc: -0.1545
--------------------------------------------------------------------------------
                         Iteration time: 0.48s
                           Time elapsed: 00:01:27
                                    ETA: 00:00:32

################################################################################
[1m                           Learning iteration 183/250                           [0m 

                            Total steps: 2260992 
                       Steps per second: 30433 
                        Collection time: 0.339s 
                          Learning time: 0.065s 
                        Mean value loss: 4.1275
                    Mean surrogate loss: -0.0080
                      Mean entropy loss: 4.4721
                            Mean reward: 11.97
                    Mean episode length: 324.95
                        Mean action std: 0.38
                reward/tracking_lin_vel: 0.7229
                reward/tracking_ang_vel: 0.0924
                      reward/feet_phase: 0.3679
             reward/feet_phase_contrast: 0.7295
             reward/feet_contact_number: 0.4460
                   reward/feet_air_time: 0.0798
                     reward/under_speed: -0.1351
                       reward/feet_slip: -0.0060
                  reward/feet_clearance: -0.0189
                       reward/lin_vel_z: -0.0224
                      reward/ang_vel_xy: -0.3812
                     reward/base_height: -0.0441
                     reward/orientation: -0.1520
                            reward/pose: -0.0125
                     reward/action_rate: -0.0633
                      reward/action_acc: -0.1572
--------------------------------------------------------------------------------
                         Iteration time: 0.40s
                           Time elapsed: 00:01:28
                                    ETA: 00:00:31

################################################################################
[1m                           Learning iteration 184/250                           [0m 

                            Total steps: 2273280 
                       Steps per second: 28948 
                        Collection time: 0.360s 
                          Learning time: 0.065s 
                        Mean value loss: 0.2041
                    Mean surrogate loss: -0.0101
                      Mean entropy loss: 4.4583
                            Mean reward: 18.18
                    Mean episode length: 481.93
                        Mean action std: 0.38
                reward/tracking_lin_vel: 0.7832
                reward/tracking_ang_vel: 0.0921
                      reward/feet_phase: 0.4375
             reward/feet_phase_contrast: 0.7889
             reward/feet_contact_number: 0.4343
                   reward/feet_air_time: 0.1513
                     reward/under_speed: -0.1217
                       reward/feet_slip: -0.0051
                  reward/feet_clearance: -0.0190
                       reward/lin_vel_z: -0.0425
                      reward/ang_vel_xy: -0.7529
                     reward/base_height: -1.2776
                     reward/orientation: -0.6812
                            reward/pose: -0.0158
                     reward/action_rate: -0.0613
                      reward/action_acc: -0.1508
             Metrics/twist/error_vel_xy: 0.3674
            Metrics/twist/error_vel_yaw: 0.2917
        Episode_Reward/tracking_lin_vel: 0.5230
        Episode_Reward/tracking_ang_vel: 0.0547
              Episode_Reward/feet_phase: 0.1880
     Episode_Reward/feet_phase_contrast: 0.3248
     Episode_Reward/feet_contact_number: 0.2215
           Episode_Reward/feet_air_time: 0.0077
             Episode_Reward/under_speed: -0.0781
               Episode_Reward/feet_slip: -0.0013
          Episode_Reward/feet_clearance: -0.0048
               Episode_Reward/lin_vel_z: -0.0040
              Episode_Reward/ang_vel_xy: -0.0951
             Episode_Reward/base_height: -0.0573
             Episode_Reward/orientation: -0.0437
                    Episode_Reward/pose: -0.0048
             Episode_Reward/action_rate: -0.0272
              Episode_Reward/action_acc: -0.0720
           Episode_Termination/time_out: 0.0417
    Episode_Termination/bad_orientation: 11.0417
--------------------------------------------------------------------------------
                         Iteration time: 0.42s
                           Time elapsed: 00:01:28
                                    ETA: 00:00:31

################################################################################
[1m                           Learning iteration 185/250                           [0m 

                            Total steps: 2285568 
                       Steps per second: 25282 
                        Collection time: 0.421s 
                          Learning time: 0.065s 
                        Mean value loss: 0.2150
                    Mean surrogate loss: -0.0088
                      Mean entropy loss: 4.4581
                            Mean reward: 14.80
                    Mean episode length: 407.05
                        Mean action std: 0.38
                reward/tracking_lin_vel: 1.1214
                reward/tracking_ang_vel: 0.0991
                      reward/feet_phase: 0.5892
             reward/feet_phase_contrast: 0.8702
             reward/feet_contact_number: 0.4571
                   reward/feet_air_time: 0.0231
                     reward/under_speed: -0.1387
                       reward/feet_slip: -0.0046
                  reward/feet_clearance: -0.0150
                       reward/lin_vel_z: -0.0117
                      reward/ang_vel_xy: -0.3194
                     reward/base_height: -0.4179
                     reward/orientation: -0.2014
                            reward/pose: -0.0111
                     reward/action_rate: -0.0644
                      reward/action_acc: -0.1574
             Metrics/twist/error_vel_xy: 0.4330
            Metrics/twist/error_vel_yaw: 0.3426
        Episode_Reward/tracking_lin_vel: 0.4182
        Episode_Reward/tracking_ang_vel: 0.0441
              Episode_Reward/feet_phase: 0.1514
     Episode_Reward/feet_phase_contrast: 0.2594
     Episode_Reward/feet_contact_number: 0.1788
           Episode_Reward/feet_air_time: 0.0082
             Episode_Reward/under_speed: -0.0631
               Episode_Reward/feet_slip: -0.0010
          Episode_Reward/feet_clearance: -0.0039
               Episode_Reward/lin_vel_z: -0.0024
              Episode_Reward/ang_vel_xy: -0.0749
             Episode_Reward/base_height: -0.0789
             Episode_Reward/orientation: -0.0464
                    Episode_Reward/pose: -0.0045
             Episode_Reward/action_rate: -0.0219
              Episode_Reward/action_acc: -0.0579
           Episode_Termination/time_out: 0.0000
    Episode_Termination/bad_orientation: 3.3478
--------------------------------------------------------------------------------
                         Iteration time: 0.49s
                           Time elapsed: 00:01:28
                                    ETA: 00:00:30

################################################################################
[1m                           Learning iteration 186/250                           [0m 

                            Total steps: 2297856 
                       Steps per second: 26048 
                        Collection time: 0.407s 
                          Learning time: 0.065s 
                        Mean value loss: 0.1156
                    Mean surrogate loss: -0.0093
                      Mean entropy loss: 4.4548
                            Mean reward: 9.70
                    Mean episode length: 292.40
                        Mean action std: 0.38
                reward/tracking_lin_vel: 1.1854
                reward/tracking_ang_vel: 0.1000
                      reward/feet_phase: 0.5205
             reward/feet_phase_contrast: 0.8675
             reward/feet_contact_number: 0.4541
                   reward/feet_air_time: 0.0140
                     reward/under_speed: -0.1456
                       reward/feet_slip: -0.0044
                  reward/feet_clearance: -0.0138
                       reward/lin_vel_z: -0.0091
                      reward/ang_vel_xy: -0.2494
                     reward/base_height: -0.2145
                     reward/orientation: -0.1294
                            reward/pose: -0.0112
                     reward/action_rate: -0.0649
                      reward/action_acc: -0.1580
             Metrics/twist/error_vel_xy: 0.3798
            Metrics/twist/error_vel_yaw: 0.2690
        Episode_Reward/tracking_lin_vel: 0.1680
        Episode_Reward/tracking_ang_vel: 0.0171
              Episode_Reward/feet_phase: 0.0646
     Episode_Reward/feet_phase_contrast: 0.1089
     Episode_Reward/feet_contact_number: 0.0754
           Episode_Reward/feet_air_time: 0.0023
             Episode_Reward/under_speed: -0.0254
               Episode_Reward/feet_slip: -0.0006
          Episode_Reward/feet_clearance: -0.0018
               Episode_Reward/lin_vel_z: -0.0022
              Episode_Reward/ang_vel_xy: -0.0546
             Episode_Reward/base_height: -0.0718
             Episode_Reward/orientation: -0.0418
                    Episode_Reward/pose: -0.0018
             Episode_Reward/action_rate: -0.0101
              Episode_Reward/action_acc: -0.0250
           Episode_Termination/time_out: 0.0000
    Episode_Termination/bad_orientation: 2.0526
--------------------------------------------------------------------------------
                         Iteration time: 0.47s
                           Time elapsed: 00:01:29
                                    ETA: 00:00:30

################################################################################
[1m                           Learning iteration 187/250                           [0m 

                            Total steps: 2310144 
                       Steps per second: 25307 
                        Collection time: 0.420s 
                          Learning time: 0.066s 
                        Mean value loss: 0.0695
                    Mean surrogate loss: -0.0093
                      Mean entropy loss: 4.4523
                            Mean reward: 7.33
                    Mean episode length: 237.67
                        Mean action std: 0.38
                reward/tracking_lin_vel: 1.2072
                reward/tracking_ang_vel: 0.0985
                      reward/feet_phase: 0.4316
             reward/feet_phase_contrast: 0.8458
             reward/feet_contact_number: 0.4583
                   reward/feet_air_time: 0.0084
                     reward/under_speed: -0.1489
                       reward/feet_slip: -0.0046
                  reward/feet_clearance: -0.0141
                       reward/lin_vel_z: -0.0078
                      reward/ang_vel_xy: -0.2211
                     reward/base_height: -0.1079
                     reward/orientation: -0.0834
                            reward/pose: -0.0108
                     reward/action_rate: -0.0666
                      reward/action_acc: -0.1611
--------------------------------------------------------------------------------
                         Iteration time: 0.49s
                           Time elapsed: 00:01:29
                                    ETA: 00:00:29

################################################################################
[1m                           Learning iteration 188/250                           [0m 

                            Total steps: 2322432 
                       Steps per second: 23995 
                        Collection time: 0.442s 
                          Learning time: 0.070s 
                        Mean value loss: 0.0620
                    Mean surrogate loss: -0.0106
                      Mean entropy loss: 4.4501
                            Mean reward: 5.87
                    Mean episode length: 201.42
                        Mean action std: 0.38
                reward/tracking_lin_vel: 1.2213
                reward/tracking_ang_vel: 0.0979
                      reward/feet_phase: 0.4817
             reward/feet_phase_contrast: 0.8419
             reward/feet_contact_number: 0.4641
                   reward/feet_air_time: 0.0023
                     reward/under_speed: -0.1513
                       reward/feet_slip: -0.0045
                  reward/feet_clearance: -0.0141
                       reward/lin_vel_z: -0.0068
                      reward/ang_vel_xy: -0.2032
                     reward/base_height: -0.0747
                     reward/orientation: -0.0569
                            reward/pose: -0.0105
                     reward/action_rate: -0.0680
                      reward/action_acc: -0.1644
--------------------------------------------------------------------------------
                         Iteration time: 0.51s
                           Time elapsed: 00:01:30
                                    ETA: 00:00:29

################################################################################
[1m                           Learning iteration 189/250                           [0m 

                            Total steps: 2334720 
                       Steps per second: 25514 
                        Collection time: 0.417s 
                          Learning time: 0.065s 
                        Mean value loss: 0.0402
                    Mean surrogate loss: -0.0099
                      Mean entropy loss: 4.4481
                            Mean reward: 5.10
                    Mean episode length: 182.89
                        Mean action std: 0.38
                reward/tracking_lin_vel: 1.2298
                reward/tracking_ang_vel: 0.0965
                      reward/feet_phase: 0.5943
             reward/feet_phase_contrast: 0.8657
             reward/feet_contact_number: 0.4633
                   reward/feet_air_time: 0.0017
                     reward/under_speed: -0.1515
                       reward/feet_slip: -0.0049
                  reward/feet_clearance: -0.0144
                       reward/lin_vel_z: -0.0066
                      reward/ang_vel_xy: -0.1959
                     reward/base_height: -0.0419
                     reward/orientation: -0.0455
                            reward/pose: -0.0102
                     reward/action_rate: -0.0690
                      reward/action_acc: -0.1653
--------------------------------------------------------------------------------
                         Iteration time: 0.48s
                           Time elapsed: 00:01:30
                                    ETA: 00:00:28

################################################################################
[1m                           Learning iteration 190/250                           [0m 

                            Total steps: 2347008 
                       Steps per second: 25763 
                        Collection time: 0.411s 
                          Learning time: 0.066s 
                        Mean value loss: 0.0328
                    Mean surrogate loss: -0.0114
                      Mean entropy loss: 4.4443
                            Mean reward: 4.57
                    Mean episode length: 170.25
                        Mean action std: 0.38
                reward/tracking_lin_vel: 1.2411
                reward/tracking_ang_vel: 0.0925
                      reward/feet_phase: 0.4530
             reward/feet_phase_contrast: 0.8644
             reward/feet_contact_number: 0.4572
                   reward/feet_air_time: 0.0007
                     reward/under_speed: -0.1509
                       reward/feet_slip: -0.0052
                  reward/feet_clearance: -0.0149
                       reward/lin_vel_z: -0.0062
                      reward/ang_vel_xy: -0.2016
                     reward/base_height: -0.0280
                     reward/orientation: -0.0357
                            reward/pose: -0.0099
                     reward/action_rate: -0.0712
                      reward/action_acc: -0.1687
--------------------------------------------------------------------------------
                         Iteration time: 0.48s
                           Time elapsed: 00:01:31
                                    ETA: 00:00:28

################################################################################
[1m                           Learning iteration 191/250                           [0m 

                            Total steps: 2359296 
                       Steps per second: 22844 
                        Collection time: 0.457s 
                          Learning time: 0.081s 
                        Mean value loss: 0.0220
                    Mean surrogate loss: -0.0092
                      Mean entropy loss: 4.4451
                            Mean reward: 4.32
                    Mean episode length: 165.40
                        Mean action std: 0.38
                reward/tracking_lin_vel: 1.2618
                reward/tracking_ang_vel: 0.0904
                      reward/feet_phase: 0.4522
             reward/feet_phase_contrast: 0.8958
             reward/feet_contact_number: 0.4561
                   reward/feet_air_time: 0.0000
                     reward/under_speed: -0.1490
                       reward/feet_slip: -0.0053
                  reward/feet_clearance: -0.0152
                       reward/lin_vel_z: -0.0063
                      reward/ang_vel_xy: -0.2004
                     reward/base_height: -0.0266
                     reward/orientation: -0.0321
                            reward/pose: -0.0095
                     reward/action_rate: -0.0721
                      reward/action_acc: -0.1710
--------------------------------------------------------------------------------
                         Iteration time: 0.54s
                           Time elapsed: 00:01:31
                                    ETA: 00:00:27

################################################################################
[1m                           Learning iteration 192/250                           [0m 

                            Total steps: 2371584 
                       Steps per second: 21054 
                        Collection time: 0.512s 
                          Learning time: 0.071s 
                        Mean value loss: 0.0271
                    Mean surrogate loss: -0.0118
                      Mean entropy loss: 4.4299
                            Mean reward: 8.88
                    Mean episode length: 258.02
                        Mean action std: 0.38
                reward/tracking_lin_vel: 1.2792
                reward/tracking_ang_vel: 0.0900
                      reward/feet_phase: 0.5953
             reward/feet_phase_contrast: 0.9117
             reward/feet_contact_number: 0.4584
                   reward/feet_air_time: 0.0002
                     reward/under_speed: -0.1466
                       reward/feet_slip: -0.0058
                  reward/feet_clearance: -0.0157
                       reward/lin_vel_z: -0.0063
                      reward/ang_vel_xy: -0.1980
                     reward/base_height: -0.0090
                     reward/orientation: -0.0254
                            reward/pose: -0.0094
                     reward/action_rate: -0.0740
                      reward/action_acc: -0.1738
--------------------------------------------------------------------------------
                         Iteration time: 0.58s
                           Time elapsed: 00:01:32
                                    ETA: 00:00:27

################################################################################
[1m                           Learning iteration 193/250                           [0m 

                            Total steps: 2383872 
                       Steps per second: 22138 
                        Collection time: 0.487s 
                          Learning time: 0.068s 
                        Mean value loss: 0.0307
                    Mean surrogate loss: -0.0093
                      Mean entropy loss: 4.4185
                            Mean reward: 11.69
                    Mean episode length: 314.88
                        Mean action std: 0.38
                reward/tracking_lin_vel: 1.2934
                reward/tracking_ang_vel: 0.0894
                      reward/feet_phase: 0.5867
             reward/feet_phase_contrast: 0.9356
             reward/feet_contact_number: 0.4542
                   reward/feet_air_time: 0.0001
                     reward/under_speed: -0.1437
                       reward/feet_slip: -0.0060
                  reward/feet_clearance: -0.0164
                       reward/lin_vel_z: -0.0071
                      reward/ang_vel_xy: -0.2044
                     reward/base_height: -0.0113
                     reward/orientation: -0.0273
                            reward/pose: -0.0096
                     reward/action_rate: -0.0747
                      reward/action_acc: -0.1742
--------------------------------------------------------------------------------
                         Iteration time: 0.56s
                           Time elapsed: 00:01:33
                                    ETA: 00:00:26

################################################################################
[1m                           Learning iteration 194/250                           [0m 

                            Total steps: 2396160 
                       Steps per second: 25160 
                        Collection time: 0.420s 
                          Learning time: 0.069s 
                        Mean value loss: 0.0523
                    Mean surrogate loss: -0.0088
                      Mean entropy loss: 4.4082
                            Mean reward: 12.56
                    Mean episode length: 331.46
                        Mean action std: 0.38
                reward/tracking_lin_vel: 1.2946
                reward/tracking_ang_vel: 0.0890
                      reward/feet_phase: 0.4682
             reward/feet_phase_contrast: 0.9405
             reward/feet_contact_number: 0.4562
                   reward/feet_air_time: 0.0002
                     reward/under_speed: -0.1433
                       reward/feet_slip: -0.0062
                  reward/feet_clearance: -0.0168
                       reward/lin_vel_z: -0.0071
                      reward/ang_vel_xy: -0.2124
                     reward/base_height: -0.0162
                     reward/orientation: -0.0291
                            reward/pose: -0.0101
                     reward/action_rate: -0.0768
                      reward/action_acc: -0.1786
--------------------------------------------------------------------------------
                         Iteration time: 0.49s
                           Time elapsed: 00:01:33
                                    ETA: 00:00:26

################################################################################
[1m                           Learning iteration 195/250                           [0m 

                            Total steps: 2408448 
                       Steps per second: 23638 
                        Collection time: 0.450s 
                          Learning time: 0.070s 
                        Mean value loss: 0.0274
                    Mean surrogate loss: -0.0101
                      Mean entropy loss: 4.4012
                            Mean reward: 13.90
                    Mean episode length: 358.60
                        Mean action std: 0.38
                reward/tracking_lin_vel: 1.3083
                reward/tracking_ang_vel: 0.0881
                      reward/feet_phase: 0.5194
             reward/feet_phase_contrast: 0.9451
             reward/feet_contact_number: 0.4545
                   reward/feet_air_time: 0.0008
                     reward/under_speed: -0.1419
                       reward/feet_slip: -0.0061
                  reward/feet_clearance: -0.0169
                       reward/lin_vel_z: -0.0077
                      reward/ang_vel_xy: -0.2089
                     reward/base_height: -0.0209
                     reward/orientation: -0.0325
                            reward/pose: -0.0102
                     reward/action_rate: -0.0763
                      reward/action_acc: -0.1762
             Metrics/twist/error_vel_xy: 0.3526
            Metrics/twist/error_vel_yaw: 0.5304
        Episode_Reward/tracking_lin_vel: 0.7974
        Episode_Reward/tracking_ang_vel: 0.0722
              Episode_Reward/feet_phase: 0.2870
     Episode_Reward/feet_phase_contrast: 0.4942
     Episode_Reward/feet_contact_number: 0.3078
           Episode_Reward/feet_air_time: 0.0005
             Episode_Reward/under_speed: -0.1026
               Episode_Reward/feet_slip: -0.0022
          Episode_Reward/feet_clearance: -0.0074
               Episode_Reward/lin_vel_z: -0.0038
              Episode_Reward/ang_vel_xy: -0.1306
             Episode_Reward/base_height: -0.0263
             Episode_Reward/orientation: -0.0344
                    Episode_Reward/pose: -0.0058
             Episode_Reward/action_rate: -0.0434
              Episode_Reward/action_acc: -0.1070
           Episode_Termination/time_out: 0.6000
    Episode_Termination/bad_orientation: 0.4000
--------------------------------------------------------------------------------
                         Iteration time: 0.52s
                           Time elapsed: 00:01:34
                                    ETA: 00:00:25

################################################################################
[1m                           Learning iteration 196/250                           [0m 

                            Total steps: 2420736 
                       Steps per second: 24953 
                        Collection time: 0.422s 
                          Learning time: 0.070s 
                        Mean value loss: 0.0311
                    Mean surrogate loss: -0.0101
                      Mean entropy loss: 4.3899
                            Mean reward: 14.31
                    Mean episode length: 368.22
                        Mean action std: 0.38
                reward/tracking_lin_vel: 1.3199
                reward/tracking_ang_vel: 0.0880
                      reward/feet_phase: 0.6635
             reward/feet_phase_contrast: 0.9584
             reward/feet_contact_number: 0.4517
                   reward/feet_air_time: 0.0007
                     reward/under_speed: -0.1400
                       reward/feet_slip: -0.0068
                  reward/feet_clearance: -0.0177
                       reward/lin_vel_z: -0.0080
                      reward/ang_vel_xy: -0.2137
                     reward/base_height: -0.0142
                     reward/orientation: -0.0286
                            reward/pose: -0.0101
                     reward/action_rate: -0.0785
                      reward/action_acc: -0.1795
--------------------------------------------------------------------------------
                         Iteration time: 0.49s
                           Time elapsed: 00:01:34
                                    ETA: 00:00:25

################################################################################
[1m                           Learning iteration 197/250                           [0m 

                            Total steps: 2433024 
                       Steps per second: 24401 
                        Collection time: 0.437s 
                          Learning time: 0.066s 
                        Mean value loss: 0.0261
                    Mean surrogate loss: -0.0124
                      Mean entropy loss: 4.3745
                            Mean reward: 14.81
                    Mean episode length: 379.30
                        Mean action std: 0.37
                reward/tracking_lin_vel: 1.3491
                reward/tracking_ang_vel: 0.0858
                      reward/feet_phase: 0.5442
             reward/feet_phase_contrast: 0.9990
             reward/feet_contact_number: 0.4519
                   reward/feet_air_time: 0.0007
                     reward/under_speed: -0.1367
                       reward/feet_slip: -0.0068
                  reward/feet_clearance: -0.0184
                       reward/lin_vel_z: -0.0084
                      reward/ang_vel_xy: -0.2126
                     reward/base_height: -0.0115
                     reward/orientation: -0.0264
                            reward/pose: -0.0105
                     reward/action_rate: -0.0803
                      reward/action_acc: -0.1822
--------------------------------------------------------------------------------
                         Iteration time: 0.50s
                           Time elapsed: 00:01:35
                                    ETA: 00:00:24

################################################################################
[1m                           Learning iteration 198/250                           [0m 

                            Total steps: 2445312 
                       Steps per second: 24671 
                        Collection time: 0.428s 
                          Learning time: 0.070s 
                        Mean value loss: 0.0225
                    Mean surrogate loss: -0.0072
                      Mean entropy loss: 4.3540
                            Mean reward: 14.81
                    Mean episode length: 379.30
                        Mean action std: 0.37
                reward/tracking_lin_vel: 1.3514
                reward/tracking_ang_vel: 0.0841
                      reward/feet_phase: 0.5020
             reward/feet_phase_contrast: 1.0030
             reward/feet_contact_number: 0.4542
                   reward/feet_air_time: 0.0007
                     reward/under_speed: -0.1362
                       reward/feet_slip: -0.0071
                  reward/feet_clearance: -0.0188
                       reward/lin_vel_z: -0.0084
                      reward/ang_vel_xy: -0.2138
                     reward/base_height: -0.0150
                     reward/orientation: -0.0299
                            reward/pose: -0.0111
                     reward/action_rate: -0.0808
                      reward/action_acc: -0.1841
--------------------------------------------------------------------------------
                         Iteration time: 0.50s
                           Time elapsed: 00:01:35
                                    ETA: 00:00:24

################################################################################
[1m                           Learning iteration 199/250                           [0m 

                            Total steps: 2457600 
                       Steps per second: 24189 
                        Collection time: 0.435s 
                          Learning time: 0.073s 
                        Mean value loss: 3.2032
                    Mean surrogate loss: -0.0106
                      Mean entropy loss: 4.3556
                            Mean reward: 14.77
                    Mean episode length: 379.52
                        Mean action std: 0.37
                reward/tracking_lin_vel: 1.3610
                reward/tracking_ang_vel: 0.0841
                      reward/feet_phase: 0.6400
             reward/feet_phase_contrast: 1.0160
             reward/feet_contact_number: 0.4563
                   reward/feet_air_time: 0.0000
                     reward/under_speed: -0.1347
                       reward/feet_slip: -0.0073
                  reward/feet_clearance: -0.0194
                       reward/lin_vel_z: -0.0088
                      reward/ang_vel_xy: -0.2128
                     reward/base_height: -0.0192
                     reward/orientation: -0.0278
                            reward/pose: -0.0114
                     reward/action_rate: -0.0813
                      reward/action_acc: -0.1835
--------------------------------------------------------------------------------
                         Iteration time: 0.51s
                           Time elapsed: 00:01:36
                                    ETA: 00:00:24

################################################################################
[1m                           Learning iteration 200/250                           [0m 

                            Total steps: 2469888 
                       Steps per second: 32131 
                        Collection time: 0.318s 
                          Learning time: 0.065s 
                        Mean value loss: 1.1256
                    Mean surrogate loss: -0.0119
                      Mean entropy loss: 4.3632
                            Mean reward: 27.67
                    Mean episode length: 614.41
                        Mean action std: 0.37
                reward/tracking_lin_vel: 0.5772
                reward/tracking_ang_vel: 0.0753
                      reward/feet_phase: 0.5028
             reward/feet_phase_contrast: 0.8118
             reward/feet_contact_number: 0.4361
                   reward/feet_air_time: 0.1657
                     reward/under_speed: -0.1095
                       reward/feet_slip: -0.0092
                  reward/feet_clearance: -0.0252
                       reward/lin_vel_z: -0.0472
                      reward/ang_vel_xy: -0.6686
                     reward/base_height: -0.3026
                     reward/orientation: -0.3855
                            reward/pose: -0.0147
                     reward/action_rate: -0.0822
                      reward/action_acc: -0.1796
--------------------------------------------------------------------------------
                         Iteration time: 0.38s
                           Time elapsed: 00:01:36
                                    ETA: 00:00:23

################################################################################
[1m                           Learning iteration 201/250                           [0m 

                            Total steps: 2482176 
                       Steps per second: 27805 
                        Collection time: 0.374s 
                          Learning time: 0.068s 
                        Mean value loss: 0.2754
                    Mean surrogate loss: -0.0102
                      Mean entropy loss: 4.3561
                            Mean reward: 20.67
                    Mean episode length: 469.18
                        Mean action std: 0.37
                reward/tracking_lin_vel: 1.0012
                reward/tracking_ang_vel: 0.0830
                      reward/feet_phase: 0.5260
             reward/feet_phase_contrast: 0.8963
             reward/feet_contact_number: 0.4437
                   reward/feet_air_time: 0.0686
                     reward/under_speed: -0.1162
                       reward/feet_slip: -0.0073
                  reward/feet_clearance: -0.0232
                       reward/lin_vel_z: -0.0340
                      reward/ang_vel_xy: -0.6401
                     reward/base_height: -1.0895
                     reward/orientation: -0.4952
                            reward/pose: -0.0121
                     reward/action_rate: -0.0773
                      reward/action_acc: -0.1728
             Metrics/twist/error_vel_xy: 0.3938
            Metrics/twist/error_vel_yaw: 0.3991
        Episode_Reward/tracking_lin_vel: 0.5599
        Episode_Reward/tracking_ang_vel: 0.0455
              Episode_Reward/feet_phase: 0.2384
     Episode_Reward/feet_phase_contrast: 0.4072
     Episode_Reward/feet_contact_number: 0.2163
           Episode_Reward/feet_air_time: 0.0097
             Episode_Reward/under_speed: -0.0698
               Episode_Reward/feet_slip: -0.0025
          Episode_Reward/feet_clearance: -0.0074
               Episode_Reward/lin_vel_z: -0.0048
              Episode_Reward/ang_vel_xy: -0.1169
             Episode_Reward/base_height: -0.0680
             Episode_Reward/orientation: -0.0465
                    Episode_Reward/pose: -0.0050
             Episode_Reward/action_rate: -0.0332
              Episode_Reward/action_acc: -0.0793
           Episode_Termination/time_out: 0.0833
    Episode_Termination/bad_orientation: 9.7917
--------------------------------------------------------------------------------
                         Iteration time: 0.44s
                           Time elapsed: 00:01:36
                                    ETA: 00:00:23

################################################################################
[1m                           Learning iteration 202/250                           [0m 

                            Total steps: 2494464 
                       Steps per second: 25207 
                        Collection time: 0.419s 
                          Learning time: 0.069s 
                        Mean value loss: 0.1854
                    Mean surrogate loss: -0.0107
                      Mean entropy loss: 4.3318
                            Mean reward: 19.50
                    Mean episode length: 452.41
                        Mean action std: 0.37
                reward/tracking_lin_vel: 1.2902
                reward/tracking_ang_vel: 0.0869
                      reward/feet_phase: 0.5478
             reward/feet_phase_contrast: 1.0189
             reward/feet_contact_number: 0.4551
                   reward/feet_air_time: 0.0195
                     reward/under_speed: -0.1238
                       reward/feet_slip: -0.0073
                  reward/feet_clearance: -0.0197
                       reward/lin_vel_z: -0.0111
                      reward/ang_vel_xy: -0.2842
                     reward/base_height: -0.2247
                     reward/orientation: -0.1277
                            reward/pose: -0.0104
                     reward/action_rate: -0.0803
                      reward/action_acc: -0.1800
             Metrics/twist/error_vel_xy: 0.4377
            Metrics/twist/error_vel_yaw: 0.4419
        Episode_Reward/tracking_lin_vel: 0.4101
        Episode_Reward/tracking_ang_vel: 0.0339
              Episode_Reward/feet_phase: 0.1741
     Episode_Reward/feet_phase_contrast: 0.2971
     Episode_Reward/feet_contact_number: 0.1630
           Episode_Reward/feet_air_time: 0.0057
             Episode_Reward/under_speed: -0.0518
               Episode_Reward/feet_slip: -0.0019
          Episode_Reward/feet_clearance: -0.0056
               Episode_Reward/lin_vel_z: -0.0037
              Episode_Reward/ang_vel_xy: -0.0919
             Episode_Reward/base_height: -0.0829
             Episode_Reward/orientation: -0.0477
                    Episode_Reward/pose: -0.0042
             Episode_Reward/action_rate: -0.0255
              Episode_Reward/action_acc: -0.0601
           Episode_Termination/time_out: 0.0000
    Episode_Termination/bad_orientation: 2.2353
--------------------------------------------------------------------------------
                         Iteration time: 0.49s
                           Time elapsed: 00:01:37
                                    ETA: 00:00:22

################################################################################
[1m                           Learning iteration 203/250                           [0m 

                            Total steps: 2506752 
                       Steps per second: 24640 
                        Collection time: 0.430s 
                          Learning time: 0.069s 
                        Mean value loss: 0.0775
                    Mean surrogate loss: -0.0110
                      Mean entropy loss: 4.3108
                            Mean reward: 13.04
                    Mean episode length: 331.19
                        Mean action std: 0.37
                reward/tracking_lin_vel: 1.3473
                reward/tracking_ang_vel: 0.0837
                      reward/feet_phase: 0.7179
             reward/feet_phase_contrast: 1.0384
             reward/feet_contact_number: 0.4497
                   reward/feet_air_time: 0.0063
                     reward/under_speed: -0.1267
                       reward/feet_slip: -0.0076
                  reward/feet_clearance: -0.0206
                       reward/lin_vel_z: -0.0113
                      reward/ang_vel_xy: -0.2644
                     reward/base_height: -0.1848
                     reward/orientation: -0.0976
                            reward/pose: -0.0113
                     reward/action_rate: -0.0830
                      reward/action_acc: -0.1831
             Metrics/twist/error_vel_xy: 0.3693
            Metrics/twist/error_vel_yaw: 0.2506
        Episode_Reward/tracking_lin_vel: 0.0725
        Episode_Reward/tracking_ang_vel: 0.0083
              Episode_Reward/feet_phase: 0.0352
     Episode_Reward/feet_phase_contrast: 0.0557
     Episode_Reward/feet_contact_number: 0.0405
           Episode_Reward/feet_air_time: 0.0072
             Episode_Reward/under_speed: -0.0139
               Episode_Reward/feet_slip: -0.0005
          Episode_Reward/feet_clearance: -0.0015
               Episode_Reward/lin_vel_z: -0.0016
              Episode_Reward/ang_vel_xy: -0.0443
             Episode_Reward/base_height: -0.0802
             Episode_Reward/orientation: -0.0389
                    Episode_Reward/pose: -0.0013
             Episode_Reward/action_rate: -0.0064
              Episode_Reward/action_acc: -0.0151
           Episode_Termination/time_out: 0.0000
    Episode_Termination/bad_orientation: 1.4286
--------------------------------------------------------------------------------
                         Iteration time: 0.50s
                           Time elapsed: 00:01:37
                                    ETA: 00:00:22

################################################################################
[1m                           Learning iteration 204/250                           [0m 

                            Total steps: 2519040 
                       Steps per second: 25006 
                        Collection time: 0.423s 
                          Learning time: 0.069s 
                        Mean value loss: 0.0669
                    Mean surrogate loss: -0.0098
                      Mean entropy loss: 4.2955
                            Mean reward: 11.45
                    Mean episode length: 303.21
                        Mean action std: 0.37
                reward/tracking_lin_vel: 1.3705
                reward/tracking_ang_vel: 0.0821
                      reward/feet_phase: 0.5880
             reward/feet_phase_contrast: 1.0308
             reward/feet_contact_number: 0.4475
                   reward/feet_air_time: 0.0019
                     reward/under_speed: -0.1300
                       reward/feet_slip: -0.0076
                  reward/feet_clearance: -0.0206
                       reward/lin_vel_z: -0.0103
                      reward/ang_vel_xy: -0.2259
                     reward/base_height: -0.0462
                     reward/orientation: -0.0464
                            reward/pose: -0.0113
                     reward/action_rate: -0.0847
                      reward/action_acc: -0.1881
             Metrics/twist/error_vel_xy: 0.3827
            Metrics/twist/error_vel_yaw: 0.3928
        Episode_Reward/tracking_lin_vel: 0.0926
        Episode_Reward/tracking_ang_vel: 0.0084
              Episode_Reward/feet_phase: 0.0464
     Episode_Reward/feet_phase_contrast: 0.0757
     Episode_Reward/feet_contact_number: 0.0441
           Episode_Reward/feet_air_time: 0.0033
             Episode_Reward/under_speed: -0.0132
               Episode_Reward/feet_slip: -0.0006
          Episode_Reward/feet_clearance: -0.0017
               Episode_Reward/lin_vel_z: -0.0026
              Episode_Reward/ang_vel_xy: -0.0523
             Episode_Reward/base_height: -0.0663
             Episode_Reward/orientation: -0.0416
                    Episode_Reward/pose: -0.0011
             Episode_Reward/action_rate: -0.0086
              Episode_Reward/action_acc: -0.0180
           Episode_Termination/time_out: 0.0000
    Episode_Termination/bad_orientation: 1.1667
--------------------------------------------------------------------------------
                         Iteration time: 0.49s
                           Time elapsed: 00:01:38
                                    ETA: 00:00:21

################################################################################
[1m                           Learning iteration 205/250                           [0m 

                            Total steps: 2531328 
                       Steps per second: 23957 
                        Collection time: 0.442s 
                          Learning time: 0.071s 
                        Mean value loss: 0.0328
                    Mean surrogate loss: -0.0105
                      Mean entropy loss: 4.2685
                            Mean reward: 10.60
                    Mean episode length: 287.14
                        Mean action std: 0.37
                reward/tracking_lin_vel: 1.3876
                reward/tracking_ang_vel: 0.0818
                      reward/feet_phase: 0.5298
             reward/feet_phase_contrast: 1.0503
             reward/feet_contact_number: 0.4536
                   reward/feet_air_time: 0.0012
                     reward/under_speed: -0.1295
                       reward/feet_slip: -0.0080
                  reward/feet_clearance: -0.0208
                       reward/lin_vel_z: -0.0099
                      reward/ang_vel_xy: -0.2217
                     reward/base_height: -0.0378
                     reward/orientation: -0.0398
                            reward/pose: -0.0116
                     reward/action_rate: -0.0853
                      reward/action_acc: -0.1871
             Metrics/twist/error_vel_xy: 0.3269
            Metrics/twist/error_vel_yaw: 0.2277
        Episode_Reward/tracking_lin_vel: 0.0767
        Episode_Reward/tracking_ang_vel: 0.0103
              Episode_Reward/feet_phase: 0.0330
     Episode_Reward/feet_phase_contrast: 0.0544
     Episode_Reward/feet_contact_number: 0.0495
           Episode_Reward/feet_air_time: 0.0028
             Episode_Reward/under_speed: -0.0196
               Episode_Reward/feet_slip: -0.0004
          Episode_Reward/feet_clearance: -0.0014
               Episode_Reward/lin_vel_z: -0.0008
              Episode_Reward/ang_vel_xy: -0.0475
             Episode_Reward/base_height: -0.0914
             Episode_Reward/orientation: -0.0397
                    Episode_Reward/pose: -0.0010
             Episode_Reward/action_rate: -0.0073
              Episode_Reward/action_acc: -0.0179
           Episode_Termination/time_out: 0.0000
    Episode_Termination/bad_orientation: 1.6667
--------------------------------------------------------------------------------
                         Iteration time: 0.51s
                           Time elapsed: 00:01:38
                                    ETA: 00:00:21

################################################################################
[1m                           Learning iteration 206/250                           [0m 

                            Total steps: 2543616 
                       Steps per second: 22170 
                        Collection time: 0.484s 
                          Learning time: 0.070s 
                        Mean value loss: 0.0322
                    Mean surrogate loss: -0.0072
                      Mean entropy loss: 4.2491
                            Mean reward: 10.25
                    Mean episode length: 281.00
                        Mean action std: 0.37
                reward/tracking_lin_vel: 1.4015
                reward/tracking_ang_vel: 0.0794
                      reward/feet_phase: 0.6405
             reward/feet_phase_contrast: 1.0594
             reward/feet_contact_number: 0.4580
                   reward/feet_air_time: 0.0008
                     reward/under_speed: -0.1275
                       reward/feet_slip: -0.0084
                  reward/feet_clearance: -0.0218
                       reward/lin_vel_z: -0.0099
                      reward/ang_vel_xy: -0.2221
                     reward/base_height: -0.0202
                     reward/orientation: -0.0318
                            reward/pose: -0.0119
                     reward/action_rate: -0.0874
                      reward/action_acc: -0.1917
--------------------------------------------------------------------------------
                         Iteration time: 0.55s
                           Time elapsed: 00:01:39
                                    ETA: 00:00:20

################################################################################
[1m                           Learning iteration 207/250                           [0m 

                            Total steps: 2555904 
                       Steps per second: 23660 
                        Collection time: 0.451s 
                          Learning time: 0.069s 
                        Mean value loss: 0.0264
                    Mean surrogate loss: -0.0078
                      Mean entropy loss: 4.2283
                            Mean reward: 10.16
                    Mean episode length: 277.69
                        Mean action std: 0.37
                reward/tracking_lin_vel: 1.4115
                reward/tracking_ang_vel: 0.0813
                      reward/feet_phase: 0.7261
             reward/feet_phase_contrast: 1.0779
             reward/feet_contact_number: 0.4540
                   reward/feet_air_time: 0.0001
                     reward/under_speed: -0.1257
                       reward/feet_slip: -0.0087
                  reward/feet_clearance: -0.0219
                       reward/lin_vel_z: -0.0102
                      reward/ang_vel_xy: -0.2239
                     reward/base_height: -0.0122
                     reward/orientation: -0.0297
                            reward/pose: -0.0117
                     reward/action_rate: -0.0863
                      reward/action_acc: -0.1871
--------------------------------------------------------------------------------
                         Iteration time: 0.52s
                           Time elapsed: 00:01:39
                                    ETA: 00:00:20

################################################################################
[1m                           Learning iteration 208/250                           [0m 

                            Total steps: 2568192 
                       Steps per second: 25840 
                        Collection time: 0.403s 
                          Learning time: 0.072s 
                        Mean value loss: 0.0231
                    Mean surrogate loss: -0.0121
                      Mean entropy loss: 4.2038
                            Mean reward: 10.16
                    Mean episode length: 277.69
                        Mean action std: 0.37
                reward/tracking_lin_vel: 1.4201
                reward/tracking_ang_vel: 0.0788
                      reward/feet_phase: 0.5613
             reward/feet_phase_contrast: 1.0858
             reward/feet_contact_number: 0.4529
                   reward/feet_air_time: 0.0004
                     reward/under_speed: -0.1239
                       reward/feet_slip: -0.0097
                  reward/feet_clearance: -0.0226
                       reward/lin_vel_z: -0.0104
                      reward/ang_vel_xy: -0.2282
                     reward/base_height: -0.0097
                     reward/orientation: -0.0297
                            reward/pose: -0.0120
                     reward/action_rate: -0.0891
                      reward/action_acc: -0.1932
--------------------------------------------------------------------------------
                         Iteration time: 0.48s
                           Time elapsed: 00:01:40
                                    ETA: 00:00:19

################################################################################
[1m                           Learning iteration 209/250                           [0m 

                            Total steps: 2580480 
                       Steps per second: 23959 
                        Collection time: 0.447s 
                          Learning time: 0.066s 
                        Mean value loss: 0.0360
                    Mean surrogate loss: -0.0090
                      Mean entropy loss: 4.1846
                            Mean reward: 16.89
                    Mean episode length: 398.05
                        Mean action std: 0.37
                reward/tracking_lin_vel: 1.4217
                reward/tracking_ang_vel: 0.0793
                      reward/feet_phase: 0.5652
             reward/feet_phase_contrast: 1.0898
             reward/feet_contact_number: 0.4524
                   reward/feet_air_time: 0.0000
                     reward/under_speed: -0.1221
                       reward/feet_slip: -0.0089
                  reward/feet_clearance: -0.0229
                       reward/lin_vel_z: -0.0113
                      reward/ang_vel_xy: -0.2303
                     reward/base_height: -0.0112
                     reward/orientation: -0.0328
                            reward/pose: -0.0120
                     reward/action_rate: -0.0895
                      reward/action_acc: -0.1928
--------------------------------------------------------------------------------
                         Iteration time: 0.51s
                           Time elapsed: 00:01:40
                                    ETA: 00:00:19

################################################################################
[1m                           Learning iteration 210/250                           [0m 

                            Total steps: 2592768 
                       Steps per second: 23387 
                        Collection time: 0.441s 
                          Learning time: 0.084s 
                        Mean value loss: 0.0598
                    Mean surrogate loss: -0.0088
                      Mean entropy loss: 4.1704
                            Mean reward: 18.70
                    Mean episode length: 421.28
                        Mean action std: 0.37
                reward/tracking_lin_vel: 1.4250
                reward/tracking_ang_vel: 0.0792
                      reward/feet_phase: 0.7434
             reward/feet_phase_contrast: 1.0975
             reward/feet_contact_number: 0.4486
                   reward/feet_air_time: 0.0014
                     reward/under_speed: -0.1202
                       reward/feet_slip: -0.0091
                  reward/feet_clearance: -0.0233
                       reward/lin_vel_z: -0.0119
                      reward/ang_vel_xy: -0.2435
                     reward/base_height: -0.0194
                     reward/orientation: -0.0385
                            reward/pose: -0.0122
                     reward/action_rate: -0.0915
                      reward/action_acc: -0.1959
--------------------------------------------------------------------------------
                         Iteration time: 0.53s
                           Time elapsed: 00:01:41
                                    ETA: 00:00:18

################################################################################
[1m                           Learning iteration 211/250                           [0m 

                            Total steps: 2605056 
                       Steps per second: 25523 
                        Collection time: 0.413s 
                          Learning time: 0.068s 
                        Mean value loss: 0.0367
                    Mean surrogate loss: -0.0110
                      Mean entropy loss: 4.1548
                            Mean reward: 20.20
                    Mean episode length: 445.49
                        Mean action std: 0.37
                reward/tracking_lin_vel: 1.4319
                reward/tracking_ang_vel: 0.0769
                      reward/feet_phase: 0.6735
             reward/feet_phase_contrast: 1.1157
             reward/feet_contact_number: 0.4558
                   reward/feet_air_time: 0.0003
                     reward/under_speed: -0.1193
                       reward/feet_slip: -0.0104
                  reward/feet_clearance: -0.0244
                       reward/lin_vel_z: -0.0125
                      reward/ang_vel_xy: -0.2562
                     reward/base_height: -0.0315
                     reward/orientation: -0.0365
                            reward/pose: -0.0122
                     reward/action_rate: -0.0929
                      reward/action_acc: -0.1972
--------------------------------------------------------------------------------
                         Iteration time: 0.48s
                           Time elapsed: 00:01:41
                                    ETA: 00:00:18

################################################################################
[1m                           Learning iteration 212/250                           [0m 

                            Total steps: 2617344 
                       Steps per second: 25168 
                        Collection time: 0.421s 
                          Learning time: 0.068s 
                        Mean value loss: 0.0249
                    Mean surrogate loss: -0.0092
                      Mean entropy loss: 4.1422
                            Mean reward: 21.40
                    Mean episode length: 466.38
                        Mean action std: 0.37
                reward/tracking_lin_vel: 1.4510
                reward/tracking_ang_vel: 0.0782
                      reward/feet_phase: 0.5703
             reward/feet_phase_contrast: 1.1359
             reward/feet_contact_number: 0.4498
                   reward/feet_air_time: 0.0001
                     reward/under_speed: -0.1172
                       reward/feet_slip: -0.0100
                  reward/feet_clearance: -0.0243
                       reward/lin_vel_z: -0.0124
                      reward/ang_vel_xy: -0.2418
                     reward/base_height: -0.0103
                     reward/orientation: -0.0286
                            reward/pose: -0.0124
                     reward/action_rate: -0.0928
                      reward/action_acc: -0.1967
--------------------------------------------------------------------------------
                         Iteration time: 0.49s
                           Time elapsed: 00:01:42
                                    ETA: 00:00:17

################################################################################
[1m                           Learning iteration 213/250                           [0m 

                            Total steps: 2629632 
                       Steps per second: 24617 
                        Collection time: 0.428s 
                          Learning time: 0.072s 
                        Mean value loss: 0.0207
                    Mean surrogate loss: -0.0101
                      Mean entropy loss: 4.1378
                            Mean reward: 21.73
                    Mean episode length: 472.05
                        Mean action std: 0.37
                reward/tracking_lin_vel: 1.4603
                reward/tracking_ang_vel: 0.0783
                      reward/feet_phase: 0.6611
             reward/feet_phase_contrast: 1.1460
             reward/feet_contact_number: 0.4522
                   reward/feet_air_time: 0.0002
                     reward/under_speed: -0.1151
                       reward/feet_slip: -0.0099
                  reward/feet_clearance: -0.0250
                       reward/lin_vel_z: -0.0132
                      reward/ang_vel_xy: -0.2534
                     reward/base_height: -0.0182
                     reward/orientation: -0.0306
                            reward/pose: -0.0127
                     reward/action_rate: -0.0957
                      reward/action_acc: -0.2018
--------------------------------------------------------------------------------
                         Iteration time: 0.50s
                           Time elapsed: 00:01:42
                                    ETA: 00:00:17

################################################################################
[1m                           Learning iteration 214/250                           [0m 

                            Total steps: 2641920 
                       Steps per second: 20786 
                        Collection time: 0.496s 
                          Learning time: 0.095s 
                        Mean value loss: 0.0255
                    Mean surrogate loss: -0.0103
                      Mean entropy loss: 4.1244
                            Mean reward: 21.73
                    Mean episode length: 472.05
                        Mean action std: 0.37
                reward/tracking_lin_vel: 1.4767
                reward/tracking_ang_vel: 0.0779
                      reward/feet_phase: 0.7953
             reward/feet_phase_contrast: 1.1576
             reward/feet_contact_number: 0.4507
                   reward/feet_air_time: 0.0001
                     reward/under_speed: -0.1130
                       reward/feet_slip: -0.0102
                  reward/feet_clearance: -0.0249
                       reward/lin_vel_z: -0.0133
                      reward/ang_vel_xy: -0.2481
                     reward/base_height: -0.0107
                     reward/orientation: -0.0289
                            reward/pose: -0.0132
                     reward/action_rate: -0.0950
                      reward/action_acc: -0.1986
--------------------------------------------------------------------------------
                         Iteration time: 0.59s
                           Time elapsed: 00:01:43
                                    ETA: 00:00:16

################################################################################
[1m                           Learning iteration 215/250                           [0m 

                            Total steps: 2654208 
                       Steps per second: 22258 
                        Collection time: 0.475s 
                          Learning time: 0.077s 
                        Mean value loss: 0.0241
                    Mean surrogate loss: -0.0095
                      Mean entropy loss: 4.1164
                            Mean reward: 21.73
                    Mean episode length: 472.05
                        Mean action std: 0.37
                reward/tracking_lin_vel: 1.4718
                reward/tracking_ang_vel: 0.0748
                      reward/feet_phase: 0.6093
             reward/feet_phase_contrast: 1.1466
             reward/feet_contact_number: 0.4504
                   reward/feet_air_time: 0.0004
                     reward/under_speed: -0.1126
                       reward/feet_slip: -0.0108
                  reward/feet_clearance: -0.0264
                       reward/lin_vel_z: -0.0145
                      reward/ang_vel_xy: -0.2643
                     reward/base_height: -0.0109
                     reward/orientation: -0.0288
                            reward/pose: -0.0133
                     reward/action_rate: -0.0999
                      reward/action_acc: -0.2079
--------------------------------------------------------------------------------
                         Iteration time: 0.55s
                           Time elapsed: 00:01:44
                                    ETA: 00:00:16

################################################################################
[1m                           Learning iteration 216/250                           [0m 

                            Total steps: 2666496 
                       Steps per second: 22864 
                        Collection time: 0.464s 
                          Learning time: 0.073s 
                        Mean value loss: 5.0323
                    Mean surrogate loss: -0.0077
                      Mean entropy loss: 4.1062
                            Mean reward: 21.73
                    Mean episode length: 472.05
                        Mean action std: 0.37
                reward/tracking_lin_vel: 1.1261
                reward/tracking_ang_vel: 0.0727
                      reward/feet_phase: 0.5792
             reward/feet_phase_contrast: 1.0725
             reward/feet_contact_number: 0.4460
                   reward/feet_air_time: 0.0085
                     reward/under_speed: -0.1058
                       reward/feet_slip: -0.0133
                  reward/feet_clearance: -0.0310
                       reward/lin_vel_z: -0.0245
                      reward/ang_vel_xy: -0.3490
                     reward/base_height: -0.0110
                     reward/orientation: -0.0431
                            reward/pose: -0.0131
                     reward/action_rate: -0.1006
                      reward/action_acc: -0.2074
--------------------------------------------------------------------------------
                         Iteration time: 0.54s
                           Time elapsed: 00:01:44
                                    ETA: 00:00:15

################################################################################
[1m                           Learning iteration 217/250                           [0m 

                            Total steps: 2678784 
                       Steps per second: 31461 
                        Collection time: 0.324s 
                          Learning time: 0.067s 
                        Mean value loss: 0.6667
                    Mean surrogate loss: -0.0119
                      Mean entropy loss: 4.1035
                            Mean reward: 24.92
                    Mean episode length: 481.43
                        Mean action std: 0.37
                reward/tracking_lin_vel: 0.7458
                reward/tracking_ang_vel: 0.0709
                      reward/feet_phase: 0.5855
             reward/feet_phase_contrast: 0.9184
             reward/feet_contact_number: 0.4436
                   reward/feet_air_time: 0.2199
                     reward/under_speed: -0.0927
                       reward/feet_slip: -0.0098
                  reward/feet_clearance: -0.0265
                       reward/lin_vel_z: -0.0689
                      reward/ang_vel_xy: -0.8686
                     reward/base_height: -0.7031
                     reward/orientation: -0.6172
                            reward/pose: -0.0173
                     reward/action_rate: -0.0927
                      reward/action_acc: -0.1865
--------------------------------------------------------------------------------
                         Iteration time: 0.39s
                           Time elapsed: 00:01:44
                                    ETA: 00:00:15

################################################################################
[1m                           Learning iteration 218/250                           [0m 

                            Total steps: 2691072 
                       Steps per second: 26649 
                        Collection time: 0.391s 
                          Learning time: 0.071s 
                        Mean value loss: 0.2899
                    Mean surrogate loss: -0.0109
                      Mean entropy loss: 4.1036
                            Mean reward: 22.97
                    Mean episode length: 467.44
                        Mean action std: 0.37
                reward/tracking_lin_vel: 1.1901
                reward/tracking_ang_vel: 0.0833
                      reward/feet_phase: 0.6609
             reward/feet_phase_contrast: 1.0046
             reward/feet_contact_number: 0.4383
                   reward/feet_air_time: 0.0365
                     reward/under_speed: -0.1124
                       reward/feet_slip: -0.0084
                  reward/feet_clearance: -0.0234
                       reward/lin_vel_z: -0.0237
                      reward/ang_vel_xy: -0.4417
                     reward/base_height: -0.5485
                     reward/orientation: -0.2792
                            reward/pose: -0.0118
                     reward/action_rate: -0.0834
                      reward/action_acc: -0.1799
             Metrics/twist/error_vel_xy: 0.4086
            Metrics/twist/error_vel_yaw: 0.4886
        Episode_Reward/tracking_lin_vel: 0.5969
        Episode_Reward/tracking_ang_vel: 0.0389
              Episode_Reward/feet_phase: 0.2777
     Episode_Reward/feet_phase_contrast: 0.4727
     Episode_Reward/feet_contact_number: 0.2139
           Episode_Reward/feet_air_time: 0.0104
             Episode_Reward/under_speed: -0.0611
               Episode_Reward/feet_slip: -0.0038
          Episode_Reward/feet_clearance: -0.0100
               Episode_Reward/lin_vel_z: -0.0063
              Episode_Reward/ang_vel_xy: -0.1315
             Episode_Reward/base_height: -0.0712
             Episode_Reward/orientation: -0.0492
                    Episode_Reward/pose: -0.0060
             Episode_Reward/action_rate: -0.0392
              Episode_Reward/action_acc: -0.0864
           Episode_Termination/time_out: 0.0000
    Episode_Termination/bad_orientation: 5.1739
--------------------------------------------------------------------------------
                         Iteration time: 0.46s
                           Time elapsed: 00:01:45
                                    ETA: 00:00:14

################################################################################
[1m                           Learning iteration 219/250                           [0m 

                            Total steps: 2703360 
                       Steps per second: 24782 
                        Collection time: 0.429s 
                          Learning time: 0.066s 
                        Mean value loss: 0.1408
                    Mean surrogate loss: -0.0095
                      Mean entropy loss: 4.0978
                            Mean reward: 17.08
                    Mean episode length: 368.67
                        Mean action std: 0.37
                reward/tracking_lin_vel: 1.3754
                reward/tracking_ang_vel: 0.0799
                      reward/feet_phase: 0.5776
             reward/feet_phase_contrast: 1.1131
             reward/feet_contact_number: 0.4529
                   reward/feet_air_time: 0.0148
                     reward/under_speed: -0.1091
                       reward/feet_slip: -0.0094
                  reward/feet_clearance: -0.0243
                       reward/lin_vel_z: -0.0168
                      reward/ang_vel_xy: -0.3365
                     reward/base_height: -0.2482
                     reward/orientation: -0.1370
                            reward/pose: -0.0125
                     reward/action_rate: -0.0923
                      reward/action_acc: -0.1953
             Metrics/twist/error_vel_xy: 0.3964
            Metrics/twist/error_vel_yaw: 0.3735
        Episode_Reward/tracking_lin_vel: 0.3183
        Episode_Reward/tracking_ang_vel: 0.0210
              Episode_Reward/feet_phase: 0.1512
     Episode_Reward/feet_phase_contrast: 0.2536
     Episode_Reward/feet_contact_number: 0.1182
           Episode_Reward/feet_air_time: 0.0090
             Episode_Reward/under_speed: -0.0325
               Episode_Reward/feet_slip: -0.0022
          Episode_Reward/feet_clearance: -0.0059
               Episode_Reward/lin_vel_z: -0.0045
              Episode_Reward/ang_vel_xy: -0.0887
             Episode_Reward/base_height: -0.0760
             Episode_Reward/orientation: -0.0479
                    Episode_Reward/pose: -0.0032
             Episode_Reward/action_rate: -0.0229
              Episode_Reward/action_acc: -0.0489
           Episode_Termination/time_out: 0.0000
    Episode_Termination/bad_orientation: 1.9130
--------------------------------------------------------------------------------
                         Iteration time: 0.50s
                           Time elapsed: 00:01:45
                                    ETA: 00:00:14

################################################################################
[1m                           Learning iteration 220/250                           [0m 

                            Total steps: 2715648 
                       Steps per second: 23709 
                        Collection time: 0.437s 
                          Learning time: 0.081s 
                        Mean value loss: 0.0761
                    Mean surrogate loss: -0.0105
                      Mean entropy loss: 4.0931
                            Mean reward: 13.85
                    Mean episode length: 316.57
                        Mean action std: 0.36
                reward/tracking_lin_vel: 1.4628
                reward/tracking_ang_vel: 0.0765
                      reward/feet_phase: 0.6423
             reward/feet_phase_contrast: 1.1557
             reward/feet_contact_number: 0.4408
                   reward/feet_air_time: 0.0066
                     reward/under_speed: -0.1074
                       reward/feet_slip: -0.0105
                  reward/feet_clearance: -0.0261
                       reward/lin_vel_z: -0.0158
                      reward/ang_vel_xy: -0.2985
                     reward/base_height: -0.1069
                     reward/orientation: -0.0675
                            reward/pose: -0.0130
                     reward/action_rate: -0.0985
                      reward/action_acc: -0.2044
--------------------------------------------------------------------------------
                         Iteration time: 0.52s
                           Time elapsed: 00:01:46
                                    ETA: 00:00:13

################################################################################
[1m                           Learning iteration 221/250                           [0m 

                            Total steps: 2727936 
                       Steps per second: 24212 
                        Collection time: 0.441s 
                          Learning time: 0.067s 
                        Mean value loss: 0.0561
                    Mean surrogate loss: -0.0096
                      Mean entropy loss: 4.0825
                            Mean reward: 11.94
                    Mean episode length: 283.14
                        Mean action std: 0.36
                reward/tracking_lin_vel: 1.4858
                reward/tracking_ang_vel: 0.0770
                      reward/feet_phase: 0.8040
             reward/feet_phase_contrast: 1.1587
             reward/feet_contact_number: 0.4495
                   reward/feet_air_time: 0.0031
                     reward/under_speed: -0.1079
                       reward/feet_slip: -0.0106
                  reward/feet_clearance: -0.0265
                       reward/lin_vel_z: -0.0150
                      reward/ang_vel_xy: -0.2768
                     reward/base_height: -0.0463
                     reward/orientation: -0.0468
                            reward/pose: -0.0127
                     reward/action_rate: -0.0997
                      reward/action_acc: -0.2078
             Metrics/twist/error_vel_xy: 0.2984
            Metrics/twist/error_vel_yaw: 0.3091
        Episode_Reward/tracking_lin_vel: 0.0469
        Episode_Reward/tracking_ang_vel: 0.0047
              Episode_Reward/feet_phase: 0.0261
     Episode_Reward/feet_phase_contrast: 0.0411
     Episode_Reward/feet_contact_number: 0.0290
           Episode_Reward/feet_air_time: 0.0063
             Episode_Reward/under_speed: -0.0079
               Episode_Reward/feet_slip: -0.0004
          Episode_Reward/feet_clearance: -0.0012
               Episode_Reward/lin_vel_z: -0.0024
              Episode_Reward/ang_vel_xy: -0.0460
             Episode_Reward/base_height: -0.0653
             Episode_Reward/orientation: -0.0403
                    Episode_Reward/pose: -0.0011
             Episode_Reward/action_rate: -0.0055
              Episode_Reward/action_acc: -0.0113
           Episode_Termination/time_out: 0.0000
    Episode_Termination/bad_orientation: 1.1429
--------------------------------------------------------------------------------
                         Iteration time: 0.51s
                           Time elapsed: 00:01:46
                                    ETA: 00:00:13

################################################################################
[1m                           Learning iteration 222/250                           [0m 

                            Total steps: 2740224 
                       Steps per second: 23000 
                        Collection time: 0.466s 
                          Learning time: 0.068s 
                        Mean value loss: 0.0240
                    Mean surrogate loss: -0.0088
                      Mean entropy loss: 4.0608
                            Mean reward: 11.21
                    Mean episode length: 272.21
                        Mean action std: 0.36
                reward/tracking_lin_vel: 1.5043
                reward/tracking_ang_vel: 0.0767
                      reward/feet_phase: 0.6482
             reward/feet_phase_contrast: 1.1792
             reward/feet_contact_number: 0.4580
                   reward/feet_air_time: 0.0006
                     reward/under_speed: -0.1068
                       reward/feet_slip: -0.0107
                  reward/feet_clearance: -0.0266
                       reward/lin_vel_z: -0.0147
                      reward/ang_vel_xy: -0.2701
                     reward/base_height: -0.0377
                     reward/orientation: -0.0365
                            reward/pose: -0.0130
                     reward/action_rate: -0.1004
                      reward/action_acc: -0.2080
--------------------------------------------------------------------------------
                         Iteration time: 0.53s
                           Time elapsed: 00:01:47
                                    ETA: 00:00:13

################################################################################
[1m                           Learning iteration 223/250                           [0m 

                            Total steps: 2752512 
                       Steps per second: 23805 
                        Collection time: 0.446s 
                          Learning time: 0.071s 
                        Mean value loss: 0.0190
                    Mean surrogate loss: -0.0112
                      Mean entropy loss: 4.0442
                            Mean reward: 11.21
                    Mean episode length: 272.21
                        Mean action std: 0.36
                reward/tracking_lin_vel: 1.5198
                reward/tracking_ang_vel: 0.0758
                      reward/feet_phase: 0.6068
             reward/feet_phase_contrast: 1.1867
             reward/feet_contact_number: 0.4555
                   reward/feet_air_time: 0.0003
                     reward/under_speed: -0.1052
                       reward/feet_slip: -0.0116
                  reward/feet_clearance: -0.0273
                       reward/lin_vel_z: -0.0150
                      reward/ang_vel_xy: -0.2637
                     reward/base_height: -0.0114
                     reward/orientation: -0.0278
                            reward/pose: -0.0136
                     reward/action_rate: -0.1023
                      reward/action_acc: -0.2128
--------------------------------------------------------------------------------
                         Iteration time: 0.52s
                           Time elapsed: 00:01:48
                                    ETA: 00:00:12

################################################################################
[1m                           Learning iteration 224/250                           [0m 

                            Total steps: 2764800 
                       Steps per second: 24867 
                        Collection time: 0.425s 
                          Learning time: 0.069s 
                        Mean value loss: 0.0183
                    Mean surrogate loss: -0.0116
                      Mean entropy loss: 4.0373
                            Mean reward: 11.21
                    Mean episode length: 272.21
                        Mean action std: 0.36
                reward/tracking_lin_vel: 1.5303
                reward/tracking_ang_vel: 0.0764
                      reward/feet_phase: 0.7618
             reward/feet_phase_contrast: 1.1982
             reward/feet_contact_number: 0.4510
                   reward/feet_air_time: 0.0000
                     reward/under_speed: -0.1037
                       reward/feet_slip: -0.0110
                  reward/feet_clearance: -0.0273
                       reward/lin_vel_z: -0.0155
                      reward/ang_vel_xy: -0.2600
                     reward/base_height: -0.0115
                     reward/orientation: -0.0288
                            reward/pose: -0.0140
                     reward/action_rate: -0.1028
                      reward/action_acc: -0.2123
--------------------------------------------------------------------------------
                         Iteration time: 0.49s
                           Time elapsed: 00:01:48
                                    ETA: 00:00:12

################################################################################
[1m                           Learning iteration 225/250                           [0m 

                            Total steps: 2777088 
                       Steps per second: 23847 
                        Collection time: 0.447s 
                          Learning time: 0.068s 
                        Mean value loss: 0.0257
                    Mean surrogate loss: -0.0081
                      Mean entropy loss: 4.0260
                            Mean reward: 14.87
                    Mean episode length: 326.11
                        Mean action std: 0.36
                reward/tracking_lin_vel: 1.5369
                reward/tracking_ang_vel: 0.0762
                      reward/feet_phase: 0.7864
             reward/feet_phase_contrast: 1.2013
             reward/feet_contact_number: 0.4483
                   reward/feet_air_time: 0.0001
                     reward/under_speed: -0.1016
                       reward/feet_slip: -0.0115
                  reward/feet_clearance: -0.0283
                       reward/lin_vel_z: -0.0159
                      reward/ang_vel_xy: -0.2650
                     reward/base_height: -0.0117
                     reward/orientation: -0.0293
                            reward/pose: -0.0147
                     reward/action_rate: -0.1040
                      reward/action_acc: -0.2134
--------------------------------------------------------------------------------
                         Iteration time: 0.52s
                           Time elapsed: 00:01:49
                                    ETA: 00:00:11

################################################################################
[1m                           Learning iteration 226/250                           [0m 

                            Total steps: 2789376 
                       Steps per second: 22267 
                        Collection time: 0.479s 
                          Learning time: 0.073s 
                        Mean value loss: 0.0484
                    Mean surrogate loss: -0.0091
                      Mean entropy loss: 4.0169
                            Mean reward: 24.25
                    Mean episode length: 478.62
                        Mean action std: 0.36
                reward/tracking_lin_vel: 1.5232
                reward/tracking_ang_vel: 0.0754
                      reward/feet_phase: 0.6194
             reward/feet_phase_contrast: 1.2008
             reward/feet_contact_number: 0.4430
                   reward/feet_air_time: 0.0022
                     reward/under_speed: -0.1008
                       reward/feet_slip: -0.0118
                  reward/feet_clearance: -0.0282
                       reward/lin_vel_z: -0.0163
                      reward/ang_vel_xy: -0.2661
                     reward/base_height: -0.0159
                     reward/orientation: -0.0346
                            reward/pose: -0.0146
                     reward/action_rate: -0.1032
                      reward/action_acc: -0.2113
             Metrics/twist/error_vel_xy: 0.4146
            Metrics/twist/error_vel_yaw: 0.9450
        Episode_Reward/tracking_lin_vel: 1.2821
        Episode_Reward/tracking_ang_vel: 0.0804
              Episode_Reward/feet_phase: 0.5611
     Episode_Reward/feet_phase_contrast: 0.9612
     Episode_Reward/feet_contact_number: 0.4279
           Episode_Reward/feet_air_time: 0.0041
             Episode_Reward/under_speed: -0.1241
               Episode_Reward/feet_slip: -0.0077
          Episode_Reward/feet_clearance: -0.0193
               Episode_Reward/lin_vel_z: -0.0091
              Episode_Reward/ang_vel_xy: -0.2162
             Episode_Reward/base_height: -0.0122
             Episode_Reward/orientation: -0.0271
                    Episode_Reward/pose: -0.0115
             Episode_Reward/action_rate: -0.0792
              Episode_Reward/action_acc: -0.1767
           Episode_Termination/time_out: 1.7500
    Episode_Termination/bad_orientation: 0.0625
--------------------------------------------------------------------------------
                         Iteration time: 0.55s
                           Time elapsed: 00:01:49
                                    ETA: 00:00:11

################################################################################
[1m                           Learning iteration 227/250                           [0m 

                            Total steps: 2801664 
                       Steps per second: 25759 
                        Collection time: 0.409s 
                          Learning time: 0.068s 
                        Mean value loss: 0.0408
                    Mean surrogate loss: -0.0087
                      Mean entropy loss: 4.0094
                            Mean reward: 25.67
                    Mean episode length: 501.37
                        Mean action std: 0.36
                reward/tracking_lin_vel: 1.5403
                reward/tracking_ang_vel: 0.0748
                      reward/feet_phase: 0.6550
             reward/feet_phase_contrast: 1.2173
             reward/feet_contact_number: 0.4534
                   reward/feet_air_time: 0.0023
                     reward/under_speed: -0.0980
                       reward/feet_slip: -0.0110
                  reward/feet_clearance: -0.0286
                       reward/lin_vel_z: -0.0168
                      reward/ang_vel_xy: -0.2793
                     reward/base_height: -0.0378
                     reward/orientation: -0.0430
                            reward/pose: -0.0153
                     reward/action_rate: -0.1063
                      reward/action_acc: -0.2168
--------------------------------------------------------------------------------
                         Iteration time: 0.48s
                           Time elapsed: 00:01:50
                                    ETA: 00:00:10

################################################################################
[1m                           Learning iteration 228/250                           [0m 

                            Total steps: 2813952 
                       Steps per second: 26072 
                        Collection time: 0.402s 
                          Learning time: 0.069s 
                        Mean value loss: 0.0382
                    Mean surrogate loss: -0.0101
                      Mean entropy loss: 4.0001
                            Mean reward: 27.21
                    Mean episode length: 526.24
                        Mean action std: 0.36
                reward/tracking_lin_vel: 1.5608
                reward/tracking_ang_vel: 0.0738
                      reward/feet_phase: 0.8593
             reward/feet_phase_contrast: 1.2401
             reward/feet_contact_number: 0.4464
                   reward/feet_air_time: 0.0014
                     reward/under_speed: -0.0955
                       reward/feet_slip: -0.0119
                  reward/feet_clearance: -0.0296
                       reward/lin_vel_z: -0.0172
                      reward/ang_vel_xy: -0.2720
                     reward/base_height: -0.0291
                     reward/orientation: -0.0360
                            reward/pose: -0.0157
                     reward/action_rate: -0.1077
                      reward/action_acc: -0.2198
             Metrics/twist/error_vel_xy: 0.3227
            Metrics/twist/error_vel_yaw: 0.5292
        Episode_Reward/tracking_lin_vel: 0.7333
        Episode_Reward/tracking_ang_vel: 0.0458
              Episode_Reward/feet_phase: 0.3001
     Episode_Reward/feet_phase_contrast: 0.5155
     Episode_Reward/feet_contact_number: 0.2357
           Episode_Reward/feet_air_time: 0.0047
             Episode_Reward/under_speed: -0.0661
               Episode_Reward/feet_slip: -0.0039
          Episode_Reward/feet_clearance: -0.0106
               Episode_Reward/lin_vel_z: -0.0053
              Episode_Reward/ang_vel_xy: -0.1303
             Episode_Reward/base_height: -0.0453
             Episode_Reward/orientation: -0.0301
                    Episode_Reward/pose: -0.0063
             Episode_Reward/action_rate: -0.0437
              Episode_Reward/action_acc: -0.0966
           Episode_Termination/time_out: 0.5000
    Episode_Termination/bad_orientation: 0.5000
--------------------------------------------------------------------------------
                         Iteration time: 0.47s
                           Time elapsed: 00:01:50
                                    ETA: 00:00:10

################################################################################
[1m                           Learning iteration 229/250                           [0m 

                            Total steps: 2826240 
                       Steps per second: 27087 
                        Collection time: 0.385s 
                          Learning time: 0.069s 
                        Mean value loss: 0.0256
                    Mean surrogate loss: -0.0115
                      Mean entropy loss: 3.9848
                            Mean reward: 27.96
                    Mean episode length: 535.93
                        Mean action std: 0.36
                reward/tracking_lin_vel: 1.5748
                reward/tracking_ang_vel: 0.0731
                      reward/feet_phase: 0.7205
             reward/feet_phase_contrast: 1.2489
             reward/feet_contact_number: 0.4497
                   reward/feet_air_time: 0.0013
                     reward/under_speed: -0.0935
                       reward/feet_slip: -0.0123
                  reward/feet_clearance: -0.0301
                       reward/lin_vel_z: -0.0180
                      reward/ang_vel_xy: -0.2735
                     reward/base_height: -0.0186
                     reward/orientation: -0.0340
                            reward/pose: -0.0166
                     reward/action_rate: -0.1107
                      reward/action_acc: -0.2227
--------------------------------------------------------------------------------
                         Iteration time: 0.45s
                           Time elapsed: 00:01:50
                                    ETA: 00:00:09

################################################################################
[1m                           Learning iteration 230/250                           [0m 

                            Total steps: 2838528 
                       Steps per second: 26070 
                        Collection time: 0.402s 
                          Learning time: 0.069s 
                        Mean value loss: 0.0183
                    Mean surrogate loss: -0.0093
                      Mean entropy loss: 3.9623
                            Mean reward: 28.79
                    Mean episode length: 550.11
                        Mean action std: 0.36
                reward/tracking_lin_vel: 1.5859
                reward/tracking_ang_vel: 0.0724
                      reward/feet_phase: 0.6464
             reward/feet_phase_contrast: 1.2559
             reward/feet_contact_number: 0.4413
                   reward/feet_air_time: 0.0005
                     reward/under_speed: -0.0910
                       reward/feet_slip: -0.0130
                  reward/feet_clearance: -0.0315
                       reward/lin_vel_z: -0.0183
                      reward/ang_vel_xy: -0.2807
                     reward/base_height: -0.0186
                     reward/orientation: -0.0322
                            reward/pose: -0.0168
                     reward/action_rate: -0.1137
                      reward/action_acc: -0.2284
--------------------------------------------------------------------------------
                         Iteration time: 0.47s
                           Time elapsed: 00:01:51
                                    ETA: 00:00:09

################################################################################
[1m                           Learning iteration 231/250                           [0m 

                            Total steps: 2850816 
                       Steps per second: 26077 
                        Collection time: 0.403s 
                          Learning time: 0.069s 
                        Mean value loss: 0.0181
                    Mean surrogate loss: -0.0104
                      Mean entropy loss: 3.9366
                            Mean reward: 28.79
                    Mean episode length: 550.11
                        Mean action std: 0.36
                reward/tracking_lin_vel: 1.5969
                reward/tracking_ang_vel: 0.0733
                      reward/feet_phase: 0.7720
             reward/feet_phase_contrast: 1.2693
             reward/feet_contact_number: 0.4481
                   reward/feet_air_time: 0.0007
                     reward/under_speed: -0.0891
                       reward/feet_slip: -0.0137
                  reward/feet_clearance: -0.0316
                       reward/lin_vel_z: -0.0183
                      reward/ang_vel_xy: -0.2759
                     reward/base_height: -0.0130
                     reward/orientation: -0.0301
                            reward/pose: -0.0171
                     reward/action_rate: -0.1127
                      reward/action_acc: -0.2256
--------------------------------------------------------------------------------
                         Iteration time: 0.47s
                           Time elapsed: 00:01:51
                                    ETA: 00:00:08

################################################################################
[1m                           Learning iteration 232/250                           [0m 

                            Total steps: 2863104 
                       Steps per second: 26547 
                        Collection time: 0.392s 
                          Learning time: 0.070s 
                        Mean value loss: 0.0270
                    Mean surrogate loss: -0.0070
                      Mean entropy loss: 3.9139
                            Mean reward: 28.79
                    Mean episode length: 550.11
                        Mean action std: 0.36
                reward/tracking_lin_vel: 1.6077
                reward/tracking_ang_vel: 0.0713
                      reward/feet_phase: 0.8651
             reward/feet_phase_contrast: 1.2789
             reward/feet_contact_number: 0.4476
                   reward/feet_air_time: 0.0004
                     reward/under_speed: -0.0864
                       reward/feet_slip: -0.0133
                  reward/feet_clearance: -0.0322
                       reward/lin_vel_z: -0.0188
                      reward/ang_vel_xy: -0.2833
                     reward/base_height: -0.0131
                     reward/orientation: -0.0312
                            reward/pose: -0.0177
                     reward/action_rate: -0.1155
                      reward/action_acc: -0.2290
--------------------------------------------------------------------------------
                         Iteration time: 0.46s
                           Time elapsed: 00:01:52
                                    ETA: 00:00:08

################################################################################
[1m                           Learning iteration 233/250                           [0m 

                            Total steps: 2875392 
                       Steps per second: 30927 
                        Collection time: 0.331s 
                          Learning time: 0.066s 
                        Mean value loss: 5.9443
                    Mean surrogate loss: -0.0089
                      Mean entropy loss: 3.9064
                            Mean reward: 29.63
                    Mean episode length: 562.95
                        Mean action std: 0.36
                reward/tracking_lin_vel: 0.8983
                reward/tracking_ang_vel: 0.0677
                      reward/feet_phase: 0.5244
             reward/feet_phase_contrast: 1.0265
             reward/feet_contact_number: 0.4245
                   reward/feet_air_time: 0.0827
                     reward/under_speed: -0.0924
                       reward/feet_slip: -0.0149
                  reward/feet_clearance: -0.0334
                       reward/lin_vel_z: -0.0394
                      reward/ang_vel_xy: -0.4790
                     reward/base_height: -0.0371
                     reward/orientation: -0.1413
                            reward/pose: -0.0184
                     reward/action_rate: -0.1128
                      reward/action_acc: -0.2221
--------------------------------------------------------------------------------
                         Iteration time: 0.40s
                           Time elapsed: 00:01:52
                                    ETA: 00:00:07

################################################################################
[1m                           Learning iteration 234/250                           [0m 

                            Total steps: 2887680 
                       Steps per second: 28508 
                        Collection time: 0.364s 
                          Learning time: 0.067s 
                        Mean value loss: 0.4363
                    Mean surrogate loss: -0.0095
                      Mean entropy loss: 3.9050
                            Mean reward: 26.09
                    Mean episode length: 476.37
                        Mean action std: 0.36
                reward/tracking_lin_vel: 0.9399
                reward/tracking_ang_vel: 0.0711
                      reward/feet_phase: 0.5423
             reward/feet_phase_contrast: 0.9789
             reward/feet_contact_number: 0.4396
                   reward/feet_air_time: 0.1475
                     reward/under_speed: -0.0878
                       reward/feet_slip: -0.0111
                  reward/feet_clearance: -0.0295
                       reward/lin_vel_z: -0.0607
                      reward/ang_vel_xy: -0.8465
                     reward/base_height: -1.0510
                     reward/orientation: -0.6321
                            reward/pose: -0.0168
                     reward/action_rate: -0.0945
                      reward/action_acc: -0.1896
             Metrics/twist/error_vel_xy: 0.3191
            Metrics/twist/error_vel_yaw: 0.4901
        Episode_Reward/tracking_lin_vel: 0.6475
        Episode_Reward/tracking_ang_vel: 0.0335
              Episode_Reward/feet_phase: 0.3135
     Episode_Reward/feet_phase_contrast: 0.5338
     Episode_Reward/feet_contact_number: 0.2010
           Episode_Reward/feet_air_time: 0.0091
             Episode_Reward/under_speed: -0.0443
               Episode_Reward/feet_slip: -0.0052
          Episode_Reward/feet_clearance: -0.0129
               Episode_Reward/lin_vel_z: -0.0106
              Episode_Reward/ang_vel_xy: -0.1583
             Episode_Reward/base_height: -0.0543
             Episode_Reward/orientation: -0.0443
                    Episode_Reward/pose: -0.0063
             Episode_Reward/action_rate: -0.0471
              Episode_Reward/action_acc: -0.0961
           Episode_Termination/time_out: 0.1250
    Episode_Termination/bad_orientation: 9.8750
--------------------------------------------------------------------------------
                         Iteration time: 0.43s
                           Time elapsed: 00:01:53
                                    ETA: 00:00:07

################################################################################
[1m                           Learning iteration 235/250                           [0m 

                            Total steps: 2899968 
                       Steps per second: 26515 
                        Collection time: 0.395s 
                          Learning time: 0.068s 
                        Mean value loss: 0.2660
                    Mean surrogate loss: -0.0112
                      Mean entropy loss: 3.9033
                            Mean reward: 25.51
                    Mean episode length: 464.42
                        Mean action std: 0.36
                reward/tracking_lin_vel: 1.3973
                reward/tracking_ang_vel: 0.0766
                      reward/feet_phase: 0.8033
             reward/feet_phase_contrast: 1.1876
             reward/feet_contact_number: 0.4474
                   reward/feet_air_time: 0.0231
                     reward/under_speed: -0.0884
                       reward/feet_slip: -0.0103
                  reward/feet_clearance: -0.0277
                       reward/lin_vel_z: -0.0241
                      reward/ang_vel_xy: -0.3837
                     reward/base_height: -0.3348
                     reward/orientation: -0.1846
                            reward/pose: -0.0145
                     reward/action_rate: -0.0988
                      reward/action_acc: -0.2005
             Metrics/twist/error_vel_xy: 0.3888
            Metrics/twist/error_vel_yaw: 0.5724
        Episode_Reward/tracking_lin_vel: 0.6176
        Episode_Reward/tracking_ang_vel: 0.0335
              Episode_Reward/feet_phase: 0.2962
     Episode_Reward/feet_phase_contrast: 0.5001
     Episode_Reward/feet_contact_number: 0.1951
           Episode_Reward/feet_air_time: 0.0091
             Episode_Reward/under_speed: -0.0440
               Episode_Reward/feet_slip: -0.0048
          Episode_Reward/feet_clearance: -0.0119
               Episode_Reward/lin_vel_z: -0.0085
              Episode_Reward/ang_vel_xy: -0.1344
             Episode_Reward/base_height: -0.0638
             Episode_Reward/orientation: -0.0506
                    Episode_Reward/pose: -0.0061
             Episode_Reward/action_rate: -0.0426
              Episode_Reward/action_acc: -0.0886
           Episode_Termination/time_out: 0.0000
    Episode_Termination/bad_orientation: 3.5000
--------------------------------------------------------------------------------
                         Iteration time: 0.46s
                           Time elapsed: 00:01:53
                                    ETA: 00:00:06

################################################################################
[1m                           Learning iteration 236/250                           [0m 

                            Total steps: 2912256 
                       Steps per second: 25111 
                        Collection time: 0.419s 
                          Learning time: 0.070s 
                        Mean value loss: 0.0858
                    Mean surrogate loss: -0.0098
                      Mean entropy loss: 3.8994
                            Mean reward: 20.48
                    Mean episode length: 389.58
                        Mean action std: 0.36
                reward/tracking_lin_vel: 1.5316
                reward/tracking_ang_vel: 0.0731
                      reward/feet_phase: 0.7548
             reward/feet_phase_contrast: 1.2447
             reward/feet_contact_number: 0.4448
                   reward/feet_air_time: 0.0083
                     reward/under_speed: -0.0857
                       reward/feet_slip: -0.0130
                  reward/feet_clearance: -0.0313
                       reward/lin_vel_z: -0.0212
                      reward/ang_vel_xy: -0.3365
                     reward/base_height: -0.1619
                     reward/orientation: -0.0970
                            reward/pose: -0.0170
                     reward/action_rate: -0.1124
                      reward/action_acc: -0.2224
--------------------------------------------------------------------------------
                         Iteration time: 0.49s
                           Time elapsed: 00:01:54
                                    ETA: 00:00:06

################################################################################
[1m                           Learning iteration 237/250                           [0m 

                            Total steps: 2924544 
                       Steps per second: 24180 
                        Collection time: 0.436s 
                          Learning time: 0.073s 
                        Mean value loss: 0.0694
                    Mean surrogate loss: -0.0095
                      Mean entropy loss: 3.8876
                            Mean reward: 16.73
                    Mean episode length: 328.51
                        Mean action std: 0.36
                reward/tracking_lin_vel: 1.5876
                reward/tracking_ang_vel: 0.0717
                      reward/feet_phase: 0.6684
             reward/feet_phase_contrast: 1.2821
             reward/feet_contact_number: 0.4432
                   reward/feet_air_time: 0.0047
                     reward/under_speed: -0.0826
                       reward/feet_slip: -0.0136
                  reward/feet_clearance: -0.0331
                       reward/lin_vel_z: -0.0213
                      reward/ang_vel_xy: -0.3071
                     reward/base_height: -0.0662
                     reward/orientation: -0.0506
                            reward/pose: -0.0167
                     reward/action_rate: -0.1170
                      reward/action_acc: -0.2298
             Metrics/twist/error_vel_xy: 0.3059
            Metrics/twist/error_vel_yaw: 0.2682
        Episode_Reward/tracking_lin_vel: 0.0338
        Episode_Reward/tracking_ang_vel: 0.0044
              Episode_Reward/feet_phase: 0.0239
     Episode_Reward/feet_phase_contrast: 0.0353
     Episode_Reward/feet_contact_number: 0.0245
           Episode_Reward/feet_air_time: 0.0060
             Episode_Reward/under_speed: -0.0066
               Episode_Reward/feet_slip: -0.0005
          Episode_Reward/feet_clearance: -0.0011
               Episode_Reward/lin_vel_z: -0.0023
              Episode_Reward/ang_vel_xy: -0.0406
             Episode_Reward/base_height: -0.0800
             Episode_Reward/orientation: -0.0392
                    Episode_Reward/pose: -0.0009
             Episode_Reward/action_rate: -0.0045
              Episode_Reward/action_acc: -0.0092
           Episode_Termination/time_out: 0.0000
    Episode_Termination/bad_orientation: 1.3750
--------------------------------------------------------------------------------
                         Iteration time: 0.51s
                           Time elapsed: 00:01:54
                                    ETA: 00:00:05

################################################################################
[1m                           Learning iteration 238/250                           [0m 

                            Total steps: 2936832 
                       Steps per second: 23279 
                        Collection time: 0.455s 
                          Learning time: 0.073s 
                        Mean value loss: 0.0461
                    Mean surrogate loss: -0.0095
                      Mean entropy loss: 3.8684
                            Mean reward: 15.78
                    Mean episode length: 314.78
                        Mean action std: 0.36
                reward/tracking_lin_vel: 1.5931
                reward/tracking_ang_vel: 0.0705
                      reward/feet_phase: 0.7495
             reward/feet_phase_contrast: 1.2849
             reward/feet_contact_number: 0.4469
                   reward/feet_air_time: 0.0029
                     reward/under_speed: -0.0828
                       reward/feet_slip: -0.0144
                  reward/feet_clearance: -0.0338
                       reward/lin_vel_z: -0.0217
                      reward/ang_vel_xy: -0.3068
                     reward/base_height: -0.0377
                     reward/orientation: -0.0447
                            reward/pose: -0.0174
                     reward/action_rate: -0.1188
                      reward/action_acc: -0.2322
--------------------------------------------------------------------------------
                         Iteration time: 0.53s
                           Time elapsed: 00:01:55
                                    ETA: 00:00:05

################################################################################
[1m                           Learning iteration 239/250                           [0m 

                            Total steps: 2949120 
                       Steps per second: 22791 
                        Collection time: 0.470s 
                          Learning time: 0.069s 
                        Mean value loss: 0.0303
                    Mean surrogate loss: -0.0077
                      Mean entropy loss: 3.8465
                            Mean reward: 14.58
                    Mean episode length: 295.81
                        Mean action std: 0.36
                reward/tracking_lin_vel: 1.6018
                reward/tracking_ang_vel: 0.0702
                      reward/feet_phase: 0.9000
             reward/feet_phase_contrast: 1.3000
             reward/feet_contact_number: 0.4427
                   reward/feet_air_time: 0.0012
                     reward/under_speed: -0.0822
                       reward/feet_slip: -0.0140
                  reward/feet_clearance: -0.0340
                       reward/lin_vel_z: -0.0215
                      reward/ang_vel_xy: -0.3047
                     reward/base_height: -0.0368
                     reward/orientation: -0.0433
                            reward/pose: -0.0177
                     reward/action_rate: -0.1197
                      reward/action_acc: -0.2327
--------------------------------------------------------------------------------
                         Iteration time: 0.54s
                           Time elapsed: 00:01:55
                                    ETA: 00:00:04

################################################################################
[1m                           Learning iteration 240/250                           [0m 

                            Total steps: 2961408 
                       Steps per second: 26425 
                        Collection time: 0.396s 
                          Learning time: 0.069s 
                        Mean value loss: 0.0235
                    Mean surrogate loss: -0.0067
                      Mean entropy loss: 3.8337
                            Mean reward: 14.70
                    Mean episode length: 296.43
                        Mean action std: 0.36
                reward/tracking_lin_vel: 1.6216
                reward/tracking_ang_vel: 0.0690
                      reward/feet_phase: 0.7040
             reward/feet_phase_contrast: 1.3045
             reward/feet_contact_number: 0.4434
                   reward/feet_air_time: 0.0014
                     reward/under_speed: -0.0806
                       reward/feet_slip: -0.0145
                  reward/feet_clearance: -0.0339
                       reward/lin_vel_z: -0.0205
                      reward/ang_vel_xy: -0.2894
                     reward/base_height: -0.0183
                     reward/orientation: -0.0317
                            reward/pose: -0.0179
                     reward/action_rate: -0.1195
                      reward/action_acc: -0.2332
--------------------------------------------------------------------------------
                         Iteration time: 0.47s
                           Time elapsed: 00:01:56
                                    ETA: 00:00:04

################################################################################
[1m                           Learning iteration 241/250                           [0m 

                            Total steps: 2973696 
                       Steps per second: 24998 
                        Collection time: 0.423s 
                          Learning time: 0.068s 
                        Mean value loss: 0.0213
                    Mean surrogate loss: -0.0080
                      Mean entropy loss: 3.8258
                            Mean reward: 14.60
                    Mean episode length: 294.30
                        Mean action std: 0.36
                reward/tracking_lin_vel: 1.6233
                reward/tracking_ang_vel: 0.0695
                      reward/feet_phase: 0.6842
             reward/feet_phase_contrast: 1.3073
             reward/feet_contact_number: 0.4457
                   reward/feet_air_time: 0.0012
                     reward/under_speed: -0.0797
                       reward/feet_slip: -0.0142
                  reward/feet_clearance: -0.0345
                       reward/lin_vel_z: -0.0215
                      reward/ang_vel_xy: -0.2955
                     reward/base_height: -0.0159
                     reward/orientation: -0.0329
                            reward/pose: -0.0186
                     reward/action_rate: -0.1207
                      reward/action_acc: -0.2348
--------------------------------------------------------------------------------
                         Iteration time: 0.49s
                           Time elapsed: 00:01:56
                                    ETA: 00:00:03

################################################################################
[1m                           Learning iteration 242/250                           [0m 

                            Total steps: 2985984 
                       Steps per second: 24879 
                        Collection time: 0.425s 
                          Learning time: 0.069s 
                        Mean value loss: 0.0394
                    Mean surrogate loss: -0.0096
                      Mean entropy loss: 3.8099
                            Mean reward: 22.99
                    Mean episode length: 413.26
                        Mean action std: 0.35
                reward/tracking_lin_vel: 1.6224
                reward/tracking_ang_vel: 0.0708
                      reward/feet_phase: 0.8655
             reward/feet_phase_contrast: 1.3046
             reward/feet_contact_number: 0.4391
                   reward/feet_air_time: 0.0008
                     reward/under_speed: -0.0785
                       reward/feet_slip: -0.0143
                  reward/feet_clearance: -0.0346
                       reward/lin_vel_z: -0.0211
                      reward/ang_vel_xy: -0.2887
                     reward/base_height: -0.0138
                     reward/orientation: -0.0321
                            reward/pose: -0.0185
                     reward/action_rate: -0.1218
                      reward/action_acc: -0.2378
--------------------------------------------------------------------------------
                         Iteration time: 0.49s
                           Time elapsed: 00:01:57
                                    ETA: 00:00:03

################################################################################
[1m                           Learning iteration 243/250                           [0m 

                            Total steps: 2998272 
                       Steps per second: 26421 
                        Collection time: 0.394s 
                          Learning time: 0.071s 
                        Mean value loss: 0.0593
                    Mean surrogate loss: -0.0102
                      Mean entropy loss: 3.7951
                            Mean reward: 27.99
                    Mean episode length: 487.91
                        Mean action std: 0.35
                reward/tracking_lin_vel: 1.6165
                reward/tracking_ang_vel: 0.0710
                      reward/feet_phase: 0.8251
             reward/feet_phase_contrast: 1.3060
             reward/feet_contact_number: 0.4483
                   reward/feet_air_time: 0.0029
                     reward/under_speed: -0.0785
                       reward/feet_slip: -0.0148
                  reward/feet_clearance: -0.0345
                       reward/lin_vel_z: -0.0209
                      reward/ang_vel_xy: -0.2877
                     reward/base_height: -0.0187
                     reward/orientation: -0.0359
                            reward/pose: -0.0190
                     reward/action_rate: -0.1205
                      reward/action_acc: -0.2329
             Metrics/twist/error_vel_xy: 0.3289
            Metrics/twist/error_vel_yaw: 0.9947
        Episode_Reward/tracking_lin_vel: 1.3705
        Episode_Reward/tracking_ang_vel: 0.0660
              Episode_Reward/feet_phase: 0.6348
     Episode_Reward/feet_phase_contrast: 1.0769
     Episode_Reward/feet_contact_number: 0.4029
           Episode_Reward/feet_air_time: 0.0058
             Episode_Reward/under_speed: -0.0831
               Episode_Reward/feet_slip: -0.0102
          Episode_Reward/feet_clearance: -0.0266
               Episode_Reward/lin_vel_z: -0.0163
              Episode_Reward/ang_vel_xy: -0.2596
             Episode_Reward/base_height: -0.0140
             Episode_Reward/orientation: -0.0356
                    Episode_Reward/pose: -0.0109
             Episode_Reward/action_rate: -0.0954
              Episode_Reward/action_acc: -0.1942
           Episode_Termination/time_out: 1.5000
    Episode_Termination/bad_orientation: 0.2000
--------------------------------------------------------------------------------
                         Iteration time: 0.47s
                           Time elapsed: 00:01:57
                                    ETA: 00:00:02

################################################################################
[1m                           Learning iteration 244/250                           [0m 

                            Total steps: 3010560 
                       Steps per second: 26305 
                        Collection time: 0.399s 
                          Learning time: 0.068s 
                        Mean value loss: 0.0270
                    Mean surrogate loss: -0.0095
                      Mean entropy loss: 3.7839
                            Mean reward: 28.64
                    Mean episode length: 498.91
                        Mean action std: 0.35
                reward/tracking_lin_vel: 1.6292
                reward/tracking_ang_vel: 0.0691
                      reward/feet_phase: 0.6913
             reward/feet_phase_contrast: 1.3197
             reward/feet_contact_number: 0.4463
                   reward/feet_air_time: 0.0011
                     reward/under_speed: -0.0757
                       reward/feet_slip: -0.0156
                  reward/feet_clearance: -0.0353
                       reward/lin_vel_z: -0.0222
                      reward/ang_vel_xy: -0.3014
                     reward/base_height: -0.0514
                     reward/orientation: -0.0460
                            reward/pose: -0.0188
                     reward/action_rate: -0.1232
                      reward/action_acc: -0.2385
--------------------------------------------------------------------------------
                         Iteration time: 0.47s
                           Time elapsed: 00:01:58
                                    ETA: 00:00:02

################################################################################
[1m                           Learning iteration 245/250                           [0m 

                            Total steps: 3022848 
                       Steps per second: 27719 
                        Collection time: 0.378s 
                          Learning time: 0.066s 
                        Mean value loss: 0.0302
                    Mean surrogate loss: -0.0102
                      Mean entropy loss: 3.7673
                            Mean reward: 29.39
                    Mean episode length: 510.51
                        Mean action std: 0.35
                reward/tracking_lin_vel: 1.6450
                reward/tracking_ang_vel: 0.0686
                      reward/feet_phase: 0.7484
             reward/feet_phase_contrast: 1.3282
             reward/feet_contact_number: 0.4412
                   reward/feet_air_time: 0.0010
                     reward/under_speed: -0.0737
                       reward/feet_slip: -0.0156
                  reward/feet_clearance: -0.0364
                       reward/lin_vel_z: -0.0224
                      reward/ang_vel_xy: -0.2891
                     reward/base_height: -0.0140
                     reward/orientation: -0.0321
                            reward/pose: -0.0198
                     reward/action_rate: -0.1254
                      reward/action_acc: -0.2415
--------------------------------------------------------------------------------
                         Iteration time: 0.44s
                           Time elapsed: 00:01:58
                                    ETA: 00:00:01

################################################################################
[1m                           Learning iteration 246/250                           [0m 

                            Total steps: 3035136 
                       Steps per second: 27968 
                        Collection time: 0.372s 
                          Learning time: 0.068s 
                        Mean value loss: 0.0231
                    Mean surrogate loss: -0.0098
                      Mean entropy loss: 3.7522
                            Mean reward: 29.39
                    Mean episode length: 510.51
                        Mean action std: 0.35
                reward/tracking_lin_vel: 1.6546
                reward/tracking_ang_vel: 0.0694
                      reward/feet_phase: 0.9361
             reward/feet_phase_contrast: 1.3399
             reward/feet_contact_number: 0.4461
                   reward/feet_air_time: 0.0009
                     reward/under_speed: -0.0722
                       reward/feet_slip: -0.0153
                  reward/feet_clearance: -0.0359
                       reward/lin_vel_z: -0.0222
                      reward/ang_vel_xy: -0.2869
                     reward/base_height: -0.0199
                     reward/orientation: -0.0357
                            reward/pose: -0.0200
                     reward/action_rate: -0.1250
                      reward/action_acc: -0.2410
--------------------------------------------------------------------------------
                         Iteration time: 0.44s
                           Time elapsed: 00:01:58
                                    ETA: 00:00:01

################################################################################
[1m                           Learning iteration 247/250                           [0m 

                            Total steps: 3047424 
                       Steps per second: 27104 
                        Collection time: 0.382s 
                          Learning time: 0.072s 
                        Mean value loss: 0.0233
                    Mean surrogate loss: -0.0061
                      Mean entropy loss: 3.7394
                            Mean reward: 29.74
                    Mean episode length: 516.95
                        Mean action std: 0.35
                reward/tracking_lin_vel: 1.6626
                reward/tracking_ang_vel: 0.0671
                      reward/feet_phase: 0.7491
             reward/feet_phase_contrast: 1.3429
             reward/feet_contact_number: 0.4422
                   reward/feet_air_time: 0.0005
                     reward/under_speed: -0.0708
                       reward/feet_slip: -0.0158
                  reward/feet_clearance: -0.0367
                       reward/lin_vel_z: -0.0227
                      reward/ang_vel_xy: -0.2937
                     reward/base_height: -0.0208
                     reward/orientation: -0.0340
                            reward/pose: -0.0210
                     reward/action_rate: -0.1284
                      reward/action_acc: -0.2467
--------------------------------------------------------------------------------
                         Iteration time: 0.45s
                           Time elapsed: 00:01:59
                                    ETA: 00:00:00

################################################################################
[1m                           Learning iteration 248/250                           [0m 

                            Total steps: 3059712 
                       Steps per second: 28922 
                        Collection time: 0.358s 
                          Learning time: 0.067s 
                        Mean value loss: 0.0372
                    Mean surrogate loss: -0.0081
                      Mean entropy loss: 3.7283
                            Mean reward: 29.76
                    Mean episode length: 517.13
                        Mean action std: 0.35
                reward/tracking_lin_vel: 1.6630
                reward/tracking_ang_vel: 0.0674
                      reward/feet_phase: 0.7064
             reward/feet_phase_contrast: 1.3457
             reward/feet_contact_number: 0.4433
                   reward/feet_air_time: 0.0009
                     reward/under_speed: -0.0688
                       reward/feet_slip: -0.0161
                  reward/feet_clearance: -0.0375
                       reward/lin_vel_z: -0.0241
                      reward/ang_vel_xy: -0.3058
                     reward/base_height: -0.0215
                     reward/orientation: -0.0375
                            reward/pose: -0.0209
                     reward/action_rate: -0.1305
                      reward/action_acc: -0.2501
--------------------------------------------------------------------------------
                         Iteration time: 0.42s
                           Time elapsed: 00:01:59
                                    ETA: 00:00:00

################################################################################
[1m                           Learning iteration 249/250                           [0m 

                            Total steps: 3072000 
                       Steps per second: 27646 
                        Collection time: 0.377s 
                          Learning time: 0.067s 
                        Mean value loss: 2.7160
                    Mean surrogate loss: -0.0060
                      Mean entropy loss: 3.7151
                            Mean reward: 29.92
                    Mean episode length: 518.65
                        Mean action std: 0.35
                reward/tracking_lin_vel: 1.6645
                reward/tracking_ang_vel: 0.0667
                      reward/feet_phase: 0.8605
             reward/feet_phase_contrast: 1.3447
             reward/feet_contact_number: 0.4380
                   reward/feet_air_time: 0.0011
                     reward/under_speed: -0.0679
                       reward/feet_slip: -0.0159
                  reward/feet_clearance: -0.0374
                       reward/lin_vel_z: -0.0235
                      reward/ang_vel_xy: -0.3020
                     reward/base_height: -0.0182
                     reward/orientation: -0.0368
                            reward/pose: -0.0206
                     reward/action_rate: -0.1302
                      reward/action_acc: -0.2505
--------------------------------------------------------------------------------
                         Iteration time: 0.44s
                           Time elapsed: 00:02:00
                                    ETA: 00:00:00

