✅ CUDA 可见；训练期间将禁止系统休眠（systemd-inhibit）
[rank 0/1] Using device: cuda
[2026-09-19 22:58:10,262][unisim.backend.mujoco.chunk_tuner][INFO] - chunk_size: cache hit -> chosen=2 | default(=2)=27.19ms, 1=26.05ms, 2=26.52ms, 3=26.82ms, 4=26.75ms, 6=27.84ms, 7=28.76ms, 13=31.78ms, 23=29.17ms, 24=29.21ms
--------------------------------------------------------------------------------
Resolved observation sets: 
	 default :  ['policy']
	 actor :  ['actor']
	 critic :  ['critic']
--------------------------------------------------------------------------------
Actor Model: MLPModel(
  (obs_normalizer): EmpiricalNormalization()
  (distribution): GaussianDistribution()
  (mlp): MLP(
    (0): Linear(in_features=39, out_features=512, bias=True)
    (1): ELU(alpha=1.0)
    (2): Linear(in_features=512, out_features=256, bias=True)
    (3): ELU(alpha=1.0)
    (4): Linear(in_features=256, out_features=128, bias=True)
    (5): ELU(alpha=1.0)
    (6): Linear(in_features=128, out_features=10, bias=True)
  )
)
Critic Model: MLPModel(
  (obs_normalizer): EmpiricalNormalization()
  (mlp): MLP(
    (0): Linear(in_features=42, out_features=512, bias=True)
    (1): ELU(alpha=1.0)
    (2): Linear(in_features=512, out_features=256, bias=True)
    (3): ELU(alpha=1.0)
    (4): Linear(in_features=256, out_features=128, bias=True)
    (5): ELU(alpha=1.0)
    (6): Linear(in_features=128, out_features=1, bias=True)
  )
)
Storing git diff for 'UniLab' in: $UNILAB_ROOT/logs/rsl_rl_ppo/DM10JoystickFlat/2026-09-19_22-58-10_mujoco/git/UniLab.diff
################################################################################
[1m                            Learning iteration 0/250                            [0m 

                            Total steps: 12288 
                       Steps per second: 17032 
                        Collection time: 0.548s 
                          Learning time: 0.173s 
                        Mean value loss: 0.1253
                    Mean surrogate loss: -0.0053
                      Mean entropy loss: 7.2538
                            Mean reward: 0.11
                    Mean episode length: 12.12
                        Mean action std: 0.50
                reward/tracking_lin_vel: 0.6827
                reward/tracking_ang_vel: 0.1167
                      reward/feet_phase: 0.3030
             reward/feet_phase_contrast: 0.4871
             reward/feet_contact_number: 0.4430
                   reward/feet_air_time: 0.0014
                     reward/under_speed: -0.1582
                       reward/feet_slip: -0.0029
                  reward/feet_clearance: -0.0113
                       reward/lin_vel_z: -0.0073
                      reward/ang_vel_xy: -0.2328
                     reward/base_height: -0.2604
                     reward/orientation: -0.2089
                            reward/pose: -0.0101
                     reward/action_rate: -0.0492
                      reward/action_acc: -0.1437
             Metrics/twist/error_vel_xy: 0.0532
            Metrics/twist/error_vel_yaw: 0.0262
        Episode_Reward/tracking_lin_vel: 0.0072
        Episode_Reward/tracking_ang_vel: 0.0015
              Episode_Reward/feet_phase: 0.0021
     Episode_Reward/feet_phase_contrast: 0.0042
     Episode_Reward/feet_contact_number: 0.0052
           Episode_Reward/feet_air_time: 0.0000
             Episode_Reward/under_speed: -0.0021
               Episode_Reward/feet_slip: -0.0001
          Episode_Reward/feet_clearance: -0.0002
               Episode_Reward/lin_vel_z: -0.0001
              Episode_Reward/ang_vel_xy: -0.0034
             Episode_Reward/base_height: -0.0032
             Episode_Reward/orientation: -0.0017
                    Episode_Reward/pose: -0.0001
             Episode_Reward/action_rate: -0.0006
              Episode_Reward/action_acc: -0.0017
           Episode_Termination/time_out: 1.3333
    Episode_Termination/bad_orientation: 0.0833
--------------------------------------------------------------------------------
                         Iteration time: 0.72s
                           Time elapsed: 00:00:00
                                    ETA: 00:02:59

################################################################################
[1m                            Learning iteration 1/250                            [0m 

                            Total steps: 24576 
                       Steps per second: 25618 
                        Collection time: 0.412s 
                          Learning time: 0.068s 
                        Mean value loss: 1.0017
                    Mean surrogate loss: -0.0086
                      Mean entropy loss: 7.2540
                            Mean reward: -2.63
                    Mean episode length: 45.06
                        Mean action std: 0.50
                reward/tracking_lin_vel: 0.5092
                reward/tracking_ang_vel: 0.1008
                      reward/feet_phase: 0.2632
             reward/feet_phase_contrast: 0.4603
             reward/feet_contact_number: 0.4588
                   reward/feet_air_time: 0.0447
                     reward/under_speed: -0.1558
                       reward/feet_slip: -0.0035
                  reward/feet_clearance: -0.0105
                       reward/lin_vel_z: -0.0302
                      reward/ang_vel_xy: -0.5591
                     reward/base_height: -2.8496
                     reward/orientation: -0.9476
                            reward/pose: -0.0187
                     reward/action_rate: -0.0493
                      reward/action_acc: -0.1453
             Metrics/twist/error_vel_xy: 0.2830
            Metrics/twist/error_vel_yaw: 0.1351
        Episode_Reward/tracking_lin_vel: 0.0096
        Episode_Reward/tracking_ang_vel: 0.0037
              Episode_Reward/feet_phase: 0.0072
     Episode_Reward/feet_phase_contrast: 0.0112
     Episode_Reward/feet_contact_number: 0.0167
           Episode_Reward/feet_air_time: 0.0016
             Episode_Reward/under_speed: -0.0061
               Episode_Reward/feet_slip: -0.0001
          Episode_Reward/feet_clearance: -0.0005
               Episode_Reward/lin_vel_z: -0.0014
              Episode_Reward/ang_vel_xy: -0.0280
             Episode_Reward/base_height: -0.1206
             Episode_Reward/orientation: -0.0392
                    Episode_Reward/pose: -0.0006
             Episode_Reward/action_rate: -0.0018
              Episode_Reward/action_acc: -0.0054
           Episode_Termination/time_out: 0.3478
    Episode_Termination/bad_orientation: 10.9565
--------------------------------------------------------------------------------
                         Iteration time: 0.48s
                           Time elapsed: 00:00:01
                                    ETA: 00:02:28

################################################################################
[1m                            Learning iteration 2/250                            [0m 

                            Total steps: 36864 
                       Steps per second: 24558 
                        Collection time: 0.433s 
                          Learning time: 0.067s 
                        Mean value loss: 0.5367
                    Mean surrogate loss: -0.0116
                      Mean entropy loss: 7.2636
                            Mean reward: -2.45
                    Mean episode length: 54.36
                        Mean action std: 0.50
                reward/tracking_lin_vel: 0.5876
                reward/tracking_ang_vel: 0.1079
                      reward/feet_phase: 0.2625
             reward/feet_phase_contrast: 0.4813
             reward/feet_contact_number: 0.4421
                   reward/feet_air_time: 0.0219
                     reward/under_speed: -0.1552
                       reward/feet_slip: -0.0027
                  reward/feet_clearance: -0.0098
                       reward/lin_vel_z: -0.0220
                      reward/ang_vel_xy: -0.4492
                     reward/base_height: -2.0567
                     reward/orientation: -0.7096
                            reward/pose: -0.0158
                     reward/action_rate: -0.0488
                      reward/action_acc: -0.1443
             Metrics/twist/error_vel_xy: 0.3426
            Metrics/twist/error_vel_yaw: 0.1915
        Episode_Reward/tracking_lin_vel: 0.0304
        Episode_Reward/tracking_ang_vel: 0.0057
              Episode_Reward/feet_phase: 0.0150
     Episode_Reward/feet_phase_contrast: 0.0258
     Episode_Reward/feet_contact_number: 0.0238
           Episode_Reward/feet_air_time: 0.0014
             Episode_Reward/under_speed: -0.0083
               Episode_Reward/feet_slip: -0.0002
          Episode_Reward/feet_clearance: -0.0005
               Episode_Reward/lin_vel_z: -0.0013
              Episode_Reward/ang_vel_xy: -0.0260
             Episode_Reward/base_height: -0.1284
             Episode_Reward/orientation: -0.0442
                    Episode_Reward/pose: -0.0009
             Episode_Reward/action_rate: -0.0027
              Episode_Reward/action_acc: -0.0078
           Episode_Termination/time_out: 0.1250
    Episode_Termination/bad_orientation: 8.3333
--------------------------------------------------------------------------------
                         Iteration time: 0.50s
                           Time elapsed: 00:00:01
                                    ETA: 00:02:20

################################################################################
[1m                            Learning iteration 3/250                            [0m 

                            Total steps: 49152 
                       Steps per second: 26259 
                        Collection time: 0.402s 
                          Learning time: 0.066s 
                        Mean value loss: 0.6351
                    Mean surrogate loss: -0.0108
                      Mean entropy loss: 7.2656
                            Mean reward: -2.30
                    Mean episode length: 52.18
                        Mean action std: 0.50
                reward/tracking_lin_vel: 0.5866
                reward/tracking_ang_vel: 0.1057
                      reward/feet_phase: 0.3437
             reward/feet_phase_contrast: 0.5038
             reward/feet_contact_number: 0.4535
                   reward/feet_air_time: 0.0282
                     reward/under_speed: -0.1523
                       reward/feet_slip: -0.0030
                  reward/feet_clearance: -0.0099
                       reward/lin_vel_z: -0.0271
                      reward/ang_vel_xy: -0.5099
                     reward/base_height: -2.4573
                     reward/orientation: -0.8472
                            reward/pose: -0.0179
                     reward/action_rate: -0.0496
                      reward/action_acc: -0.1471
             Metrics/twist/error_vel_xy: 0.3577
            Metrics/twist/error_vel_yaw: 0.1917
        Episode_Reward/tracking_lin_vel: 0.0255
        Episode_Reward/tracking_ang_vel: 0.0054
              Episode_Reward/feet_phase: 0.0133
     Episode_Reward/feet_phase_contrast: 0.0223
     Episode_Reward/feet_contact_number: 0.0229
           Episode_Reward/feet_air_time: 0.0014
             Episode_Reward/under_speed: -0.0080
               Episode_Reward/feet_slip: -0.0002
          Episode_Reward/feet_clearance: -0.0005
               Episode_Reward/lin_vel_z: -0.0014
              Episode_Reward/ang_vel_xy: -0.0269
             Episode_Reward/base_height: -0.1259
             Episode_Reward/orientation: -0.0429
                    Episode_Reward/pose: -0.0008
             Episode_Reward/action_rate: -0.0025
              Episode_Reward/action_acc: -0.0074
           Episode_Termination/time_out: 0.0417
    Episode_Termination/bad_orientation: 9.4583
--------------------------------------------------------------------------------
                         Iteration time: 0.47s
                           Time elapsed: 00:00:02
                                    ETA: 00:02:13

################################################################################
[1m                            Learning iteration 4/250                            [0m 

                            Total steps: 61440 
                       Steps per second: 28298 
                        Collection time: 0.370s 
                          Learning time: 0.064s 
                        Mean value loss: 0.6143
                    Mean surrogate loss: -0.0069
                      Mean entropy loss: 7.2609
                            Mean reward: -1.95
                    Mean episode length: 54.42
                        Mean action std: 0.50
                reward/tracking_lin_vel: 0.5930
                reward/tracking_ang_vel: 0.1061
                      reward/feet_phase: 0.2873
             reward/feet_phase_contrast: 0.4945
             reward/feet_contact_number: 0.4496
                   reward/feet_air_time: 0.0257
                     reward/under_speed: -0.1523
                       reward/feet_slip: -0.0029
                  reward/feet_clearance: -0.0096
                       reward/lin_vel_z: -0.0238
                      reward/ang_vel_xy: -0.4536
                     reward/base_height: -2.1163
                     reward/orientation: -0.7579
                            reward/pose: -0.0172
                     reward/action_rate: -0.0499
                      reward/action_acc: -0.1474
             Metrics/twist/error_vel_xy: 0.3611
            Metrics/twist/error_vel_yaw: 0.2137
        Episode_Reward/tracking_lin_vel: 0.0353
        Episode_Reward/tracking_ang_vel: 0.0060
              Episode_Reward/feet_phase: 0.0193
     Episode_Reward/feet_phase_contrast: 0.0314
     Episode_Reward/feet_contact_number: 0.0253
           Episode_Reward/feet_air_time: 0.0014
             Episode_Reward/under_speed: -0.0083
               Episode_Reward/feet_slip: -0.0002
          Episode_Reward/feet_clearance: -0.0006
               Episode_Reward/lin_vel_z: -0.0015
              Episode_Reward/ang_vel_xy: -0.0265
             Episode_Reward/base_height: -0.1266
             Episode_Reward/orientation: -0.0447
                    Episode_Reward/pose: -0.0010
             Episode_Reward/action_rate: -0.0028
              Episode_Reward/action_acc: -0.0083
           Episode_Termination/time_out: 0.0000
    Episode_Termination/bad_orientation: 8.4583
--------------------------------------------------------------------------------
                         Iteration time: 0.43s
                           Time elapsed: 00:00:02
                                    ETA: 00:02:07

################################################################################
[1m                            Learning iteration 5/250                            [0m 

                            Total steps: 73728 
                       Steps per second: 28294 
                        Collection time: 0.367s 
                          Learning time: 0.067s 
                        Mean value loss: 0.5797
                    Mean surrogate loss: -0.0087
                      Mean entropy loss: 7.2519
                            Mean reward: -2.18
                    Mean episode length: 54.14
                        Mean action std: 0.50
                reward/tracking_lin_vel: 0.5902
                reward/tracking_ang_vel: 0.1053
                      reward/feet_phase: 0.2661
             reward/feet_phase_contrast: 0.4832
             reward/feet_contact_number: 0.4560
                   reward/feet_air_time: 0.0239
                     reward/under_speed: -0.1529
                       reward/feet_slip: -0.0031
                  reward/feet_clearance: -0.0098
                       reward/lin_vel_z: -0.0245
                      reward/ang_vel_xy: -0.4690
                     reward/base_height: -2.2073
                     reward/orientation: -0.7820
                            reward/pose: -0.0164
                     reward/action_rate: -0.0500
                      reward/action_acc: -0.1483
             Metrics/twist/error_vel_xy: 0.3637
            Metrics/twist/error_vel_yaw: 0.2156
        Episode_Reward/tracking_lin_vel: 0.0315
        Episode_Reward/tracking_ang_vel: 0.0056
              Episode_Reward/feet_phase: 0.0159
     Episode_Reward/feet_phase_contrast: 0.0260
     Episode_Reward/feet_contact_number: 0.0245
           Episode_Reward/feet_air_time: 0.0012
             Episode_Reward/under_speed: -0.0084
               Episode_Reward/feet_slip: -0.0002
          Episode_Reward/feet_clearance: -0.0005
               Episode_Reward/lin_vel_z: -0.0014
              Episode_Reward/ang_vel_xy: -0.0266
             Episode_Reward/base_height: -0.1254
             Episode_Reward/orientation: -0.0444
                    Episode_Reward/pose: -0.0010
             Episode_Reward/action_rate: -0.0027
              Episode_Reward/action_acc: -0.0080
           Episode_Termination/time_out: 0.0000
    Episode_Termination/bad_orientation: 9.2083
--------------------------------------------------------------------------------
                         Iteration time: 0.43s
                           Time elapsed: 00:00:03
                                    ETA: 00:02:03

################################################################################
[1m                            Learning iteration 6/250                            [0m 

                            Total steps: 86016 
                       Steps per second: 27039 
                        Collection time: 0.389s 
                          Learning time: 0.065s 
                        Mean value loss: 0.5292
                    Mean surrogate loss: -0.0112
                      Mean entropy loss: 7.2327
                            Mean reward: -2.13
                    Mean episode length: 57.72
                        Mean action std: 0.50
                reward/tracking_lin_vel: 0.6121
                reward/tracking_ang_vel: 0.1064
                      reward/feet_phase: 0.3238
             reward/feet_phase_contrast: 0.5349
             reward/feet_contact_number: 0.4461
                   reward/feet_air_time: 0.0281
                     reward/under_speed: -0.1479
                       reward/feet_slip: -0.0031
                  reward/feet_clearance: -0.0101
                       reward/lin_vel_z: -0.0247
                      reward/ang_vel_xy: -0.4904
                     reward/base_height: -2.3185
                     reward/orientation: -0.7967
                            reward/pose: -0.0171
                     reward/action_rate: -0.0502
                      reward/action_acc: -0.1490
             Metrics/twist/error_vel_xy: 0.3681
            Metrics/twist/error_vel_yaw: 0.2139
        Episode_Reward/tracking_lin_vel: 0.0327
        Episode_Reward/tracking_ang_vel: 0.0059
              Episode_Reward/feet_phase: 0.0161
     Episode_Reward/feet_phase_contrast: 0.0275
     Episode_Reward/feet_contact_number: 0.0249
           Episode_Reward/feet_air_time: 0.0016
             Episode_Reward/under_speed: -0.0086
               Episode_Reward/feet_slip: -0.0002
          Episode_Reward/feet_clearance: -0.0006
               Episode_Reward/lin_vel_z: -0.0013
              Episode_Reward/ang_vel_xy: -0.0270
             Episode_Reward/base_height: -0.1270
             Episode_Reward/orientation: -0.0437
                    Episode_Reward/pose: -0.0010
             Episode_Reward/action_rate: -0.0028
              Episode_Reward/action_acc: -0.0083
           Episode_Termination/time_out: 0.0000
    Episode_Termination/bad_orientation: 9.4167
--------------------------------------------------------------------------------
                         Iteration time: 0.45s
                           Time elapsed: 00:00:03
                                    ETA: 00:02:01

################################################################################
[1m                            Learning iteration 7/250                            [0m 

                            Total steps: 98304 
                       Steps per second: 28680 
                        Collection time: 0.365s 
                          Learning time: 0.063s 
                        Mean value loss: 0.4678
                    Mean surrogate loss: -0.0076
                      Mean entropy loss: 7.2250
                            Mean reward: -2.19
                    Mean episode length: 57.47
                        Mean action std: 0.50
                reward/tracking_lin_vel: 0.6632
                reward/tracking_ang_vel: 0.1042
                      reward/feet_phase: 0.3811
             reward/feet_phase_contrast: 0.5678
             reward/feet_contact_number: 0.4483
                   reward/feet_air_time: 0.0266
                     reward/under_speed: -0.1444
                       reward/feet_slip: -0.0032
                  reward/feet_clearance: -0.0102
                       reward/lin_vel_z: -0.0243
                      reward/ang_vel_xy: -0.4755
                     reward/base_height: -2.1797
                     reward/orientation: -0.7698
                            reward/pose: -0.0176
                     reward/action_rate: -0.0499
                      reward/action_acc: -0.1478
             Metrics/twist/error_vel_xy: 0.3688
            Metrics/twist/error_vel_yaw: 0.2123
        Episode_Reward/tracking_lin_vel: 0.0319
        Episode_Reward/tracking_ang_vel: 0.0059
              Episode_Reward/feet_phase: 0.0172
     Episode_Reward/feet_phase_contrast: 0.0285
     Episode_Reward/feet_contact_number: 0.0253
           Episode_Reward/feet_air_time: 0.0017
             Episode_Reward/under_speed: -0.0084
               Episode_Reward/feet_slip: -0.0002
          Episode_Reward/feet_clearance: -0.0006
               Episode_Reward/lin_vel_z: -0.0014
              Episode_Reward/ang_vel_xy: -0.0270
             Episode_Reward/base_height: -0.1250
             Episode_Reward/orientation: -0.0439
                    Episode_Reward/pose: -0.0009
             Episode_Reward/action_rate: -0.0028
              Episode_Reward/action_acc: -0.0082
           Episode_Termination/time_out: 0.0417
    Episode_Termination/bad_orientation: 9.2500
--------------------------------------------------------------------------------
                         Iteration time: 0.43s
                           Time elapsed: 00:00:03
                                    ETA: 00:01:58

################################################################################
[1m                            Learning iteration 8/250                            [0m 

                            Total steps: 110592 
                       Steps per second: 27313 
                        Collection time: 0.387s 
                          Learning time: 0.063s 
                        Mean value loss: 0.4470
                    Mean surrogate loss: -0.0085
                      Mean entropy loss: 7.2186
                            Mean reward: -2.08
                    Mean episode length: 56.43
                        Mean action std: 0.50
                reward/tracking_lin_vel: 0.6965
                reward/tracking_ang_vel: 0.1049
                      reward/feet_phase: 0.3442
             reward/feet_phase_contrast: 0.6207
             reward/feet_contact_number: 0.4465
                   reward/feet_air_time: 0.0298
                     reward/under_speed: -0.1406
                       reward/feet_slip: -0.0031
                  reward/feet_clearance: -0.0100
                       reward/lin_vel_z: -0.0224
                      reward/ang_vel_xy: -0.4565
                     reward/base_height: -1.9956
                     reward/orientation: -0.7367
                            reward/pose: -0.0184
                     reward/action_rate: -0.0498
                      reward/action_acc: -0.1477
             Metrics/twist/error_vel_xy: 0.3548
            Metrics/twist/error_vel_yaw: 0.2309
        Episode_Reward/tracking_lin_vel: 0.0389
        Episode_Reward/tracking_ang_vel: 0.0060
              Episode_Reward/feet_phase: 0.0208
     Episode_Reward/feet_phase_contrast: 0.0339
     Episode_Reward/feet_contact_number: 0.0259
           Episode_Reward/feet_air_time: 0.0017
             Episode_Reward/under_speed: -0.0081
               Episode_Reward/feet_slip: -0.0002
          Episode_Reward/feet_clearance: -0.0006
               Episode_Reward/lin_vel_z: -0.0014
              Episode_Reward/ang_vel_xy: -0.0276
             Episode_Reward/base_height: -0.1215
             Episode_Reward/orientation: -0.0437
                    Episode_Reward/pose: -0.0011
             Episode_Reward/action_rate: -0.0029
              Episode_Reward/action_acc: -0.0085
           Episode_Termination/time_out: 0.0000
    Episode_Termination/bad_orientation: 8.2917
--------------------------------------------------------------------------------
                         Iteration time: 0.45s
                           Time elapsed: 00:00:04
                                    ETA: 00:01:57

################################################################################
[1m                            Learning iteration 9/250                            [0m 

                            Total steps: 122880 
                       Steps per second: 27290 
                        Collection time: 0.383s 
                          Learning time: 0.067s 
                        Mean value loss: 0.3821
                    Mean surrogate loss: -0.0088
                      Mean entropy loss: 7.2131
                            Mean reward: -2.03
                    Mean episode length: 57.62
                        Mean action std: 0.50
                reward/tracking_lin_vel: 0.6682
                reward/tracking_ang_vel: 0.1027
                      reward/feet_phase: 0.3370
             reward/feet_phase_contrast: 0.5939
             reward/feet_contact_number: 0.4496
                   reward/feet_air_time: 0.0330
                     reward/under_speed: -0.1410
                       reward/feet_slip: -0.0034
                  reward/feet_clearance: -0.0100
                       reward/lin_vel_z: -0.0243
                      reward/ang_vel_xy: -0.4769
                     reward/base_height: -2.2095
                     reward/orientation: -0.7798
                            reward/pose: -0.0175
                     reward/action_rate: -0.0505
                      reward/action_acc: -0.1500
             Metrics/twist/error_vel_xy: 0.3569
            Metrics/twist/error_vel_yaw: 0.2185
        Episode_Reward/tracking_lin_vel: 0.0370
        Episode_Reward/tracking_ang_vel: 0.0061
              Episode_Reward/feet_phase: 0.0194
     Episode_Reward/feet_phase_contrast: 0.0323
     Episode_Reward/feet_contact_number: 0.0258
           Episode_Reward/feet_air_time: 0.0015
             Episode_Reward/under_speed: -0.0082
               Episode_Reward/feet_slip: -0.0002
          Episode_Reward/feet_clearance: -0.0006
               Episode_Reward/lin_vel_z: -0.0014
              Episode_Reward/ang_vel_xy: -0.0268
             Episode_Reward/base_height: -0.1234
             Episode_Reward/orientation: -0.0447
                    Episode_Reward/pose: -0.0010
             Episode_Reward/action_rate: -0.0028
              Episode_Reward/action_acc: -0.0084
           Episode_Termination/time_out: 0.0000
    Episode_Termination/bad_orientation: 9.1250
--------------------------------------------------------------------------------
                         Iteration time: 0.45s
                           Time elapsed: 00:00:04
                                    ETA: 00:01:55

################################################################################
[1m                           Learning iteration 10/250                            [0m 

                            Total steps: 135168 
                       Steps per second: 27635 
                        Collection time: 0.380s 
                          Learning time: 0.064s 
                        Mean value loss: 0.3587
                    Mean surrogate loss: -0.0091
                      Mean entropy loss: 7.2052
                            Mean reward: -2.03
                    Mean episode length: 54.83
                        Mean action std: 0.50
                reward/tracking_lin_vel: 0.6912
                reward/tracking_ang_vel: 0.1049
                      reward/feet_phase: 0.4035
             reward/feet_phase_contrast: 0.6047
             reward/feet_contact_number: 0.4529
                   reward/feet_air_time: 0.0282
                     reward/under_speed: -0.1385
                       reward/feet_slip: -0.0032
                  reward/feet_clearance: -0.0097
                       reward/lin_vel_z: -0.0221
                      reward/ang_vel_xy: -0.4570
                     reward/base_height: -2.0229
                     reward/orientation: -0.7227
                            reward/pose: -0.0167
                     reward/action_rate: -0.0506
                      reward/action_acc: -0.1505
             Metrics/twist/error_vel_xy: 0.3458
            Metrics/twist/error_vel_yaw: 0.2277
        Episode_Reward/tracking_lin_vel: 0.0402
        Episode_Reward/tracking_ang_vel: 0.0060
              Episode_Reward/feet_phase: 0.0229
     Episode_Reward/feet_phase_contrast: 0.0388
     Episode_Reward/feet_contact_number: 0.0255
           Episode_Reward/feet_air_time: 0.0019
             Episode_Reward/under_speed: -0.0077
               Episode_Reward/feet_slip: -0.0002
          Episode_Reward/feet_clearance: -0.0006
               Episode_Reward/lin_vel_z: -0.0013
              Episode_Reward/ang_vel_xy: -0.0273
             Episode_Reward/base_height: -0.1214
             Episode_Reward/orientation: -0.0439
                    Episode_Reward/pose: -0.0010
             Episode_Reward/action_rate: -0.0029
              Episode_Reward/action_acc: -0.0085
           Episode_Termination/time_out: 0.0000
    Episode_Termination/bad_orientation: 8.5833
--------------------------------------------------------------------------------
                         Iteration time: 0.44s
                           Time elapsed: 00:00:05
                                    ETA: 00:01:54

################################################################################
[1m                           Learning iteration 11/250                            [0m 

                            Total steps: 147456 
                       Steps per second: 28637 
                        Collection time: 0.363s 
                          Learning time: 0.066s 
                        Mean value loss: 0.3541
                    Mean surrogate loss: -0.0077
                      Mean entropy loss: 7.1924
                            Mean reward: -1.88
                    Mean episode length: 55.61
                        Mean action std: 0.50
                reward/tracking_lin_vel: 0.7125
                reward/tracking_ang_vel: 0.1013
                      reward/feet_phase: 0.3843
             reward/feet_phase_contrast: 0.6339
             reward/feet_contact_number: 0.4570
                   reward/feet_air_time: 0.0288
                     reward/under_speed: -0.1356
                       reward/feet_slip: -0.0033
                  reward/feet_clearance: -0.0096
                       reward/lin_vel_z: -0.0242
                      reward/ang_vel_xy: -0.4778
                     reward/base_height: -2.1492
                     reward/orientation: -0.7851
                            reward/pose: -0.0186
                     reward/action_rate: -0.0508
                      reward/action_acc: -0.1513
             Metrics/twist/error_vel_xy: 0.3475
            Metrics/twist/error_vel_yaw: 0.2354
        Episode_Reward/tracking_lin_vel: 0.0399
        Episode_Reward/tracking_ang_vel: 0.0059
              Episode_Reward/feet_phase: 0.0222
     Episode_Reward/feet_phase_contrast: 0.0364
     Episode_Reward/feet_contact_number: 0.0261
           Episode_Reward/feet_air_time: 0.0015
             Episode_Reward/under_speed: -0.0078
               Episode_Reward/feet_slip: -0.0002
          Episode_Reward/feet_clearance: -0.0006
               Episode_Reward/lin_vel_z: -0.0014
              Episode_Reward/ang_vel_xy: -0.0271
             Episode_Reward/base_height: -0.1192
             Episode_Reward/orientation: -0.0440
                    Episode_Reward/pose: -0.0010
             Episode_Reward/action_rate: -0.0029
              Episode_Reward/action_acc: -0.0087
           Episode_Termination/time_out: 0.0000
    Episode_Termination/bad_orientation: 8.7083
--------------------------------------------------------------------------------
                         Iteration time: 0.43s
                           Time elapsed: 00:00:05
                                    ETA: 00:01:52

################################################################################
[1m                           Learning iteration 12/250                            [0m 

                            Total steps: 159744 
                       Steps per second: 26800 
                        Collection time: 0.393s 
                          Learning time: 0.066s 
                        Mean value loss: 0.3097
                    Mean surrogate loss: -0.0091
                      Mean entropy loss: 7.1788
                            Mean reward: -1.60
                    Mean episode length: 58.66
                        Mean action std: 0.50
                reward/tracking_lin_vel: 0.8157
                reward/tracking_ang_vel: 0.1053
                      reward/feet_phase: 0.3881
             reward/feet_phase_contrast: 0.7157
             reward/feet_contact_number: 0.4586
                   reward/feet_air_time: 0.0216
                     reward/under_speed: -0.1298
                       reward/feet_slip: -0.0034
                  reward/feet_clearance: -0.0099
                       reward/lin_vel_z: -0.0218
                      reward/ang_vel_xy: -0.4156
                     reward/base_height: -1.8126
                     reward/orientation: -0.6699
                            reward/pose: -0.0170
                     reward/action_rate: -0.0502
                      reward/action_acc: -0.1496
             Metrics/twist/error_vel_xy: 0.3538
            Metrics/twist/error_vel_yaw: 0.2391
        Episode_Reward/tracking_lin_vel: 0.0407
        Episode_Reward/tracking_ang_vel: 0.0059
              Episode_Reward/feet_phase: 0.0220
     Episode_Reward/feet_phase_contrast: 0.0360
     Episode_Reward/feet_contact_number: 0.0265
           Episode_Reward/feet_air_time: 0.0012
             Episode_Reward/under_speed: -0.0078
               Episode_Reward/feet_slip: -0.0002
          Episode_Reward/feet_clearance: -0.0005
               Episode_Reward/lin_vel_z: -0.0014
              Episode_Reward/ang_vel_xy: -0.0270
             Episode_Reward/base_height: -0.1218
             Episode_Reward/orientation: -0.0446
                    Episode_Reward/pose: -0.0011
             Episode_Reward/action_rate: -0.0029
              Episode_Reward/action_acc: -0.0088
           Episode_Termination/time_out: 0.0000
    Episode_Termination/bad_orientation: 8.1250
--------------------------------------------------------------------------------
                         Iteration time: 0.46s
                           Time elapsed: 00:00:06
                                    ETA: 00:01:52

################################################################################
[1m                           Learning iteration 13/250                            [0m 

                            Total steps: 172032 
                       Steps per second: 28558 
                        Collection time: 0.366s 
                          Learning time: 0.065s 
                        Mean value loss: 0.3058
                    Mean surrogate loss: -0.0088
                      Mean entropy loss: 7.1657
                            Mean reward: -1.18
                    Mean episode length: 56.60
                        Mean action std: 0.50
                reward/tracking_lin_vel: 0.8461
                reward/tracking_ang_vel: 0.1043
                      reward/feet_phase: 0.4575
             reward/feet_phase_contrast: 0.7706
             reward/feet_contact_number: 0.4456
                   reward/feet_air_time: 0.0272
                     reward/under_speed: -0.1226
                       reward/feet_slip: -0.0034
                  reward/feet_clearance: -0.0097
                       reward/lin_vel_z: -0.0226
                      reward/ang_vel_xy: -0.4251
                     reward/base_height: -1.7975
                     reward/orientation: -0.7195
                            reward/pose: -0.0198
                     reward/action_rate: -0.0508
                      reward/action_acc: -0.1522
             Metrics/twist/error_vel_xy: 0.3319
            Metrics/twist/error_vel_yaw: 0.2417
        Episode_Reward/tracking_lin_vel: 0.0468
        Episode_Reward/tracking_ang_vel: 0.0061
              Episode_Reward/feet_phase: 0.0258
     Episode_Reward/feet_phase_contrast: 0.0434
     Episode_Reward/feet_contact_number: 0.0269
           Episode_Reward/feet_air_time: 0.0016
             Episode_Reward/under_speed: -0.0074
               Episode_Reward/feet_slip: -0.0002
          Episode_Reward/feet_clearance: -0.0006
               Episode_Reward/lin_vel_z: -0.0015
              Episode_Reward/ang_vel_xy: -0.0271
             Episode_Reward/base_height: -0.1153
             Episode_Reward/orientation: -0.0449
                    Episode_Reward/pose: -0.0012
             Episode_Reward/action_rate: -0.0030
              Episode_Reward/action_acc: -0.0089
           Episode_Termination/time_out: 0.0000
    Episode_Termination/bad_orientation: 7.9167
--------------------------------------------------------------------------------
                         Iteration time: 0.43s
                           Time elapsed: 00:00:06
                                    ETA: 00:01:50

################################################################################
[1m                           Learning iteration 14/250                            [0m 

                            Total steps: 184320 
                       Steps per second: 26449 
                        Collection time: 0.402s 
                          Learning time: 0.063s 
                        Mean value loss: 0.2958
                    Mean surrogate loss: -0.0073
                      Mean entropy loss: 7.1534
                            Mean reward: -0.51
                    Mean episode length: 70.55
                        Mean action std: 0.49
                reward/tracking_lin_vel: 0.8551
                reward/tracking_ang_vel: 0.1045
                      reward/feet_phase: 0.5434
             reward/feet_phase_contrast: 0.8032
             reward/feet_contact_number: 0.4574
                   reward/feet_air_time: 0.0259
                     reward/under_speed: -0.1207
                       reward/feet_slip: -0.0036
                  reward/feet_clearance: -0.0097
                       reward/lin_vel_z: -0.0229
                      reward/ang_vel_xy: -0.4186
                     reward/base_height: -1.8181
                     reward/orientation: -0.6940
                            reward/pose: -0.0188
                     reward/action_rate: -0.0505
                      reward/action_acc: -0.1508
             Metrics/twist/error_vel_xy: 0.3377
            Metrics/twist/error_vel_yaw: 0.2607
        Episode_Reward/tracking_lin_vel: 0.0532
        Episode_Reward/tracking_ang_vel: 0.0066
              Episode_Reward/feet_phase: 0.0291
     Episode_Reward/feet_phase_contrast: 0.0491
     Episode_Reward/feet_contact_number: 0.0293
           Episode_Reward/feet_air_time: 0.0018
             Episode_Reward/under_speed: -0.0078
               Episode_Reward/feet_slip: -0.0002
          Episode_Reward/feet_clearance: -0.0006
               Episode_Reward/lin_vel_z: -0.0015
              Episode_Reward/ang_vel_xy: -0.0270
             Episode_Reward/base_height: -0.1184
             Episode_Reward/orientation: -0.0458
                    Episode_Reward/pose: -0.0013
             Episode_Reward/action_rate: -0.0032
              Episode_Reward/action_acc: -0.0097
           Episode_Termination/time_out: 0.0000
    Episode_Termination/bad_orientation: 8.0833
--------------------------------------------------------------------------------
                         Iteration time: 0.46s
                           Time elapsed: 00:00:07
                                    ETA: 00:01:50

################################################################################
[1m                           Learning iteration 15/250                            [0m 

                            Total steps: 196608 
                       Steps per second: 28562 
                        Collection time: 0.367s 
                          Learning time: 0.063s 
                        Mean value loss: 0.2965
                    Mean surrogate loss: -0.0096
                      Mean entropy loss: 7.1391
                            Mean reward: -1.06
                    Mean episode length: 60.19
                        Mean action std: 0.49
                reward/tracking_lin_vel: 0.9057
                reward/tracking_ang_vel: 0.1055
                      reward/feet_phase: 0.4745
             reward/feet_phase_contrast: 0.8434
             reward/feet_contact_number: 0.4530
                   reward/feet_air_time: 0.0281
                     reward/under_speed: -0.1154
                       reward/feet_slip: -0.0036
                  reward/feet_clearance: -0.0100
                       reward/lin_vel_z: -0.0201
                      reward/ang_vel_xy: -0.4178
                     reward/base_height: -1.7563
                     reward/orientation: -0.6711
                            reward/pose: -0.0201
                     reward/action_rate: -0.0507
                      reward/action_acc: -0.1510
             Metrics/twist/error_vel_xy: 0.3280
            Metrics/twist/error_vel_yaw: 0.2354
        Episode_Reward/tracking_lin_vel: 0.0476
        Episode_Reward/tracking_ang_vel: 0.0062
              Episode_Reward/feet_phase: 0.0289
     Episode_Reward/feet_phase_contrast: 0.0470
     Episode_Reward/feet_contact_number: 0.0271
           Episode_Reward/feet_air_time: 0.0018
             Episode_Reward/under_speed: -0.0070
               Episode_Reward/feet_slip: -0.0002
          Episode_Reward/feet_clearance: -0.0006
               Episode_Reward/lin_vel_z: -0.0014
              Episode_Reward/ang_vel_xy: -0.0276
             Episode_Reward/base_height: -0.1172
             Episode_Reward/orientation: -0.0443
                    Episode_Reward/pose: -0.0012
             Episode_Reward/action_rate: -0.0030
              Episode_Reward/action_acc: -0.0090
           Episode_Termination/time_out: 0.0000
    Episode_Termination/bad_orientation: 7.6667
--------------------------------------------------------------------------------
                         Iteration time: 0.43s
                           Time elapsed: 00:00:07
                                    ETA: 00:01:49

################################################################################
[1m                           Learning iteration 16/250                            [0m 

                            Total steps: 208896 
                       Steps per second: 27369 
                        Collection time: 0.384s 
                          Learning time: 0.065s 
                        Mean value loss: 0.6965
                    Mean surrogate loss: -0.0081
                      Mean entropy loss: 7.1216
                            Mean reward: -0.84
                    Mean episode length: 57.79
                        Mean action std: 0.49
                reward/tracking_lin_vel: 0.7107
                reward/tracking_ang_vel: 0.1010
                      reward/feet_phase: 0.4746
             reward/feet_phase_contrast: 0.8444
             reward/feet_contact_number: 0.4402
                   reward/feet_air_time: 0.0357
                     reward/under_speed: -0.1108
                       reward/feet_slip: -0.0062
                  reward/feet_clearance: -0.0149
                       reward/lin_vel_z: -0.0321
                      reward/ang_vel_xy: -0.5271
                     reward/base_height: -1.7256
                     reward/orientation: -0.6892
                            reward/pose: -0.0218
                     reward/action_rate: -0.0510
                      reward/action_acc: -0.1523
             Metrics/twist/error_vel_xy: 0.3167
            Metrics/twist/error_vel_yaw: 0.2368
        Episode_Reward/tracking_lin_vel: 0.0509
        Episode_Reward/tracking_ang_vel: 0.0062
              Episode_Reward/feet_phase: 0.0306
     Episode_Reward/feet_phase_contrast: 0.0510
     Episode_Reward/feet_contact_number: 0.0263
           Episode_Reward/feet_air_time: 0.0019
             Episode_Reward/under_speed: -0.0066
               Episode_Reward/feet_slip: -0.0003
          Episode_Reward/feet_clearance: -0.0006
               Episode_Reward/lin_vel_z: -0.0017
              Episode_Reward/ang_vel_xy: -0.0280
             Episode_Reward/base_height: -0.1148
             Episode_Reward/orientation: -0.0439
                    Episode_Reward/pose: -0.0012
             Episode_Reward/action_rate: -0.0030
              Episode_Reward/action_acc: -0.0090
           Episode_Termination/time_out: 0.0000
    Episode_Termination/bad_orientation: 7.5000
--------------------------------------------------------------------------------
                         Iteration time: 0.45s
                           Time elapsed: 00:00:07
                                    ETA: 00:01:48

################################################################################
[1m                           Learning iteration 17/250                            [0m 

                            Total steps: 221184 
                       Steps per second: 30882 
                        Collection time: 0.333s 
                          Learning time: 0.064s 
                        Mean value loss: 0.2600
                    Mean surrogate loss: -0.0093
                      Mean entropy loss: 7.1097
                            Mean reward: -1.25
                    Mean episode length: 61.41
                        Mean action std: 0.49
                reward/tracking_lin_vel: 0.6243
                reward/tracking_ang_vel: 0.0973
                      reward/feet_phase: 0.5045
             reward/feet_phase_contrast: 0.8066
             reward/feet_contact_number: 0.4408
                   reward/feet_air_time: 0.1040
                     reward/under_speed: -0.1122
                       reward/feet_slip: -0.0051
                  reward/feet_clearance: -0.0139
                       reward/lin_vel_z: -0.0346
                      reward/ang_vel_xy: -0.7752
                     reward/base_height: -2.7270
                     reward/orientation: -0.8377
                            reward/pose: -0.0208
                     reward/action_rate: -0.0510
                      reward/action_acc: -0.1520
             Metrics/twist/error_vel_xy: 0.3833
            Metrics/twist/error_vel_yaw: 0.2583
        Episode_Reward/tracking_lin_vel: 0.0483
        Episode_Reward/tracking_ang_vel: 0.0065
              Episode_Reward/feet_phase: 0.0280
     Episode_Reward/feet_phase_contrast: 0.0478
     Episode_Reward/feet_contact_number: 0.0284
           Episode_Reward/feet_air_time: 0.0040
             Episode_Reward/under_speed: -0.0079
               Episode_Reward/feet_slip: -0.0003
          Episode_Reward/feet_clearance: -0.0008
               Episode_Reward/lin_vel_z: -0.0017
              Episode_Reward/ang_vel_xy: -0.0353
             Episode_Reward/base_height: -0.1121
             Episode_Reward/orientation: -0.0382
                    Episode_Reward/pose: -0.0012
             Episode_Reward/action_rate: -0.0032
              Episode_Reward/action_acc: -0.0095
           Episode_Termination/time_out: 0.0000
    Episode_Termination/bad_orientation: 12.9167
--------------------------------------------------------------------------------
                         Iteration time: 0.40s
                           Time elapsed: 00:00:08
                                    ETA: 00:01:47

################################################################################
[1m                           Learning iteration 18/250                            [0m 

                            Total steps: 233472 
                       Steps per second: 27470 
                        Collection time: 0.380s 
                          Learning time: 0.068s 
                        Mean value loss: 0.2607
                    Mean surrogate loss: -0.0088
                      Mean entropy loss: 7.1033
                            Mean reward: -0.74
                    Mean episode length: 66.73
                        Mean action std: 0.49
                reward/tracking_lin_vel: 0.9283
                reward/tracking_ang_vel: 0.1039
                      reward/feet_phase: 0.5670
             reward/feet_phase_contrast: 0.8982
             reward/feet_contact_number: 0.4552
                   reward/feet_air_time: 0.0373
                     reward/under_speed: -0.1093
                       reward/feet_slip: -0.0036
                  reward/feet_clearance: -0.0100
                       reward/lin_vel_z: -0.0184
                      reward/ang_vel_xy: -0.4218
                     reward/base_height: -1.6130
                     reward/orientation: -0.6205
                            reward/pose: -0.0204
                     reward/action_rate: -0.0508
                      reward/action_acc: -0.1520
             Metrics/twist/error_vel_xy: 0.3785
            Metrics/twist/error_vel_yaw: 0.2719
        Episode_Reward/tracking_lin_vel: 0.0518
        Episode_Reward/tracking_ang_vel: 0.0068
              Episode_Reward/feet_phase: 0.0320
     Episode_Reward/feet_phase_contrast: 0.0521
     Episode_Reward/feet_contact_number: 0.0296
           Episode_Reward/feet_air_time: 0.0031
             Episode_Reward/under_speed: -0.0084
               Episode_Reward/feet_slip: -0.0003
          Episode_Reward/feet_clearance: -0.0008
               Episode_Reward/lin_vel_z: -0.0013
              Episode_Reward/ang_vel_xy: -0.0312
             Episode_Reward/base_height: -0.1225
             Episode_Reward/orientation: -0.0433
                    Episode_Reward/pose: -0.0014
             Episode_Reward/action_rate: -0.0034
              Episode_Reward/action_acc: -0.0101
           Episode_Termination/time_out: 0.0000
    Episode_Termination/bad_orientation: 6.5000
--------------------------------------------------------------------------------
                         Iteration time: 0.45s
                           Time elapsed: 00:00:08
                                    ETA: 00:01:46

################################################################################
[1m                           Learning iteration 19/250                            [0m 

                            Total steps: 245760 
                       Steps per second: 29132 
                        Collection time: 0.355s 
                          Learning time: 0.066s 
                        Mean value loss: 0.2403
                    Mean surrogate loss: -0.0089
                      Mean entropy loss: 7.0932
                            Mean reward: -0.59
                    Mean episode length: 55.65
                        Mean action std: 0.49
                reward/tracking_lin_vel: 0.9378
                reward/tracking_ang_vel: 0.1025
                      reward/feet_phase: 0.5271
             reward/feet_phase_contrast: 0.9383
             reward/feet_contact_number: 0.4510
                   reward/feet_air_time: 0.0372
                     reward/under_speed: -0.1053
                       reward/feet_slip: -0.0043
                  reward/feet_clearance: -0.0104
                       reward/lin_vel_z: -0.0234
                      reward/ang_vel_xy: -0.4641
                     reward/base_height: -1.9387
                     reward/orientation: -0.7132
                            reward/pose: -0.0215
                     reward/action_rate: -0.0505
                      reward/action_acc: -0.1505
             Metrics/twist/error_vel_xy: 0.2939
            Metrics/twist/error_vel_yaw: 0.2258
        Episode_Reward/tracking_lin_vel: 0.0421
        Episode_Reward/tracking_ang_vel: 0.0052
              Episode_Reward/feet_phase: 0.0293
     Episode_Reward/feet_phase_contrast: 0.0475
     Episode_Reward/feet_contact_number: 0.0235
           Episode_Reward/feet_air_time: 0.0025
             Episode_Reward/under_speed: -0.0051
               Episode_Reward/feet_slip: -0.0003
          Episode_Reward/feet_clearance: -0.0006
               Episode_Reward/lin_vel_z: -0.0014
              Episode_Reward/ang_vel_xy: -0.0283
             Episode_Reward/base_height: -0.1140
             Episode_Reward/orientation: -0.0421
                    Episode_Reward/pose: -0.0011
             Episode_Reward/action_rate: -0.0027
              Episode_Reward/action_acc: -0.0079
           Episode_Termination/time_out: 0.0000
    Episode_Termination/bad_orientation: 9.2500
--------------------------------------------------------------------------------
                         Iteration time: 0.42s
                           Time elapsed: 00:00:09
                                    ETA: 00:01:45

################################################################################
[1m                           Learning iteration 20/250                            [0m 

                            Total steps: 258048 
                       Steps per second: 29832 
                        Collection time: 0.348s 
                          Learning time: 0.064s 
                        Mean value loss: 0.2489
                    Mean surrogate loss: -0.0092
                      Mean entropy loss: 7.0765
                            Mean reward: -0.42
                    Mean episode length: 59.83
                        Mean action std: 0.49
                reward/tracking_lin_vel: 0.9776
                reward/tracking_ang_vel: 0.1024
                      reward/feet_phase: 0.5580
             reward/feet_phase_contrast: 0.9546
             reward/feet_contact_number: 0.4490
                   reward/feet_air_time: 0.0273
                     reward/under_speed: -0.1015
                       reward/feet_slip: -0.0040
                  reward/feet_clearance: -0.0100
                       reward/lin_vel_z: -0.0210
                      reward/ang_vel_xy: -0.4104
                     reward/base_height: -1.5611
                     reward/orientation: -0.6636
                            reward/pose: -0.0226
                     reward/action_rate: -0.0506
                      reward/action_acc: -0.1511
             Metrics/twist/error_vel_xy: 0.3066
            Metrics/twist/error_vel_yaw: 0.2421
        Episode_Reward/tracking_lin_vel: 0.0531
        Episode_Reward/tracking_ang_vel: 0.0061
              Episode_Reward/feet_phase: 0.0322
     Episode_Reward/feet_phase_contrast: 0.0536
     Episode_Reward/feet_contact_number: 0.0267
           Episode_Reward/feet_air_time: 0.0023
             Episode_Reward/under_speed: -0.0062
               Episode_Reward/feet_slip: -0.0003
          Episode_Reward/feet_clearance: -0.0006
               Episode_Reward/lin_vel_z: -0.0014
              Episode_Reward/ang_vel_xy: -0.0278
             Episode_Reward/base_height: -0.1132
             Episode_Reward/orientation: -0.0438
                    Episode_Reward/pose: -0.0012
             Episode_Reward/action_rate: -0.0030
              Episode_Reward/action_acc: -0.0090
           Episode_Termination/time_out: 0.0000
    Episode_Termination/bad_orientation: 6.7083
--------------------------------------------------------------------------------
                         Iteration time: 0.41s
                           Time elapsed: 00:00:09
                                    ETA: 00:01:44

################################################################################
[1m                           Learning iteration 21/250                            [0m 

                            Total steps: 270336 
                       Steps per second: 28472 
                        Collection time: 0.363s 
                          Learning time: 0.069s 
                        Mean value loss: 0.2231
                    Mean surrogate loss: -0.0096
                      Mean entropy loss: 7.0558
                            Mean reward: -0.13
                    Mean episode length: 61.02
                        Mean action std: 0.49
                reward/tracking_lin_vel: 0.9588
                reward/tracking_ang_vel: 0.1038
                      reward/feet_phase: 0.6477
             reward/feet_phase_contrast: 0.9542
             reward/feet_contact_number: 0.4500
                   reward/feet_air_time: 0.0285
                     reward/under_speed: -0.1025
                       reward/feet_slip: -0.0044
                  reward/feet_clearance: -0.0104
                       reward/lin_vel_z: -0.0222
                      reward/ang_vel_xy: -0.4215
                     reward/base_height: -1.6919
                     reward/orientation: -0.6669
                            reward/pose: -0.0223
                     reward/action_rate: -0.0504
                      reward/action_acc: -0.1503
             Metrics/twist/error_vel_xy: 0.2891
            Metrics/twist/error_vel_yaw: 0.2524
        Episode_Reward/tracking_lin_vel: 0.0562
        Episode_Reward/tracking_ang_vel: 0.0058
              Episode_Reward/feet_phase: 0.0352
     Episode_Reward/feet_phase_contrast: 0.0592
     Episode_Reward/feet_contact_number: 0.0267
           Episode_Reward/feet_air_time: 0.0019
             Episode_Reward/under_speed: -0.0055
               Episode_Reward/feet_slip: -0.0003
          Episode_Reward/feet_clearance: -0.0006
               Episode_Reward/lin_vel_z: -0.0014
              Episode_Reward/ang_vel_xy: -0.0278
             Episode_Reward/base_height: -0.1085
             Episode_Reward/orientation: -0.0439
                    Episode_Reward/pose: -0.0013
             Episode_Reward/action_rate: -0.0030
              Episode_Reward/action_acc: -0.0090
           Episode_Termination/time_out: 0.0000
    Episode_Termination/bad_orientation: 8.2083
--------------------------------------------------------------------------------
                         Iteration time: 0.43s
                           Time elapsed: 00:00:10
                                    ETA: 00:01:44

################################################################################
[1m                           Learning iteration 22/250                            [0m 

                            Total steps: 282624 
                       Steps per second: 27811 
                        Collection time: 0.377s 
                          Learning time: 0.064s 
                        Mean value loss: 0.2457
                    Mean surrogate loss: -0.0115
                      Mean entropy loss: 7.0221
                            Mean reward: -0.61
                    Mean episode length: 56.79
                        Mean action std: 0.49
                reward/tracking_lin_vel: 0.9956
                reward/tracking_ang_vel: 0.1049
                      reward/feet_phase: 0.5552
             reward/feet_phase_contrast: 0.9683
             reward/feet_contact_number: 0.4408
                   reward/feet_air_time: 0.0301
                     reward/under_speed: -0.1036
                       reward/feet_slip: -0.0040
                  reward/feet_clearance: -0.0099
                       reward/lin_vel_z: -0.0193
                      reward/ang_vel_xy: -0.4126
                     reward/base_height: -1.6069
                     reward/orientation: -0.6555
                            reward/pose: -0.0231
                     reward/action_rate: -0.0506
                      reward/action_acc: -0.1510
             Metrics/twist/error_vel_xy: 0.2966
            Metrics/twist/error_vel_yaw: 0.2571
        Episode_Reward/tracking_lin_vel: 0.0575
        Episode_Reward/tracking_ang_vel: 0.0060
              Episode_Reward/feet_phase: 0.0372
     Episode_Reward/feet_phase_contrast: 0.0602
     Episode_Reward/feet_contact_number: 0.0266
           Episode_Reward/feet_air_time: 0.0020
             Episode_Reward/under_speed: -0.0057
               Episode_Reward/feet_slip: -0.0003
          Episode_Reward/feet_clearance: -0.0006
               Episode_Reward/lin_vel_z: -0.0014
              Episode_Reward/ang_vel_xy: -0.0279
             Episode_Reward/base_height: -0.1117
             Episode_Reward/orientation: -0.0442
                    Episode_Reward/pose: -0.0013
             Episode_Reward/action_rate: -0.0031
              Episode_Reward/action_acc: -0.0092
           Episode_Termination/time_out: 0.0000
    Episode_Termination/bad_orientation: 7.0417
--------------------------------------------------------------------------------
                         Iteration time: 0.44s
                           Time elapsed: 00:00:10
                                    ETA: 00:01:43

################################################################################
[1m                           Learning iteration 23/250                            [0m 

                            Total steps: 294912 
                       Steps per second: 27353 
                        Collection time: 0.384s 
                          Learning time: 0.065s 
                        Mean value loss: 0.2357
                    Mean surrogate loss: -0.0098
                      Mean entropy loss: 7.0081
                            Mean reward: -0.01
                    Mean episode length: 64.02
                        Mean action std: 0.49
                reward/tracking_lin_vel: 1.0027
                reward/tracking_ang_vel: 0.1070
                      reward/feet_phase: 0.5560
             reward/feet_phase_contrast: 0.9987
             reward/feet_contact_number: 0.4489
                   reward/feet_air_time: 0.0286
                     reward/under_speed: -0.1017
                       reward/feet_slip: -0.0041
                  reward/feet_clearance: -0.0100
                       reward/lin_vel_z: -0.0203
                      reward/ang_vel_xy: -0.4235
                     reward/base_height: -1.6973
                     reward/orientation: -0.6529
                            reward/pose: -0.0224
                     reward/action_rate: -0.0503
                      reward/action_acc: -0.1498
             Metrics/twist/error_vel_xy: 0.2981
            Metrics/twist/error_vel_yaw: 0.2541
        Episode_Reward/tracking_lin_vel: 0.0625
        Episode_Reward/tracking_ang_vel: 0.0066
              Episode_Reward/feet_phase: 0.0393
     Episode_Reward/feet_phase_contrast: 0.0645
     Episode_Reward/feet_contact_number: 0.0283
           Episode_Reward/feet_air_time: 0.0018
             Episode_Reward/under_speed: -0.0061
               Episode_Reward/feet_slip: -0.0003
          Episode_Reward/feet_clearance: -0.0007
               Episode_Reward/lin_vel_z: -0.0013
              Episode_Reward/ang_vel_xy: -0.0284
             Episode_Reward/base_height: -0.1131
             Episode_Reward/orientation: -0.0449
                    Episode_Reward/pose: -0.0015
             Episode_Reward/action_rate: -0.0032
              Episode_Reward/action_acc: -0.0094
           Episode_Termination/time_out: 0.0000
    Episode_Termination/bad_orientation: 7.8750
--------------------------------------------------------------------------------
                         Iteration time: 0.45s
                           Time elapsed: 00:00:10
                                    ETA: 00:01:42

################################################################################
[1m                           Learning iteration 24/250                            [0m 

                            Total steps: 307200 
                       Steps per second: 27890 
                        Collection time: 0.375s 
                          Learning time: 0.066s 
                        Mean value loss: 0.2396
                    Mean surrogate loss: -0.0098
                      Mean entropy loss: 6.9794
                            Mean reward: 0.09
                    Mean episode length: 60.00
                        Mean action std: 0.49
                reward/tracking_lin_vel: 1.0463
                reward/tracking_ang_vel: 0.1060
                      reward/feet_phase: 0.6140
             reward/feet_phase_contrast: 0.9755
             reward/feet_contact_number: 0.4602
                   reward/feet_air_time: 0.0207
                     reward/under_speed: -0.1033
                       reward/feet_slip: -0.0040
                  reward/feet_clearance: -0.0098
                       reward/lin_vel_z: -0.0193
                      reward/ang_vel_xy: -0.3741
                     reward/base_height: -1.3640
                     reward/orientation: -0.5885
                            reward/pose: -0.0229
                     reward/action_rate: -0.0508
                      reward/action_acc: -0.1517
             Metrics/twist/error_vel_xy: 0.2823
            Metrics/twist/error_vel_yaw: 0.2434
        Episode_Reward/tracking_lin_vel: 0.0629
        Episode_Reward/tracking_ang_vel: 0.0065
              Episode_Reward/feet_phase: 0.0398
     Episode_Reward/feet_phase_contrast: 0.0682
     Episode_Reward/feet_contact_number: 0.0283
           Episode_Reward/feet_air_time: 0.0018
             Episode_Reward/under_speed: -0.0052
               Episode_Reward/feet_slip: -0.0003
          Episode_Reward/feet_clearance: -0.0007
               Episode_Reward/lin_vel_z: -0.0015
              Episode_Reward/ang_vel_xy: -0.0281
             Episode_Reward/base_height: -0.1064
             Episode_Reward/orientation: -0.0444
                    Episode_Reward/pose: -0.0014
             Episode_Reward/action_rate: -0.0031
              Episode_Reward/action_acc: -0.0094
           Episode_Termination/time_out: 0.0000
    Episode_Termination/bad_orientation: 6.7083
--------------------------------------------------------------------------------
                         Iteration time: 0.44s
                           Time elapsed: 00:00:11
                                    ETA: 00:01:42

################################################################################
[1m                           Learning iteration 25/250                            [0m 

                            Total steps: 319488 
                       Steps per second: 27764 
                        Collection time: 0.372s 
                          Learning time: 0.071s 
                        Mean value loss: 0.2460
                    Mean surrogate loss: -0.0077
                      Mean entropy loss: 6.9643
                            Mean reward: 0.02
                    Mean episode length: 61.90
                        Mean action std: 0.49
                reward/tracking_lin_vel: 0.9900
                reward/tracking_ang_vel: 0.1053
                      reward/feet_phase: 0.6084
             reward/feet_phase_contrast: 0.9518
             reward/feet_contact_number: 0.4504
                   reward/feet_air_time: 0.0254
                     reward/under_speed: -0.1044
                       reward/feet_slip: -0.0044
                  reward/feet_clearance: -0.0100
                       reward/lin_vel_z: -0.0210
                      reward/ang_vel_xy: -0.4064
                     reward/base_height: -1.5445
                     reward/orientation: -0.6412
                            reward/pose: -0.0221
                     reward/action_rate: -0.0500
                      reward/action_acc: -0.1490
             Metrics/twist/error_vel_xy: 0.2792
            Metrics/twist/error_vel_yaw: 0.2530
        Episode_Reward/tracking_lin_vel: 0.0659
        Episode_Reward/tracking_ang_vel: 0.0065
              Episode_Reward/feet_phase: 0.0405
     Episode_Reward/feet_phase_contrast: 0.0673
     Episode_Reward/feet_contact_number: 0.0277
           Episode_Reward/feet_air_time: 0.0014
             Episode_Reward/under_speed: -0.0055
               Episode_Reward/feet_slip: -0.0003
          Episode_Reward/feet_clearance: -0.0006
               Episode_Reward/lin_vel_z: -0.0015
              Episode_Reward/ang_vel_xy: -0.0278
             Episode_Reward/base_height: -0.1062
             Episode_Reward/orientation: -0.0444
                    Episode_Reward/pose: -0.0015
             Episode_Reward/action_rate: -0.0031
              Episode_Reward/action_acc: -0.0093
           Episode_Termination/time_out: 0.0000
    Episode_Termination/bad_orientation: 7.4167
--------------------------------------------------------------------------------
                         Iteration time: 0.44s
                           Time elapsed: 00:00:11
                                    ETA: 00:01:41

################################################################################
[1m                           Learning iteration 26/250                            [0m 

                            Total steps: 331776 
                       Steps per second: 24256 
                        Collection time: 0.435s 
                          Learning time: 0.071s 
                        Mean value loss: 0.2541
                    Mean surrogate loss: -0.0100
                      Mean entropy loss: 6.9443
                            Mean reward: 0.02
                    Mean episode length: 65.75
                        Mean action std: 0.48
                reward/tracking_lin_vel: 1.0015
                reward/tracking_ang_vel: 0.1069
                      reward/feet_phase: 0.5259
             reward/feet_phase_contrast: 0.9431
             reward/feet_contact_number: 0.4559
                   reward/feet_air_time: 0.0244
                     reward/under_speed: -0.1066
                       reward/feet_slip: -0.0039
                  reward/feet_clearance: -0.0097
                       reward/lin_vel_z: -0.0179
                      reward/ang_vel_xy: -0.3924
                     reward/base_height: -1.4091
                     reward/orientation: -0.5955
                            reward/pose: -0.0216
                     reward/action_rate: -0.0504
                      reward/action_acc: -0.1503
             Metrics/twist/error_vel_xy: 0.3083
            Metrics/twist/error_vel_yaw: 0.2705
        Episode_Reward/tracking_lin_vel: 0.0664
        Episode_Reward/tracking_ang_vel: 0.0070
              Episode_Reward/feet_phase: 0.0409
     Episode_Reward/feet_phase_contrast: 0.0662
     Episode_Reward/feet_contact_number: 0.0311
           Episode_Reward/feet_air_time: 0.0018
             Episode_Reward/under_speed: -0.0069
               Episode_Reward/feet_slip: -0.0003
          Episode_Reward/feet_clearance: -0.0007
               Episode_Reward/lin_vel_z: -0.0013
              Episode_Reward/ang_vel_xy: -0.0287
             Episode_Reward/base_height: -0.1092
             Episode_Reward/orientation: -0.0450
                    Episode_Reward/pose: -0.0015
             Episode_Reward/action_rate: -0.0035
              Episode_Reward/action_acc: -0.0103
           Episode_Termination/time_out: 0.0000
    Episode_Termination/bad_orientation: 6.4167
--------------------------------------------------------------------------------
                         Iteration time: 0.51s
                           Time elapsed: 00:00:12
                                    ETA: 00:01:41

################################################################################
[1m                           Learning iteration 27/250                            [0m 

                            Total steps: 344064 
                       Steps per second: 23813 
                        Collection time: 0.441s 
                          Learning time: 0.075s 
                        Mean value loss: 0.2448
                    Mean surrogate loss: -0.0104
                      Mean entropy loss: 6.9220
                            Mean reward: 0.28
                    Mean episode length: 67.22
                        Mean action std: 0.48
                reward/tracking_lin_vel: 1.0047
                reward/tracking_ang_vel: 0.1075
                      reward/feet_phase: 0.5209
             reward/feet_phase_contrast: 0.9258
             reward/feet_contact_number: 0.4563
                   reward/feet_air_time: 0.0264
                     reward/under_speed: -0.1091
                       reward/feet_slip: -0.0039
                  reward/feet_clearance: -0.0100
                       reward/lin_vel_z: -0.0188
                      reward/ang_vel_xy: -0.3914
                     reward/base_height: -1.4740
                     reward/orientation: -0.5959
                            reward/pose: -0.0226
                     reward/action_rate: -0.0500
                      reward/action_acc: -0.1491
             Metrics/twist/error_vel_xy: 0.2904
            Metrics/twist/error_vel_yaw: 0.2558
        Episode_Reward/tracking_lin_vel: 0.0601
        Episode_Reward/tracking_ang_vel: 0.0062
              Episode_Reward/feet_phase: 0.0375
     Episode_Reward/feet_phase_contrast: 0.0632
     Episode_Reward/feet_contact_number: 0.0277
           Episode_Reward/feet_air_time: 0.0019
             Episode_Reward/under_speed: -0.0057
               Episode_Reward/feet_slip: -0.0003
          Episode_Reward/feet_clearance: -0.0007
               Episode_Reward/lin_vel_z: -0.0014
              Episode_Reward/ang_vel_xy: -0.0285
             Episode_Reward/base_height: -0.1073
             Episode_Reward/orientation: -0.0433
                    Episode_Reward/pose: -0.0014
             Episode_Reward/action_rate: -0.0031
              Episode_Reward/action_acc: -0.0092
           Episode_Termination/time_out: 0.0000
    Episode_Termination/bad_orientation: 7.2083
--------------------------------------------------------------------------------
                         Iteration time: 0.52s
                           Time elapsed: 00:00:12
                                    ETA: 00:01:41

################################################################################
[1m                           Learning iteration 28/250                            [0m 

                            Total steps: 356352 
                       Steps per second: 27442 
                        Collection time: 0.382s 
                          Learning time: 0.065s 
                        Mean value loss: 0.2181
                    Mean surrogate loss: -0.0121
                      Mean entropy loss: 6.8868
                            Mean reward: -0.08
                    Mean episode length: 61.48
                        Mean action std: 0.48
                reward/tracking_lin_vel: 1.0524
                reward/tracking_ang_vel: 0.1092
                      reward/feet_phase: 0.6408
             reward/feet_phase_contrast: 0.9472
             reward/feet_contact_number: 0.4487
                   reward/feet_air_time: 0.0240
                     reward/under_speed: -0.1102
                       reward/feet_slip: -0.0036
                  reward/feet_clearance: -0.0095
                       reward/lin_vel_z: -0.0170
                      reward/ang_vel_xy: -0.3629
                     reward/base_height: -1.2982
                     reward/orientation: -0.5562
                            reward/pose: -0.0227
                     reward/action_rate: -0.0499
                      reward/action_acc: -0.1492
             Metrics/twist/error_vel_xy: 0.2921
            Metrics/twist/error_vel_yaw: 0.2471
        Episode_Reward/tracking_lin_vel: 0.0635
        Episode_Reward/tracking_ang_vel: 0.0067
              Episode_Reward/feet_phase: 0.0377
     Episode_Reward/feet_phase_contrast: 0.0635
     Episode_Reward/feet_contact_number: 0.0287
           Episode_Reward/feet_air_time: 0.0021
             Episode_Reward/under_speed: -0.0060
               Episode_Reward/feet_slip: -0.0003
          Episode_Reward/feet_clearance: -0.0007
               Episode_Reward/lin_vel_z: -0.0014
              Episode_Reward/ang_vel_xy: -0.0284
             Episode_Reward/base_height: -0.1051
             Episode_Reward/orientation: -0.0439
                    Episode_Reward/pose: -0.0014
             Episode_Reward/action_rate: -0.0031
              Episode_Reward/action_acc: -0.0094
           Episode_Termination/time_out: 0.0000
    Episode_Termination/bad_orientation: 6.5000
--------------------------------------------------------------------------------
                         Iteration time: 0.45s
                           Time elapsed: 00:00:13
                                    ETA: 00:01:41

################################################################################
[1m                           Learning iteration 29/250                            [0m 

                            Total steps: 368640 
                       Steps per second: 28403 
                        Collection time: 0.367s 
                          Learning time: 0.065s 
                        Mean value loss: 0.2239
                    Mean surrogate loss: -0.0102
                      Mean entropy loss: 6.8612
                            Mean reward: 0.63
                    Mean episode length: 69.17
                        Mean action std: 0.48
                reward/tracking_lin_vel: 1.0765
                reward/tracking_ang_vel: 0.1119
                      reward/feet_phase: 0.5750
             reward/feet_phase_contrast: 0.9783
             reward/feet_contact_number: 0.4540
                   reward/feet_air_time: 0.0272
                     reward/under_speed: -0.1058
                       reward/feet_slip: -0.0037
                  reward/feet_clearance: -0.0095
                       reward/lin_vel_z: -0.0168
                      reward/ang_vel_xy: -0.3595
                     reward/base_height: -1.2996
                     reward/orientation: -0.5492
                            reward/pose: -0.0244
                     reward/action_rate: -0.0497
                      reward/action_acc: -0.1485
             Metrics/twist/error_vel_xy: 0.2931
            Metrics/twist/error_vel_yaw: 0.2503
        Episode_Reward/tracking_lin_vel: 0.0726
        Episode_Reward/tracking_ang_vel: 0.0073
              Episode_Reward/feet_phase: 0.0450
     Episode_Reward/feet_phase_contrast: 0.0732
     Episode_Reward/feet_contact_number: 0.0310
           Episode_Reward/feet_air_time: 0.0019
             Episode_Reward/under_speed: -0.0065
               Episode_Reward/feet_slip: -0.0003
          Episode_Reward/feet_clearance: -0.0007
               Episode_Reward/lin_vel_z: -0.0013
              Episode_Reward/ang_vel_xy: -0.0293
             Episode_Reward/base_height: -0.1080
             Episode_Reward/orientation: -0.0443
                    Episode_Reward/pose: -0.0016
             Episode_Reward/action_rate: -0.0034
              Episode_Reward/action_acc: -0.0102
           Episode_Termination/time_out: 0.0000
    Episode_Termination/bad_orientation: 6.1250
--------------------------------------------------------------------------------
                         Iteration time: 0.43s
                           Time elapsed: 00:00:13
                                    ETA: 00:01:40

################################################################################
[1m                           Learning iteration 30/250                            [0m 

                            Total steps: 380928 
                       Steps per second: 28735 
                        Collection time: 0.365s 
                          Learning time: 0.063s 
                        Mean value loss: 0.2264
                    Mean surrogate loss: -0.0087
                      Mean entropy loss: 6.8515
                            Mean reward: 0.36
                    Mean episode length: 64.29
                        Mean action std: 0.48
                reward/tracking_lin_vel: 1.0503
                reward/tracking_ang_vel: 0.1119
                      reward/feet_phase: 0.5441
             reward/feet_phase_contrast: 0.9608
             reward/feet_contact_number: 0.4557
                   reward/feet_air_time: 0.0253
                     reward/under_speed: -0.1057
                       reward/feet_slip: -0.0037
                  reward/feet_clearance: -0.0097
                       reward/lin_vel_z: -0.0184
                      reward/ang_vel_xy: -0.3759
                     reward/base_height: -1.3197
                     reward/orientation: -0.5805
                            reward/pose: -0.0250
                     reward/action_rate: -0.0502
                      reward/action_acc: -0.1505
             Metrics/twist/error_vel_xy: 0.2891
            Metrics/twist/error_vel_yaw: 0.2499
        Episode_Reward/tracking_lin_vel: 0.0714
        Episode_Reward/tracking_ang_vel: 0.0073
              Episode_Reward/feet_phase: 0.0439
     Episode_Reward/feet_phase_contrast: 0.0717
     Episode_Reward/feet_contact_number: 0.0309
           Episode_Reward/feet_air_time: 0.0021
             Episode_Reward/under_speed: -0.0063
               Episode_Reward/feet_slip: -0.0003
          Episode_Reward/feet_clearance: -0.0007
               Episode_Reward/lin_vel_z: -0.0014
              Episode_Reward/ang_vel_xy: -0.0288
             Episode_Reward/base_height: -0.1052
             Episode_Reward/orientation: -0.0440
                    Episode_Reward/pose: -0.0016
             Episode_Reward/action_rate: -0.0034
              Episode_Reward/action_acc: -0.0102
           Episode_Termination/time_out: 0.0000
    Episode_Termination/bad_orientation: 6.2083
--------------------------------------------------------------------------------
                         Iteration time: 0.43s
                           Time elapsed: 00:00:14
                                    ETA: 00:01:39

################################################################################
[1m                           Learning iteration 31/250                            [0m 

                            Total steps: 393216 
                       Steps per second: 26418 
                        Collection time: 0.403s 
                          Learning time: 0.062s 
                        Mean value loss: 0.2241
                    Mean surrogate loss: -0.0091
                      Mean entropy loss: 6.8390
                            Mean reward: 0.67
                    Mean episode length: 69.01
                        Mean action std: 0.48
                reward/tracking_lin_vel: 1.0363
                reward/tracking_ang_vel: 0.1108
                      reward/feet_phase: 0.5565
             reward/feet_phase_contrast: 0.9405
             reward/feet_contact_number: 0.4529
                   reward/feet_air_time: 0.0219
                     reward/under_speed: -0.1103
                       reward/feet_slip: -0.0041
                  reward/feet_clearance: -0.0098
                       reward/lin_vel_z: -0.0177
                      reward/ang_vel_xy: -0.3644
                     reward/base_height: -1.3308
                     reward/orientation: -0.5359
                            reward/pose: -0.0231
                     reward/action_rate: -0.0500
                      reward/action_acc: -0.1494
             Metrics/twist/error_vel_xy: 0.2742
            Metrics/twist/error_vel_yaw: 0.2386
        Episode_Reward/tracking_lin_vel: 0.0719
        Episode_Reward/tracking_ang_vel: 0.0072
              Episode_Reward/feet_phase: 0.0433
     Episode_Reward/feet_phase_contrast: 0.0735
     Episode_Reward/feet_contact_number: 0.0296
           Episode_Reward/feet_air_time: 0.0017
             Episode_Reward/under_speed: -0.0057
               Episode_Reward/feet_slip: -0.0003
          Episode_Reward/feet_clearance: -0.0007
               Episode_Reward/lin_vel_z: -0.0015
              Episode_Reward/ang_vel_xy: -0.0290
             Episode_Reward/base_height: -0.1044
             Episode_Reward/orientation: -0.0442
                    Episode_Reward/pose: -0.0017
             Episode_Reward/action_rate: -0.0033
              Episode_Reward/action_acc: -0.0099
           Episode_Termination/time_out: 0.0000
    Episode_Termination/bad_orientation: 7.0833
--------------------------------------------------------------------------------
                         Iteration time: 0.47s
                           Time elapsed: 00:00:14
                                    ETA: 00:01:39

################################################################################
[1m                           Learning iteration 32/250                            [0m 

                            Total steps: 405504 
                       Steps per second: 26420 
                        Collection time: 0.399s 
                          Learning time: 0.066s 
                        Mean value loss: 0.2364
                    Mean surrogate loss: -0.0070
                      Mean entropy loss: 6.8274
                            Mean reward: 0.25
                    Mean episode length: 68.85
                        Mean action std: 0.48
                reward/tracking_lin_vel: 1.0755
                reward/tracking_ang_vel: 0.1107
                      reward/feet_phase: 0.6073
             reward/feet_phase_contrast: 0.9188
             reward/feet_contact_number: 0.4573
                   reward/feet_air_time: 0.0214
                     reward/under_speed: -0.1128
                       reward/feet_slip: -0.0035
                  reward/feet_clearance: -0.0092
                       reward/lin_vel_z: -0.0160
                      reward/ang_vel_xy: -0.3263
                     reward/base_height: -1.0749
                     reward/orientation: -0.4971
                            reward/pose: -0.0248
                     reward/action_rate: -0.0504
                      reward/action_acc: -0.1514
--------------------------------------------------------------------------------
                         Iteration time: 0.47s
                           Time elapsed: 00:00:15
                                    ETA: 00:01:39

################################################################################
[1m                           Learning iteration 33/250                            [0m 

                            Total steps: 417792 
                       Steps per second: 28494 
                        Collection time: 0.366s 
                          Learning time: 0.066s 
                        Mean value loss: 1.1600
                    Mean surrogate loss: -0.0068
                      Mean entropy loss: 6.8196
                            Mean reward: 0.24
                    Mean episode length: 63.31
                        Mean action std: 0.48
                reward/tracking_lin_vel: 0.6421
                reward/tracking_ang_vel: 0.1017
                      reward/feet_phase: 0.4624
             reward/feet_phase_contrast: 0.8357
             reward/feet_contact_number: 0.4420
                   reward/feet_air_time: 0.0516
                     reward/under_speed: -0.1086
                       reward/feet_slip: -0.0067
                  reward/feet_clearance: -0.0158
                       reward/lin_vel_z: -0.0309
                      reward/ang_vel_xy: -0.5711
                     reward/base_height: -1.3543
                     reward/orientation: -0.6004
                            reward/pose: -0.0237
                     reward/action_rate: -0.0496
                      reward/action_acc: -0.1478
             Metrics/twist/error_vel_xy: 0.2902
            Metrics/twist/error_vel_yaw: 0.2416
        Episode_Reward/tracking_lin_vel: 0.0620
        Episode_Reward/tracking_ang_vel: 0.0065
              Episode_Reward/feet_phase: 0.0395
     Episode_Reward/feet_phase_contrast: 0.0639
     Episode_Reward/feet_contact_number: 0.0276
           Episode_Reward/feet_air_time: 0.0020
             Episode_Reward/under_speed: -0.0057
               Episode_Reward/feet_slip: -0.0003
          Episode_Reward/feet_clearance: -0.0007
               Episode_Reward/lin_vel_z: -0.0018
              Episode_Reward/ang_vel_xy: -0.0304
             Episode_Reward/base_height: -0.0992
             Episode_Reward/orientation: -0.0415
                    Episode_Reward/pose: -0.0014
             Episode_Reward/action_rate: -0.0031
              Episode_Reward/action_acc: -0.0093
           Episode_Termination/time_out: 0.0000
    Episode_Termination/bad_orientation: 7.0000
--------------------------------------------------------------------------------
                         Iteration time: 0.43s
                           Time elapsed: 00:00:15
                                    ETA: 00:01:38

################################################################################
[1m                           Learning iteration 34/250                            [0m 

                            Total steps: 430080 
                       Steps per second: 28696 
                        Collection time: 0.362s 
                          Learning time: 0.067s 
                        Mean value loss: 0.2677
                    Mean surrogate loss: -0.0086
                      Mean entropy loss: 6.8086
                            Mean reward: 2.23
                    Mean episode length: 137.27
                        Mean action std: 0.48
                reward/tracking_lin_vel: 0.8596
                reward/tracking_ang_vel: 0.1023
                      reward/feet_phase: 0.4674
             reward/feet_phase_contrast: 0.8983
             reward/feet_contact_number: 0.4494
                   reward/feet_air_time: 0.1087
                     reward/under_speed: -0.1086
                       reward/feet_slip: -0.0044
                  reward/feet_clearance: -0.0131
                       reward/lin_vel_z: -0.0288
                      reward/ang_vel_xy: -0.6233
                     reward/base_height: -2.1545
                     reward/orientation: -0.7172
                            reward/pose: -0.0191
                     reward/action_rate: -0.0498
                      reward/action_acc: -0.1479
             Metrics/twist/error_vel_xy: 0.4342
            Metrics/twist/error_vel_yaw: 0.3094
        Episode_Reward/tracking_lin_vel: 0.1112
        Episode_Reward/tracking_ang_vel: 0.0135
              Episode_Reward/feet_phase: 0.0488
     Episode_Reward/feet_phase_contrast: 0.0832
     Episode_Reward/feet_contact_number: 0.0543
           Episode_Reward/feet_air_time: 0.0053
             Episode_Reward/under_speed: -0.0173
               Episode_Reward/feet_slip: -0.0004
          Episode_Reward/feet_clearance: -0.0012
               Episode_Reward/lin_vel_z: -0.0017
              Episode_Reward/ang_vel_xy: -0.0384
             Episode_Reward/base_height: -0.1018
             Episode_Reward/orientation: -0.0429
                    Episode_Reward/pose: -0.0026
             Episode_Reward/action_rate: -0.0060
              Episode_Reward/action_acc: -0.0180
           Episode_Termination/time_out: 0.0000
    Episode_Termination/bad_orientation: 11.3750
--------------------------------------------------------------------------------
                         Iteration time: 0.43s
                           Time elapsed: 00:00:15
                                    ETA: 00:01:37

################################################################################
[1m                           Learning iteration 35/250                            [0m 

                            Total steps: 442368 
                       Steps per second: 28529 
                        Collection time: 0.366s 
                          Learning time: 0.065s 
                        Mean value loss: 0.2494
                    Mean surrogate loss: -0.0096
                      Mean entropy loss: 6.7960
                            Mean reward: -0.14
                    Mean episode length: 67.66
                        Mean action std: 0.48
                reward/tracking_lin_vel: 1.1356
                reward/tracking_ang_vel: 0.1094
                      reward/feet_phase: 0.7409
             reward/feet_phase_contrast: 1.0870
             reward/feet_contact_number: 0.4560
                   reward/feet_air_time: 0.0284
                     reward/under_speed: -0.0942
                       reward/feet_slip: -0.0037
                  reward/feet_clearance: -0.0097
                       reward/lin_vel_z: -0.0166
                      reward/ang_vel_xy: -0.3684
                     reward/base_height: -1.1480
                     reward/orientation: -0.5328
                            reward/pose: -0.0245
                     reward/action_rate: -0.0500
                      reward/action_acc: -0.1496
             Metrics/twist/error_vel_xy: 0.3477
            Metrics/twist/error_vel_yaw: 0.2602
        Episode_Reward/tracking_lin_vel: 0.0757
        Episode_Reward/tracking_ang_vel: 0.0095
              Episode_Reward/feet_phase: 0.0391
     Episode_Reward/feet_phase_contrast: 0.0663
     Episode_Reward/feet_contact_number: 0.0396
           Episode_Reward/feet_air_time: 0.0043
             Episode_Reward/under_speed: -0.0111
               Episode_Reward/feet_slip: -0.0003
          Episode_Reward/feet_clearance: -0.0010
               Episode_Reward/lin_vel_z: -0.0014
              Episode_Reward/ang_vel_xy: -0.0332
             Episode_Reward/base_height: -0.1057
             Episode_Reward/orientation: -0.0422
                    Episode_Reward/pose: -0.0018
             Episode_Reward/action_rate: -0.0044
              Episode_Reward/action_acc: -0.0130
           Episode_Termination/time_out: 0.0000
    Episode_Termination/bad_orientation: 5.5217
--------------------------------------------------------------------------------
                         Iteration time: 0.43s
                           Time elapsed: 00:00:16
                                    ETA: 00:01:37

################################################################################
[1m                           Learning iteration 36/250                            [0m 

                            Total steps: 454656 
                       Steps per second: 27043 
                        Collection time: 0.389s 
                          Learning time: 0.065s 
                        Mean value loss: 0.2099
                    Mean surrogate loss: -0.0070
                      Mean entropy loss: 6.7848
                            Mean reward: 0.59
                    Mean episode length: 68.86
                        Mean action std: 0.48
                reward/tracking_lin_vel: 1.0490
                reward/tracking_ang_vel: 0.1089
                      reward/feet_phase: 0.6173
             reward/feet_phase_contrast: 1.0258
             reward/feet_contact_number: 0.4535
                   reward/feet_air_time: 0.0215
                     reward/under_speed: -0.0955
                       reward/feet_slip: -0.0047
                  reward/feet_clearance: -0.0103
                       reward/lin_vel_z: -0.0226
                      reward/ang_vel_xy: -0.4469
                     reward/base_height: -1.5855
                     reward/orientation: -0.6460
                            reward/pose: -0.0248
                     reward/action_rate: -0.0504
                      reward/action_acc: -0.1505
             Metrics/twist/error_vel_xy: 0.2843
            Metrics/twist/error_vel_yaw: 0.2378
        Episode_Reward/tracking_lin_vel: 0.0692
        Episode_Reward/tracking_ang_vel: 0.0073
              Episode_Reward/feet_phase: 0.0418
     Episode_Reward/feet_phase_contrast: 0.0684
     Episode_Reward/feet_contact_number: 0.0303
           Episode_Reward/feet_air_time: 0.0018
             Episode_Reward/under_speed: -0.0060
               Episode_Reward/feet_slip: -0.0003
          Episode_Reward/feet_clearance: -0.0007
               Episode_Reward/lin_vel_z: -0.0015
              Episode_Reward/ang_vel_xy: -0.0296
             Episode_Reward/base_height: -0.1009
             Episode_Reward/orientation: -0.0431
                    Episode_Reward/pose: -0.0015
             Episode_Reward/action_rate: -0.0033
              Episode_Reward/action_acc: -0.0100
           Episode_Termination/time_out: 0.0000
    Episode_Termination/bad_orientation: 8.5417
--------------------------------------------------------------------------------
                         Iteration time: 0.45s
                           Time elapsed: 00:00:16
                                    ETA: 00:01:36

################################################################################
[1m                           Learning iteration 37/250                            [0m 

                            Total steps: 466944 
                       Steps per second: 27060 
                        Collection time: 0.390s 
                          Learning time: 0.064s 
                        Mean value loss: 0.2209
                    Mean surrogate loss: -0.0073
                      Mean entropy loss: 6.7747
                            Mean reward: 0.90
                    Mean episode length: 66.23
                        Mean action std: 0.48
                reward/tracking_lin_vel: 1.1174
                reward/tracking_ang_vel: 0.1109
                      reward/feet_phase: 0.5515
             reward/feet_phase_contrast: 0.9907
             reward/feet_contact_number: 0.4581
                   reward/feet_air_time: 0.0126
                     reward/under_speed: -0.1024
                       reward/feet_slip: -0.0039
                  reward/feet_clearance: -0.0095
                       reward/lin_vel_z: -0.0168
                      reward/ang_vel_xy: -0.3407
                     reward/base_height: -1.0695
                     reward/orientation: -0.4911
                            reward/pose: -0.0251
                     reward/action_rate: -0.0502
                      reward/action_acc: -0.1503
             Metrics/twist/error_vel_xy: 0.2577
            Metrics/twist/error_vel_yaw: 0.2410
        Episode_Reward/tracking_lin_vel: 0.0687
        Episode_Reward/tracking_ang_vel: 0.0066
              Episode_Reward/feet_phase: 0.0446
     Episode_Reward/feet_phase_contrast: 0.0727
     Episode_Reward/feet_contact_number: 0.0283
           Episode_Reward/feet_air_time: 0.0011
             Episode_Reward/under_speed: -0.0047
               Episode_Reward/feet_slip: -0.0003
          Episode_Reward/feet_clearance: -0.0007
               Episode_Reward/lin_vel_z: -0.0015
              Episode_Reward/ang_vel_xy: -0.0298
             Episode_Reward/base_height: -0.0959
             Episode_Reward/orientation: -0.0420
                    Episode_Reward/pose: -0.0015
             Episode_Reward/action_rate: -0.0031
              Episode_Reward/action_acc: -0.0093
           Episode_Termination/time_out: 0.0000
    Episode_Termination/bad_orientation: 5.7083
--------------------------------------------------------------------------------
                         Iteration time: 0.45s
                           Time elapsed: 00:00:17
                                    ETA: 00:01:36

################################################################################
[1m                           Learning iteration 38/250                            [0m 

                            Total steps: 479232 
                       Steps per second: 27096 
                        Collection time: 0.388s 
                          Learning time: 0.065s 
                        Mean value loss: 0.2068
                    Mean surrogate loss: -0.0079
                      Mean entropy loss: 6.7692
                            Mean reward: 0.38
                    Mean episode length: 61.13
                        Mean action std: 0.48
                reward/tracking_lin_vel: 1.0633
                reward/tracking_ang_vel: 0.1105
                      reward/feet_phase: 0.5553
             reward/feet_phase_contrast: 0.9482
             reward/feet_contact_number: 0.4514
                   reward/feet_air_time: 0.0210
                     reward/under_speed: -0.1074
                       reward/feet_slip: -0.0040
                  reward/feet_clearance: -0.0096
                       reward/lin_vel_z: -0.0179
                      reward/ang_vel_xy: -0.3722
                     reward/base_height: -1.2316
                     reward/orientation: -0.5357
                            reward/pose: -0.0259
                     reward/action_rate: -0.0509
                      reward/action_acc: -0.1524
             Metrics/twist/error_vel_xy: 0.2606
            Metrics/twist/error_vel_yaw: 0.2389
        Episode_Reward/tracking_lin_vel: 0.0656
        Episode_Reward/tracking_ang_vel: 0.0063
              Episode_Reward/feet_phase: 0.0412
     Episode_Reward/feet_phase_contrast: 0.0693
     Episode_Reward/feet_contact_number: 0.0271
           Episode_Reward/feet_air_time: 0.0015
             Episode_Reward/under_speed: -0.0046
               Episode_Reward/feet_slip: -0.0003
          Episode_Reward/feet_clearance: -0.0006
               Episode_Reward/lin_vel_z: -0.0015
              Episode_Reward/ang_vel_xy: -0.0293
             Episode_Reward/base_height: -0.0979
             Episode_Reward/orientation: -0.0418
                    Episode_Reward/pose: -0.0014
             Episode_Reward/action_rate: -0.0030
              Episode_Reward/action_acc: -0.0091
           Episode_Termination/time_out: 0.0000
    Episode_Termination/bad_orientation: 6.2500
--------------------------------------------------------------------------------
                         Iteration time: 0.45s
                           Time elapsed: 00:00:17
                                    ETA: 00:01:35

################################################################################
[1m                           Learning iteration 39/250                            [0m 

                            Total steps: 491520 
                       Steps per second: 26018 
                        Collection time: 0.407s 
                          Learning time: 0.065s 
                        Mean value loss: 0.2108
                    Mean surrogate loss: -0.0081
                      Mean entropy loss: 6.7666
                            Mean reward: 0.68
                    Mean episode length: 66.52
                        Mean action std: 0.48
                reward/tracking_lin_vel: 1.0697
                reward/tracking_ang_vel: 0.1108
                      reward/feet_phase: 0.6123
             reward/feet_phase_contrast: 0.9120
             reward/feet_contact_number: 0.4482
                   reward/feet_air_time: 0.0202
                     reward/under_speed: -0.1121
                       reward/feet_slip: -0.0039
                  reward/feet_clearance: -0.0094
                       reward/lin_vel_z: -0.0165
                      reward/ang_vel_xy: -0.3437
                     reward/base_height: -1.1091
                     reward/orientation: -0.4909
                            reward/pose: -0.0252
                     reward/action_rate: -0.0510
                      reward/action_acc: -0.1530
             Metrics/twist/error_vel_xy: 0.2775
            Metrics/twist/error_vel_yaw: 0.2406
        Episode_Reward/tracking_lin_vel: 0.0661
        Episode_Reward/tracking_ang_vel: 0.0068
              Episode_Reward/feet_phase: 0.0416
     Episode_Reward/feet_phase_contrast: 0.0696
     Episode_Reward/feet_contact_number: 0.0281
           Episode_Reward/feet_air_time: 0.0026
             Episode_Reward/under_speed: -0.0055
               Episode_Reward/feet_slip: -0.0003
          Episode_Reward/feet_clearance: -0.0007
               Episode_Reward/lin_vel_z: -0.0015
              Episode_Reward/ang_vel_xy: -0.0288
             Episode_Reward/base_height: -0.0986
             Episode_Reward/orientation: -0.0424
                    Episode_Reward/pose: -0.0015
             Episode_Reward/action_rate: -0.0032
              Episode_Reward/action_acc: -0.0096
           Episode_Termination/time_out: 0.0000
    Episode_Termination/bad_orientation: 5.7500
--------------------------------------------------------------------------------
                         Iteration time: 0.47s
                           Time elapsed: 00:00:18
                                    ETA: 00:01:35

################################################################################
[1m                           Learning iteration 40/250                            [0m 

                            Total steps: 503808 
                       Steps per second: 26936 
                        Collection time: 0.391s 
                          Learning time: 0.065s 
                        Mean value loss: 0.2095
                    Mean surrogate loss: -0.0093
                      Mean entropy loss: 6.7600
                            Mean reward: 0.44
                    Mean episode length: 58.55
                        Mean action std: 0.48
                reward/tracking_lin_vel: 1.0617
                reward/tracking_ang_vel: 0.1142
                      reward/feet_phase: 0.4830
             reward/feet_phase_contrast: 0.8557
             reward/feet_contact_number: 0.4544
                   reward/feet_air_time: 0.0149
                     reward/under_speed: -0.1225
                       reward/feet_slip: -0.0035
                  reward/feet_clearance: -0.0088
                       reward/lin_vel_z: -0.0152
                      reward/ang_vel_xy: -0.3154
                     reward/base_height: -0.9804
                     reward/orientation: -0.4369
                            reward/pose: -0.0252
                     reward/action_rate: -0.0516
                      reward/action_acc: -0.1552
             Metrics/twist/error_vel_xy: 0.2500
            Metrics/twist/error_vel_yaw: 0.2405
        Episode_Reward/tracking_lin_vel: 0.0667
        Episode_Reward/tracking_ang_vel: 0.0062
              Episode_Reward/feet_phase: 0.0440
     Episode_Reward/feet_phase_contrast: 0.0708
     Episode_Reward/feet_contact_number: 0.0269
           Episode_Reward/feet_air_time: 0.0012
             Episode_Reward/under_speed: -0.0043
               Episode_Reward/feet_slip: -0.0003
          Episode_Reward/feet_clearance: -0.0007
               Episode_Reward/lin_vel_z: -0.0015
              Episode_Reward/ang_vel_xy: -0.0298
             Episode_Reward/base_height: -0.0955
             Episode_Reward/orientation: -0.0416
                    Episode_Reward/pose: -0.0015
             Episode_Reward/action_rate: -0.0030
              Episode_Reward/action_acc: -0.0091
           Episode_Termination/time_out: 0.0000
    Episode_Termination/bad_orientation: 5.3333
--------------------------------------------------------------------------------
                         Iteration time: 0.46s
                           Time elapsed: 00:00:18
                                    ETA: 00:01:35

################################################################################
[1m                           Learning iteration 41/250                            [0m 

                            Total steps: 516096 
                       Steps per second: 26965 
                        Collection time: 0.393s 
                          Learning time: 0.063s 
                        Mean value loss: 0.2094
                    Mean surrogate loss: -0.0095
                      Mean entropy loss: 6.7488
                            Mean reward: 0.48
                    Mean episode length: 60.16
                        Mean action std: 0.47
                reward/tracking_lin_vel: 1.0435
                reward/tracking_ang_vel: 0.1138
                      reward/feet_phase: 0.4473
             reward/feet_phase_contrast: 0.8150
             reward/feet_contact_number: 0.4581
                   reward/feet_air_time: 0.0181
                     reward/under_speed: -0.1294
                       reward/feet_slip: -0.0033
                  reward/feet_clearance: -0.0086
                       reward/lin_vel_z: -0.0144
                      reward/ang_vel_xy: -0.2981
                     reward/base_height: -0.9480
                     reward/orientation: -0.4236
                            reward/pose: -0.0254
                     reward/action_rate: -0.0510
                      reward/action_acc: -0.1532
             Metrics/twist/error_vel_xy: 0.2617
            Metrics/twist/error_vel_yaw: 0.2444
        Episode_Reward/tracking_lin_vel: 0.0656
        Episode_Reward/tracking_ang_vel: 0.0062
              Episode_Reward/feet_phase: 0.0412
     Episode_Reward/feet_phase_contrast: 0.0677
     Episode_Reward/feet_contact_number: 0.0272
           Episode_Reward/feet_air_time: 0.0019
             Episode_Reward/under_speed: -0.0048
               Episode_Reward/feet_slip: -0.0003
          Episode_Reward/feet_clearance: -0.0007
               Episode_Reward/lin_vel_z: -0.0015
              Episode_Reward/ang_vel_xy: -0.0290
             Episode_Reward/base_height: -0.0963
             Episode_Reward/orientation: -0.0419
                    Episode_Reward/pose: -0.0014
             Episode_Reward/action_rate: -0.0031
              Episode_Reward/action_acc: -0.0091
           Episode_Termination/time_out: 0.0000
    Episode_Termination/bad_orientation: 4.9167
--------------------------------------------------------------------------------
                         Iteration time: 0.46s
                           Time elapsed: 00:00:19
                                    ETA: 00:01:34

################################################################################
[1m                           Learning iteration 42/250                            [0m 

                            Total steps: 528384 
                       Steps per second: 26072 
                        Collection time: 0.404s 
                          Learning time: 0.067s 
                        Mean value loss: 0.1965
                    Mean surrogate loss: -0.0082
                      Mean entropy loss: 6.7385
                            Mean reward: 0.10
                    Mean episode length: 63.20
                        Mean action std: 0.47
                reward/tracking_lin_vel: 1.0668
                reward/tracking_ang_vel: 0.1163
                      reward/feet_phase: 0.5125
             reward/feet_phase_contrast: 0.7853
             reward/feet_contact_number: 0.4518
                   reward/feet_air_time: 0.0161
                     reward/under_speed: -0.1339
                       reward/feet_slip: -0.0030
                  reward/feet_clearance: -0.0083
                       reward/lin_vel_z: -0.0122
                      reward/ang_vel_xy: -0.2783
                     reward/base_height: -0.8623
                     reward/orientation: -0.3775
                            reward/pose: -0.0269
                     reward/action_rate: -0.0512
                      reward/action_acc: -0.1540
             Metrics/twist/error_vel_xy: 0.3158
            Metrics/twist/error_vel_yaw: 0.2769
        Episode_Reward/tracking_lin_vel: 0.0566
        Episode_Reward/tracking_ang_vel: 0.0060
              Episode_Reward/feet_phase: 0.0331
     Episode_Reward/feet_phase_contrast: 0.0557
     Episode_Reward/feet_contact_number: 0.0275
           Episode_Reward/feet_air_time: 0.0021
             Episode_Reward/under_speed: -0.0067
               Episode_Reward/feet_slip: -0.0003
          Episode_Reward/feet_clearance: -0.0007
               Episode_Reward/lin_vel_z: -0.0013
              Episode_Reward/ang_vel_xy: -0.0300
             Episode_Reward/base_height: -0.1003
             Episode_Reward/orientation: -0.0413
                    Episode_Reward/pose: -0.0013
             Episode_Reward/action_rate: -0.0032
              Episode_Reward/action_acc: -0.0096
           Episode_Termination/time_out: 0.0000
    Episode_Termination/bad_orientation: 4.7391
--------------------------------------------------------------------------------
                         Iteration time: 0.47s
                           Time elapsed: 00:00:19
                                    ETA: 00:01:34

################################################################################
[1m                           Learning iteration 43/250                            [0m 

                            Total steps: 540672 
                       Steps per second: 24950 
                        Collection time: 0.425s 
                          Learning time: 0.068s 
                        Mean value loss: 0.1879
                    Mean surrogate loss: -0.0111
                      Mean entropy loss: 6.7215
                            Mean reward: 0.56
                    Mean episode length: 64.90
                        Mean action std: 0.47
                reward/tracking_lin_vel: 1.0850
                reward/tracking_ang_vel: 0.1174
                      reward/feet_phase: 0.4776
             reward/feet_phase_contrast: 0.7589
             reward/feet_contact_number: 0.4637
                   reward/feet_air_time: 0.0156
                     reward/under_speed: -0.1361
                       reward/feet_slip: -0.0028
                  reward/feet_clearance: -0.0081
                       reward/lin_vel_z: -0.0119
                      reward/ang_vel_xy: -0.2503
                     reward/base_height: -0.7466
                     reward/orientation: -0.3484
                            reward/pose: -0.0286
                     reward/action_rate: -0.0513
                      reward/action_acc: -0.1548
             Metrics/twist/error_vel_xy: 0.2876
            Metrics/twist/error_vel_yaw: 0.2421
        Episode_Reward/tracking_lin_vel: 0.0685
        Episode_Reward/tracking_ang_vel: 0.0071
              Episode_Reward/feet_phase: 0.0427
     Episode_Reward/feet_phase_contrast: 0.0699
     Episode_Reward/feet_contact_number: 0.0298
           Episode_Reward/feet_air_time: 0.0025
             Episode_Reward/under_speed: -0.0061
               Episode_Reward/feet_slip: -0.0003
          Episode_Reward/feet_clearance: -0.0007
               Episode_Reward/lin_vel_z: -0.0015
              Episode_Reward/ang_vel_xy: -0.0298
             Episode_Reward/base_height: -0.0941
             Episode_Reward/orientation: -0.0418
                    Episode_Reward/pose: -0.0016
             Episode_Reward/action_rate: -0.0033
              Episode_Reward/action_acc: -0.0099
           Episode_Termination/time_out: 0.0000
    Episode_Termination/bad_orientation: 3.9583
--------------------------------------------------------------------------------
                         Iteration time: 0.49s
                           Time elapsed: 00:00:20
                                    ETA: 00:01:33

################################################################################
[1m                           Learning iteration 44/250                            [0m 

                            Total steps: 552960 
                       Steps per second: 24649 
                        Collection time: 0.433s 
                          Learning time: 0.065s 
                        Mean value loss: 0.1572
                    Mean surrogate loss: -0.0115
                      Mean entropy loss: 6.6969
                            Mean reward: 0.59
                    Mean episode length: 64.80
                        Mean action std: 0.47
                reward/tracking_lin_vel: 1.0724
                reward/tracking_ang_vel: 0.1175
                      reward/feet_phase: 0.4222
             reward/feet_phase_contrast: 0.7589
             reward/feet_contact_number: 0.4557
                   reward/feet_air_time: 0.0158
                     reward/under_speed: -0.1362
                       reward/feet_slip: -0.0030
                  reward/feet_clearance: -0.0083
                       reward/lin_vel_z: -0.0123
                      reward/ang_vel_xy: -0.2601
                     reward/base_height: -0.7957
                     reward/orientation: -0.3545
                            reward/pose: -0.0296
                     reward/action_rate: -0.0513
                      reward/action_acc: -0.1546
             Metrics/twist/error_vel_xy: 0.2747
            Metrics/twist/error_vel_yaw: 0.2488
        Episode_Reward/tracking_lin_vel: 0.0723
        Episode_Reward/tracking_ang_vel: 0.0070
              Episode_Reward/feet_phase: 0.0457
     Episode_Reward/feet_phase_contrast: 0.0736
     Episode_Reward/feet_contact_number: 0.0299
           Episode_Reward/feet_air_time: 0.0020
             Episode_Reward/under_speed: -0.0057
               Episode_Reward/feet_slip: -0.0003
          Episode_Reward/feet_clearance: -0.0007
               Episode_Reward/lin_vel_z: -0.0015
              Episode_Reward/ang_vel_xy: -0.0299
             Episode_Reward/base_height: -0.0939
             Episode_Reward/orientation: -0.0421
                    Episode_Reward/pose: -0.0015
             Episode_Reward/action_rate: -0.0034
              Episode_Reward/action_acc: -0.0101
           Episode_Termination/time_out: 0.0000
    Episode_Termination/bad_orientation: 4.2500
--------------------------------------------------------------------------------
                         Iteration time: 0.50s
                           Time elapsed: 00:00:20
                                    ETA: 00:01:33

################################################################################
[1m                           Learning iteration 45/250                            [0m 

                            Total steps: 565248 
                       Steps per second: 24275 
                        Collection time: 0.438s 
                          Learning time: 0.068s 
                        Mean value loss: 0.1371
                    Mean surrogate loss: -0.0120
                      Mean entropy loss: 6.6637
                            Mean reward: 0.61
                    Mean episode length: 64.71
                        Mean action std: 0.47
                reward/tracking_lin_vel: 1.1025
                reward/tracking_ang_vel: 0.1210
                      reward/feet_phase: 0.4242
             reward/feet_phase_contrast: 0.7448
             reward/feet_contact_number: 0.4575
                   reward/feet_air_time: 0.0083
                     reward/under_speed: -0.1406
                       reward/feet_slip: -0.0026
                  reward/feet_clearance: -0.0079
                       reward/lin_vel_z: -0.0100
                      reward/ang_vel_xy: -0.2134
                     reward/base_height: -0.6044
                     reward/orientation: -0.2983
                            reward/pose: -0.0305
                     reward/action_rate: -0.0520
                      reward/action_acc: -0.1574
             Metrics/twist/error_vel_xy: 0.2975
            Metrics/twist/error_vel_yaw: 0.2476
        Episode_Reward/tracking_lin_vel: 0.0587
        Episode_Reward/tracking_ang_vel: 0.0062
              Episode_Reward/feet_phase: 0.0356
     Episode_Reward/feet_phase_contrast: 0.0602
     Episode_Reward/feet_contact_number: 0.0277
           Episode_Reward/feet_air_time: 0.0016
             Episode_Reward/under_speed: -0.0059
               Episode_Reward/feet_slip: -0.0003
          Episode_Reward/feet_clearance: -0.0006
               Episode_Reward/lin_vel_z: -0.0014
              Episode_Reward/ang_vel_xy: -0.0302
             Episode_Reward/base_height: -0.0988
             Episode_Reward/orientation: -0.0413
                    Episode_Reward/pose: -0.0014
             Episode_Reward/action_rate: -0.0032
              Episode_Reward/action_acc: -0.0095
           Episode_Termination/time_out: 0.0000
    Episode_Termination/bad_orientation: 3.3043
--------------------------------------------------------------------------------
                         Iteration time: 0.51s
                           Time elapsed: 00:00:21
                                    ETA: 00:01:33

################################################################################
[1m                           Learning iteration 46/250                            [0m 

                            Total steps: 577536 
                       Steps per second: 25895 
                        Collection time: 0.412s 
                          Learning time: 0.062s 
                        Mean value loss: 0.1344
                    Mean surrogate loss: -0.0101
                      Mean entropy loss: 6.6296
                            Mean reward: 0.92
                    Mean episode length: 65.20
                        Mean action std: 0.47
                reward/tracking_lin_vel: 1.0739
                reward/tracking_ang_vel: 0.1204
                      reward/feet_phase: 0.4716
             reward/feet_phase_contrast: 0.6981
             reward/feet_contact_number: 0.4594
                   reward/feet_air_time: 0.0077
                     reward/under_speed: -0.1437
                       reward/feet_slip: -0.0027
                  reward/feet_clearance: -0.0078
                       reward/lin_vel_z: -0.0105
                      reward/ang_vel_xy: -0.2184
                     reward/base_height: -0.5955
                     reward/orientation: -0.2953
                            reward/pose: -0.0302
                     reward/action_rate: -0.0513
                      reward/action_acc: -0.1550
--------------------------------------------------------------------------------
                         Iteration time: 0.47s
                           Time elapsed: 00:00:21
                                    ETA: 00:01:33

################################################################################
[1m                           Learning iteration 47/250                            [0m 

                            Total steps: 589824 
                       Steps per second: 25374 
                        Collection time: 0.420s 
                          Learning time: 0.064s 
                        Mean value loss: 0.1459
                    Mean surrogate loss: -0.0102
                      Mean entropy loss: 6.5913
                            Mean reward: 1.24
                    Mean episode length: 69.43
                        Mean action std: 0.47
                reward/tracking_lin_vel: 1.0763
                reward/tracking_ang_vel: 0.1218
                      reward/feet_phase: 0.3707
             reward/feet_phase_contrast: 0.6530
             reward/feet_contact_number: 0.4642
                   reward/feet_air_time: 0.0083
                     reward/under_speed: -0.1493
                       reward/feet_slip: -0.0024
                  reward/feet_clearance: -0.0077
                       reward/lin_vel_z: -0.0090
                      reward/ang_vel_xy: -0.1904
                     reward/base_height: -0.4955
                     reward/orientation: -0.2504
                            reward/pose: -0.0308
                     reward/action_rate: -0.0511
                      reward/action_acc: -0.1542
             Metrics/twist/error_vel_xy: 0.2646
            Metrics/twist/error_vel_yaw: 0.2353
        Episode_Reward/tracking_lin_vel: 0.0769
        Episode_Reward/tracking_ang_vel: 0.0076
              Episode_Reward/feet_phase: 0.0481
     Episode_Reward/feet_phase_contrast: 0.0782
     Episode_Reward/feet_contact_number: 0.0315
           Episode_Reward/feet_air_time: 0.0013
             Episode_Reward/under_speed: -0.0061
               Episode_Reward/feet_slip: -0.0003
          Episode_Reward/feet_clearance: -0.0007
               Episode_Reward/lin_vel_z: -0.0015
              Episode_Reward/ang_vel_xy: -0.0301
             Episode_Reward/base_height: -0.0861
             Episode_Reward/orientation: -0.0419
                    Episode_Reward/pose: -0.0017
             Episode_Reward/action_rate: -0.0035
              Episode_Reward/action_acc: -0.0106
           Episode_Termination/time_out: 0.0000
    Episode_Termination/bad_orientation: 2.9130
--------------------------------------------------------------------------------
                         Iteration time: 0.48s
                           Time elapsed: 00:00:22
                                    ETA: 00:01:32

################################################################################
[1m                           Learning iteration 48/250                            [0m 

                            Total steps: 602112 
                       Steps per second: 24680 
                        Collection time: 0.435s 
                          Learning time: 0.063s 
                        Mean value loss: 0.1025
                    Mean surrogate loss: -0.0098
                      Mean entropy loss: 6.5726
                            Mean reward: 1.22
                    Mean episode length: 71.94
                        Mean action std: 0.47
                reward/tracking_lin_vel: 1.0754
                reward/tracking_ang_vel: 0.1205
                      reward/feet_phase: 0.3436
             reward/feet_phase_contrast: 0.6322
             reward/feet_contact_number: 0.4580
                   reward/feet_air_time: 0.0068
                     reward/under_speed: -0.1514
                       reward/feet_slip: -0.0024
                  reward/feet_clearance: -0.0075
                       reward/lin_vel_z: -0.0081
                      reward/ang_vel_xy: -0.1795
                     reward/base_height: -0.4651
                     reward/orientation: -0.2351
                            reward/pose: -0.0310
                     reward/action_rate: -0.0513
                      reward/action_acc: -0.1550
             Metrics/twist/error_vel_xy: 0.2806
            Metrics/twist/error_vel_yaw: 0.2652
        Episode_Reward/tracking_lin_vel: 0.0916
        Episode_Reward/tracking_ang_vel: 0.0091
              Episode_Reward/feet_phase: 0.0504
     Episode_Reward/feet_phase_contrast: 0.0821
     Episode_Reward/feet_contact_number: 0.0372
           Episode_Reward/feet_air_time: 0.0012
             Episode_Reward/under_speed: -0.0088
               Episode_Reward/feet_slip: -0.0003
          Episode_Reward/feet_clearance: -0.0008
               Episode_Reward/lin_vel_z: -0.0015
              Episode_Reward/ang_vel_xy: -0.0315
             Episode_Reward/base_height: -0.0906
             Episode_Reward/orientation: -0.0427
                    Episode_Reward/pose: -0.0024
             Episode_Reward/action_rate: -0.0043
              Episode_Reward/action_acc: -0.0131
           Episode_Termination/time_out: 0.0000
    Episode_Termination/bad_orientation: 2.7727
--------------------------------------------------------------------------------
                         Iteration time: 0.50s
                           Time elapsed: 00:00:22
                                    ETA: 00:01:32

################################################################################
[1m                           Learning iteration 49/250                            [0m 

                            Total steps: 614400 
                       Steps per second: 22291 
                        Collection time: 0.483s 
                          Learning time: 0.068s 
                        Mean value loss: 0.7840
                    Mean surrogate loss: -0.0095
                      Mean entropy loss: 6.5437
                            Mean reward: 1.16
                    Mean episode length: 69.17
                        Mean action std: 0.47
                reward/tracking_lin_vel: 1.0643
                reward/tracking_ang_vel: 0.1219
                      reward/feet_phase: 0.3912
             reward/feet_phase_contrast: 0.6217
             reward/feet_contact_number: 0.4627
                   reward/feet_air_time: 0.0139
                     reward/under_speed: -0.1540
                       reward/feet_slip: -0.0021
                  reward/feet_clearance: -0.0071
                       reward/lin_vel_z: -0.0076
                      reward/ang_vel_xy: -0.1744
                     reward/base_height: -0.4384
                     reward/orientation: -0.2237
                            reward/pose: -0.0309
                     reward/action_rate: -0.0507
                      reward/action_acc: -0.1530
             Metrics/twist/error_vel_xy: 0.2568
            Metrics/twist/error_vel_yaw: 0.2507
        Episode_Reward/tracking_lin_vel: 0.0781
        Episode_Reward/tracking_ang_vel: 0.0070
              Episode_Reward/feet_phase: 0.0478
     Episode_Reward/feet_phase_contrast: 0.0801
     Episode_Reward/feet_contact_number: 0.0302
           Episode_Reward/feet_air_time: 0.0019
             Episode_Reward/under_speed: -0.0053
               Episode_Reward/feet_slip: -0.0003
          Episode_Reward/feet_clearance: -0.0007
               Episode_Reward/lin_vel_z: -0.0016
              Episode_Reward/ang_vel_xy: -0.0304
             Episode_Reward/base_height: -0.0878
             Episode_Reward/orientation: -0.0420
                    Episode_Reward/pose: -0.0017
             Episode_Reward/action_rate: -0.0035
              Episode_Reward/action_acc: -0.0105
           Episode_Termination/time_out: 0.0000
    Episode_Termination/bad_orientation: 2.3182
--------------------------------------------------------------------------------
                         Iteration time: 0.55s
                           Time elapsed: 00:00:23
                                    ETA: 00:01:32

################################################################################
[1m                           Learning iteration 50/250                            [0m 

                            Total steps: 626688 
                       Steps per second: 27619 
                        Collection time: 0.378s 
                          Learning time: 0.067s 
                        Mean value loss: 0.3586
                    Mean surrogate loss: -0.0099
                      Mean entropy loss: 6.5392
                            Mean reward: 3.37
                    Mean episode length: 146.53
                        Mean action std: 0.47
                reward/tracking_lin_vel: 0.5063
                reward/tracking_ang_vel: 0.1018
                      reward/feet_phase: 0.4734
             reward/feet_phase_contrast: 0.7822
             reward/feet_contact_number: 0.4518
                   reward/feet_air_time: 0.0943
                     reward/under_speed: -0.1132
                       reward/feet_slip: -0.0065
                  reward/feet_clearance: -0.0169
                       reward/lin_vel_z: -0.0324
                      reward/ang_vel_xy: -0.5982
                     reward/base_height: -1.0758
                     reward/orientation: -0.5542
                            reward/pose: -0.0273
                     reward/action_rate: -0.0501
                      reward/action_acc: -0.1500
             Metrics/twist/error_vel_xy: 0.3112
            Metrics/twist/error_vel_yaw: 0.2484
        Episode_Reward/tracking_lin_vel: 0.1015
        Episode_Reward/tracking_ang_vel: 0.0112
              Episode_Reward/feet_phase: 0.0515
     Episode_Reward/feet_phase_contrast: 0.0867
     Episode_Reward/feet_contact_number: 0.0443
           Episode_Reward/feet_air_time: 0.0027
             Episode_Reward/under_speed: -0.0118
               Episode_Reward/feet_slip: -0.0004
          Episode_Reward/feet_clearance: -0.0010
               Episode_Reward/lin_vel_z: -0.0024
              Episode_Reward/ang_vel_xy: -0.0370
             Episode_Reward/base_height: -0.0831
             Episode_Reward/orientation: -0.0390
                    Episode_Reward/pose: -0.0027
             Episode_Reward/action_rate: -0.0050
              Episode_Reward/action_acc: -0.0149
           Episode_Termination/time_out: 0.0000
    Episode_Termination/bad_orientation: 5.6364
--------------------------------------------------------------------------------
                         Iteration time: 0.44s
                           Time elapsed: 00:00:23
                                    ETA: 00:01:31

################################################################################
[1m                           Learning iteration 51/250                            [0m 

                            Total steps: 638976 
                       Steps per second: 25540 
                        Collection time: 0.418s 
                          Learning time: 0.063s 
                        Mean value loss: 0.2422
                    Mean surrogate loss: -0.0095
                      Mean entropy loss: 6.5373
                            Mean reward: 6.01
                    Mean episode length: 247.72
                        Mean action std: 0.47
                reward/tracking_lin_vel: 0.9658
                reward/tracking_ang_vel: 0.1090
                      reward/feet_phase: 0.5377
             reward/feet_phase_contrast: 0.9292
             reward/feet_contact_number: 0.4349
                   reward/feet_air_time: 0.0777
                     reward/under_speed: -0.1180
                       reward/feet_slip: -0.0038
                  reward/feet_clearance: -0.0121
                       reward/lin_vel_z: -0.0211
                      reward/ang_vel_xy: -0.4966
                     reward/base_height: -1.7965
                     reward/orientation: -0.5685
                            reward/pose: -0.0202
                     reward/action_rate: -0.0504
                      reward/action_acc: -0.1503
             Metrics/twist/error_vel_xy: 0.5303
            Metrics/twist/error_vel_yaw: 0.3700
        Episode_Reward/tracking_lin_vel: 0.2473
        Episode_Reward/tracking_ang_vel: 0.0307
              Episode_Reward/feet_phase: 0.0811
     Episode_Reward/feet_phase_contrast: 0.1362
     Episode_Reward/feet_contact_number: 0.1145
           Episode_Reward/feet_air_time: 0.0064
             Episode_Reward/under_speed: -0.0412
               Episode_Reward/feet_slip: -0.0005
          Episode_Reward/feet_clearance: -0.0020
               Episode_Reward/lin_vel_z: -0.0016
              Episode_Reward/ang_vel_xy: -0.0435
             Episode_Reward/base_height: -0.1110
             Episode_Reward/orientation: -0.0497
                    Episode_Reward/pose: -0.0074
             Episode_Reward/action_rate: -0.0127
              Episode_Reward/action_acc: -0.0382
           Episode_Termination/time_out: 0.0000
    Episode_Termination/bad_orientation: 10.8696
--------------------------------------------------------------------------------
                         Iteration time: 0.48s
                           Time elapsed: 00:00:24
                                    ETA: 00:01:31

################################################################################
[1m                           Learning iteration 52/250                            [0m 

                            Total steps: 651264 
                       Steps per second: 27949 
                        Collection time: 0.375s 
                          Learning time: 0.065s 
                        Mean value loss: 0.2066
                    Mean surrogate loss: -0.0073
                      Mean entropy loss: 6.5319
                            Mean reward: 2.57
                    Mean episode length: 138.41
                        Mean action std: 0.46
                reward/tracking_lin_vel: 1.1214
                reward/tracking_ang_vel: 0.1132
                      reward/feet_phase: 0.5545
             reward/feet_phase_contrast: 0.9515
             reward/feet_contact_number: 0.4581
                   reward/feet_air_time: 0.0355
                     reward/under_speed: -0.1179
                       reward/feet_slip: -0.0029
                  reward/feet_clearance: -0.0089
                       reward/lin_vel_z: -0.0130
                      reward/ang_vel_xy: -0.2767
                     reward/base_height: -0.7550
                     reward/orientation: -0.3872
                            reward/pose: -0.0257
                     reward/action_rate: -0.0510
                      reward/action_acc: -0.1536
             Metrics/twist/error_vel_xy: 0.3682
            Metrics/twist/error_vel_yaw: 0.2829
        Episode_Reward/tracking_lin_vel: 0.1236
        Episode_Reward/tracking_ang_vel: 0.0152
              Episode_Reward/feet_phase: 0.0525
     Episode_Reward/feet_phase_contrast: 0.0880
     Episode_Reward/feet_contact_number: 0.0601
           Episode_Reward/feet_air_time: 0.0036
             Episode_Reward/under_speed: -0.0188
               Episode_Reward/feet_slip: -0.0004
          Episode_Reward/feet_clearance: -0.0011
               Episode_Reward/lin_vel_z: -0.0016
              Episode_Reward/ang_vel_xy: -0.0344
             Episode_Reward/base_height: -0.0991
             Episode_Reward/orientation: -0.0448
                    Episode_Reward/pose: -0.0036
             Episode_Reward/action_rate: -0.0067
              Episode_Reward/action_acc: -0.0200
           Episode_Termination/time_out: 0.0000
    Episode_Termination/bad_orientation: 3.9130
--------------------------------------------------------------------------------
                         Iteration time: 0.44s
                           Time elapsed: 00:00:24
                                    ETA: 00:01:30

################################################################################
[1m                           Learning iteration 53/250                            [0m 

                            Total steps: 663552 
                       Steps per second: 27186 
                        Collection time: 0.387s 
                          Learning time: 0.065s 
                        Mean value loss: 0.1862
                    Mean surrogate loss: -0.0073
                      Mean entropy loss: 6.5246
                            Mean reward: 0.58
                    Mean episode length: 67.76
                        Mean action std: 0.46
                reward/tracking_lin_vel: 1.0375
                reward/tracking_ang_vel: 0.1127
                      reward/feet_phase: 0.5552
             reward/feet_phase_contrast: 0.8236
             reward/feet_contact_number: 0.4526
                   reward/feet_air_time: 0.0286
                     reward/under_speed: -0.1263
                       reward/feet_slip: -0.0034
                  reward/feet_clearance: -0.0095
                       reward/lin_vel_z: -0.0167
                      reward/ang_vel_xy: -0.3270
                     reward/base_height: -0.9569
                     reward/orientation: -0.4413
                            reward/pose: -0.0264
                     reward/action_rate: -0.0510
                      reward/action_acc: -0.1535
             Metrics/twist/error_vel_xy: 0.2751
            Metrics/twist/error_vel_yaw: 0.2302
        Episode_Reward/tracking_lin_vel: 0.0715
        Episode_Reward/tracking_ang_vel: 0.0076
              Episode_Reward/feet_phase: 0.0416
     Episode_Reward/feet_phase_contrast: 0.0695
     Episode_Reward/feet_contact_number: 0.0316
           Episode_Reward/feet_air_time: 0.0040
             Episode_Reward/under_speed: -0.0070
               Episode_Reward/feet_slip: -0.0003
          Episode_Reward/feet_clearance: -0.0008
               Episode_Reward/lin_vel_z: -0.0016
              Episode_Reward/ang_vel_xy: -0.0306
             Episode_Reward/base_height: -0.0890
             Episode_Reward/orientation: -0.0411
                    Episode_Reward/pose: -0.0017
             Episode_Reward/action_rate: -0.0036
              Episode_Reward/action_acc: -0.0108
           Episode_Termination/time_out: 0.0000
    Episode_Termination/bad_orientation: 5.4167
--------------------------------------------------------------------------------
                         Iteration time: 0.45s
                           Time elapsed: 00:00:24
                                    ETA: 00:01:30

################################################################################
[1m                           Learning iteration 54/250                            [0m 

                            Total steps: 675840 
                       Steps per second: 26759 
                        Collection time: 0.395s 
                          Learning time: 0.064s 
                        Mean value loss: 0.1686
                    Mean surrogate loss: -0.0076
                      Mean entropy loss: 6.5159
                            Mean reward: 1.31
                    Mean episode length: 78.71
                        Mean action std: 0.46
                reward/tracking_lin_vel: 1.0669
                reward/tracking_ang_vel: 0.1147
                      reward/feet_phase: 0.4760
             reward/feet_phase_contrast: 0.8042
             reward/feet_contact_number: 0.4598
                   reward/feet_air_time: 0.0189
                     reward/under_speed: -0.1313
                       reward/feet_slip: -0.0030
                  reward/feet_clearance: -0.0089
                       reward/lin_vel_z: -0.0132
                      reward/ang_vel_xy: -0.2814
                     reward/base_height: -0.7826
                     reward/orientation: -0.3669
                            reward/pose: -0.0266
                     reward/action_rate: -0.0509
                      reward/action_acc: -0.1530
             Metrics/twist/error_vel_xy: 0.2851
            Metrics/twist/error_vel_yaw: 0.2650
        Episode_Reward/tracking_lin_vel: 0.0877
        Episode_Reward/tracking_ang_vel: 0.0086
              Episode_Reward/feet_phase: 0.0511
     Episode_Reward/feet_phase_contrast: 0.0824
     Episode_Reward/feet_contact_number: 0.0365
           Episode_Reward/feet_air_time: 0.0021
             Episode_Reward/under_speed: -0.0081
               Episode_Reward/feet_slip: -0.0003
          Episode_Reward/feet_clearance: -0.0008
               Episode_Reward/lin_vel_z: -0.0016
              Episode_Reward/ang_vel_xy: -0.0310
             Episode_Reward/base_height: -0.0904
             Episode_Reward/orientation: -0.0439
                    Episode_Reward/pose: -0.0020
             Episode_Reward/action_rate: -0.0040
              Episode_Reward/action_acc: -0.0120
           Episode_Termination/time_out: 0.0000
    Episode_Termination/bad_orientation: 4.2917
--------------------------------------------------------------------------------
                         Iteration time: 0.46s
                           Time elapsed: 00:00:25
                                    ETA: 00:01:29

################################################################################
[1m                           Learning iteration 55/250                            [0m 

                            Total steps: 688128 
                       Steps per second: 25307 
                        Collection time: 0.422s 
                          Learning time: 0.064s 
                        Mean value loss: 0.1705
                    Mean surrogate loss: -0.0065
                      Mean entropy loss: 6.5055
                            Mean reward: 0.93
                    Mean episode length: 66.94
                        Mean action std: 0.46
                reward/tracking_lin_vel: 1.0674
                reward/tracking_ang_vel: 0.1181
                      reward/feet_phase: 0.4158
             reward/feet_phase_contrast: 0.7424
             reward/feet_contact_number: 0.4609
                   reward/feet_air_time: 0.0167
                     reward/under_speed: -0.1389
                       reward/feet_slip: -0.0028
                  reward/feet_clearance: -0.0082
                       reward/lin_vel_z: -0.0120
                      reward/ang_vel_xy: -0.2554
                     reward/base_height: -0.6963
                     reward/orientation: -0.3321
                            reward/pose: -0.0266
                     reward/action_rate: -0.0513
                      reward/action_acc: -0.1546
             Metrics/twist/error_vel_xy: 0.2816
            Metrics/twist/error_vel_yaw: 0.2437
        Episode_Reward/tracking_lin_vel: 0.0690
        Episode_Reward/tracking_ang_vel: 0.0069
              Episode_Reward/feet_phase: 0.0440
     Episode_Reward/feet_phase_contrast: 0.0713
     Episode_Reward/feet_contact_number: 0.0294
           Episode_Reward/feet_air_time: 0.0019
             Episode_Reward/under_speed: -0.0058
               Episode_Reward/feet_slip: -0.0003
          Episode_Reward/feet_clearance: -0.0007
               Episode_Reward/lin_vel_z: -0.0014
              Episode_Reward/ang_vel_xy: -0.0314
             Episode_Reward/base_height: -0.0888
             Episode_Reward/orientation: -0.0402
                    Episode_Reward/pose: -0.0014
             Episode_Reward/action_rate: -0.0033
              Episode_Reward/action_acc: -0.0099
           Episode_Termination/time_out: 0.0000
    Episode_Termination/bad_orientation: 4.1739
--------------------------------------------------------------------------------
                         Iteration time: 0.49s
                           Time elapsed: 00:00:25
                                    ETA: 00:01:29

################################################################################
[1m                           Learning iteration 56/250                            [0m 

                            Total steps: 700416 
                       Steps per second: 25049 
                        Collection time: 0.426s 
                          Learning time: 0.065s 
                        Mean value loss: 0.1544
                    Mean surrogate loss: -0.0075
                      Mean entropy loss: 6.4945
                            Mean reward: 1.17
                    Mean episode length: 70.39
                        Mean action std: 0.46
                reward/tracking_lin_vel: 1.0762
                reward/tracking_ang_vel: 0.1201
                      reward/feet_phase: 0.4417
             reward/feet_phase_contrast: 0.7286
             reward/feet_contact_number: 0.4541
                   reward/feet_air_time: 0.0146
                     reward/under_speed: -0.1425
                       reward/feet_slip: -0.0026
                  reward/feet_clearance: -0.0079
                       reward/lin_vel_z: -0.0114
                      reward/ang_vel_xy: -0.2330
                     reward/base_height: -0.6249
                     reward/orientation: -0.2980
                            reward/pose: -0.0263
                     reward/action_rate: -0.0508
                      reward/action_acc: -0.1531
             Metrics/twist/error_vel_xy: 0.2987
            Metrics/twist/error_vel_yaw: 0.2605
        Episode_Reward/tracking_lin_vel: 0.0765
        Episode_Reward/tracking_ang_vel: 0.0077
              Episode_Reward/feet_phase: 0.0461
     Episode_Reward/feet_phase_contrast: 0.0769
     Episode_Reward/feet_contact_number: 0.0325
           Episode_Reward/feet_air_time: 0.0022
             Episode_Reward/under_speed: -0.0070
               Episode_Reward/feet_slip: -0.0003
          Episode_Reward/feet_clearance: -0.0007
               Episode_Reward/lin_vel_z: -0.0016
              Episode_Reward/ang_vel_xy: -0.0305
             Episode_Reward/base_height: -0.0876
             Episode_Reward/orientation: -0.0424
                    Episode_Reward/pose: -0.0016
             Episode_Reward/action_rate: -0.0036
              Episode_Reward/action_acc: -0.0109
           Episode_Termination/time_out: 0.0000
    Episode_Termination/bad_orientation: 3.9130
--------------------------------------------------------------------------------
                         Iteration time: 0.49s
                           Time elapsed: 00:00:26
                                    ETA: 00:01:29

################################################################################
[1m                           Learning iteration 57/250                            [0m 

                            Total steps: 712704 
                       Steps per second: 25261 
                        Collection time: 0.423s 
                          Learning time: 0.064s 
                        Mean value loss: 0.1174
                    Mean surrogate loss: -0.0110
                      Mean entropy loss: 6.4774
                            Mean reward: 1.28
                    Mean episode length: 69.96
                        Mean action std: 0.46
                reward/tracking_lin_vel: 1.1241
                reward/tracking_ang_vel: 0.1234
                      reward/feet_phase: 0.4808
             reward/feet_phase_contrast: 0.7238
             reward/feet_contact_number: 0.4622
                   reward/feet_air_time: 0.0109
                     reward/under_speed: -0.1465
                       reward/feet_slip: -0.0021
                  reward/feet_clearance: -0.0074
                       reward/lin_vel_z: -0.0085
                      reward/ang_vel_xy: -0.1821
                     reward/base_height: -0.4287
                     reward/orientation: -0.2288
                            reward/pose: -0.0275
                     reward/action_rate: -0.0507
                      reward/action_acc: -0.1526
             Metrics/twist/error_vel_xy: 0.2680
            Metrics/twist/error_vel_yaw: 0.2464
        Episode_Reward/tracking_lin_vel: 0.0750
        Episode_Reward/tracking_ang_vel: 0.0072
              Episode_Reward/feet_phase: 0.0469
     Episode_Reward/feet_phase_contrast: 0.0769
     Episode_Reward/feet_contact_number: 0.0302
           Episode_Reward/feet_air_time: 0.0021
             Episode_Reward/under_speed: -0.0057
               Episode_Reward/feet_slip: -0.0003
          Episode_Reward/feet_clearance: -0.0007
               Episode_Reward/lin_vel_z: -0.0016
              Episode_Reward/ang_vel_xy: -0.0303
             Episode_Reward/base_height: -0.0820
             Episode_Reward/orientation: -0.0413
                    Episode_Reward/pose: -0.0016
             Episode_Reward/action_rate: -0.0035
              Episode_Reward/action_acc: -0.0103
           Episode_Termination/time_out: 0.0000
    Episode_Termination/bad_orientation: 2.8182
--------------------------------------------------------------------------------
                         Iteration time: 0.49s
                           Time elapsed: 00:00:26
                                    ETA: 00:01:28

################################################################################
[1m                           Learning iteration 58/250                            [0m 

                            Total steps: 724992 
                       Steps per second: 25332 
                        Collection time: 0.418s 
                          Learning time: 0.067s 
                        Mean value loss: 0.0994
                    Mean surrogate loss: -0.0114
                      Mean entropy loss: 6.4511
                            Mean reward: 1.41
                    Mean episode length: 67.76
                        Mean action std: 0.46
                reward/tracking_lin_vel: 1.1046
                reward/tracking_ang_vel: 0.1230
                      reward/feet_phase: 0.3585
             reward/feet_phase_contrast: 0.6634
             reward/feet_contact_number: 0.4653
                   reward/feet_air_time: 0.0048
                     reward/under_speed: -0.1521
                       reward/feet_slip: -0.0022
                  reward/feet_clearance: -0.0073
                       reward/lin_vel_z: -0.0088
                      reward/ang_vel_xy: -0.1750
                     reward/base_height: -0.3934
                     reward/orientation: -0.2209
                            reward/pose: -0.0276
                     reward/action_rate: -0.0503
                      reward/action_acc: -0.1513
             Metrics/twist/error_vel_xy: 0.2536
            Metrics/twist/error_vel_yaw: 0.2593
        Episode_Reward/tracking_lin_vel: 0.0848
        Episode_Reward/tracking_ang_vel: 0.0075
              Episode_Reward/feet_phase: 0.0544
     Episode_Reward/feet_phase_contrast: 0.0873
     Episode_Reward/feet_contact_number: 0.0322
           Episode_Reward/feet_air_time: 0.0018
             Episode_Reward/under_speed: -0.0058
               Episode_Reward/feet_slip: -0.0003
          Episode_Reward/feet_clearance: -0.0008
               Episode_Reward/lin_vel_z: -0.0018
              Episode_Reward/ang_vel_xy: -0.0305
             Episode_Reward/base_height: -0.0811
             Episode_Reward/orientation: -0.0432
                    Episode_Reward/pose: -0.0019
             Episode_Reward/action_rate: -0.0036
              Episode_Reward/action_acc: -0.0107
           Episode_Termination/time_out: 0.0000
    Episode_Termination/bad_orientation: 2.7619
--------------------------------------------------------------------------------
                         Iteration time: 0.49s
                           Time elapsed: 00:00:27
                                    ETA: 00:01:28

################################################################################
[1m                           Learning iteration 59/250                            [0m 

                            Total steps: 737280 
                       Steps per second: 23022 
                        Collection time: 0.468s 
                          Learning time: 0.066s 
                        Mean value loss: 0.0988
                    Mean surrogate loss: -0.0102
                      Mean entropy loss: 6.4259
                            Mean reward: 2.36
                    Mean episode length: 90.75
                        Mean action std: 0.46
                reward/tracking_lin_vel: 1.0618
                reward/tracking_ang_vel: 0.1256
                      reward/feet_phase: 0.3184
             reward/feet_phase_contrast: 0.5856
             reward/feet_contact_number: 0.4595
                   reward/feet_air_time: 0.0057
                     reward/under_speed: -0.1595
                       reward/feet_slip: -0.0022
                  reward/feet_clearance: -0.0072
                       reward/lin_vel_z: -0.0086
                      reward/ang_vel_xy: -0.1670
                     reward/base_height: -0.3874
                     reward/orientation: -0.2052
                            reward/pose: -0.0266
                     reward/action_rate: -0.0513
                      reward/action_acc: -0.1552
             Metrics/twist/error_vel_xy: 0.2860
            Metrics/twist/error_vel_yaw: 0.2438
        Episode_Reward/tracking_lin_vel: 0.1040
        Episode_Reward/tracking_ang_vel: 0.0107
              Episode_Reward/feet_phase: 0.0530
     Episode_Reward/feet_phase_contrast: 0.0877
     Episode_Reward/feet_contact_number: 0.0422
           Episode_Reward/feet_air_time: 0.0007
             Episode_Reward/under_speed: -0.0107
               Episode_Reward/feet_slip: -0.0004
          Episode_Reward/feet_clearance: -0.0009
               Episode_Reward/lin_vel_z: -0.0016
              Episode_Reward/ang_vel_xy: -0.0310
             Episode_Reward/base_height: -0.0826
             Episode_Reward/orientation: -0.0420
                    Episode_Reward/pose: -0.0022
             Episode_Reward/action_rate: -0.0047
              Episode_Reward/action_acc: -0.0141
           Episode_Termination/time_out: 0.0952
    Episode_Termination/bad_orientation: 2.7619
--------------------------------------------------------------------------------
                         Iteration time: 0.53s
                           Time elapsed: 00:00:27
                                    ETA: 00:01:28

################################################################################
[1m                           Learning iteration 60/250                            [0m 

                            Total steps: 749568 
                       Steps per second: 22781 
                        Collection time: 0.475s 
                          Learning time: 0.064s 
                        Mean value loss: 0.1056
                    Mean surrogate loss: -0.0117
                      Mean entropy loss: 6.4125
                            Mean reward: 2.25
                    Mean episode length: 89.49
                        Mean action std: 0.46
                reward/tracking_lin_vel: 1.0757
                reward/tracking_ang_vel: 0.1263
                      reward/feet_phase: 0.3791
             reward/feet_phase_contrast: 0.5654
             reward/feet_contact_number: 0.4630
                   reward/feet_air_time: 0.0094
                     reward/under_speed: -0.1625
                       reward/feet_slip: -0.0019
                  reward/feet_clearance: -0.0068
                       reward/lin_vel_z: -0.0066
                      reward/ang_vel_xy: -0.1378
                     reward/base_height: -0.2795
                     reward/orientation: -0.1650
                            reward/pose: -0.0261
                     reward/action_rate: -0.0515
                      reward/action_acc: -0.1554
             Metrics/twist/error_vel_xy: 0.2601
            Metrics/twist/error_vel_yaw: 0.2539
        Episode_Reward/tracking_lin_vel: 0.0798
        Episode_Reward/tracking_ang_vel: 0.0075
              Episode_Reward/feet_phase: 0.0482
     Episode_Reward/feet_phase_contrast: 0.0814
     Episode_Reward/feet_contact_number: 0.0315
           Episode_Reward/feet_air_time: 0.0021
             Episode_Reward/under_speed: -0.0065
               Episode_Reward/feet_slip: -0.0003
          Episode_Reward/feet_clearance: -0.0007
               Episode_Reward/lin_vel_z: -0.0017
              Episode_Reward/ang_vel_xy: -0.0314
             Episode_Reward/base_height: -0.0809
             Episode_Reward/orientation: -0.0417
                    Episode_Reward/pose: -0.0014
             Episode_Reward/action_rate: -0.0036
              Episode_Reward/action_acc: -0.0107
           Episode_Termination/time_out: 0.0000
    Episode_Termination/bad_orientation: 2.0000
--------------------------------------------------------------------------------
                         Iteration time: 0.54s
                           Time elapsed: 00:00:28
                                    ETA: 00:01:27

################################################################################
[1m                           Learning iteration 61/250                            [0m 

                            Total steps: 761856 
                       Steps per second: 25032 
                        Collection time: 0.427s 
                          Learning time: 0.064s 
                        Mean value loss: 0.0835
                    Mean surrogate loss: -0.0112
                      Mean entropy loss: 6.3920
                            Mean reward: 1.45
                    Mean episode length: 71.75
                        Mean action std: 0.46
                reward/tracking_lin_vel: 1.0541
                reward/tracking_ang_vel: 0.1266
                      reward/feet_phase: 0.3195
             reward/feet_phase_contrast: 0.5276
             reward/feet_contact_number: 0.4633
                   reward/feet_air_time: 0.0053
                     reward/under_speed: -0.1665
                       reward/feet_slip: -0.0019
                  reward/feet_clearance: -0.0068
                       reward/lin_vel_z: -0.0068
                      reward/ang_vel_xy: -0.1399
                     reward/base_height: -0.3217
                     reward/orientation: -0.1645
                            reward/pose: -0.0249
                     reward/action_rate: -0.0509
                      reward/action_acc: -0.1536
--------------------------------------------------------------------------------
                         Iteration time: 0.49s
                           Time elapsed: 00:00:28
                                    ETA: 00:01:27

################################################################################
[1m                           Learning iteration 62/250                            [0m 

                            Total steps: 774144 
                       Steps per second: 25387 
                        Collection time: 0.419s 
                          Learning time: 0.065s 
                        Mean value loss: 0.0723
                    Mean surrogate loss: -0.0101
                      Mean entropy loss: 6.3651
                            Mean reward: 1.40
                    Mean episode length: 71.57
                        Mean action std: 0.46
                reward/tracking_lin_vel: 1.0797
                reward/tracking_ang_vel: 0.1276
                      reward/feet_phase: 0.2727
             reward/feet_phase_contrast: 0.5228
             reward/feet_contact_number: 0.4599
                   reward/feet_air_time: 0.0025
                     reward/under_speed: -0.1684
                       reward/feet_slip: -0.0016
                  reward/feet_clearance: -0.0064
                       reward/lin_vel_z: -0.0048
                      reward/ang_vel_xy: -0.1051
                     reward/base_height: -0.1988
                     reward/orientation: -0.1200
                            reward/pose: -0.0249
                     reward/action_rate: -0.0507
                      reward/action_acc: -0.1531
--------------------------------------------------------------------------------
                         Iteration time: 0.48s
                           Time elapsed: 00:00:29
                                    ETA: 00:01:27

################################################################################
[1m                           Learning iteration 63/250                            [0m 

                            Total steps: 786432 
                       Steps per second: 24603 
                        Collection time: 0.435s 
                          Learning time: 0.064s 
                        Mean value loss: 0.0659
                    Mean surrogate loss: -0.0090
                      Mean entropy loss: 6.3502
                            Mean reward: 1.33
                    Mean episode length: 69.92
                        Mean action std: 0.46
                reward/tracking_lin_vel: 1.0702
                reward/tracking_ang_vel: 0.1280
                      reward/feet_phase: 0.2871
             reward/feet_phase_contrast: 0.4916
             reward/feet_contact_number: 0.4656
                   reward/feet_air_time: 0.0041
                     reward/under_speed: -0.1688
                       reward/feet_slip: -0.0015
                  reward/feet_clearance: -0.0063
                       reward/lin_vel_z: -0.0048
                      reward/ang_vel_xy: -0.1115
                     reward/base_height: -0.1883
                     reward/orientation: -0.1200
                            reward/pose: -0.0244
                     reward/action_rate: -0.0510
                      reward/action_acc: -0.1543
             Metrics/twist/error_vel_xy: 0.2179
            Metrics/twist/error_vel_yaw: 0.1722
        Episode_Reward/tracking_lin_vel: 0.0660
        Episode_Reward/tracking_ang_vel: 0.0067
              Episode_Reward/feet_phase: 0.0448
     Episode_Reward/feet_phase_contrast: 0.0749
     Episode_Reward/feet_contact_number: 0.0271
           Episode_Reward/feet_air_time: 0.0021
             Episode_Reward/under_speed: -0.0039
               Episode_Reward/feet_slip: -0.0003
          Episode_Reward/feet_clearance: -0.0007
               Episode_Reward/lin_vel_z: -0.0017
              Episode_Reward/ang_vel_xy: -0.0317
             Episode_Reward/base_height: -0.0787
             Episode_Reward/orientation: -0.0396
                    Episode_Reward/pose: -0.0011
             Episode_Reward/action_rate: -0.0030
              Episode_Reward/action_acc: -0.0088
           Episode_Termination/time_out: 0.0000
    Episode_Termination/bad_orientation: 1.5625
--------------------------------------------------------------------------------
                         Iteration time: 0.50s
                           Time elapsed: 00:00:29
                                    ETA: 00:01:26

################################################################################
[1m                           Learning iteration 64/250                            [0m 

                            Total steps: 798720 
                       Steps per second: 23890 
                        Collection time: 0.449s 
                          Learning time: 0.066s 
                        Mean value loss: 0.0527
                    Mean surrogate loss: -0.0116
                      Mean entropy loss: 6.3137
                            Mean reward: 1.30
                    Mean episode length: 68.67
                        Mean action std: 0.45
                reward/tracking_lin_vel: 1.0668
                reward/tracking_ang_vel: 0.1298
                      reward/feet_phase: 0.3246
             reward/feet_phase_contrast: 0.4794
             reward/feet_contact_number: 0.4642
                   reward/feet_air_time: 0.0010
                     reward/under_speed: -0.1726
                       reward/feet_slip: -0.0015
                  reward/feet_clearance: -0.0060
                       reward/lin_vel_z: -0.0046
                      reward/ang_vel_xy: -0.1080
                     reward/base_height: -0.1936
                     reward/orientation: -0.1107
                            reward/pose: -0.0234
                     reward/action_rate: -0.0514
                      reward/action_acc: -0.1563
             Metrics/twist/error_vel_xy: 0.2287
            Metrics/twist/error_vel_yaw: 0.2217
        Episode_Reward/tracking_lin_vel: 0.0812
        Episode_Reward/tracking_ang_vel: 0.0075
              Episode_Reward/feet_phase: 0.0516
     Episode_Reward/feet_phase_contrast: 0.0846
     Episode_Reward/feet_contact_number: 0.0305
           Episode_Reward/feet_air_time: 0.0006
             Episode_Reward/under_speed: -0.0059
               Episode_Reward/feet_slip: -0.0003
          Episode_Reward/feet_clearance: -0.0007
               Episode_Reward/lin_vel_z: -0.0015
              Episode_Reward/ang_vel_xy: -0.0303
             Episode_Reward/base_height: -0.0729
             Episode_Reward/orientation: -0.0412
                    Episode_Reward/pose: -0.0014
             Episode_Reward/action_rate: -0.0035
              Episode_Reward/action_acc: -0.0106
           Episode_Termination/time_out: 0.0000
    Episode_Termination/bad_orientation: 1.7222
--------------------------------------------------------------------------------
                         Iteration time: 0.51s
                           Time elapsed: 00:00:30
                                    ETA: 00:01:26

################################################################################
[1m                           Learning iteration 65/250                            [0m 

                            Total steps: 811008 
                       Steps per second: 25192 
                        Collection time: 0.424s 
                          Learning time: 0.063s 
                        Mean value loss: 0.0425
                    Mean surrogate loss: -0.0104
                      Mean entropy loss: 6.2861
                            Mean reward: 1.75
                    Mean episode length: 77.90
                        Mean action std: 0.45
                reward/tracking_lin_vel: 1.0826
                reward/tracking_ang_vel: 0.1302
                      reward/feet_phase: 0.2496
             reward/feet_phase_contrast: 0.4742
             reward/feet_contact_number: 0.4651
                   reward/feet_air_time: 0.0019
                     reward/under_speed: -0.1756
                       reward/feet_slip: -0.0013
                  reward/feet_clearance: -0.0058
                       reward/lin_vel_z: -0.0031
                      reward/ang_vel_xy: -0.0776
                     reward/base_height: -0.0999
                     reward/orientation: -0.0744
                            reward/pose: -0.0234
                     reward/action_rate: -0.0510
                      reward/action_acc: -0.1550
             Metrics/twist/error_vel_xy: 0.2162
            Metrics/twist/error_vel_yaw: 0.2038
        Episode_Reward/tracking_lin_vel: 0.1237
        Episode_Reward/tracking_ang_vel: 0.0132
              Episode_Reward/feet_phase: 0.0573
     Episode_Reward/feet_phase_contrast: 0.0962
     Episode_Reward/feet_contact_number: 0.0515
           Episode_Reward/feet_air_time: 0.0006
             Episode_Reward/under_speed: -0.0138
               Episode_Reward/feet_slip: -0.0004
          Episode_Reward/feet_clearance: -0.0008
               Episode_Reward/lin_vel_z: -0.0019
              Episode_Reward/ang_vel_xy: -0.0320
             Episode_Reward/base_height: -0.0697
             Episode_Reward/orientation: -0.0394
                    Episode_Reward/pose: -0.0025
             Episode_Reward/action_rate: -0.0056
              Episode_Reward/action_acc: -0.0169
           Episode_Termination/time_out: 0.1111
    Episode_Termination/bad_orientation: 1.3333
--------------------------------------------------------------------------------
                         Iteration time: 0.49s
                           Time elapsed: 00:00:30
                                    ETA: 00:01:26

################################################################################
[1m                           Learning iteration 66/250                            [0m 

                            Total steps: 823296 
                       Steps per second: 26437 
                        Collection time: 0.398s 
                          Learning time: 0.067s 
                        Mean value loss: 3.5852
                    Mean surrogate loss: -0.0097
                      Mean entropy loss: 6.2675
                            Mean reward: 1.91
                    Mean episode length: 78.38
                        Mean action std: 0.45
                reward/tracking_lin_vel: 0.8407
                reward/tracking_ang_vel: 0.1255
                      reward/feet_phase: 0.2870
             reward/feet_phase_contrast: 0.5457
             reward/feet_contact_number: 0.4583
                   reward/feet_air_time: 0.0070
                     reward/under_speed: -0.1564
                       reward/feet_slip: -0.0038
                  reward/feet_clearance: -0.0127
                       reward/lin_vel_z: -0.0084
                      reward/ang_vel_xy: -0.1741
                     reward/base_height: -0.0912
                     reward/orientation: -0.0897
                            reward/pose: -0.0231
                     reward/action_rate: -0.0517
                      reward/action_acc: -0.1564
             Metrics/twist/error_vel_xy: 0.1675
            Metrics/twist/error_vel_yaw: 0.1777
        Episode_Reward/tracking_lin_vel: 0.0823
        Episode_Reward/tracking_ang_vel: 0.0070
              Episode_Reward/feet_phase: 0.0551
     Episode_Reward/feet_phase_contrast: 0.0889
     Episode_Reward/feet_contact_number: 0.0289
           Episode_Reward/feet_air_time: 0.0022
             Episode_Reward/under_speed: -0.0043
               Episode_Reward/feet_slip: -0.0003
          Episode_Reward/feet_clearance: -0.0007
               Episode_Reward/lin_vel_z: -0.0021
              Episode_Reward/ang_vel_xy: -0.0317
             Episode_Reward/base_height: -0.0736
             Episode_Reward/orientation: -0.0408
                    Episode_Reward/pose: -0.0014
             Episode_Reward/action_rate: -0.0034
              Episode_Reward/action_acc: -0.0100
           Episode_Termination/time_out: 0.0000
    Episode_Termination/bad_orientation: 1.2500
--------------------------------------------------------------------------------
                         Iteration time: 0.46s
                           Time elapsed: 00:00:31
                                    ETA: 00:01:25

################################################################################
[1m                           Learning iteration 67/250                            [0m 

                            Total steps: 835584 
                       Steps per second: 32417 
                        Collection time: 0.314s 
                          Learning time: 0.065s 
                        Mean value loss: 0.1929
                    Mean surrogate loss: -0.0106
                      Mean entropy loss: 6.2442
                            Mean reward: 9.35
                    Mean episode length: 337.68
                        Mean action std: 0.45
                reward/tracking_lin_vel: 0.6005
                reward/tracking_ang_vel: 0.0960
                      reward/feet_phase: 0.4974
             reward/feet_phase_contrast: 0.7784
             reward/feet_contact_number: 0.4397
                   reward/feet_air_time: 0.1708
                     reward/under_speed: -0.1192
                       reward/feet_slip: -0.0046
                  reward/feet_clearance: -0.0132
                       reward/lin_vel_z: -0.0360
                      reward/ang_vel_xy: -0.6891
                     reward/base_height: -1.5458
                     reward/orientation: -0.7570
                            reward/pose: -0.0197
                     reward/action_rate: -0.0513
                      reward/action_acc: -0.1541
--------------------------------------------------------------------------------
                         Iteration time: 0.38s
                           Time elapsed: 00:00:31
                                    ETA: 00:01:24

################################################################################
[1m                           Learning iteration 68/250                            [0m 

                            Total steps: 847872 
                       Steps per second: 27161 
                        Collection time: 0.383s 
                          Learning time: 0.070s 
                        Mean value loss: 0.2127
                    Mean surrogate loss: -0.0120
                      Mean entropy loss: 6.2146
                            Mean reward: 11.21
                    Mean episode length: 396.49
                        Mean action std: 0.45
                reward/tracking_lin_vel: 1.0449
                reward/tracking_ang_vel: 0.1135
                      reward/feet_phase: 0.5750
             reward/feet_phase_contrast: 0.8753
             reward/feet_contact_number: 0.4545
                   reward/feet_air_time: 0.0419
                     reward/under_speed: -0.1304
                       reward/feet_slip: -0.0028
                  reward/feet_clearance: -0.0104
                       reward/lin_vel_z: -0.0141
                      reward/ang_vel_xy: -0.3442
                     reward/base_height: -1.1430
                     reward/orientation: -0.3988
                            reward/pose: -0.0150
                     reward/action_rate: -0.0504
                      reward/action_acc: -0.1518
             Metrics/twist/error_vel_xy: 0.5134
            Metrics/twist/error_vel_yaw: 0.3595
        Episode_Reward/tracking_lin_vel: 0.3970
        Episode_Reward/tracking_ang_vel: 0.0490
              Episode_Reward/feet_phase: 0.1124
     Episode_Reward/feet_phase_contrast: 0.1911
     Episode_Reward/feet_contact_number: 0.1807
           Episode_Reward/feet_air_time: 0.0076
             Episode_Reward/under_speed: -0.0674
               Episode_Reward/feet_slip: -0.0007
          Episode_Reward/feet_clearance: -0.0029
               Episode_Reward/lin_vel_z: -0.0018
              Episode_Reward/ang_vel_xy: -0.0495
             Episode_Reward/base_height: -0.1111
             Episode_Reward/orientation: -0.0555
                    Episode_Reward/pose: -0.0104
             Episode_Reward/action_rate: -0.0200
              Episode_Reward/action_acc: -0.0606
           Episode_Termination/time_out: 0.0000
    Episode_Termination/bad_orientation: 7.6957
--------------------------------------------------------------------------------
                         Iteration time: 0.45s
                           Time elapsed: 00:00:32
                                    ETA: 00:01:24

################################################################################
[1m                           Learning iteration 69/250                            [0m 

                            Total steps: 860160 
                       Steps per second: 25746 
                        Collection time: 0.410s 
                          Learning time: 0.068s 
                        Mean value loss: 0.1686
                    Mean surrogate loss: -0.0109
                      Mean entropy loss: 6.2051
                            Mean reward: 4.23
                    Mean episode length: 186.96
                        Mean action std: 0.45
                reward/tracking_lin_vel: 1.1025
                reward/tracking_ang_vel: 0.1201
                      reward/feet_phase: 0.4452
             reward/feet_phase_contrast: 0.8176
             reward/feet_contact_number: 0.4634
                   reward/feet_air_time: 0.0238
                     reward/under_speed: -0.1370
                       reward/feet_slip: -0.0025
                  reward/feet_clearance: -0.0082
                       reward/lin_vel_z: -0.0112
                      reward/ang_vel_xy: -0.2523
                     reward/base_height: -0.6351
                     reward/orientation: -0.3207
                            reward/pose: -0.0201
                     reward/action_rate: -0.0511
                      reward/action_acc: -0.1541
             Metrics/twist/error_vel_xy: 0.3372
            Metrics/twist/error_vel_yaw: 0.2692
        Episode_Reward/tracking_lin_vel: 0.1655
        Episode_Reward/tracking_ang_vel: 0.0189
              Episode_Reward/feet_phase: 0.0580
     Episode_Reward/feet_phase_contrast: 0.0961
     Episode_Reward/feet_contact_number: 0.0738
           Episode_Reward/feet_air_time: 0.0038
             Episode_Reward/under_speed: -0.0246
               Episode_Reward/feet_slip: -0.0004
          Episode_Reward/feet_clearance: -0.0013
               Episode_Reward/lin_vel_z: -0.0017
              Episode_Reward/ang_vel_xy: -0.0364
             Episode_Reward/base_height: -0.0887
             Episode_Reward/orientation: -0.0444
                    Episode_Reward/pose: -0.0038
             Episode_Reward/action_rate: -0.0083
              Episode_Reward/action_acc: -0.0249
           Episode_Termination/time_out: 0.0000
    Episode_Termination/bad_orientation: 3.5833
--------------------------------------------------------------------------------
                         Iteration time: 0.48s
                           Time elapsed: 00:00:32
                                    ETA: 00:01:23

################################################################################
[1m                           Learning iteration 70/250                            [0m 

                            Total steps: 872448 
                       Steps per second: 23633 
                        Collection time: 0.444s 
                          Learning time: 0.076s 
                        Mean value loss: 0.1446
                    Mean surrogate loss: -0.0089
                      Mean entropy loss: 6.1978
                            Mean reward: 1.77
                    Mean episode length: 95.84
                        Mean action std: 0.45
                reward/tracking_lin_vel: 1.0398
                reward/tracking_ang_vel: 0.1215
                      reward/feet_phase: 0.3884
             reward/feet_phase_contrast: 0.6671
             reward/feet_contact_number: 0.4545
                   reward/feet_air_time: 0.0155
                     reward/under_speed: -0.1484
                       reward/feet_slip: -0.0024
                  reward/feet_clearance: -0.0079
                       reward/lin_vel_z: -0.0115
                      reward/ang_vel_xy: -0.2328
                     reward/base_height: -0.5615
                     reward/orientation: -0.2940
                            reward/pose: -0.0205
                     reward/action_rate: -0.0508
                      reward/action_acc: -0.1533
             Metrics/twist/error_vel_xy: 0.2833
            Metrics/twist/error_vel_yaw: 0.2462
        Episode_Reward/tracking_lin_vel: 0.0775
        Episode_Reward/tracking_ang_vel: 0.0083
              Episode_Reward/feet_phase: 0.0420
     Episode_Reward/feet_phase_contrast: 0.0691
     Episode_Reward/feet_contact_number: 0.0345
           Episode_Reward/feet_air_time: 0.0026
             Episode_Reward/under_speed: -0.0087
               Episode_Reward/feet_slip: -0.0003
          Episode_Reward/feet_clearance: -0.0008
               Episode_Reward/lin_vel_z: -0.0015
              Episode_Reward/ang_vel_xy: -0.0309
             Episode_Reward/base_height: -0.0808
             Episode_Reward/orientation: -0.0409
                    Episode_Reward/pose: -0.0014
             Episode_Reward/action_rate: -0.0039
              Episode_Reward/action_acc: -0.0116
           Episode_Termination/time_out: 0.0833
    Episode_Termination/bad_orientation: 3.6250
--------------------------------------------------------------------------------
                         Iteration time: 0.52s
                           Time elapsed: 00:00:33
                                    ETA: 00:01:23

################################################################################
[1m                           Learning iteration 71/250                            [0m 

                            Total steps: 884736 
                       Steps per second: 24127 
                        Collection time: 0.442s 
                          Learning time: 0.067s 
                        Mean value loss: 0.1350
                    Mean surrogate loss: -0.0076
                      Mean entropy loss: 6.1863
                            Mean reward: 1.73
                    Mean episode length: 85.95
                        Mean action std: 0.45
                reward/tracking_lin_vel: 1.0532
                reward/tracking_ang_vel: 0.1240
                      reward/feet_phase: 0.4229
             reward/feet_phase_contrast: 0.6170
             reward/feet_contact_number: 0.4607
                   reward/feet_air_time: 0.0100
                     reward/under_speed: -0.1575
                       reward/feet_slip: -0.0022
                  reward/feet_clearance: -0.0073
                       reward/lin_vel_z: -0.0086
                      reward/ang_vel_xy: -0.1856
                     reward/base_height: -0.4128
                     reward/orientation: -0.2158
                            reward/pose: -0.0196
                     reward/action_rate: -0.0513
                      reward/action_acc: -0.1556
             Metrics/twist/error_vel_xy: 0.3122
            Metrics/twist/error_vel_yaw: 0.2546
        Episode_Reward/tracking_lin_vel: 0.0684
        Episode_Reward/tracking_ang_vel: 0.0073
              Episode_Reward/feet_phase: 0.0410
     Episode_Reward/feet_phase_contrast: 0.0672
     Episode_Reward/feet_contact_number: 0.0301
           Episode_Reward/feet_air_time: 0.0027
             Episode_Reward/under_speed: -0.0072
               Episode_Reward/feet_slip: -0.0003
          Episode_Reward/feet_clearance: -0.0007
               Episode_Reward/lin_vel_z: -0.0015
              Episode_Reward/ang_vel_xy: -0.0304
             Episode_Reward/base_height: -0.0829
             Episode_Reward/orientation: -0.0418
                    Episode_Reward/pose: -0.0011
             Episode_Reward/action_rate: -0.0034
              Episode_Reward/action_acc: -0.0103
           Episode_Termination/time_out: 0.0000
    Episode_Termination/bad_orientation: 2.5833
--------------------------------------------------------------------------------
                         Iteration time: 0.51s
                           Time elapsed: 00:00:33
                                    ETA: 00:01:23

################################################################################
[1m                           Learning iteration 72/250                            [0m 

                            Total steps: 897024 
                       Steps per second: 20394 
                        Collection time: 0.527s 
                          Learning time: 0.075s 
                        Mean value loss: 0.1087
                    Mean surrogate loss: -0.0081
                      Mean entropy loss: 6.1757
                            Mean reward: 1.67
                    Mean episode length: 78.77
                        Mean action std: 0.45
                reward/tracking_lin_vel: 1.0642
                reward/tracking_ang_vel: 0.1265
                      reward/feet_phase: 0.3205
             reward/feet_phase_contrast: 0.5764
             reward/feet_contact_number: 0.4623
                   reward/feet_air_time: 0.0070
                     reward/under_speed: -0.1627
                       reward/feet_slip: -0.0018
                  reward/feet_clearance: -0.0068
                       reward/lin_vel_z: -0.0066
                      reward/ang_vel_xy: -0.1460
                     reward/base_height: -0.2702
                     reward/orientation: -0.1655
                            reward/pose: -0.0197
                     reward/action_rate: -0.0515
                      reward/action_acc: -0.1564
             Metrics/twist/error_vel_xy: 0.2909
            Metrics/twist/error_vel_yaw: 0.2760
        Episode_Reward/tracking_lin_vel: 0.0997
        Episode_Reward/tracking_ang_vel: 0.0102
              Episode_Reward/feet_phase: 0.0537
     Episode_Reward/feet_phase_contrast: 0.0871
     Episode_Reward/feet_contact_number: 0.0425
           Episode_Reward/feet_air_time: 0.0018
             Episode_Reward/under_speed: -0.0105
               Episode_Reward/feet_slip: -0.0003
          Episode_Reward/feet_clearance: -0.0008
               Episode_Reward/lin_vel_z: -0.0016
              Episode_Reward/ang_vel_xy: -0.0316
             Episode_Reward/base_height: -0.0722
             Episode_Reward/orientation: -0.0404
                    Episode_Reward/pose: -0.0018
             Episode_Reward/action_rate: -0.0046
              Episode_Reward/action_acc: -0.0138
           Episode_Termination/time_out: 0.0455
    Episode_Termination/bad_orientation: 2.0909
--------------------------------------------------------------------------------
                         Iteration time: 0.60s
                           Time elapsed: 00:00:34
                                    ETA: 00:01:23

################################################################################
[1m                           Learning iteration 73/250                            [0m 

                            Total steps: 909312 
                       Steps per second: 19957 
                        Collection time: 0.541s 
                          Learning time: 0.075s 
                        Mean value loss: 0.0849
                    Mean surrogate loss: -0.0082
                      Mean entropy loss: 6.1645
                            Mean reward: 1.86
                    Mean episode length: 90.02
                        Mean action std: 0.45
                reward/tracking_lin_vel: 1.0447
                reward/tracking_ang_vel: 0.1296
                      reward/feet_phase: 0.2769
             reward/feet_phase_contrast: 0.5097
             reward/feet_contact_number: 0.4655
                   reward/feet_air_time: 0.0063
                     reward/under_speed: -0.1674
                       reward/feet_slip: -0.0017
                  reward/feet_clearance: -0.0065
                       reward/lin_vel_z: -0.0059
                      reward/ang_vel_xy: -0.1442
                     reward/base_height: -0.3116
                     reward/orientation: -0.1637
                            reward/pose: -0.0191
                     reward/action_rate: -0.0509
                      reward/action_acc: -0.1545
             Metrics/twist/error_vel_xy: 0.3092
            Metrics/twist/error_vel_yaw: 0.2436
        Episode_Reward/tracking_lin_vel: 0.0807
        Episode_Reward/tracking_ang_vel: 0.0090
              Episode_Reward/feet_phase: 0.0460
     Episode_Reward/feet_phase_contrast: 0.0754
     Episode_Reward/feet_contact_number: 0.0366
           Episode_Reward/feet_air_time: 0.0009
             Episode_Reward/under_speed: -0.0094
               Episode_Reward/feet_slip: -0.0003
          Episode_Reward/feet_clearance: -0.0007
               Episode_Reward/lin_vel_z: -0.0015
              Episode_Reward/ang_vel_xy: -0.0308
             Episode_Reward/base_height: -0.0834
             Episode_Reward/orientation: -0.0419
                    Episode_Reward/pose: -0.0015
             Episode_Reward/action_rate: -0.0041
              Episode_Reward/action_acc: -0.0123
           Episode_Termination/time_out: 0.0500
    Episode_Termination/bad_orientation: 2.2000
--------------------------------------------------------------------------------
                         Iteration time: 0.62s
                           Time elapsed: 00:00:34
                                    ETA: 00:01:22

################################################################################
[1m                           Learning iteration 74/250                            [0m 

                            Total steps: 921600 
                       Steps per second: 21289 
                        Collection time: 0.508s 
                          Learning time: 0.069s 
                        Mean value loss: 0.0761
                    Mean surrogate loss: -0.0092
                      Mean entropy loss: 6.1368
                            Mean reward: 1.78
                    Mean episode length: 82.42
                        Mean action std: 0.45
                reward/tracking_lin_vel: 1.0420
                reward/tracking_ang_vel: 0.1305
                      reward/feet_phase: 0.3074
             reward/feet_phase_contrast: 0.4913
             reward/feet_contact_number: 0.4625
                   reward/feet_air_time: 0.0074
                     reward/under_speed: -0.1701
                       reward/feet_slip: -0.0014
                  reward/feet_clearance: -0.0061
                       reward/lin_vel_z: -0.0053
                      reward/ang_vel_xy: -0.1226
                     reward/base_height: -0.2045
                     reward/orientation: -0.1324
                            reward/pose: -0.0179
                     reward/action_rate: -0.0512
                      reward/action_acc: -0.1556
             Metrics/twist/error_vel_xy: 0.2768
            Metrics/twist/error_vel_yaw: 0.2545
        Episode_Reward/tracking_lin_vel: 0.0952
        Episode_Reward/tracking_ang_vel: 0.0093
              Episode_Reward/feet_phase: 0.0523
     Episode_Reward/feet_phase_contrast: 0.0871
     Episode_Reward/feet_contact_number: 0.0363
           Episode_Reward/feet_air_time: 0.0033
             Episode_Reward/under_speed: -0.0079
               Episode_Reward/feet_slip: -0.0003
          Episode_Reward/feet_clearance: -0.0008
               Episode_Reward/lin_vel_z: -0.0017
              Episode_Reward/ang_vel_xy: -0.0317
             Episode_Reward/base_height: -0.0730
             Episode_Reward/orientation: -0.0427
                    Episode_Reward/pose: -0.0014
             Episode_Reward/action_rate: -0.0041
              Episode_Reward/action_acc: -0.0122
           Episode_Termination/time_out: 0.0000
    Episode_Termination/bad_orientation: 1.6316
--------------------------------------------------------------------------------
                         Iteration time: 0.58s
                           Time elapsed: 00:00:35
                                    ETA: 00:01:22

################################################################################
[1m                           Learning iteration 75/250                            [0m 

                            Total steps: 933888 
                       Steps per second: 23119 
                        Collection time: 0.464s 
                          Learning time: 0.068s 
                        Mean value loss: 0.0560
                    Mean surrogate loss: -0.0103
                      Mean entropy loss: 6.1107
                            Mean reward: 2.15
                    Mean episode length: 99.72
                        Mean action std: 0.45
                reward/tracking_lin_vel: 1.0491
                reward/tracking_ang_vel: 0.1327
                      reward/feet_phase: 0.2968
             reward/feet_phase_contrast: 0.4606
             reward/feet_contact_number: 0.4639
                   reward/feet_air_time: 0.0032
                     reward/under_speed: -0.1753
                       reward/feet_slip: -0.0014
                  reward/feet_clearance: -0.0060
                       reward/lin_vel_z: -0.0039
                      reward/ang_vel_xy: -0.1001
                     reward/base_height: -0.1746
                     reward/orientation: -0.1016
                            reward/pose: -0.0179
                     reward/action_rate: -0.0510
                      reward/action_acc: -0.1551
             Metrics/twist/error_vel_xy: 0.3501
            Metrics/twist/error_vel_yaw: 0.2487
        Episode_Reward/tracking_lin_vel: 0.1604
        Episode_Reward/tracking_ang_vel: 0.0207
              Episode_Reward/feet_phase: 0.0586
     Episode_Reward/feet_phase_contrast: 0.0973
     Episode_Reward/feet_contact_number: 0.0781
           Episode_Reward/feet_air_time: 0.0036
             Episode_Reward/under_speed: -0.0266
               Episode_Reward/feet_slip: -0.0003
          Episode_Reward/feet_clearance: -0.0010
               Episode_Reward/lin_vel_z: -0.0014
              Episode_Reward/ang_vel_xy: -0.0331
             Episode_Reward/base_height: -0.0792
             Episode_Reward/orientation: -0.0404
                    Episode_Reward/pose: -0.0039
             Episode_Reward/action_rate: -0.0085
              Episode_Reward/action_acc: -0.0259
           Episode_Termination/time_out: 0.1111
    Episode_Termination/bad_orientation: 1.3333
--------------------------------------------------------------------------------
                         Iteration time: 0.53s
                           Time elapsed: 00:00:35
                                    ETA: 00:01:22

################################################################################
[1m                           Learning iteration 76/250                            [0m 

                            Total steps: 946176 
                       Steps per second: 23375 
                        Collection time: 0.456s 
                          Learning time: 0.069s 
                        Mean value loss: 0.0517
                    Mean surrogate loss: -0.0092
                      Mean entropy loss: 6.0921
                            Mean reward: 2.50
                    Mean episode length: 108.12
                        Mean action std: 0.44
                reward/tracking_lin_vel: 1.0466
                reward/tracking_ang_vel: 0.1319
                      reward/feet_phase: 0.2241
             reward/feet_phase_contrast: 0.4353
             reward/feet_contact_number: 0.4667
                   reward/feet_air_time: 0.0013
                     reward/under_speed: -0.1775
                       reward/feet_slip: -0.0012
                  reward/feet_clearance: -0.0058
                       reward/lin_vel_z: -0.0028
                      reward/ang_vel_xy: -0.0833
                     reward/base_height: -0.0939
                     reward/orientation: -0.0754
                            reward/pose: -0.0171
                     reward/action_rate: -0.0507
                      reward/action_acc: -0.1538
             Metrics/twist/error_vel_xy: 0.2595
            Metrics/twist/error_vel_yaw: 0.1937
        Episode_Reward/tracking_lin_vel: 0.0751
        Episode_Reward/tracking_ang_vel: 0.0091
              Episode_Reward/feet_phase: 0.0417
     Episode_Reward/feet_phase_contrast: 0.0673
     Episode_Reward/feet_contact_number: 0.0364
           Episode_Reward/feet_air_time: 0.0017
             Episode_Reward/under_speed: -0.0103
               Episode_Reward/feet_slip: -0.0002
          Episode_Reward/feet_clearance: -0.0007
               Episode_Reward/lin_vel_z: -0.0013
              Episode_Reward/ang_vel_xy: -0.0329
             Episode_Reward/base_height: -0.0818
             Episode_Reward/orientation: -0.0394
                    Episode_Reward/pose: -0.0015
             Episode_Reward/action_rate: -0.0042
              Episode_Reward/action_acc: -0.0126
           Episode_Termination/time_out: 0.1000
    Episode_Termination/bad_orientation: 1.3000
--------------------------------------------------------------------------------
                         Iteration time: 0.53s
                           Time elapsed: 00:00:36
                                    ETA: 00:01:22

################################################################################
[1m                           Learning iteration 77/250                            [0m 

                            Total steps: 958464 
                       Steps per second: 24024 
                        Collection time: 0.445s 
                          Learning time: 0.067s 
                        Mean value loss: 0.0333
                    Mean surrogate loss: -0.0117
                      Mean entropy loss: 6.0484
                            Mean reward: 2.09
                    Mean episode length: 99.37
                        Mean action std: 0.44
                reward/tracking_lin_vel: 1.0522
                reward/tracking_ang_vel: 0.1352
                      reward/feet_phase: 0.2265
             reward/feet_phase_contrast: 0.4270
             reward/feet_contact_number: 0.4628
                   reward/feet_air_time: 0.0019
                     reward/under_speed: -0.1794
                       reward/feet_slip: -0.0011
                  reward/feet_clearance: -0.0054
                       reward/lin_vel_z: -0.0024
                      reward/ang_vel_xy: -0.0754
                     reward/base_height: -0.0918
                     reward/orientation: -0.0659
                            reward/pose: -0.0166
                     reward/action_rate: -0.0509
                      reward/action_acc: -0.1548
             Metrics/twist/error_vel_xy: 0.3174
            Metrics/twist/error_vel_yaw: 0.2406
        Episode_Reward/tracking_lin_vel: 0.0784
        Episode_Reward/tracking_ang_vel: 0.0089
              Episode_Reward/feet_phase: 0.0416
     Episode_Reward/feet_phase_contrast: 0.0706
     Episode_Reward/feet_contact_number: 0.0378
           Episode_Reward/feet_air_time: 0.0015
             Episode_Reward/under_speed: -0.0105
               Episode_Reward/feet_slip: -0.0003
          Episode_Reward/feet_clearance: -0.0008
               Episode_Reward/lin_vel_z: -0.0014
              Episode_Reward/ang_vel_xy: -0.0308
             Episode_Reward/base_height: -0.0858
             Episode_Reward/orientation: -0.0454
                    Episode_Reward/pose: -0.0014
             Episode_Reward/action_rate: -0.0042
              Episode_Reward/action_acc: -0.0126
           Episode_Termination/time_out: 0.0000
    Episode_Termination/bad_orientation: 1.0909
--------------------------------------------------------------------------------
                         Iteration time: 0.51s
                           Time elapsed: 00:00:37
                                    ETA: 00:01:21

################################################################################
[1m                           Learning iteration 78/250                            [0m 

                            Total steps: 970752 
                       Steps per second: 22922 
                        Collection time: 0.466s 
                          Learning time: 0.070s 
                        Mean value loss: 0.0362
                    Mean surrogate loss: -0.0120
                      Mean entropy loss: 6.0015
                            Mean reward: 2.50
                    Mean episode length: 108.23
                        Mean action std: 0.44
                reward/tracking_lin_vel: 1.0727
                reward/tracking_ang_vel: 0.1339
                      reward/feet_phase: 0.3087
             reward/feet_phase_contrast: 0.4494
             reward/feet_contact_number: 0.4658
                   reward/feet_air_time: 0.0002
                     reward/under_speed: -0.1778
                       reward/feet_slip: -0.0011
                  reward/feet_clearance: -0.0054
                       reward/lin_vel_z: -0.0027
                      reward/ang_vel_xy: -0.0716
                     reward/base_height: -0.0771
                     reward/orientation: -0.0607
                            reward/pose: -0.0163
                     reward/action_rate: -0.0508
                      reward/action_acc: -0.1546
--------------------------------------------------------------------------------
                         Iteration time: 0.54s
                           Time elapsed: 00:00:37
                                    ETA: 00:01:21

################################################################################
[1m                           Learning iteration 79/250                            [0m 

                            Total steps: 983040 
                       Steps per second: 24085 
                        Collection time: 0.441s 
                          Learning time: 0.069s 
                        Mean value loss: 0.0258
                    Mean surrogate loss: -0.0101
                      Mean entropy loss: 5.9488
                            Mean reward: 2.69
                    Mean episode length: 109.33
                        Mean action std: 0.44
                reward/tracking_lin_vel: 1.0641
                reward/tracking_ang_vel: 0.1358
                      reward/feet_phase: 0.2388
             reward/feet_phase_contrast: 0.4269
             reward/feet_contact_number: 0.4665
                   reward/feet_air_time: 0.0014
                     reward/under_speed: -0.1807
                       reward/feet_slip: -0.0011
                  reward/feet_clearance: -0.0055
                       reward/lin_vel_z: -0.0022
                      reward/ang_vel_xy: -0.0683
                     reward/base_height: -0.0583
                     reward/orientation: -0.0530
                            reward/pose: -0.0165
                     reward/action_rate: -0.0500
                      reward/action_acc: -0.1516
--------------------------------------------------------------------------------
                         Iteration time: 0.51s
                           Time elapsed: 00:00:38
                                    ETA: 00:01:20

################################################################################
[1m                           Learning iteration 80/250                            [0m 

                            Total steps: 995328 
                       Steps per second: 22182 
                        Collection time: 0.462s 
                          Learning time: 0.092s 
                        Mean value loss: 0.0214
                    Mean surrogate loss: -0.0125
                      Mean entropy loss: 5.8895
                            Mean reward: 2.53
                    Mean episode length: 107.15
                        Mean action std: 0.44
                reward/tracking_lin_vel: 1.0656
                reward/tracking_ang_vel: 0.1366
                      reward/feet_phase: 0.2006
             reward/feet_phase_contrast: 0.4093
             reward/feet_contact_number: 0.4654
                   reward/feet_air_time: 0.0008
                     reward/under_speed: -0.1822
                       reward/feet_slip: -0.0010
                  reward/feet_clearance: -0.0054
                       reward/lin_vel_z: -0.0016
                      reward/ang_vel_xy: -0.0592
                     reward/base_height: -0.0374
                     reward/orientation: -0.0390
                            reward/pose: -0.0163
                     reward/action_rate: -0.0498
                      reward/action_acc: -0.1510
             Metrics/twist/error_vel_xy: 0.1827
            Metrics/twist/error_vel_yaw: 0.1453
        Episode_Reward/tracking_lin_vel: 0.0481
        Episode_Reward/tracking_ang_vel: 0.0051
              Episode_Reward/feet_phase: 0.0307
     Episode_Reward/feet_phase_contrast: 0.0501
     Episode_Reward/feet_contact_number: 0.0206
           Episode_Reward/feet_air_time: 0.0040
             Episode_Reward/under_speed: -0.0053
               Episode_Reward/feet_slip: -0.0002
          Episode_Reward/feet_clearance: -0.0006
               Episode_Reward/lin_vel_z: -0.0013
              Episode_Reward/ang_vel_xy: -0.0311
             Episode_Reward/base_height: -0.0795
             Episode_Reward/orientation: -0.0393
                    Episode_Reward/pose: -0.0007
             Episode_Reward/action_rate: -0.0026
              Episode_Reward/action_acc: -0.0078
           Episode_Termination/time_out: 0.0000
    Episode_Termination/bad_orientation: 1.0000
--------------------------------------------------------------------------------
                         Iteration time: 0.55s
                           Time elapsed: 00:00:38
                                    ETA: 00:01:20

################################################################################
[1m                           Learning iteration 81/250                            [0m 

                            Total steps: 1007616 
                       Steps per second: 23526 
                        Collection time: 0.454s 
                          Learning time: 0.068s 
                        Mean value loss: 0.0197
                    Mean surrogate loss: -0.0101
                      Mean entropy loss: 5.8514
                            Mean reward: 2.53
                    Mean episode length: 106.83
                        Mean action std: 0.43
                reward/tracking_lin_vel: 1.0787
                reward/tracking_ang_vel: 0.1362
                      reward/feet_phase: 0.2483
             reward/feet_phase_contrast: 0.4151
             reward/feet_contact_number: 0.4670
                   reward/feet_air_time: 0.0008
                     reward/under_speed: -0.1821
                       reward/feet_slip: -0.0009
                  reward/feet_clearance: -0.0052
                       reward/lin_vel_z: -0.0015
                      reward/ang_vel_xy: -0.0560
                     reward/base_height: -0.0242
                     reward/orientation: -0.0358
                            reward/pose: -0.0164
                     reward/action_rate: -0.0495
                      reward/action_acc: -0.1499
--------------------------------------------------------------------------------
                         Iteration time: 0.52s
                           Time elapsed: 00:00:39
                                    ETA: 00:01:20

################################################################################
[1m                           Learning iteration 82/250                            [0m 

                            Total steps: 1019904 
                       Steps per second: 23617 
                        Collection time: 0.450s 
                          Learning time: 0.070s 
                        Mean value loss: 0.0179
                    Mean surrogate loss: -0.0103
                      Mean entropy loss: 5.8019
                            Mean reward: 2.61
                    Mean episode length: 108.82
                        Mean action std: 0.43
                reward/tracking_lin_vel: 1.0772
                reward/tracking_ang_vel: 0.1358
                      reward/feet_phase: 0.2660
             reward/feet_phase_contrast: 0.4024
             reward/feet_contact_number: 0.4674
                   reward/feet_air_time: 0.0000
                     reward/under_speed: -0.1823
                       reward/feet_slip: -0.0010
                  reward/feet_clearance: -0.0052
                       reward/lin_vel_z: -0.0016
                      reward/ang_vel_xy: -0.0583
                     reward/base_height: -0.0262
                     reward/orientation: -0.0403
                            reward/pose: -0.0162
                     reward/action_rate: -0.0495
                      reward/action_acc: -0.1499
--------------------------------------------------------------------------------
                         Iteration time: 0.52s
                           Time elapsed: 00:00:39
                                    ETA: 00:01:19

################################################################################
[1m                           Learning iteration 83/250                            [0m 

                            Total steps: 1032192 
                       Steps per second: 28020 
                        Collection time: 0.369s 
                          Learning time: 0.069s 
                        Mean value loss: 2.8944
                    Mean surrogate loss: -0.0101
                      Mean entropy loss: 5.7700
                            Mean reward: 2.99
                    Mean episode length: 119.96
                        Mean action std: 0.43
                reward/tracking_lin_vel: 0.6838
                reward/tracking_ang_vel: 0.1212
                      reward/feet_phase: 0.3173
             reward/feet_phase_contrast: 0.5909
             reward/feet_contact_number: 0.4503
                   reward/feet_air_time: 0.0620
                     reward/under_speed: -0.1449
                       reward/feet_slip: -0.0041
                  reward/feet_clearance: -0.0146
                       reward/lin_vel_z: -0.0133
                      reward/ang_vel_xy: -0.2731
                     reward/base_height: -0.0663
                     reward/orientation: -0.1574
                            reward/pose: -0.0168
                     reward/action_rate: -0.0503
                      reward/action_acc: -0.1510
--------------------------------------------------------------------------------
                         Iteration time: 0.44s
                           Time elapsed: 00:00:40
                                    ETA: 00:01:19

################################################################################
[1m                           Learning iteration 84/250                            [0m 

                            Total steps: 1044480 
                       Steps per second: 28309 
                        Collection time: 0.367s 
                          Learning time: 0.067s 
                        Mean value loss: 0.2000
                    Mean surrogate loss: -0.0111
                      Mean entropy loss: 5.7605
                            Mean reward: 12.14
                    Mean episode length: 411.96
                        Mean action std: 0.43
                reward/tracking_lin_vel: 0.7386
                reward/tracking_ang_vel: 0.1099
                      reward/feet_phase: 0.4603
             reward/feet_phase_contrast: 0.8100
             reward/feet_contact_number: 0.4316
                   reward/feet_air_time: 0.1466
                     reward/under_speed: -0.1160
                       reward/feet_slip: -0.0038
                  reward/feet_clearance: -0.0135
                       reward/lin_vel_z: -0.0366
                      reward/ang_vel_xy: -0.6900
                     reward/base_height: -1.8613
                     reward/orientation: -0.7888
                            reward/pose: -0.0158
                     reward/action_rate: -0.0496
                      reward/action_acc: -0.1471
             Metrics/twist/error_vel_xy: 0.3972
            Metrics/twist/error_vel_yaw: 0.2327
        Episode_Reward/tracking_lin_vel: 0.3926
        Episode_Reward/tracking_ang_vel: 0.0507
              Episode_Reward/feet_phase: 0.1088
     Episode_Reward/feet_phase_contrast: 0.1867
     Episode_Reward/feet_contact_number: 0.1803
           Episode_Reward/feet_air_time: 0.0060
             Episode_Reward/under_speed: -0.0672
               Episode_Reward/feet_slip: -0.0006
          Episode_Reward/feet_clearance: -0.0027
               Episode_Reward/lin_vel_z: -0.0026
              Episode_Reward/ang_vel_xy: -0.0547
             Episode_Reward/base_height: -0.0812
             Episode_Reward/orientation: -0.0462
                    Episode_Reward/pose: -0.0075
             Episode_Reward/action_rate: -0.0197
              Episode_Reward/action_acc: -0.0596
           Episode_Termination/time_out: 0.0417
    Episode_Termination/bad_orientation: 11.5833
--------------------------------------------------------------------------------
                         Iteration time: 0.43s
                           Time elapsed: 00:00:40
                                    ETA: 00:01:18

################################################################################
[1m                           Learning iteration 85/250                            [0m 

                            Total steps: 1056768 
                       Steps per second: 26240 
                        Collection time: 0.402s 
                          Learning time: 0.067s 
                        Mean value loss: 0.2110
                    Mean surrogate loss: -0.0091
                      Mean entropy loss: 5.7546
                            Mean reward: 10.41
                    Mean episode length: 359.41
                        Mean action std: 0.43
                reward/tracking_lin_vel: 1.1267
                reward/tracking_ang_vel: 0.1231
                      reward/feet_phase: 0.6003
             reward/feet_phase_contrast: 0.8764
             reward/feet_contact_number: 0.4548
                   reward/feet_air_time: 0.0273
                     reward/under_speed: -0.1308
                       reward/feet_slip: -0.0023
                  reward/feet_clearance: -0.0090
                       reward/lin_vel_z: -0.0101
                      reward/ang_vel_xy: -0.2428
                     reward/base_height: -0.5915
                     reward/orientation: -0.2757
                            reward/pose: -0.0148
                     reward/action_rate: -0.0498
                      reward/action_acc: -0.1491
             Metrics/twist/error_vel_xy: 0.3999
            Metrics/twist/error_vel_yaw: 0.2490
        Episode_Reward/tracking_lin_vel: 0.3204
        Episode_Reward/tracking_ang_vel: 0.0420
              Episode_Reward/feet_phase: 0.0937
     Episode_Reward/feet_phase_contrast: 0.1587
     Episode_Reward/feet_contact_number: 0.1494
           Episode_Reward/feet_air_time: 0.0078
             Episode_Reward/under_speed: -0.0551
               Episode_Reward/feet_slip: -0.0005
          Episode_Reward/feet_clearance: -0.0023
               Episode_Reward/lin_vel_z: -0.0017
              Episode_Reward/ang_vel_xy: -0.0463
             Episode_Reward/base_height: -0.0953
             Episode_Reward/orientation: -0.0490
                    Episode_Reward/pose: -0.0057
             Episode_Reward/action_rate: -0.0164
              Episode_Reward/action_acc: -0.0495
           Episode_Termination/time_out: 0.0000
    Episode_Termination/bad_orientation: 3.9167
--------------------------------------------------------------------------------
                         Iteration time: 0.47s
                           Time elapsed: 00:00:41
                                    ETA: 00:01:18

################################################################################
[1m                           Learning iteration 86/250                            [0m 

                            Total steps: 1069056 
                       Steps per second: 24387 
                        Collection time: 0.435s 
                          Learning time: 0.068s 
                        Mean value loss: 0.1072
                    Mean surrogate loss: -0.0091
                      Mean entropy loss: 5.7452
                            Mean reward: 2.36
                    Mean episode length: 124.82
                        Mean action std: 0.43
                reward/tracking_lin_vel: 1.0762
                reward/tracking_ang_vel: 0.1258
                      reward/feet_phase: 0.4376
             reward/feet_phase_contrast: 0.7407
             reward/feet_contact_number: 0.4687
                   reward/feet_air_time: 0.0169
                     reward/under_speed: -0.1401
                       reward/feet_slip: -0.0023
                  reward/feet_clearance: -0.0076
                       reward/lin_vel_z: -0.0117
                      reward/ang_vel_xy: -0.2404
                     reward/base_height: -0.5225
                     reward/orientation: -0.3095
                            reward/pose: -0.0178
                     reward/action_rate: -0.0498
                      reward/action_acc: -0.1492
             Metrics/twist/error_vel_xy: 0.2886
            Metrics/twist/error_vel_yaw: 0.1870
        Episode_Reward/tracking_lin_vel: 0.0819
        Episode_Reward/tracking_ang_vel: 0.0104
              Episode_Reward/feet_phase: 0.0412
     Episode_Reward/feet_phase_contrast: 0.0673
     Episode_Reward/feet_contact_number: 0.0397
           Episode_Reward/feet_air_time: 0.0032
             Episode_Reward/under_speed: -0.0107
               Episode_Reward/feet_slip: -0.0003
          Episode_Reward/feet_clearance: -0.0008
               Episode_Reward/lin_vel_z: -0.0016
              Episode_Reward/ang_vel_xy: -0.0329
             Episode_Reward/base_height: -0.0754
             Episode_Reward/orientation: -0.0401
                    Episode_Reward/pose: -0.0015
             Episode_Reward/action_rate: -0.0044
              Episode_Reward/action_acc: -0.0131
           Episode_Termination/time_out: 0.0000
    Episode_Termination/bad_orientation: 3.2500
--------------------------------------------------------------------------------
                         Iteration time: 0.50s
                           Time elapsed: 00:00:41
                                    ETA: 00:01:17

################################################################################
[1m                           Learning iteration 87/250                            [0m 

                            Total steps: 1081344 
                       Steps per second: 23033 
                        Collection time: 0.466s 
                          Learning time: 0.068s 
                        Mean value loss: 0.0970
                    Mean surrogate loss: -0.0092
                      Mean entropy loss: 5.7354
                            Mean reward: 1.92
                    Mean episode length: 83.21
                        Mean action std: 0.43
                reward/tracking_lin_vel: 1.0617
                reward/tracking_ang_vel: 0.1287
                      reward/feet_phase: 0.3547
             reward/feet_phase_contrast: 0.6470
             reward/feet_contact_number: 0.4632
                   reward/feet_air_time: 0.0101
                     reward/under_speed: -0.1512
                       reward/feet_slip: -0.0021
                  reward/feet_clearance: -0.0074
                       reward/lin_vel_z: -0.0102
                      reward/ang_vel_xy: -0.1936
                     reward/base_height: -0.3897
                     reward/orientation: -0.2368
                            reward/pose: -0.0168
                     reward/action_rate: -0.0496
                      reward/action_acc: -0.1495
             Metrics/twist/error_vel_xy: 0.2523
            Metrics/twist/error_vel_yaw: 0.2278
        Episode_Reward/tracking_lin_vel: 0.0874
        Episode_Reward/tracking_ang_vel: 0.0087
              Episode_Reward/feet_phase: 0.0494
     Episode_Reward/feet_phase_contrast: 0.0796
     Episode_Reward/feet_contact_number: 0.0349
           Episode_Reward/feet_air_time: 0.0025
             Episode_Reward/under_speed: -0.0074
               Episode_Reward/feet_slip: -0.0003
          Episode_Reward/feet_clearance: -0.0008
               Episode_Reward/lin_vel_z: -0.0017
              Episode_Reward/ang_vel_xy: -0.0306
             Episode_Reward/base_height: -0.0689
             Episode_Reward/orientation: -0.0424
                    Episode_Reward/pose: -0.0012
             Episode_Reward/action_rate: -0.0038
              Episode_Reward/action_acc: -0.0113
           Episode_Termination/time_out: 0.0000
    Episode_Termination/bad_orientation: 3.5238
--------------------------------------------------------------------------------
                         Iteration time: 0.53s
                           Time elapsed: 00:00:42
                                    ETA: 00:01:17

################################################################################
[1m                           Learning iteration 88/250                            [0m 

                            Total steps: 1093632 
                       Steps per second: 23194 
                        Collection time: 0.461s 
                          Learning time: 0.069s 
                        Mean value loss: 0.0807
                    Mean surrogate loss: -0.0066
                      Mean entropy loss: 5.7289
                            Mean reward: 2.69
                    Mean episode length: 92.06
                        Mean action std: 0.43
                reward/tracking_lin_vel: 1.0571
                reward/tracking_ang_vel: 0.1300
                      reward/feet_phase: 0.3348
             reward/feet_phase_contrast: 0.5787
             reward/feet_contact_number: 0.4630
                   reward/feet_air_time: 0.0066
                     reward/under_speed: -0.1613
                       reward/feet_slip: -0.0017
                  reward/feet_clearance: -0.0066
                       reward/lin_vel_z: -0.0079
                      reward/ang_vel_xy: -0.1578
                     reward/base_height: -0.2803
                     reward/orientation: -0.1838
                            reward/pose: -0.0164
                     reward/action_rate: -0.0495
                      reward/action_acc: -0.1500
             Metrics/twist/error_vel_xy: 0.2880
            Metrics/twist/error_vel_yaw: 0.2447
        Episode_Reward/tracking_lin_vel: 0.1384
        Episode_Reward/tracking_ang_vel: 0.0151
              Episode_Reward/feet_phase: 0.0643
     Episode_Reward/feet_phase_contrast: 0.1073
     Episode_Reward/feet_contact_number: 0.0570
           Episode_Reward/feet_air_time: 0.0039
             Episode_Reward/under_speed: -0.0163
               Episode_Reward/feet_slip: -0.0003
          Episode_Reward/feet_clearance: -0.0010
               Episode_Reward/lin_vel_z: -0.0018
              Episode_Reward/ang_vel_xy: -0.0312
             Episode_Reward/base_height: -0.0665
             Episode_Reward/orientation: -0.0429
                    Episode_Reward/pose: -0.0027
             Episode_Reward/action_rate: -0.0062
              Episode_Reward/action_acc: -0.0187
           Episode_Termination/time_out: 0.0909
    Episode_Termination/bad_orientation: 2.3182
--------------------------------------------------------------------------------
                         Iteration time: 0.53s
                           Time elapsed: 00:00:42
                                    ETA: 00:01:17

################################################################################
[1m                           Learning iteration 89/250                            [0m 

                            Total steps: 1105920 
                       Steps per second: 22668 
                        Collection time: 0.464s 
                          Learning time: 0.078s 
                        Mean value loss: 0.0772
                    Mean surrogate loss: -0.0085
                      Mean entropy loss: 5.7241
                            Mean reward: 2.40
                    Mean episode length: 87.51
                        Mean action std: 0.43
                reward/tracking_lin_vel: 1.0346
                reward/tracking_ang_vel: 0.1321
                      reward/feet_phase: 0.3289
             reward/feet_phase_contrast: 0.4880
             reward/feet_contact_number: 0.4655
                   reward/feet_air_time: 0.0057
                     reward/under_speed: -0.1697
                       reward/feet_slip: -0.0015
                  reward/feet_clearance: -0.0062
                       reward/lin_vel_z: -0.0061
                      reward/ang_vel_xy: -0.1280
                     reward/base_height: -0.1986
                     reward/orientation: -0.1325
                            reward/pose: -0.0157
                     reward/action_rate: -0.0499
                      reward/action_acc: -0.1513
             Metrics/twist/error_vel_xy: 0.2558
            Metrics/twist/error_vel_yaw: 0.2040
        Episode_Reward/tracking_lin_vel: 0.0686
        Episode_Reward/tracking_ang_vel: 0.0072
              Episode_Reward/feet_phase: 0.0444
     Episode_Reward/feet_phase_contrast: 0.0736
     Episode_Reward/feet_contact_number: 0.0292
           Episode_Reward/feet_air_time: 0.0014
             Episode_Reward/under_speed: -0.0056
               Episode_Reward/feet_slip: -0.0003
          Episode_Reward/feet_clearance: -0.0006
               Episode_Reward/lin_vel_z: -0.0018
              Episode_Reward/ang_vel_xy: -0.0304
             Episode_Reward/base_height: -0.0675
             Episode_Reward/orientation: -0.0411
                    Episode_Reward/pose: -0.0009
             Episode_Reward/action_rate: -0.0032
              Episode_Reward/action_acc: -0.0094
           Episode_Termination/time_out: 0.0000
    Episode_Termination/bad_orientation: 1.8421
--------------------------------------------------------------------------------
                         Iteration time: 0.54s
                           Time elapsed: 00:00:43
                                    ETA: 00:01:16

################################################################################
[1m                           Learning iteration 90/250                            [0m 

                            Total steps: 1118208 
                       Steps per second: 22464 
                        Collection time: 0.479s 
                          Learning time: 0.068s 
                        Mean value loss: 0.0589
                    Mean surrogate loss: -0.0073
                      Mean entropy loss: 5.7154
                            Mean reward: 2.21
                    Mean episode length: 85.86
                        Mean action std: 0.43
                reward/tracking_lin_vel: 1.0469
                reward/tracking_ang_vel: 0.1338
                      reward/feet_phase: 0.2628
             reward/feet_phase_contrast: 0.4950
             reward/feet_contact_number: 0.4597
                   reward/feet_air_time: 0.0066
                     reward/under_speed: -0.1724
                       reward/feet_slip: -0.0013
                  reward/feet_clearance: -0.0059
                       reward/lin_vel_z: -0.0041
                      reward/ang_vel_xy: -0.1068
                     reward/base_height: -0.1500
                     reward/orientation: -0.1066
                            reward/pose: -0.0151
                     reward/action_rate: -0.0497
                      reward/action_acc: -0.1506
             Metrics/twist/error_vel_xy: 0.2723
            Metrics/twist/error_vel_yaw: 0.1976
        Episode_Reward/tracking_lin_vel: 0.0652
        Episode_Reward/tracking_ang_vel: 0.0075
              Episode_Reward/feet_phase: 0.0406
     Episode_Reward/feet_phase_contrast: 0.0644
     Episode_Reward/feet_contact_number: 0.0298
           Episode_Reward/feet_air_time: 0.0019
             Episode_Reward/under_speed: -0.0068
               Episode_Reward/feet_slip: -0.0003
          Episode_Reward/feet_clearance: -0.0006
               Episode_Reward/lin_vel_z: -0.0015
              Episode_Reward/ang_vel_xy: -0.0306
             Episode_Reward/base_height: -0.0714
             Episode_Reward/orientation: -0.0415
                    Episode_Reward/pose: -0.0009
             Episode_Reward/action_rate: -0.0032
              Episode_Reward/action_acc: -0.0096
           Episode_Termination/time_out: 0.0000
    Episode_Termination/bad_orientation: 1.4444
--------------------------------------------------------------------------------
                         Iteration time: 0.55s
                           Time elapsed: 00:00:43
                                    ETA: 00:01:16

################################################################################
[1m                           Learning iteration 91/250                            [0m 

                            Total steps: 1130496 
                       Steps per second: 23484 
                        Collection time: 0.451s 
                          Learning time: 0.072s 
                        Mean value loss: 0.0508
                    Mean surrogate loss: -0.0078
                      Mean entropy loss: 5.7075
                            Mean reward: 2.12
                    Mean episode length: 87.60
                        Mean action std: 0.43
                reward/tracking_lin_vel: 1.0582
                reward/tracking_ang_vel: 0.1346
                      reward/feet_phase: 0.2461
             reward/feet_phase_contrast: 0.4729
             reward/feet_contact_number: 0.4659
                   reward/feet_air_time: 0.0054
                     reward/under_speed: -0.1749
                       reward/feet_slip: -0.0013
                  reward/feet_clearance: -0.0060
                       reward/lin_vel_z: -0.0036
                      reward/ang_vel_xy: -0.0948
                     reward/base_height: -0.1333
                     reward/orientation: -0.0889
                            reward/pose: -0.0150
                     reward/action_rate: -0.0501
                      reward/action_acc: -0.1517
--------------------------------------------------------------------------------
                         Iteration time: 0.52s
                           Time elapsed: 00:00:44
                                    ETA: 00:01:15

################################################################################
[1m                           Learning iteration 92/250                            [0m 

                            Total steps: 1142784 
                       Steps per second: 22937 
                        Collection time: 0.467s 
                          Learning time: 0.069s 
                        Mean value loss: 0.0370
                    Mean surrogate loss: -0.0105
                      Mean entropy loss: 5.6930
                            Mean reward: 3.33
                    Mean episode length: 123.67
                        Mean action std: 0.43
                reward/tracking_lin_vel: 1.0501
                reward/tracking_ang_vel: 0.1360
                      reward/feet_phase: 0.2910
             reward/feet_phase_contrast: 0.4439
             reward/feet_contact_number: 0.4622
                   reward/feet_air_time: 0.0046
                     reward/under_speed: -0.1765
                       reward/feet_slip: -0.0012
                  reward/feet_clearance: -0.0056
                       reward/lin_vel_z: -0.0031
                      reward/ang_vel_xy: -0.0839
                     reward/base_height: -0.0831
                     reward/orientation: -0.0786
                            reward/pose: -0.0147
                     reward/action_rate: -0.0501
                      reward/action_acc: -0.1522
             Metrics/twist/error_vel_xy: 0.3439
            Metrics/twist/error_vel_yaw: 0.2469
        Episode_Reward/tracking_lin_vel: 0.3354
        Episode_Reward/tracking_ang_vel: 0.0416
              Episode_Reward/feet_phase: 0.0948
     Episode_Reward/feet_phase_contrast: 0.1656
     Episode_Reward/feet_contact_number: 0.1462
           Episode_Reward/feet_air_time: 0.0014
             Episode_Reward/under_speed: -0.0529
               Episode_Reward/feet_slip: -0.0006
          Episode_Reward/feet_clearance: -0.0023
               Episode_Reward/lin_vel_z: -0.0017
              Episode_Reward/ang_vel_xy: -0.0353
             Episode_Reward/base_height: -0.0581
             Episode_Reward/orientation: -0.0417
                    Episode_Reward/pose: -0.0061
             Episode_Reward/action_rate: -0.0159
              Episode_Reward/action_acc: -0.0481
           Episode_Termination/time_out: 0.3846
    Episode_Termination/bad_orientation: 0.9231
--------------------------------------------------------------------------------
                         Iteration time: 0.54s
                           Time elapsed: 00:00:44
                                    ETA: 00:01:15

################################################################################
[1m                           Learning iteration 93/250                            [0m 

                            Total steps: 1155072 
                       Steps per second: 20830 
                        Collection time: 0.513s 
                          Learning time: 0.077s 
                        Mean value loss: 0.0396
                    Mean surrogate loss: -0.0095
                      Mean entropy loss: 5.6630
                            Mean reward: 4.32
                    Mean episode length: 150.41
                        Mean action std: 0.43
                reward/tracking_lin_vel: 1.0609
                reward/tracking_ang_vel: 0.1361
                      reward/feet_phase: 0.2899
             reward/feet_phase_contrast: 0.4677
             reward/feet_contact_number: 0.4663
                   reward/feet_air_time: 0.0031
                     reward/under_speed: -0.1755
                       reward/feet_slip: -0.0012
                  reward/feet_clearance: -0.0058
                       reward/lin_vel_z: -0.0033
                      reward/ang_vel_xy: -0.0929
                     reward/base_height: -0.1243
                     reward/orientation: -0.0815
                            reward/pose: -0.0143
                     reward/action_rate: -0.0496
                      reward/action_acc: -0.1497
--------------------------------------------------------------------------------
                         Iteration time: 0.59s
                           Time elapsed: 00:00:45
                                    ETA: 00:01:15

################################################################################
[1m                           Learning iteration 94/250                            [0m 

                            Total steps: 1167360 
                       Steps per second: 18983 
                        Collection time: 0.567s 
                          Learning time: 0.080s 
                        Mean value loss: 0.0356
                    Mean surrogate loss: -0.0087
                      Mean entropy loss: 5.6436
                            Mean reward: 4.67
                    Mean episode length: 160.98
                        Mean action std: 0.43
                reward/tracking_lin_vel: 1.0594
                reward/tracking_ang_vel: 0.1360
                      reward/feet_phase: 0.2213
             reward/feet_phase_contrast: 0.4404
             reward/feet_contact_number: 0.4608
                   reward/feet_air_time: 0.0021
                     reward/under_speed: -0.1778
                       reward/feet_slip: -0.0011
                  reward/feet_clearance: -0.0055
                       reward/lin_vel_z: -0.0026
                      reward/ang_vel_xy: -0.0787
                     reward/base_height: -0.0778
                     reward/orientation: -0.0664
                            reward/pose: -0.0143
                     reward/action_rate: -0.0498
                      reward/action_acc: -0.1510
             Metrics/twist/error_vel_xy: 0.2836
            Metrics/twist/error_vel_yaw: 0.2242
        Episode_Reward/tracking_lin_vel: 0.2111
        Episode_Reward/tracking_ang_vel: 0.0245
              Episode_Reward/feet_phase: 0.0760
     Episode_Reward/feet_phase_contrast: 0.1270
     Episode_Reward/feet_contact_number: 0.0877
           Episode_Reward/feet_air_time: 0.0033
             Episode_Reward/under_speed: -0.0281
               Episode_Reward/feet_slip: -0.0005
          Episode_Reward/feet_clearance: -0.0019
               Episode_Reward/lin_vel_z: -0.0015
              Episode_Reward/ang_vel_xy: -0.0325
             Episode_Reward/base_height: -0.0690
             Episode_Reward/orientation: -0.0408
                    Episode_Reward/pose: -0.0033
             Episode_Reward/action_rate: -0.0094
              Episode_Reward/action_acc: -0.0286
           Episode_Termination/time_out: 0.1250
    Episode_Termination/bad_orientation: 1.2500
--------------------------------------------------------------------------------
                         Iteration time: 0.65s
                           Time elapsed: 00:00:45
                                    ETA: 00:01:14

################################################################################
[1m                           Learning iteration 95/250                            [0m 

                            Total steps: 1179648 
                       Steps per second: 19499 
                        Collection time: 0.557s 
                          Learning time: 0.073s 
                        Mean value loss: 0.0386
                    Mean surrogate loss: -0.0091
                      Mean entropy loss: 5.6206
                            Mean reward: 6.46
                    Mean episode length: 206.74
                        Mean action std: 0.42
                reward/tracking_lin_vel: 1.0639
                reward/tracking_ang_vel: 0.1368
                      reward/feet_phase: 0.2460
             reward/feet_phase_contrast: 0.4410
             reward/feet_contact_number: 0.4675
                   reward/feet_air_time: 0.0014
                     reward/under_speed: -0.1788
                       reward/feet_slip: -0.0011
                  reward/feet_clearance: -0.0056
                       reward/lin_vel_z: -0.0025
                      reward/ang_vel_xy: -0.0782
                     reward/base_height: -0.0610
                     reward/orientation: -0.0591
                            reward/pose: -0.0141
                     reward/action_rate: -0.0499
                      reward/action_acc: -0.1510
--------------------------------------------------------------------------------
                         Iteration time: 0.63s
                           Time elapsed: 00:00:46
                                    ETA: 00:01:14

################################################################################
[1m                           Learning iteration 96/250                            [0m 

                            Total steps: 1191936 
                       Steps per second: 22683 
                        Collection time: 0.470s 
                          Learning time: 0.072s 
                        Mean value loss: 0.0288
                    Mean surrogate loss: -0.0081
                      Mean entropy loss: 5.6082
                            Mean reward: 7.10
                    Mean episode length: 225.67
                        Mean action std: 0.42
                reward/tracking_lin_vel: 1.0680
                reward/tracking_ang_vel: 0.1374
                      reward/feet_phase: 0.3029
             reward/feet_phase_contrast: 0.4408
             reward/feet_contact_number: 0.4616
                   reward/feet_air_time: 0.0017
                     reward/under_speed: -0.1787
                       reward/feet_slip: -0.0010
                  reward/feet_clearance: -0.0054
                       reward/lin_vel_z: -0.0021
                      reward/ang_vel_xy: -0.0707
                     reward/base_height: -0.0528
                     reward/orientation: -0.0509
                            reward/pose: -0.0141
                     reward/action_rate: -0.0496
                      reward/action_acc: -0.1506
             Metrics/twist/error_vel_xy: 0.3029
            Metrics/twist/error_vel_yaw: 0.2013
        Episode_Reward/tracking_lin_vel: 0.2582
        Episode_Reward/tracking_ang_vel: 0.0307
              Episode_Reward/feet_phase: 0.0714
     Episode_Reward/feet_phase_contrast: 0.1223
     Episode_Reward/feet_contact_number: 0.1089
           Episode_Reward/feet_air_time: 0.0000
             Episode_Reward/under_speed: -0.0396
               Episode_Reward/feet_slip: -0.0004
          Episode_Reward/feet_clearance: -0.0016
               Episode_Reward/lin_vel_z: -0.0015
              Episode_Reward/ang_vel_xy: -0.0352
             Episode_Reward/base_height: -0.0656
             Episode_Reward/orientation: -0.0377
                    Episode_Reward/pose: -0.0043
             Episode_Reward/action_rate: -0.0118
              Episode_Reward/action_acc: -0.0356
           Episode_Termination/time_out: 0.2500
    Episode_Termination/bad_orientation: 1.0000
--------------------------------------------------------------------------------
                         Iteration time: 0.54s
                           Time elapsed: 00:00:47
                                    ETA: 00:01:14

################################################################################
[1m                           Learning iteration 97/250                            [0m 

                            Total steps: 1204224 
                       Steps per second: 22456 
                        Collection time: 0.478s 
                          Learning time: 0.070s 
                        Mean value loss: 0.0236
                    Mean surrogate loss: -0.0082
                      Mean entropy loss: 5.5991
                            Mean reward: 7.89
                    Mean episode length: 243.80
                        Mean action std: 0.42
                reward/tracking_lin_vel: 1.0724
                reward/tracking_ang_vel: 0.1380
                      reward/feet_phase: 0.2387
             reward/feet_phase_contrast: 0.4406
             reward/feet_contact_number: 0.4687
                   reward/feet_air_time: 0.0014
                     reward/under_speed: -0.1796
                       reward/feet_slip: -0.0011
                  reward/feet_clearance: -0.0054
                       reward/lin_vel_z: -0.0022
                      reward/ang_vel_xy: -0.0680
                     reward/base_height: -0.0488
                     reward/orientation: -0.0525
                            reward/pose: -0.0138
                     reward/action_rate: -0.0499
                      reward/action_acc: -0.1503
--------------------------------------------------------------------------------
                         Iteration time: 0.55s
                           Time elapsed: 00:00:47
                                    ETA: 00:01:13

################################################################################
[1m                           Learning iteration 98/250                            [0m 

                            Total steps: 1216512 
                       Steps per second: 23696 
                        Collection time: 0.443s 
                          Learning time: 0.075s 
                        Mean value loss: 0.0235
                    Mean surrogate loss: -0.0091
                      Mean entropy loss: 5.5691
                            Mean reward: 8.65
                    Mean episode length: 262.28
                        Mean action std: 0.42
                reward/tracking_lin_vel: 1.0737
                reward/tracking_ang_vel: 0.1390
                      reward/feet_phase: 0.2116
             reward/feet_phase_contrast: 0.4278
             reward/feet_contact_number: 0.4645
                   reward/feet_air_time: 0.0001
                     reward/under_speed: -0.1801
                       reward/feet_slip: -0.0010
                  reward/feet_clearance: -0.0054
                       reward/lin_vel_z: -0.0018
                      reward/ang_vel_xy: -0.0623
                     reward/base_height: -0.0268
                     reward/orientation: -0.0413
                            reward/pose: -0.0136
                     reward/action_rate: -0.0496
                      reward/action_acc: -0.1498
             Metrics/twist/error_vel_xy: 0.2924
            Metrics/twist/error_vel_yaw: 0.2439
        Episode_Reward/tracking_lin_vel: 0.3957
        Episode_Reward/tracking_ang_vel: 0.0467
              Episode_Reward/feet_phase: 0.1209
     Episode_Reward/feet_phase_contrast: 0.2004
     Episode_Reward/feet_contact_number: 0.1656
           Episode_Reward/feet_air_time: 0.0026
             Episode_Reward/under_speed: -0.0589
               Episode_Reward/feet_slip: -0.0005
          Episode_Reward/feet_clearance: -0.0022
               Episode_Reward/lin_vel_z: -0.0020
              Episode_Reward/ang_vel_xy: -0.0369
             Episode_Reward/base_height: -0.0473
             Episode_Reward/orientation: -0.0419
                    Episode_Reward/pose: -0.0060
             Episode_Reward/action_rate: -0.0181
              Episode_Reward/action_acc: -0.0550
           Episode_Termination/time_out: 0.4000
    Episode_Termination/bad_orientation: 0.8000
--------------------------------------------------------------------------------
                         Iteration time: 0.52s
                           Time elapsed: 00:00:48
                                    ETA: 00:01:13

################################################################################
[1m                           Learning iteration 99/250                            [0m 

                            Total steps: 1228800 
                       Steps per second: 23139 
                        Collection time: 0.465s 
                          Learning time: 0.066s 
                        Mean value loss: 2.5620
                    Mean surrogate loss: -0.0082
                      Mean entropy loss: 5.5510
                            Mean reward: 9.53
                    Mean episode length: 282.99
                        Mean action std: 0.42
                reward/tracking_lin_vel: 1.0706
                reward/tracking_ang_vel: 0.1385
                      reward/feet_phase: 0.2795
             reward/feet_phase_contrast: 0.4427
             reward/feet_contact_number: 0.4697
                   reward/feet_air_time: 0.0002
                     reward/under_speed: -0.1802
                       reward/feet_slip: -0.0010
                  reward/feet_clearance: -0.0054
                       reward/lin_vel_z: -0.0020
                      reward/ang_vel_xy: -0.0655
                     reward/base_height: -0.0379
                     reward/orientation: -0.0475
                            reward/pose: -0.0136
                     reward/action_rate: -0.0494
                      reward/action_acc: -0.1495
--------------------------------------------------------------------------------
                         Iteration time: 0.53s
                           Time elapsed: 00:00:48
                                    ETA: 00:01:13

################################################################################
[1m                           Learning iteration 100/250                           [0m 

                            Total steps: 1241088 
                       Steps per second: 30982 
                        Collection time: 0.330s 
                          Learning time: 0.067s 
                        Mean value loss: 0.3766
                    Mean surrogate loss: -0.0104
                      Mean entropy loss: 5.5497
                            Mean reward: 13.20
                    Mean episode length: 396.25
                        Mean action std: 0.42
                reward/tracking_lin_vel: 0.5287
                reward/tracking_ang_vel: 0.1103
                      reward/feet_phase: 0.4644
             reward/feet_phase_contrast: 0.7619
             reward/feet_contact_number: 0.4420
                   reward/feet_air_time: 0.1498
                     reward/under_speed: -0.1135
                       reward/feet_slip: -0.0051
                  reward/feet_clearance: -0.0173
                       reward/lin_vel_z: -0.0300
                      reward/ang_vel_xy: -0.5181
                     reward/base_height: -0.5036
                     reward/orientation: -0.4567
                            reward/pose: -0.0156
                     reward/action_rate: -0.0503
                      reward/action_acc: -0.1499
--------------------------------------------------------------------------------
                         Iteration time: 0.40s
                           Time elapsed: 00:00:49
                                    ETA: 00:01:12

################################################################################
[1m                           Learning iteration 101/250                           [0m 

                            Total steps: 1253376 
                       Steps per second: 26941 
                        Collection time: 0.392s 
                          Learning time: 0.064s 
                        Mean value loss: 0.2479
                    Mean surrogate loss: -0.0104
                      Mean entropy loss: 5.5448
                            Mean reward: 12.36
                    Mean episode length: 408.60
                        Mean action std: 0.42
                reward/tracking_lin_vel: 0.8862
                reward/tracking_ang_vel: 0.1182
                      reward/feet_phase: 0.5052
             reward/feet_phase_contrast: 0.8406
             reward/feet_contact_number: 0.4394
                   reward/feet_air_time: 0.0682
                     reward/under_speed: -0.1226
                       reward/feet_slip: -0.0036
                  reward/feet_clearance: -0.0133
                       reward/lin_vel_z: -0.0279
                      reward/ang_vel_xy: -0.5409
                     reward/base_height: -1.6165
                     reward/orientation: -0.6128
                            reward/pose: -0.0118
                     reward/action_rate: -0.0504
                      reward/action_acc: -0.1494
             Metrics/twist/error_vel_xy: 0.4126
            Metrics/twist/error_vel_yaw: 0.2419
        Episode_Reward/tracking_lin_vel: 0.4118
        Episode_Reward/tracking_ang_vel: 0.0533
              Episode_Reward/feet_phase: 0.1137
     Episode_Reward/feet_phase_contrast: 0.1935
     Episode_Reward/feet_contact_number: 0.1861
           Episode_Reward/feet_air_time: 0.0075
             Episode_Reward/under_speed: -0.0688
               Episode_Reward/feet_slip: -0.0006
          Episode_Reward/feet_clearance: -0.0027
               Episode_Reward/lin_vel_z: -0.0022
              Episode_Reward/ang_vel_xy: -0.0526
             Episode_Reward/base_height: -0.0861
             Episode_Reward/orientation: -0.0492
                    Episode_Reward/pose: -0.0062
             Episode_Reward/action_rate: -0.0201
              Episode_Reward/action_acc: -0.0609
           Episode_Termination/time_out: 0.0000
    Episode_Termination/bad_orientation: 11.7500
--------------------------------------------------------------------------------
                         Iteration time: 0.46s
                           Time elapsed: 00:00:49
                                    ETA: 00:01:11

################################################################################
[1m                           Learning iteration 102/250                           [0m 

                            Total steps: 1265664 
                       Steps per second: 26246 
                        Collection time: 0.398s 
                          Learning time: 0.071s 
                        Mean value loss: 0.1700
                    Mean surrogate loss: -0.0090
                      Mean entropy loss: 5.5418
                            Mean reward: 10.60
                    Mean episode length: 348.36
                        Mean action std: 0.42
                reward/tracking_lin_vel: 1.0913
                reward/tracking_ang_vel: 0.1265
                      reward/feet_phase: 0.4538
             reward/feet_phase_contrast: 0.7895
             reward/feet_contact_number: 0.4569
                   reward/feet_air_time: 0.0212
                     reward/under_speed: -0.1409
                       reward/feet_slip: -0.0023
                  reward/feet_clearance: -0.0081
                       reward/lin_vel_z: -0.0090
                      reward/ang_vel_xy: -0.2137
                     reward/base_height: -0.4418
                     reward/orientation: -0.2552
                            reward/pose: -0.0137
                     reward/action_rate: -0.0497
                      reward/action_acc: -0.1485
             Metrics/twist/error_vel_xy: 0.3560
            Metrics/twist/error_vel_yaw: 0.2264
        Episode_Reward/tracking_lin_vel: 0.3277
        Episode_Reward/tracking_ang_vel: 0.0406
              Episode_Reward/feet_phase: 0.0931
     Episode_Reward/feet_phase_contrast: 0.1570
     Episode_Reward/feet_contact_number: 0.1441
           Episode_Reward/feet_air_time: 0.0047
             Episode_Reward/under_speed: -0.0522
               Episode_Reward/feet_slip: -0.0005
          Episode_Reward/feet_clearance: -0.0022
               Episode_Reward/lin_vel_z: -0.0019
              Episode_Reward/ang_vel_xy: -0.0460
             Episode_Reward/base_height: -0.0824
             Episode_Reward/orientation: -0.0502
                    Episode_Reward/pose: -0.0048
             Episode_Reward/action_rate: -0.0156
              Episode_Reward/action_acc: -0.0471
           Episode_Termination/time_out: 0.0000
    Episode_Termination/bad_orientation: 3.0455
--------------------------------------------------------------------------------
                         Iteration time: 0.47s
                           Time elapsed: 00:00:50
                                    ETA: 00:01:11

################################################################################
[1m                           Learning iteration 103/250                           [0m 

                            Total steps: 1277952 
                       Steps per second: 24190 
                        Collection time: 0.442s 
                          Learning time: 0.066s 
                        Mean value loss: 0.0933
                    Mean surrogate loss: -0.0093
                      Mean entropy loss: 5.5407
                            Mean reward: 2.94
                    Mean episode length: 131.80
                        Mean action std: 0.42
                reward/tracking_lin_vel: 1.0316
                reward/tracking_ang_vel: 0.1294
                      reward/feet_phase: 0.4248
             reward/feet_phase_contrast: 0.6256
             reward/feet_contact_number: 0.4610
                   reward/feet_air_time: 0.0087
                     reward/under_speed: -0.1529
                       reward/feet_slip: -0.0021
                  reward/feet_clearance: -0.0074
                       reward/lin_vel_z: -0.0104
                      reward/ang_vel_xy: -0.2079
                     reward/base_height: -0.4086
                     reward/orientation: -0.2440
                            reward/pose: -0.0136
                     reward/action_rate: -0.0496
                      reward/action_acc: -0.1486
             Metrics/twist/error_vel_xy: 0.3097
            Metrics/twist/error_vel_yaw: 0.1920
        Episode_Reward/tracking_lin_vel: 0.1159
        Episode_Reward/tracking_ang_vel: 0.0150
              Episode_Reward/feet_phase: 0.0499
     Episode_Reward/feet_phase_contrast: 0.0827
     Episode_Reward/feet_contact_number: 0.0550
           Episode_Reward/feet_air_time: 0.0032
             Episode_Reward/under_speed: -0.0168
               Episode_Reward/feet_slip: -0.0003
          Episode_Reward/feet_clearance: -0.0010
               Episode_Reward/lin_vel_z: -0.0017
              Episode_Reward/ang_vel_xy: -0.0352
             Episode_Reward/base_height: -0.0705
             Episode_Reward/orientation: -0.0416
                    Episode_Reward/pose: -0.0017
             Episode_Reward/action_rate: -0.0060
              Episode_Reward/action_acc: -0.0180
           Episode_Termination/time_out: 0.0000
    Episode_Termination/bad_orientation: 3.1667
--------------------------------------------------------------------------------
                         Iteration time: 0.51s
                           Time elapsed: 00:00:50
                                    ETA: 00:01:10

################################################################################
[1m                           Learning iteration 104/250                           [0m 

                            Total steps: 1290240 
                       Steps per second: 23961 
                        Collection time: 0.445s 
                          Learning time: 0.068s 
                        Mean value loss: 0.0796
                    Mean surrogate loss: -0.0092
                      Mean entropy loss: 5.5370
                            Mean reward: 2.59
                    Mean episode length: 98.86
                        Mean action std: 0.42
                reward/tracking_lin_vel: 1.0306
                reward/tracking_ang_vel: 0.1316
                      reward/feet_phase: 0.3344
             reward/feet_phase_contrast: 0.5721
             reward/feet_contact_number: 0.4583
                   reward/feet_air_time: 0.0094
                     reward/under_speed: -0.1632
                       reward/feet_slip: -0.0018
                  reward/feet_clearance: -0.0068
                       reward/lin_vel_z: -0.0078
                      reward/ang_vel_xy: -0.1495
                     reward/base_height: -0.2524
                     reward/orientation: -0.1634
                            reward/pose: -0.0124
                     reward/action_rate: -0.0498
                      reward/action_acc: -0.1500
             Metrics/twist/error_vel_xy: 0.2384
            Metrics/twist/error_vel_yaw: 0.2039
        Episode_Reward/tracking_lin_vel: 0.0795
        Episode_Reward/tracking_ang_vel: 0.0079
              Episode_Reward/feet_phase: 0.0548
     Episode_Reward/feet_phase_contrast: 0.0862
     Episode_Reward/feet_contact_number: 0.0294
           Episode_Reward/feet_air_time: 0.0023
             Episode_Reward/under_speed: -0.0049
               Episode_Reward/feet_slip: -0.0003
          Episode_Reward/feet_clearance: -0.0007
               Episode_Reward/lin_vel_z: -0.0019
              Episode_Reward/ang_vel_xy: -0.0296
             Episode_Reward/base_height: -0.0647
             Episode_Reward/orientation: -0.0432
                    Episode_Reward/pose: -0.0009
             Episode_Reward/action_rate: -0.0033
              Episode_Reward/action_acc: -0.0099
           Episode_Termination/time_out: 0.0000
    Episode_Termination/bad_orientation: 2.2857
--------------------------------------------------------------------------------
                         Iteration time: 0.51s
                           Time elapsed: 00:00:51
                                    ETA: 00:01:10

################################################################################
[1m                           Learning iteration 105/250                           [0m 

                            Total steps: 1302528 
                       Steps per second: 23893 
                        Collection time: 0.446s 
                          Learning time: 0.068s 
                        Mean value loss: 0.0783
                    Mean surrogate loss: -0.0088
                      Mean entropy loss: 5.5337
                            Mean reward: 1.71
                    Mean episode length: 72.43
                        Mean action std: 0.42
                reward/tracking_lin_vel: 1.0318
                reward/tracking_ang_vel: 0.1328
                      reward/feet_phase: 0.2775
             reward/feet_phase_contrast: 0.5161
             reward/feet_contact_number: 0.4637
                   reward/feet_air_time: 0.0064
                     reward/under_speed: -0.1698
                       reward/feet_slip: -0.0014
                  reward/feet_clearance: -0.0063
                       reward/lin_vel_z: -0.0050
                      reward/ang_vel_xy: -0.1159
                     reward/base_height: -0.1621
                     reward/orientation: -0.1213
                            reward/pose: -0.0122
                     reward/action_rate: -0.0500
                      reward/action_acc: -0.1507
--------------------------------------------------------------------------------
                         Iteration time: 0.51s
                           Time elapsed: 00:00:51
                                    ETA: 00:01:10

################################################################################
[1m                           Learning iteration 106/250                           [0m 

                            Total steps: 1314816 
                       Steps per second: 22961 
                        Collection time: 0.462s 
                          Learning time: 0.073s 
                        Mean value loss: 0.0452
                    Mean surrogate loss: -0.0087
                      Mean entropy loss: 5.5280
                            Mean reward: 1.48
                    Mean episode length: 67.45
                        Mean action std: 0.42
                reward/tracking_lin_vel: 1.0205
                reward/tracking_ang_vel: 0.1336
                      reward/feet_phase: 0.2734
             reward/feet_phase_contrast: 0.4667
             reward/feet_contact_number: 0.4650
                   reward/feet_air_time: 0.0023
                     reward/under_speed: -0.1749
                       reward/feet_slip: -0.0014
                  reward/feet_clearance: -0.0061
                       reward/lin_vel_z: -0.0047
                      reward/ang_vel_xy: -0.1086
                     reward/base_height: -0.1509
                     reward/orientation: -0.1081
                            reward/pose: -0.0113
                     reward/action_rate: -0.0502
                      reward/action_acc: -0.1509
             Metrics/twist/error_vel_xy: 0.2570
            Metrics/twist/error_vel_yaw: 0.1930
        Episode_Reward/tracking_lin_vel: 0.0650
        Episode_Reward/tracking_ang_vel: 0.0074
              Episode_Reward/feet_phase: 0.0399
     Episode_Reward/feet_phase_contrast: 0.0667
     Episode_Reward/feet_contact_number: 0.0288
           Episode_Reward/feet_air_time: 0.0028
             Episode_Reward/under_speed: -0.0058
               Episode_Reward/feet_slip: -0.0003
          Episode_Reward/feet_clearance: -0.0007
               Episode_Reward/lin_vel_z: -0.0019
              Episode_Reward/ang_vel_xy: -0.0307
             Episode_Reward/base_height: -0.0656
             Episode_Reward/orientation: -0.0418
                    Episode_Reward/pose: -0.0007
             Episode_Reward/action_rate: -0.0032
              Episode_Reward/action_acc: -0.0093
           Episode_Termination/time_out: 0.0000
    Episode_Termination/bad_orientation: 1.5625
--------------------------------------------------------------------------------
                         Iteration time: 0.54s
                           Time elapsed: 00:00:52
                                    ETA: 00:01:09

################################################################################
[1m                           Learning iteration 107/250                           [0m 

                            Total steps: 1327104 
                       Steps per second: 23266 
                        Collection time: 0.461s 
                          Learning time: 0.067s 
                        Mean value loss: 0.0500
                    Mean surrogate loss: -0.0089
                      Mean entropy loss: 5.5205
                            Mean reward: 1.29
                    Mean episode length: 68.66
                        Mean action std: 0.42
                reward/tracking_lin_vel: 1.0393
                reward/tracking_ang_vel: 0.1366
                      reward/feet_phase: 0.3154
             reward/feet_phase_contrast: 0.4713
             reward/feet_contact_number: 0.4652
                   reward/feet_air_time: 0.0020
                     reward/under_speed: -0.1768
                       reward/feet_slip: -0.0012
                  reward/feet_clearance: -0.0059
                       reward/lin_vel_z: -0.0030
                      reward/ang_vel_xy: -0.0893
                     reward/base_height: -0.1032
                     reward/orientation: -0.0748
                            reward/pose: -0.0109
                     reward/action_rate: -0.0502
                      reward/action_acc: -0.1518
             Metrics/twist/error_vel_xy: 0.2751
            Metrics/twist/error_vel_yaw: 0.2008
        Episode_Reward/tracking_lin_vel: 0.0659
        Episode_Reward/tracking_ang_vel: 0.0077
              Episode_Reward/feet_phase: 0.0445
     Episode_Reward/feet_phase_contrast: 0.0709
     Episode_Reward/feet_contact_number: 0.0301
           Episode_Reward/feet_air_time: 0.0010
             Episode_Reward/under_speed: -0.0077
               Episode_Reward/feet_slip: -0.0003
          Episode_Reward/feet_clearance: -0.0007
               Episode_Reward/lin_vel_z: -0.0014
              Episode_Reward/ang_vel_xy: -0.0307
             Episode_Reward/base_height: -0.0694
             Episode_Reward/orientation: -0.0415
                    Episode_Reward/pose: -0.0008
             Episode_Reward/action_rate: -0.0036
              Episode_Reward/action_acc: -0.0107
           Episode_Termination/time_out: 0.0000
    Episode_Termination/bad_orientation: 1.6364
--------------------------------------------------------------------------------
                         Iteration time: 0.53s
                           Time elapsed: 00:00:52
                                    ETA: 00:01:09

################################################################################
[1m                           Learning iteration 108/250                           [0m 

                            Total steps: 1339392 
                       Steps per second: 24161 
                        Collection time: 0.442s 
                          Learning time: 0.067s 
                        Mean value loss: 0.0273
                    Mean surrogate loss: -0.0084
                      Mean entropy loss: 5.5137
                            Mean reward: 1.20
                    Mean episode length: 69.35
                        Mean action std: 0.42
                reward/tracking_lin_vel: 1.0488
                reward/tracking_ang_vel: 0.1366
                      reward/feet_phase: 0.2369
             reward/feet_phase_contrast: 0.4603
             reward/feet_contact_number: 0.4632
                   reward/feet_air_time: 0.0001
                     reward/under_speed: -0.1783
                       reward/feet_slip: -0.0012
                  reward/feet_clearance: -0.0057
                       reward/lin_vel_z: -0.0024
                      reward/ang_vel_xy: -0.0768
                     reward/base_height: -0.0704
                     reward/orientation: -0.0589
                            reward/pose: -0.0108
                     reward/action_rate: -0.0500
                      reward/action_acc: -0.1512
--------------------------------------------------------------------------------
                         Iteration time: 0.51s
                           Time elapsed: 00:00:53
                                    ETA: 00:01:08

################################################################################
[1m                           Learning iteration 109/250                           [0m 

                            Total steps: 1351680 
                       Steps per second: 22541 
                        Collection time: 0.478s 
                          Learning time: 0.067s 
                        Mean value loss: 0.0357
                    Mean surrogate loss: -0.0075
                      Mean entropy loss: 5.4924
                            Mean reward: 4.47
                    Mean episode length: 154.42
                        Mean action std: 0.42
                reward/tracking_lin_vel: 1.0477
                reward/tracking_ang_vel: 0.1383
                      reward/feet_phase: 0.2238
             reward/feet_phase_contrast: 0.4430
             reward/feet_contact_number: 0.4667
                   reward/feet_air_time: 0.0003
                     reward/under_speed: -0.1808
                       reward/feet_slip: -0.0010
                  reward/feet_clearance: -0.0056
                       reward/lin_vel_z: -0.0016
                      reward/ang_vel_xy: -0.0630
                     reward/base_height: -0.0355
                     reward/orientation: -0.0388
                            reward/pose: -0.0107
                     reward/action_rate: -0.0495
                      reward/action_acc: -0.1490
             Metrics/twist/error_vel_xy: 0.5176
            Metrics/twist/error_vel_yaw: 0.3393
        Episode_Reward/tracking_lin_vel: 0.6166
        Episode_Reward/tracking_ang_vel: 0.0785
              Episode_Reward/feet_phase: 0.1602
     Episode_Reward/feet_phase_contrast: 0.2751
     Episode_Reward/feet_contact_number: 0.2707
           Episode_Reward/feet_air_time: 0.0002
             Episode_Reward/under_speed: -0.1026
               Episode_Reward/feet_slip: -0.0007
          Episode_Reward/feet_clearance: -0.0036
               Episode_Reward/lin_vel_z: -0.0014
              Episode_Reward/ang_vel_xy: -0.0485
             Episode_Reward/base_height: -0.0436
             Episode_Reward/orientation: -0.0354
                    Episode_Reward/pose: -0.0077
             Episode_Reward/action_rate: -0.0293
              Episode_Reward/action_acc: -0.0888
           Episode_Termination/time_out: 0.8182
    Episode_Termination/bad_orientation: 0.4545
--------------------------------------------------------------------------------
                         Iteration time: 0.55s
                           Time elapsed: 00:00:53
                                    ETA: 00:01:08

################################################################################
[1m                           Learning iteration 110/250                           [0m 

                            Total steps: 1363968 
                       Steps per second: 23951 
                        Collection time: 0.444s 
                          Learning time: 0.069s 
                        Mean value loss: 0.0204
                    Mean surrogate loss: -0.0085
                      Mean entropy loss: 5.4806
                            Mean reward: 6.42
                    Mean episode length: 206.44
                        Mean action std: 0.42
                reward/tracking_lin_vel: 1.0369
                reward/tracking_ang_vel: 0.1374
                      reward/feet_phase: 0.2818
             reward/feet_phase_contrast: 0.4169
             reward/feet_contact_number: 0.4648
                   reward/feet_air_time: 0.0005
                     reward/under_speed: -0.1812
                       reward/feet_slip: -0.0011
                  reward/feet_clearance: -0.0056
                       reward/lin_vel_z: -0.0017
                      reward/ang_vel_xy: -0.0660
                     reward/base_height: -0.0311
                     reward/orientation: -0.0427
                            reward/pose: -0.0105
                     reward/action_rate: -0.0490
                      reward/action_acc: -0.1469
             Metrics/twist/error_vel_xy: 0.5900
            Metrics/twist/error_vel_yaw: 0.4036
        Episode_Reward/tracking_lin_vel: 0.7619
        Episode_Reward/tracking_ang_vel: 0.1007
              Episode_Reward/feet_phase: 0.1822
     Episode_Reward/feet_phase_contrast: 0.3142
     Episode_Reward/feet_contact_number: 0.3422
           Episode_Reward/feet_air_time: 0.0010
             Episode_Reward/under_speed: -0.1320
               Episode_Reward/feet_slip: -0.0008
          Episode_Reward/feet_clearance: -0.0045
               Episode_Reward/lin_vel_z: -0.0012
              Episode_Reward/ang_vel_xy: -0.0464
             Episode_Reward/base_height: -0.0356
             Episode_Reward/orientation: -0.0345
                    Episode_Reward/pose: -0.0102
             Episode_Reward/action_rate: -0.0362
              Episode_Reward/action_acc: -0.1095
           Episode_Termination/time_out: 0.8571
    Episode_Termination/bad_orientation: 0.2857
--------------------------------------------------------------------------------
                         Iteration time: 0.51s
                           Time elapsed: 00:00:54
                                    ETA: 00:01:07

################################################################################
[1m                           Learning iteration 111/250                           [0m 

                            Total steps: 1376256 
                       Steps per second: 23955 
                        Collection time: 0.442s 
                          Learning time: 0.071s 
                        Mean value loss: 0.0336
                    Mean surrogate loss: -0.0097
                      Mean entropy loss: 5.4603
                            Mean reward: 7.57
                    Mean episode length: 235.02
                        Mean action std: 0.42
                reward/tracking_lin_vel: 1.0551
                reward/tracking_ang_vel: 0.1394
                      reward/feet_phase: 0.2649
             reward/feet_phase_contrast: 0.4431
             reward/feet_contact_number: 0.4668
                   reward/feet_air_time: 0.0001
                     reward/under_speed: -0.1809
                       reward/feet_slip: -0.0011
                  reward/feet_clearance: -0.0055
                       reward/lin_vel_z: -0.0018
                      reward/ang_vel_xy: -0.0657
                     reward/base_height: -0.0409
                     reward/orientation: -0.0406
                            reward/pose: -0.0102
                     reward/action_rate: -0.0497
                      reward/action_acc: -0.1491
             Metrics/twist/error_vel_xy: 0.3248
            Metrics/twist/error_vel_yaw: 0.2273
        Episode_Reward/tracking_lin_vel: 0.3307
        Episode_Reward/tracking_ang_vel: 0.0403
              Episode_Reward/feet_phase: 0.0951
     Episode_Reward/feet_phase_contrast: 0.1630
     Episode_Reward/feet_contact_number: 0.1379
           Episode_Reward/feet_air_time: 0.0003
             Episode_Reward/under_speed: -0.0497
               Episode_Reward/feet_slip: -0.0005
          Episode_Reward/feet_clearance: -0.0020
               Episode_Reward/lin_vel_z: -0.0016
              Episode_Reward/ang_vel_xy: -0.0376
             Episode_Reward/base_height: -0.0612
             Episode_Reward/orientation: -0.0403
                    Episode_Reward/pose: -0.0043
             Episode_Reward/action_rate: -0.0152
              Episode_Reward/action_acc: -0.0456
           Episode_Termination/time_out: 0.3750
    Episode_Termination/bad_orientation: 0.7500
--------------------------------------------------------------------------------
                         Iteration time: 0.51s
                           Time elapsed: 00:00:54
                                    ETA: 00:01:07

################################################################################
[1m                           Learning iteration 112/250                           [0m 

                            Total steps: 1388544 
                       Steps per second: 24113 
                        Collection time: 0.441s 
                          Learning time: 0.068s 
                        Mean value loss: 0.0184
                    Mean surrogate loss: -0.0086
                      Mean entropy loss: 5.4426
                            Mean reward: 8.02
                    Mean episode length: 245.18
                        Mean action std: 0.42
                reward/tracking_lin_vel: 1.0593
                reward/tracking_ang_vel: 0.1388
                      reward/feet_phase: 0.2189
             reward/feet_phase_contrast: 0.4448
             reward/feet_contact_number: 0.4671
                   reward/feet_air_time: 0.0000
                     reward/under_speed: -0.1803
                       reward/feet_slip: -0.0011
                  reward/feet_clearance: -0.0056
                       reward/lin_vel_z: -0.0017
                      reward/ang_vel_xy: -0.0627
                     reward/base_height: -0.0188
                     reward/orientation: -0.0366
                            reward/pose: -0.0105
                     reward/action_rate: -0.0498
                      reward/action_acc: -0.1493
--------------------------------------------------------------------------------
                         Iteration time: 0.51s
                           Time elapsed: 00:00:55
                                    ETA: 00:01:06

################################################################################
[1m                           Learning iteration 113/250                           [0m 

                            Total steps: 1400832 
                       Steps per second: 23787 
                        Collection time: 0.446s 
                          Learning time: 0.071s 
                        Mean value loss: 0.0191
                    Mean surrogate loss: -0.0071
                      Mean entropy loss: 5.4329
                            Mean reward: 9.03
                    Mean episode length: 272.85
                        Mean action std: 0.42
                reward/tracking_lin_vel: 1.0477
                reward/tracking_ang_vel: 0.1409
                      reward/feet_phase: 0.2441
             reward/feet_phase_contrast: 0.4233
             reward/feet_contact_number: 0.4684
                   reward/feet_air_time: 0.0000
                     reward/under_speed: -0.1821
                       reward/feet_slip: -0.0010
                  reward/feet_clearance: -0.0055
                       reward/lin_vel_z: -0.0015
                      reward/ang_vel_xy: -0.0617
                     reward/base_height: -0.0153
                     reward/orientation: -0.0336
                            reward/pose: -0.0104
                     reward/action_rate: -0.0496
                      reward/action_acc: -0.1490
--------------------------------------------------------------------------------
                         Iteration time: 0.52s
                           Time elapsed: 00:00:55
                                    ETA: 00:01:06

################################################################################
[1m                           Learning iteration 114/250                           [0m 

                            Total steps: 1413120 
                       Steps per second: 24071 
                        Collection time: 0.441s 
                          Learning time: 0.070s 
                        Mean value loss: 0.0166
                    Mean surrogate loss: -0.0072
                      Mean entropy loss: 5.4198
                            Mean reward: 9.64
                    Mean episode length: 291.39
                        Mean action std: 0.42
                reward/tracking_lin_vel: 1.0631
                reward/tracking_ang_vel: 0.1396
                      reward/feet_phase: 0.3045
             reward/feet_phase_contrast: 0.4463
             reward/feet_contact_number: 0.4642
                   reward/feet_air_time: 0.0001
                     reward/under_speed: -0.1809
                       reward/feet_slip: -0.0010
                  reward/feet_clearance: -0.0055
                       reward/lin_vel_z: -0.0014
                      reward/ang_vel_xy: -0.0606
                     reward/base_height: -0.0191
                     reward/orientation: -0.0333
                            reward/pose: -0.0104
                     reward/action_rate: -0.0486
                      reward/action_acc: -0.1454
--------------------------------------------------------------------------------
                         Iteration time: 0.51s
                           Time elapsed: 00:00:56
                                    ETA: 00:01:06

################################################################################
[1m                           Learning iteration 115/250                           [0m 

                            Total steps: 1425408 
                       Steps per second: 21021 
                        Collection time: 0.502s 
                          Learning time: 0.083s 
                        Mean value loss: 0.0160
                    Mean surrogate loss: -0.0101
                      Mean entropy loss: 5.3984
                            Mean reward: 10.38
                    Mean episode length: 309.62
                        Mean action std: 0.42
                reward/tracking_lin_vel: 1.0606
                reward/tracking_ang_vel: 0.1396
                      reward/feet_phase: 0.2293
             reward/feet_phase_contrast: 0.4389
             reward/feet_contact_number: 0.4684
                   reward/feet_air_time: 0.0000
                     reward/under_speed: -0.1811
                       reward/feet_slip: -0.0010
                  reward/feet_clearance: -0.0056
                       reward/lin_vel_z: -0.0015
                      reward/ang_vel_xy: -0.0618
                     reward/base_height: -0.0143
                     reward/orientation: -0.0321
                            reward/pose: -0.0105
                     reward/action_rate: -0.0490
                      reward/action_acc: -0.1461
--------------------------------------------------------------------------------
                         Iteration time: 0.58s
                           Time elapsed: 00:00:56
                                    ETA: 00:01:05

################################################################################
[1m                           Learning iteration 116/250                           [0m 

                            Total steps: 1437696 
                       Steps per second: 21218 
                        Collection time: 0.501s 
                          Learning time: 0.078s 
                        Mean value loss: 3.8807
                    Mean surrogate loss: -0.0094
                      Mean entropy loss: 5.3913
                            Mean reward: 11.94
                    Mean episode length: 348.43
                        Mean action std: 0.42
                reward/tracking_lin_vel: 0.8547
                reward/tracking_ang_vel: 0.1322
                      reward/feet_phase: 0.2874
             reward/feet_phase_contrast: 0.5611
             reward/feet_contact_number: 0.4497
                   reward/feet_air_time: 0.0072
                     reward/under_speed: -0.1593
                       reward/feet_slip: -0.0035
                  reward/feet_clearance: -0.0131
                       reward/lin_vel_z: -0.0074
                      reward/ang_vel_xy: -0.1496
                     reward/base_height: -0.0183
                     reward/orientation: -0.0494
                            reward/pose: -0.0107
                     reward/action_rate: -0.0498
                      reward/action_acc: -0.1471
             Metrics/twist/error_vel_xy: 0.3691
            Metrics/twist/error_vel_yaw: 0.2992
        Episode_Reward/tracking_lin_vel: 0.7140
        Episode_Reward/tracking_ang_vel: 0.0959
              Episode_Reward/feet_phase: 0.2028
     Episode_Reward/feet_phase_contrast: 0.3525
     Episode_Reward/feet_contact_number: 0.3285
           Episode_Reward/feet_air_time: 0.0017
             Episode_Reward/under_speed: -0.1229
               Episode_Reward/feet_slip: -0.0007
          Episode_Reward/feet_clearance: -0.0035
               Episode_Reward/lin_vel_z: -0.0014
              Episode_Reward/ang_vel_xy: -0.0536
             Episode_Reward/base_height: -0.0288
             Episode_Reward/orientation: -0.0351
                    Episode_Reward/pose: -0.0095
             Episode_Reward/action_rate: -0.0347
              Episode_Reward/action_acc: -0.1049
           Episode_Termination/time_out: 0.6667
    Episode_Termination/bad_orientation: 0.3333
--------------------------------------------------------------------------------
                         Iteration time: 0.58s
                           Time elapsed: 00:00:57
                                    ETA: 00:01:05

################################################################################
[1m                           Learning iteration 117/250                           [0m 

                            Total steps: 1449984 
                       Steps per second: 27399 
                        Collection time: 0.373s 
                          Learning time: 0.075s 
                        Mean value loss: 0.1855
                    Mean surrogate loss: -0.0115
                      Mean entropy loss: 5.4002
                            Mean reward: 13.21
                    Mean episode length: 417.86
                        Mean action std: 0.42
                reward/tracking_lin_vel: 0.6258
                reward/tracking_ang_vel: 0.1083
                      reward/feet_phase: 0.5016
             reward/feet_phase_contrast: 0.7705
             reward/feet_contact_number: 0.4429
                   reward/feet_air_time: 0.2051
                     reward/under_speed: -0.1124
                       reward/feet_slip: -0.0039
                  reward/feet_clearance: -0.0152
                       reward/lin_vel_z: -0.0376
                      reward/ang_vel_xy: -0.6551
                     reward/base_height: -1.1579
                     reward/orientation: -0.7256
                            reward/pose: -0.0140
                     reward/action_rate: -0.0491
                      reward/action_acc: -0.1439
--------------------------------------------------------------------------------
                         Iteration time: 0.45s
                           Time elapsed: 00:00:57
                                    ETA: 00:01:04

################################################################################
[1m                           Learning iteration 118/250                           [0m 

                            Total steps: 1462272 
                       Steps per second: 25159 
                        Collection time: 0.422s 
                          Learning time: 0.067s 
                        Mean value loss: 0.2304
                    Mean surrogate loss: -0.0105
                      Mean entropy loss: 5.3927
                            Mean reward: 12.87
                    Mean episode length: 416.25
                        Mean action std: 0.42
                reward/tracking_lin_vel: 1.0072
                reward/tracking_ang_vel: 0.1231
                      reward/feet_phase: 0.5526
             reward/feet_phase_contrast: 0.8379
             reward/feet_contact_number: 0.4392
                   reward/feet_air_time: 0.0293
                     reward/under_speed: -0.1294
                       reward/feet_slip: -0.0029
                  reward/feet_clearance: -0.0115
                       reward/lin_vel_z: -0.0157
                      reward/ang_vel_xy: -0.3539
                     reward/base_height: -0.9540
                     reward/orientation: -0.3921
                            reward/pose: -0.0103
                     reward/action_rate: -0.0504
                      reward/action_acc: -0.1471
             Metrics/twist/error_vel_xy: 0.4522
            Metrics/twist/error_vel_yaw: 0.2666
        Episode_Reward/tracking_lin_vel: 0.4009
        Episode_Reward/tracking_ang_vel: 0.0543
              Episode_Reward/feet_phase: 0.1176
     Episode_Reward/feet_phase_contrast: 0.1979
     Episode_Reward/feet_contact_number: 0.1861
           Episode_Reward/feet_air_time: 0.0095
             Episode_Reward/under_speed: -0.0695
               Episode_Reward/feet_slip: -0.0007
          Episode_Reward/feet_clearance: -0.0031
               Episode_Reward/lin_vel_z: -0.0019
              Episode_Reward/ang_vel_xy: -0.0527
             Episode_Reward/base_height: -0.0856
             Episode_Reward/orientation: -0.0507
                    Episode_Reward/pose: -0.0048
             Episode_Reward/action_rate: -0.0200
              Episode_Reward/action_acc: -0.0597
           Episode_Termination/time_out: 0.0000
    Episode_Termination/bad_orientation: 7.3333
--------------------------------------------------------------------------------
                         Iteration time: 0.49s
                           Time elapsed: 00:00:58
                                    ETA: 00:01:04

################################################################################
[1m                           Learning iteration 119/250                           [0m 

                            Total steps: 1474560 
                       Steps per second: 24961 
                        Collection time: 0.424s 
                          Learning time: 0.068s 
                        Mean value loss: 0.1212
                    Mean surrogate loss: -0.0071
                      Mean entropy loss: 5.3896
                            Mean reward: 7.79
                    Mean episode length: 272.57
                        Mean action std: 0.42
                reward/tracking_lin_vel: 1.0500
                reward/tracking_ang_vel: 0.1291
                      reward/feet_phase: 0.3815
             reward/feet_phase_contrast: 0.6999
             reward/feet_contact_number: 0.4541
                   reward/feet_air_time: 0.0178
                     reward/under_speed: -0.1503
                       reward/feet_slip: -0.0023
                  reward/feet_clearance: -0.0081
                       reward/lin_vel_z: -0.0091
                      reward/ang_vel_xy: -0.2043
                     reward/base_height: -0.3911
                     reward/orientation: -0.2420
                            reward/pose: -0.0115
                     reward/action_rate: -0.0502
                      reward/action_acc: -0.1488
             Metrics/twist/error_vel_xy: 0.3602
            Metrics/twist/error_vel_yaw: 0.2360
        Episode_Reward/tracking_lin_vel: 0.1989
        Episode_Reward/tracking_ang_vel: 0.0257
              Episode_Reward/feet_phase: 0.0676
     Episode_Reward/feet_phase_contrast: 0.1129
     Episode_Reward/feet_contact_number: 0.0915
           Episode_Reward/feet_air_time: 0.0037
             Episode_Reward/under_speed: -0.0314
               Episode_Reward/feet_slip: -0.0004
          Episode_Reward/feet_clearance: -0.0015
               Episode_Reward/lin_vel_z: -0.0018
              Episode_Reward/ang_vel_xy: -0.0388
             Episode_Reward/base_height: -0.0741
             Episode_Reward/orientation: -0.0458
                    Episode_Reward/pose: -0.0024
             Episode_Reward/action_rate: -0.0098
              Episode_Reward/action_acc: -0.0294
           Episode_Termination/time_out: 0.0000
    Episode_Termination/bad_orientation: 2.9524
--------------------------------------------------------------------------------
                         Iteration time: 0.49s
                           Time elapsed: 00:00:58
                                    ETA: 00:01:03

################################################################################
[1m                           Learning iteration 120/250                           [0m 

                            Total steps: 1486848 
                       Steps per second: 23597 
                        Collection time: 0.452s 
                          Learning time: 0.068s 
                        Mean value loss: 0.0853
                    Mean surrogate loss: -0.0061
                      Mean entropy loss: 5.3900
                            Mean reward: 2.48
                    Mean episode length: 121.21
                        Mean action std: 0.42
                reward/tracking_lin_vel: 1.0407
                reward/tracking_ang_vel: 0.1324
                      reward/feet_phase: 0.3385
             reward/feet_phase_contrast: 0.6034
             reward/feet_contact_number: 0.4601
                   reward/feet_air_time: 0.0084
                     reward/under_speed: -0.1603
                       reward/feet_slip: -0.0020
                  reward/feet_clearance: -0.0072
                       reward/lin_vel_z: -0.0082
                      reward/ang_vel_xy: -0.1822
                     reward/base_height: -0.3189
                     reward/orientation: -0.1864
                            reward/pose: -0.0110
                     reward/action_rate: -0.0503
                      reward/action_acc: -0.1491
             Metrics/twist/error_vel_xy: 0.3007
            Metrics/twist/error_vel_yaw: 0.1972
        Episode_Reward/tracking_lin_vel: 0.0932
        Episode_Reward/tracking_ang_vel: 0.0121
              Episode_Reward/feet_phase: 0.0424
     Episode_Reward/feet_phase_contrast: 0.0699
     Episode_Reward/feet_contact_number: 0.0445
           Episode_Reward/feet_air_time: 0.0033
             Episode_Reward/under_speed: -0.0132
               Episode_Reward/feet_slip: -0.0003
          Episode_Reward/feet_clearance: -0.0009
               Episode_Reward/lin_vel_z: -0.0016
              Episode_Reward/ang_vel_xy: -0.0340
             Episode_Reward/base_height: -0.0707
             Episode_Reward/orientation: -0.0420
                    Episode_Reward/pose: -0.0012
             Episode_Reward/action_rate: -0.0049
              Episode_Reward/action_acc: -0.0144
           Episode_Termination/time_out: 0.0000
    Episode_Termination/bad_orientation: 2.7727
--------------------------------------------------------------------------------
                         Iteration time: 0.52s
                           Time elapsed: 00:00:59
                                    ETA: 00:01:03

################################################################################
[1m                           Learning iteration 121/250                           [0m 

                            Total steps: 1499136 
                       Steps per second: 22650 
                        Collection time: 0.463s 
                          Learning time: 0.079s 
                        Mean value loss: 0.0595
                    Mean surrogate loss: -0.0082
                      Mean entropy loss: 5.3866
                            Mean reward: 2.62
                    Mean episode length: 114.99
                        Mean action std: 0.41
                reward/tracking_lin_vel: 1.0761
                reward/tracking_ang_vel: 0.1344
                      reward/feet_phase: 0.3935
             reward/feet_phase_contrast: 0.5723
             reward/feet_contact_number: 0.4622
                   reward/feet_air_time: 0.0036
                     reward/under_speed: -0.1673
                       reward/feet_slip: -0.0015
                  reward/feet_clearance: -0.0066
                       reward/lin_vel_z: -0.0050
                      reward/ang_vel_xy: -0.1187
                     reward/base_height: -0.1524
                     reward/orientation: -0.1111
                            reward/pose: -0.0111
                     reward/action_rate: -0.0506
                      reward/action_acc: -0.1503
             Metrics/twist/error_vel_xy: 0.2787
            Metrics/twist/error_vel_yaw: 0.2033
        Episode_Reward/tracking_lin_vel: 0.0886
        Episode_Reward/tracking_ang_vel: 0.0105
              Episode_Reward/feet_phase: 0.0504
     Episode_Reward/feet_phase_contrast: 0.0822
     Episode_Reward/feet_contact_number: 0.0401
           Episode_Reward/feet_air_time: 0.0037
             Episode_Reward/under_speed: -0.0100
               Episode_Reward/feet_slip: -0.0003
          Episode_Reward/feet_clearance: -0.0009
               Episode_Reward/lin_vel_z: -0.0017
              Episode_Reward/ang_vel_xy: -0.0320
             Episode_Reward/base_height: -0.0646
             Episode_Reward/orientation: -0.0428
                    Episode_Reward/pose: -0.0010
             Episode_Reward/action_rate: -0.0043
              Episode_Reward/action_acc: -0.0126
           Episode_Termination/time_out: 0.0000
    Episode_Termination/bad_orientation: 1.6316
--------------------------------------------------------------------------------
                         Iteration time: 0.54s
                           Time elapsed: 00:00:59
                                    ETA: 00:01:02

################################################################################
[1m                           Learning iteration 122/250                           [0m 

                            Total steps: 1511424 
                       Steps per second: 23996 
                        Collection time: 0.440s 
                          Learning time: 0.072s 
                        Mean value loss: 0.0334
                    Mean surrogate loss: -0.0103
                      Mean entropy loss: 5.3773
                            Mean reward: 2.66
                    Mean episode length: 106.74
                        Mean action std: 0.41
                reward/tracking_lin_vel: 1.0632
                reward/tracking_ang_vel: 0.1366
                      reward/feet_phase: 0.2790
             reward/feet_phase_contrast: 0.5115
             reward/feet_contact_number: 0.4644
                   reward/feet_air_time: 0.0015
                     reward/under_speed: -0.1741
                       reward/feet_slip: -0.0013
                  reward/feet_clearance: -0.0061
                       reward/lin_vel_z: -0.0033
                      reward/ang_vel_xy: -0.0970
                     reward/base_height: -0.0980
                     reward/orientation: -0.0799
                            reward/pose: -0.0116
                     reward/action_rate: -0.0502
                      reward/action_acc: -0.1494
             Metrics/twist/error_vel_xy: 0.2331
            Metrics/twist/error_vel_yaw: 0.1667
        Episode_Reward/tracking_lin_vel: 0.1022
        Episode_Reward/tracking_ang_vel: 0.0120
              Episode_Reward/feet_phase: 0.0540
     Episode_Reward/feet_phase_contrast: 0.0877
     Episode_Reward/feet_contact_number: 0.0444
           Episode_Reward/feet_air_time: 0.0012
             Episode_Reward/under_speed: -0.0109
               Episode_Reward/feet_slip: -0.0003
          Episode_Reward/feet_clearance: -0.0008
               Episode_Reward/lin_vel_z: -0.0017
              Episode_Reward/ang_vel_xy: -0.0330
             Episode_Reward/base_height: -0.0643
             Episode_Reward/orientation: -0.0430
                    Episode_Reward/pose: -0.0010
             Episode_Reward/action_rate: -0.0046
              Episode_Reward/action_acc: -0.0134
           Episode_Termination/time_out: 0.0000
    Episode_Termination/bad_orientation: 1.2000
--------------------------------------------------------------------------------
                         Iteration time: 0.51s
                           Time elapsed: 00:01:00
                                    ETA: 00:01:02

################################################################################
[1m                           Learning iteration 123/250                           [0m 

                            Total steps: 1523712 
                       Steps per second: 23714 
                        Collection time: 0.450s 
                          Learning time: 0.068s 
                        Mean value loss: 0.0230
                    Mean surrogate loss: -0.0103
                      Mean entropy loss: 5.3703
                            Mean reward: 2.43
                    Mean episode length: 95.24
                        Mean action std: 0.41
                reward/tracking_lin_vel: 1.0546
                reward/tracking_ang_vel: 0.1371
                      reward/feet_phase: 0.2370
             reward/feet_phase_contrast: 0.4711
             reward/feet_contact_number: 0.4656
                   reward/feet_air_time: 0.0001
                     reward/under_speed: -0.1772
                       reward/feet_slip: -0.0012
                  reward/feet_clearance: -0.0059
                       reward/lin_vel_z: -0.0026
                      reward/ang_vel_xy: -0.0837
                     reward/base_height: -0.0564
                     reward/orientation: -0.0593
                            reward/pose: -0.0115
                     reward/action_rate: -0.0504
                      reward/action_acc: -0.1499
--------------------------------------------------------------------------------
                         Iteration time: 0.52s
                           Time elapsed: 00:01:00
                                    ETA: 00:01:01

################################################################################
[1m                           Learning iteration 124/250                           [0m 

                            Total steps: 1536000 
                       Steps per second: 23965 
                        Collection time: 0.444s 
                          Learning time: 0.069s 
                        Mean value loss: 0.0210
                    Mean surrogate loss: -0.0094
                      Mean entropy loss: 5.3545
                            Mean reward: 2.38
                    Mean episode length: 92.34
                        Mean action std: 0.41
                reward/tracking_lin_vel: 1.0530
                reward/tracking_ang_vel: 0.1377
                      reward/feet_phase: 0.2865
             reward/feet_phase_contrast: 0.4504
             reward/feet_contact_number: 0.4639
                   reward/feet_air_time: 0.0007
                     reward/under_speed: -0.1796
                       reward/feet_slip: -0.0011
                  reward/feet_clearance: -0.0057
                       reward/lin_vel_z: -0.0020
                      reward/ang_vel_xy: -0.0731
                     reward/base_height: -0.0316
                     reward/orientation: -0.0425
                            reward/pose: -0.0114
                     reward/action_rate: -0.0500
                      reward/action_acc: -0.1485
             Metrics/twist/error_vel_xy: 0.2049
            Metrics/twist/error_vel_yaw: 0.1622
        Episode_Reward/tracking_lin_vel: 0.0764
        Episode_Reward/tracking_ang_vel: 0.0083
              Episode_Reward/feet_phase: 0.0541
     Episode_Reward/feet_phase_contrast: 0.0824
     Episode_Reward/feet_contact_number: 0.0313
           Episode_Reward/feet_air_time: 0.0038
             Episode_Reward/under_speed: -0.0065
               Episode_Reward/feet_slip: -0.0003
          Episode_Reward/feet_clearance: -0.0009
               Episode_Reward/lin_vel_z: -0.0018
              Episode_Reward/ang_vel_xy: -0.0322
             Episode_Reward/base_height: -0.0643
             Episode_Reward/orientation: -0.0426
                    Episode_Reward/pose: -0.0010
             Episode_Reward/action_rate: -0.0035
              Episode_Reward/action_acc: -0.0100
           Episode_Termination/time_out: 0.0000
    Episode_Termination/bad_orientation: 1.2500
--------------------------------------------------------------------------------
                         Iteration time: 0.51s
                           Time elapsed: 00:01:01
                                    ETA: 00:01:01

################################################################################
[1m                           Learning iteration 125/250                           [0m 

                            Total steps: 1548288 
                       Steps per second: 23823 
                        Collection time: 0.445s 
                          Learning time: 0.070s 
                        Mean value loss: 0.0143
                    Mean surrogate loss: -0.0105
                      Mean entropy loss: 5.3214
                            Mean reward: 2.87
                    Mean episode length: 102.04
                        Mean action std: 0.41
                reward/tracking_lin_vel: 1.0554
                reward/tracking_ang_vel: 0.1370
                      reward/feet_phase: 0.2934
             reward/feet_phase_contrast: 0.4513
             reward/feet_contact_number: 0.4669
                   reward/feet_air_time: 0.0010
                     reward/under_speed: -0.1797
                       reward/feet_slip: -0.0011
                  reward/feet_clearance: -0.0057
                       reward/lin_vel_z: -0.0018
                      reward/ang_vel_xy: -0.0728
                     reward/base_height: -0.0324
                     reward/orientation: -0.0392
                            reward/pose: -0.0109
                     reward/action_rate: -0.0502
                      reward/action_acc: -0.1496
             Metrics/twist/error_vel_xy: 0.2434
            Metrics/twist/error_vel_yaw: 0.1853
        Episode_Reward/tracking_lin_vel: 0.2723
        Episode_Reward/tracking_ang_vel: 0.0331
              Episode_Reward/feet_phase: 0.1068
     Episode_Reward/feet_phase_contrast: 0.1749
     Episode_Reward/feet_contact_number: 0.1187
           Episode_Reward/feet_air_time: 0.0000
             Episode_Reward/under_speed: -0.0384
               Episode_Reward/feet_slip: -0.0007
          Episode_Reward/feet_clearance: -0.0023
               Episode_Reward/lin_vel_z: -0.0019
              Episode_Reward/ang_vel_xy: -0.0392
             Episode_Reward/base_height: -0.0506
             Episode_Reward/orientation: -0.0374
                    Episode_Reward/pose: -0.0027
             Episode_Reward/action_rate: -0.0127
              Episode_Reward/action_acc: -0.0381
           Episode_Termination/time_out: 0.2000
    Episode_Termination/bad_orientation: 1.0000
--------------------------------------------------------------------------------
                         Iteration time: 0.52s
                           Time elapsed: 00:01:01
                                    ETA: 00:01:00

################################################################################
[1m                           Learning iteration 126/250                           [0m 

                            Total steps: 1560576 
                       Steps per second: 23692 
                        Collection time: 0.448s 
                          Learning time: 0.071s 
                        Mean value loss: 0.0221
                    Mean surrogate loss: -0.0080
                      Mean entropy loss: 5.2921
                            Mean reward: 6.58
                    Mean episode length: 197.98
                        Mean action std: 0.41
                reward/tracking_lin_vel: 1.0705
                reward/tracking_ang_vel: 0.1373
                      reward/feet_phase: 0.2455
             reward/feet_phase_contrast: 0.4905
             reward/feet_contact_number: 0.4681
                   reward/feet_air_time: 0.0007
                     reward/under_speed: -0.1782
                       reward/feet_slip: -0.0012
                  reward/feet_clearance: -0.0060
                       reward/lin_vel_z: -0.0017
                      reward/ang_vel_xy: -0.0728
                     reward/base_height: -0.0226
                     reward/orientation: -0.0346
                            reward/pose: -0.0111
                     reward/action_rate: -0.0498
                      reward/action_acc: -0.1474
             Metrics/twist/error_vel_xy: 0.6164
            Metrics/twist/error_vel_yaw: 0.4636
        Episode_Reward/tracking_lin_vel: 0.9225
        Episode_Reward/tracking_ang_vel: 0.1242
              Episode_Reward/feet_phase: 0.2453
     Episode_Reward/feet_phase_contrast: 0.4264
     Episode_Reward/feet_contact_number: 0.4219
           Episode_Reward/feet_air_time: 0.0048
             Episode_Reward/under_speed: -0.1628
               Episode_Reward/feet_slip: -0.0010
          Episode_Reward/feet_clearance: -0.0054
               Episode_Reward/lin_vel_z: -0.0016
              Episode_Reward/ang_vel_xy: -0.0562
             Episode_Reward/base_height: -0.0193
             Episode_Reward/orientation: -0.0315
                    Episode_Reward/pose: -0.0113
             Episode_Reward/action_rate: -0.0453
              Episode_Reward/action_acc: -0.1359
           Episode_Termination/time_out: 1.1000
    Episode_Termination/bad_orientation: 0.2000
--------------------------------------------------------------------------------
                         Iteration time: 0.52s
                           Time elapsed: 00:01:02
                                    ETA: 00:01:00

################################################################################
[1m                           Learning iteration 127/250                           [0m 

                            Total steps: 1572864 
                       Steps per second: 23946 
                        Collection time: 0.444s 
                          Learning time: 0.070s 
                        Mean value loss: 0.0155
                    Mean surrogate loss: -0.0108
                      Mean entropy loss: 5.2772
                            Mean reward: 6.88
                    Mean episode length: 206.97
                        Mean action std: 0.41
                reward/tracking_lin_vel: 1.0656
                reward/tracking_ang_vel: 0.1372
                      reward/feet_phase: 0.2517
             reward/feet_phase_contrast: 0.4709
             reward/feet_contact_number: 0.4629
                   reward/feet_air_time: 0.0020
                     reward/under_speed: -0.1793
                       reward/feet_slip: -0.0011
                  reward/feet_clearance: -0.0058
                       reward/lin_vel_z: -0.0016
                      reward/ang_vel_xy: -0.0706
                     reward/base_height: -0.0175
                     reward/orientation: -0.0357
                            reward/pose: -0.0114
                     reward/action_rate: -0.0493
                      reward/action_acc: -0.1461
--------------------------------------------------------------------------------
                         Iteration time: 0.51s
                           Time elapsed: 00:01:03
                                    ETA: 00:01:00

################################################################################
[1m                           Learning iteration 128/250                           [0m 

                            Total steps: 1585152 
                       Steps per second: 23929 
                        Collection time: 0.443s 
                          Learning time: 0.071s 
                        Mean value loss: 0.0365
                    Mean surrogate loss: -0.0088
                      Mean entropy loss: 5.2562
                            Mean reward: 7.60
                    Mean episode length: 225.24
                        Mean action std: 0.41
                reward/tracking_lin_vel: 1.0630
                reward/tracking_ang_vel: 0.1359
                      reward/feet_phase: 0.3320
             reward/feet_phase_contrast: 0.4829
             reward/feet_contact_number: 0.4651
                   reward/feet_air_time: 0.0001
                     reward/under_speed: -0.1789
                       reward/feet_slip: -0.0011
                  reward/feet_clearance: -0.0058
                       reward/lin_vel_z: -0.0017
                      reward/ang_vel_xy: -0.0758
                     reward/base_height: -0.0277
                     reward/orientation: -0.0384
                            reward/pose: -0.0115
                     reward/action_rate: -0.0488
                      reward/action_acc: -0.1438
--------------------------------------------------------------------------------
                         Iteration time: 0.51s
                           Time elapsed: 00:01:03
                                    ETA: 00:00:59

################################################################################
[1m                           Learning iteration 129/250                           [0m 

                            Total steps: 1597440 
                       Steps per second: 24193 
                        Collection time: 0.440s 
                          Learning time: 0.068s 
                        Mean value loss: 0.0166
                    Mean surrogate loss: -0.0096
                      Mean entropy loss: 5.2489
                            Mean reward: 8.15
                    Mean episode length: 240.76
                        Mean action std: 0.41
                reward/tracking_lin_vel: 1.0652
                reward/tracking_ang_vel: 0.1370
                      reward/feet_phase: 0.2655
             reward/feet_phase_contrast: 0.4696
             reward/feet_contact_number: 0.4651
                   reward/feet_air_time: 0.0002
                     reward/under_speed: -0.1794
                       reward/feet_slip: -0.0011
                  reward/feet_clearance: -0.0058
                       reward/lin_vel_z: -0.0016
                      reward/ang_vel_xy: -0.0753
                     reward/base_height: -0.0228
                     reward/orientation: -0.0382
                            reward/pose: -0.0115
                     reward/action_rate: -0.0488
                      reward/action_acc: -0.1436
             Metrics/twist/error_vel_xy: 0.3750
            Metrics/twist/error_vel_yaw: 0.2717
        Episode_Reward/tracking_lin_vel: 0.5729
        Episode_Reward/tracking_ang_vel: 0.0718
              Episode_Reward/feet_phase: 0.1446
     Episode_Reward/feet_phase_contrast: 0.2475
     Episode_Reward/feet_contact_number: 0.2409
           Episode_Reward/feet_air_time: 0.0006
             Episode_Reward/under_speed: -0.0935
               Episode_Reward/feet_slip: -0.0008
          Episode_Reward/feet_clearance: -0.0040
               Episode_Reward/lin_vel_z: -0.0013
              Episode_Reward/ang_vel_xy: -0.0468
             Episode_Reward/base_height: -0.0429
             Episode_Reward/orientation: -0.0373
                    Episode_Reward/pose: -0.0069
             Episode_Reward/action_rate: -0.0264
              Episode_Reward/action_acc: -0.0791
           Episode_Termination/time_out: 0.5000
    Episode_Termination/bad_orientation: 0.5000
--------------------------------------------------------------------------------
                         Iteration time: 0.51s
                           Time elapsed: 00:01:04
                                    ETA: 00:00:59

################################################################################
[1m                           Learning iteration 130/250                           [0m 

                            Total steps: 1609728 
                       Steps per second: 23832 
                        Collection time: 0.442s 
                          Learning time: 0.073s 
                        Mean value loss: 0.0152
                    Mean surrogate loss: -0.0098
                      Mean entropy loss: 5.2399
                            Mean reward: 8.14
                    Mean episode length: 240.65
                        Mean action std: 0.41
                reward/tracking_lin_vel: 1.0839
                reward/tracking_ang_vel: 0.1362
                      reward/feet_phase: 0.2435
             reward/feet_phase_contrast: 0.4963
             reward/feet_contact_number: 0.4687
                   reward/feet_air_time: 0.0000
                     reward/under_speed: -0.1777
                       reward/feet_slip: -0.0011
                  reward/feet_clearance: -0.0059
                       reward/lin_vel_z: -0.0017
                      reward/ang_vel_xy: -0.0798
                     reward/base_height: -0.0143
                     reward/orientation: -0.0341
                            reward/pose: -0.0116
                     reward/action_rate: -0.0487
                      reward/action_acc: -0.1422
--------------------------------------------------------------------------------
                         Iteration time: 0.52s
                           Time elapsed: 00:01:04
                                    ETA: 00:00:58

################################################################################
[1m                           Learning iteration 131/250                           [0m 

                            Total steps: 1622016 
                       Steps per second: 24666 
                        Collection time: 0.427s 
                          Learning time: 0.071s 
                        Mean value loss: 0.0118
                    Mean surrogate loss: -0.0106
                      Mean entropy loss: 5.2196
                            Mean reward: 8.28
                    Mean episode length: 243.14
                        Mean action std: 0.41
                reward/tracking_lin_vel: 1.0619
                reward/tracking_ang_vel: 0.1351
                      reward/feet_phase: 0.2796
             reward/feet_phase_contrast: 0.4586
             reward/feet_contact_number: 0.4641
                   reward/feet_air_time: 0.0000
                     reward/under_speed: -0.1797
                       reward/feet_slip: -0.0012
                  reward/feet_clearance: -0.0060
                       reward/lin_vel_z: -0.0016
                      reward/ang_vel_xy: -0.0792
                     reward/base_height: -0.0156
                     reward/orientation: -0.0366
                            reward/pose: -0.0117
                     reward/action_rate: -0.0485
                      reward/action_acc: -0.1417
--------------------------------------------------------------------------------
                         Iteration time: 0.50s
                           Time elapsed: 00:01:05
                                    ETA: 00:00:58

################################################################################
[1m                           Learning iteration 132/250                           [0m 

                            Total steps: 1634304 
                       Steps per second: 24175 
                        Collection time: 0.440s 
                          Learning time: 0.069s 
                        Mean value loss: 0.0154
                    Mean surrogate loss: -0.0111
                      Mean entropy loss: 5.2032
                            Mean reward: 8.67
                    Mean episode length: 252.60
                        Mean action std: 0.41
                reward/tracking_lin_vel: 1.0791
                reward/tracking_ang_vel: 0.1348
                      reward/feet_phase: 0.3168
             reward/feet_phase_contrast: 0.4711
             reward/feet_contact_number: 0.4668
                   reward/feet_air_time: 0.0000
                     reward/under_speed: -0.1789
                       reward/feet_slip: -0.0012
                  reward/feet_clearance: -0.0059
                       reward/lin_vel_z: -0.0017
                      reward/ang_vel_xy: -0.0786
                     reward/base_height: -0.0138
                     reward/orientation: -0.0319
                            reward/pose: -0.0113
                     reward/action_rate: -0.0487
                      reward/action_acc: -0.1419
--------------------------------------------------------------------------------
                         Iteration time: 0.51s
                           Time elapsed: 00:01:05
                                    ETA: 00:00:57

################################################################################
[1m                           Learning iteration 133/250                           [0m 

                            Total steps: 1646592 
                       Steps per second: 27856 
                        Collection time: 0.372s 
                          Learning time: 0.069s 
                        Mean value loss: 2.8906
                    Mean surrogate loss: -0.0099
                      Mean entropy loss: 5.1817
                            Mean reward: 9.02
                    Mean episode length: 261.84
                        Mean action std: 0.41
                reward/tracking_lin_vel: 0.7165
                reward/tracking_ang_vel: 0.1192
                      reward/feet_phase: 0.3466
             reward/feet_phase_contrast: 0.6630
             reward/feet_contact_number: 0.4593
                   reward/feet_air_time: 0.0800
                     reward/under_speed: -0.1395
                       reward/feet_slip: -0.0043
                  reward/feet_clearance: -0.0149
                       reward/lin_vel_z: -0.0168
                      reward/ang_vel_xy: -0.3013
                     reward/base_height: -0.0424
                     reward/orientation: -0.1607
                            reward/pose: -0.0130
                     reward/action_rate: -0.0488
                      reward/action_acc: -0.1394
--------------------------------------------------------------------------------
                         Iteration time: 0.44s
                           Time elapsed: 00:01:05
                                    ETA: 00:00:57

################################################################################
[1m                           Learning iteration 134/250                           [0m 

                            Total steps: 1658880 
                       Steps per second: 26799 
                        Collection time: 0.392s 
                          Learning time: 0.066s 
                        Mean value loss: 0.1825
                    Mean surrogate loss: -0.0111
                      Mean entropy loss: 5.1735
                            Mean reward: 16.09
                    Mean episode length: 480.58
                        Mean action std: 0.41
                reward/tracking_lin_vel: 0.7763
                reward/tracking_ang_vel: 0.1084
                      reward/feet_phase: 0.4549
             reward/feet_phase_contrast: 0.8046
             reward/feet_contact_number: 0.4412
                   reward/feet_air_time: 0.1410
                     reward/under_speed: -0.1137
                       reward/feet_slip: -0.0043
                  reward/feet_clearance: -0.0161
                       reward/lin_vel_z: -0.0392
                      reward/ang_vel_xy: -0.6949
                     reward/base_height: -1.5602
                     reward/orientation: -0.7545
                            reward/pose: -0.0132
                     reward/action_rate: -0.0492
                      reward/action_acc: -0.1393
--------------------------------------------------------------------------------
                         Iteration time: 0.46s
                           Time elapsed: 00:01:06
                                    ETA: 00:00:56

################################################################################
[1m                           Learning iteration 135/250                           [0m 

                            Total steps: 1671168 
                       Steps per second: 26379 
                        Collection time: 0.397s 
                          Learning time: 0.069s 
                        Mean value loss: 0.2113
                    Mean surrogate loss: -0.0092
                      Mean entropy loss: 5.1723
                            Mean reward: 14.06
                    Mean episode length: 426.80
                        Mean action std: 0.41
                reward/tracking_lin_vel: 1.0871
                reward/tracking_ang_vel: 0.1243
                      reward/feet_phase: 0.5605
             reward/feet_phase_contrast: 0.8206
             reward/feet_contact_number: 0.4484
                   reward/feet_air_time: 0.0341
                     reward/under_speed: -0.1381
                       reward/feet_slip: -0.0026
                  reward/feet_clearance: -0.0101
                       reward/lin_vel_z: -0.0104
                      reward/ang_vel_xy: -0.2528
                     reward/base_height: -0.4967
                     reward/orientation: -0.2506
                            reward/pose: -0.0111
                     reward/action_rate: -0.0486
                      reward/action_acc: -0.1388
             Metrics/twist/error_vel_xy: 0.3809
            Metrics/twist/error_vel_yaw: 0.2397
        Episode_Reward/tracking_lin_vel: 0.4325
        Episode_Reward/tracking_ang_vel: 0.0553
              Episode_Reward/feet_phase: 0.1299
     Episode_Reward/feet_phase_contrast: 0.2209
     Episode_Reward/feet_contact_number: 0.1920
           Episode_Reward/feet_air_time: 0.0064
             Episode_Reward/under_speed: -0.0703
               Episode_Reward/feet_slip: -0.0007
          Episode_Reward/feet_clearance: -0.0030
               Episode_Reward/lin_vel_z: -0.0020
              Episode_Reward/ang_vel_xy: -0.0581
             Episode_Reward/base_height: -0.0820
             Episode_Reward/orientation: -0.0503
                    Episode_Reward/pose: -0.0048
             Episode_Reward/action_rate: -0.0207
              Episode_Reward/action_acc: -0.0609
           Episode_Termination/time_out: 0.0000
    Episode_Termination/bad_orientation: 4.0000
--------------------------------------------------------------------------------
                         Iteration time: 0.47s
                           Time elapsed: 00:01:06
                                    ETA: 00:00:56

################################################################################
[1m                           Learning iteration 136/250                           [0m 

                            Total steps: 1683456 
                       Steps per second: 23450 
                        Collection time: 0.457s 
                          Learning time: 0.067s 
                        Mean value loss: 0.1075
                    Mean surrogate loss: -0.0096
                      Mean entropy loss: 5.1665
                            Mean reward: 4.67
                    Mean episode length: 174.20
                        Mean action std: 0.41
                reward/tracking_lin_vel: 1.0779
                reward/tracking_ang_vel: 0.1260
                      reward/feet_phase: 0.4296
             reward/feet_phase_contrast: 0.7201
             reward/feet_contact_number: 0.4572
                   reward/feet_air_time: 0.0160
                     reward/under_speed: -0.1489
                       reward/feet_slip: -0.0025
                  reward/feet_clearance: -0.0087
                       reward/lin_vel_z: -0.0106
                      reward/ang_vel_xy: -0.2358
                     reward/base_height: -0.4022
                     reward/orientation: -0.2373
                            reward/pose: -0.0125
                     reward/action_rate: -0.0490
                      reward/action_acc: -0.1395
             Metrics/twist/error_vel_xy: 0.2998
            Metrics/twist/error_vel_yaw: 0.1840
        Episode_Reward/tracking_lin_vel: 0.0990
        Episode_Reward/tracking_ang_vel: 0.0127
              Episode_Reward/feet_phase: 0.0447
     Episode_Reward/feet_phase_contrast: 0.0720
     Episode_Reward/feet_contact_number: 0.0479
           Episode_Reward/feet_air_time: 0.0047
             Episode_Reward/under_speed: -0.0141
               Episode_Reward/feet_slip: -0.0003
          Episode_Reward/feet_clearance: -0.0010
               Episode_Reward/lin_vel_z: -0.0017
              Episode_Reward/ang_vel_xy: -0.0367
             Episode_Reward/base_height: -0.0706
             Episode_Reward/orientation: -0.0404
                    Episode_Reward/pose: -0.0013
             Episode_Reward/action_rate: -0.0051
              Episode_Reward/action_acc: -0.0148
           Episode_Termination/time_out: 0.0000
    Episode_Termination/bad_orientation: 3.1304
--------------------------------------------------------------------------------
                         Iteration time: 0.52s
                           Time elapsed: 00:01:07
                                    ETA: 00:00:55

################################################################################
[1m                           Learning iteration 137/250                           [0m 

                            Total steps: 1695744 
                       Steps per second: 23256 
                        Collection time: 0.453s 
                          Learning time: 0.075s 
                        Mean value loss: 0.0975
                    Mean surrogate loss: -0.0092
                      Mean entropy loss: 5.1644
                            Mean reward: 1.50
                    Mean episode length: 82.50
                        Mean action std: 0.41
                reward/tracking_lin_vel: 1.0993
                reward/tracking_ang_vel: 0.1301
                      reward/feet_phase: 0.3397
             reward/feet_phase_contrast: 0.6451
             reward/feet_contact_number: 0.4640
                   reward/feet_air_time: 0.0069
                     reward/under_speed: -0.1574
                       reward/feet_slip: -0.0021
                  reward/feet_clearance: -0.0080
                       reward/lin_vel_z: -0.0074
                      reward/ang_vel_xy: -0.1737
                     reward/base_height: -0.2342
                     reward/orientation: -0.1571
                            reward/pose: -0.0126
                     reward/action_rate: -0.0489
                      reward/action_acc: -0.1403
             Metrics/twist/error_vel_xy: 0.2679
            Metrics/twist/error_vel_yaw: 0.2004
        Episode_Reward/tracking_lin_vel: 0.0734
        Episode_Reward/tracking_ang_vel: 0.0082
              Episode_Reward/feet_phase: 0.0437
     Episode_Reward/feet_phase_contrast: 0.0692
     Episode_Reward/feet_contact_number: 0.0309
           Episode_Reward/feet_air_time: 0.0045
             Episode_Reward/under_speed: -0.0070
               Episode_Reward/feet_slip: -0.0003
          Episode_Reward/feet_clearance: -0.0008
               Episode_Reward/lin_vel_z: -0.0018
              Episode_Reward/ang_vel_xy: -0.0323
             Episode_Reward/base_height: -0.0627
             Episode_Reward/orientation: -0.0405
                    Episode_Reward/pose: -0.0008
             Episode_Reward/action_rate: -0.0034
              Episode_Reward/action_acc: -0.0096
           Episode_Termination/time_out: 0.0000
    Episode_Termination/bad_orientation: 2.0455
--------------------------------------------------------------------------------
                         Iteration time: 0.53s
                           Time elapsed: 00:01:07
                                    ETA: 00:00:55

################################################################################
[1m                           Learning iteration 138/250                           [0m 

                            Total steps: 1708032 
                       Steps per second: 20327 
                        Collection time: 0.534s 
                          Learning time: 0.071s 
                        Mean value loss: 0.0636
                    Mean surrogate loss: -0.0089
                      Mean entropy loss: 5.1607
                            Mean reward: 1.78
                    Mean episode length: 86.12
                        Mean action std: 0.41
                reward/tracking_lin_vel: 1.0865
                reward/tracking_ang_vel: 0.1317
                      reward/feet_phase: 0.3466
             reward/feet_phase_contrast: 0.5964
             reward/feet_contact_number: 0.4612
                   reward/feet_air_time: 0.0066
                     reward/under_speed: -0.1633
                       reward/feet_slip: -0.0020
                  reward/feet_clearance: -0.0075
                       reward/lin_vel_z: -0.0061
                      reward/ang_vel_xy: -0.1513
                     reward/base_height: -0.1660
                     reward/orientation: -0.1251
                            reward/pose: -0.0125
                     reward/action_rate: -0.0489
                      reward/action_acc: -0.1403
             Metrics/twist/error_vel_xy: 0.2929
            Metrics/twist/error_vel_yaw: 0.2277
        Episode_Reward/tracking_lin_vel: 0.1063
        Episode_Reward/tracking_ang_vel: 0.0122
              Episode_Reward/feet_phase: 0.0545
     Episode_Reward/feet_phase_contrast: 0.0898
     Episode_Reward/feet_contact_number: 0.0453
           Episode_Reward/feet_air_time: 0.0029
             Episode_Reward/under_speed: -0.0124
               Episode_Reward/feet_slip: -0.0004
          Episode_Reward/feet_clearance: -0.0010
               Episode_Reward/lin_vel_z: -0.0020
              Episode_Reward/ang_vel_xy: -0.0361
             Episode_Reward/base_height: -0.0635
             Episode_Reward/orientation: -0.0412
                    Episode_Reward/pose: -0.0013
             Episode_Reward/action_rate: -0.0050
              Episode_Reward/action_acc: -0.0140
           Episode_Termination/time_out: 0.0000
    Episode_Termination/bad_orientation: 1.8235
--------------------------------------------------------------------------------
                         Iteration time: 0.60s
                           Time elapsed: 00:01:08
                                    ETA: 00:00:54

################################################################################
[1m                           Learning iteration 139/250                           [0m 

                            Total steps: 1720320 
                       Steps per second: 20148 
                        Collection time: 0.534s 
                          Learning time: 0.076s 
                        Mean value loss: 0.0468
                    Mean surrogate loss: -0.0095
                      Mean entropy loss: 5.1530
                            Mean reward: 2.18
                    Mean episode length: 88.26
                        Mean action std: 0.41
                reward/tracking_lin_vel: 1.0858
                reward/tracking_ang_vel: 0.1325
                      reward/feet_phase: 0.3726
             reward/feet_phase_contrast: 0.5527
             reward/feet_contact_number: 0.4646
                   reward/feet_air_time: 0.0041
                     reward/under_speed: -0.1681
                       reward/feet_slip: -0.0018
                  reward/feet_clearance: -0.0070
                       reward/lin_vel_z: -0.0049
                      reward/ang_vel_xy: -0.1317
                     reward/base_height: -0.1145
                     reward/orientation: -0.0962
                            reward/pose: -0.0120
                     reward/action_rate: -0.0483
                      reward/action_acc: -0.1384
             Metrics/twist/error_vel_xy: 0.2482
            Metrics/twist/error_vel_yaw: 0.2129
        Episode_Reward/tracking_lin_vel: 0.1264
        Episode_Reward/tracking_ang_vel: 0.0131
              Episode_Reward/feet_phase: 0.0627
     Episode_Reward/feet_phase_contrast: 0.1017
     Episode_Reward/feet_contact_number: 0.0480
           Episode_Reward/feet_air_time: 0.0009
             Episode_Reward/under_speed: -0.0118
               Episode_Reward/feet_slip: -0.0004
          Episode_Reward/feet_clearance: -0.0010
               Episode_Reward/lin_vel_z: -0.0019
              Episode_Reward/ang_vel_xy: -0.0342
             Episode_Reward/base_height: -0.0536
             Episode_Reward/orientation: -0.0404
                    Episode_Reward/pose: -0.0013
             Episode_Reward/action_rate: -0.0051
              Episode_Reward/action_acc: -0.0147
           Episode_Termination/time_out: 0.0714
    Episode_Termination/bad_orientation: 1.6429
--------------------------------------------------------------------------------
                         Iteration time: 0.61s
                           Time elapsed: 00:01:09
                                    ETA: 00:00:54

################################################################################
[1m                           Learning iteration 140/250                           [0m 

                            Total steps: 1732608 
                       Steps per second: 22901 
                        Collection time: 0.465s 
                          Learning time: 0.071s 
                        Mean value loss: 0.0385
                    Mean surrogate loss: -0.0100
                      Mean entropy loss: 5.1342
                            Mean reward: 3.25
                    Mean episode length: 106.52
                        Mean action std: 0.40
                reward/tracking_lin_vel: 1.0782
                reward/tracking_ang_vel: 0.1340
                      reward/feet_phase: 0.2735
             reward/feet_phase_contrast: 0.5257
             reward/feet_contact_number: 0.4656
                   reward/feet_air_time: 0.0023
                     reward/under_speed: -0.1735
                       reward/feet_slip: -0.0016
                  reward/feet_clearance: -0.0069
                       reward/lin_vel_z: -0.0034
                      reward/ang_vel_xy: -0.1121
                     reward/base_height: -0.0838
                     reward/orientation: -0.0690
                            reward/pose: -0.0115
                     reward/action_rate: -0.0484
                      reward/action_acc: -0.1391
             Metrics/twist/error_vel_xy: 0.2758
            Metrics/twist/error_vel_yaw: 0.2423
        Episode_Reward/tracking_lin_vel: 0.1631
        Episode_Reward/tracking_ang_vel: 0.0171
              Episode_Reward/feet_phase: 0.0688
     Episode_Reward/feet_phase_contrast: 0.1121
     Episode_Reward/feet_contact_number: 0.0620
           Episode_Reward/feet_air_time: 0.0037
             Episode_Reward/under_speed: -0.0180
               Episode_Reward/feet_slip: -0.0004
          Episode_Reward/feet_clearance: -0.0013
               Episode_Reward/lin_vel_z: -0.0018
              Episode_Reward/ang_vel_xy: -0.0370
             Episode_Reward/base_height: -0.0575
             Episode_Reward/orientation: -0.0416
                    Episode_Reward/pose: -0.0015
             Episode_Reward/action_rate: -0.0068
              Episode_Reward/action_acc: -0.0195
           Episode_Termination/time_out: 0.0769
    Episode_Termination/bad_orientation: 1.2308
--------------------------------------------------------------------------------
                         Iteration time: 0.54s
                           Time elapsed: 00:01:09
                                    ETA: 00:00:53

################################################################################
[1m                           Learning iteration 141/250                           [0m 

                            Total steps: 1744896 
                       Steps per second: 24153 
                        Collection time: 0.439s 
                          Learning time: 0.070s 
                        Mean value loss: 0.0250
                    Mean surrogate loss: -0.0096
                      Mean entropy loss: 5.1213
                            Mean reward: 3.22
                    Mean episode length: 105.40
                        Mean action std: 0.40
                reward/tracking_lin_vel: 1.0908
                reward/tracking_ang_vel: 0.1350
                      reward/feet_phase: 0.2608
             reward/feet_phase_contrast: 0.5159
             reward/feet_contact_number: 0.4631
                   reward/feet_air_time: 0.0024
                     reward/under_speed: -0.1746
                       reward/feet_slip: -0.0014
                  reward/feet_clearance: -0.0066
                       reward/lin_vel_z: -0.0023
                      reward/ang_vel_xy: -0.1026
                     reward/base_height: -0.0445
                     reward/orientation: -0.0513
                            reward/pose: -0.0109
                     reward/action_rate: -0.0478
                      reward/action_acc: -0.1366
             Metrics/twist/error_vel_xy: 0.2290
            Metrics/twist/error_vel_yaw: 0.1988
        Episode_Reward/tracking_lin_vel: 0.0801
        Episode_Reward/tracking_ang_vel: 0.0083
              Episode_Reward/feet_phase: 0.0487
     Episode_Reward/feet_phase_contrast: 0.0790
     Episode_Reward/feet_contact_number: 0.0333
           Episode_Reward/feet_air_time: 0.0026
             Episode_Reward/under_speed: -0.0072
               Episode_Reward/feet_slip: -0.0004
          Episode_Reward/feet_clearance: -0.0009
               Episode_Reward/lin_vel_z: -0.0014
              Episode_Reward/ang_vel_xy: -0.0357
             Episode_Reward/base_height: -0.0555
             Episode_Reward/orientation: -0.0377
                    Episode_Reward/pose: -0.0008
             Episode_Reward/action_rate: -0.0037
              Episode_Reward/action_acc: -0.0102
           Episode_Termination/time_out: 0.0000
    Episode_Termination/bad_orientation: 1.0000
--------------------------------------------------------------------------------
                         Iteration time: 0.51s
                           Time elapsed: 00:01:10
                                    ETA: 00:00:53

################################################################################
[1m                           Learning iteration 142/250                           [0m 

                            Total steps: 1757184 
                       Steps per second: 23762 
                        Collection time: 0.450s 
                          Learning time: 0.067s 
                        Mean value loss: 0.0182
                    Mean surrogate loss: -0.0110
                      Mean entropy loss: 5.1018
                            Mean reward: 6.65
                    Mean episode length: 195.03
                        Mean action std: 0.40
                reward/tracking_lin_vel: 1.0906
                reward/tracking_ang_vel: 0.1351
                      reward/feet_phase: 0.3362
             reward/feet_phase_contrast: 0.5138
             reward/feet_contact_number: 0.4639
                   reward/feet_air_time: 0.0005
                     reward/under_speed: -0.1753
                       reward/feet_slip: -0.0015
                  reward/feet_clearance: -0.0067
                       reward/lin_vel_z: -0.0022
                      reward/ang_vel_xy: -0.0993
                     reward/base_height: -0.0293
                     reward/orientation: -0.0406
                            reward/pose: -0.0107
                     reward/action_rate: -0.0484
                      reward/action_acc: -0.1381
--------------------------------------------------------------------------------
                         Iteration time: 0.52s
                           Time elapsed: 00:01:10
                                    ETA: 00:00:52

################################################################################
[1m                           Learning iteration 143/250                           [0m 

                            Total steps: 1769472 
                       Steps per second: 23961 
                        Collection time: 0.443s 
                          Learning time: 0.070s 
                        Mean value loss: 0.0174
                    Mean surrogate loss: -0.0113
                      Mean entropy loss: 5.0672
                            Mean reward: 9.01
                    Mean episode length: 252.15
                        Mean action std: 0.40
                reward/tracking_lin_vel: 1.0981
                reward/tracking_ang_vel: 0.1346
                      reward/feet_phase: 0.3262
             reward/feet_phase_contrast: 0.5221
             reward/feet_contact_number: 0.4645
                   reward/feet_air_time: 0.0003
                     reward/under_speed: -0.1749
                       reward/feet_slip: -0.0014
                  reward/feet_clearance: -0.0066
                       reward/lin_vel_z: -0.0023
                      reward/ang_vel_xy: -0.0976
                     reward/base_height: -0.0245
                     reward/orientation: -0.0412
                            reward/pose: -0.0103
                     reward/action_rate: -0.0483
                      reward/action_acc: -0.1373
             Metrics/twist/error_vel_xy: 0.5034
            Metrics/twist/error_vel_yaw: 0.4189
        Episode_Reward/tracking_lin_vel: 0.8024
        Episode_Reward/tracking_ang_vel: 0.1032
              Episode_Reward/feet_phase: 0.2342
     Episode_Reward/feet_phase_contrast: 0.4005
     Episode_Reward/feet_contact_number: 0.3529
           Episode_Reward/feet_air_time: 0.0032
             Episode_Reward/under_speed: -0.1331
               Episode_Reward/feet_slip: -0.0010
          Episode_Reward/feet_clearance: -0.0052
               Episode_Reward/lin_vel_z: -0.0017
              Episode_Reward/ang_vel_xy: -0.0611
             Episode_Reward/base_height: -0.0199
             Episode_Reward/orientation: -0.0321
                    Episode_Reward/pose: -0.0086
             Episode_Reward/action_rate: -0.0385
              Episode_Reward/action_acc: -0.1138
           Episode_Termination/time_out: 0.7500
    Episode_Termination/bad_orientation: 0.2500
--------------------------------------------------------------------------------
                         Iteration time: 0.51s
                           Time elapsed: 00:01:11
                                    ETA: 00:00:52

################################################################################
[1m                           Learning iteration 144/250                           [0m 

                            Total steps: 1781760 
                       Steps per second: 23855 
                        Collection time: 0.443s 
                          Learning time: 0.072s 
                        Mean value loss: 0.0313
                    Mean surrogate loss: -0.0098
                      Mean entropy loss: 5.0268
                            Mean reward: 10.04
                    Mean episode length: 276.19
                        Mean action std: 0.40
                reward/tracking_lin_vel: 1.1007
                reward/tracking_ang_vel: 0.1322
                      reward/feet_phase: 0.2605
             reward/feet_phase_contrast: 0.5271
             reward/feet_contact_number: 0.4653
                   reward/feet_air_time: 0.0003
                     reward/under_speed: -0.1747
                       reward/feet_slip: -0.0014
                  reward/feet_clearance: -0.0066
                       reward/lin_vel_z: -0.0023
                      reward/ang_vel_xy: -0.0989
                     reward/base_height: -0.0212
                     reward/orientation: -0.0392
                            reward/pose: -0.0103
                     reward/action_rate: -0.0477
                      reward/action_acc: -0.1351
             Metrics/twist/error_vel_xy: 0.3322
            Metrics/twist/error_vel_yaw: 0.2866
        Episode_Reward/tracking_lin_vel: 0.5897
        Episode_Reward/tracking_ang_vel: 0.0678
              Episode_Reward/feet_phase: 0.1463
     Episode_Reward/feet_phase_contrast: 0.2522
     Episode_Reward/feet_contact_number: 0.2335
           Episode_Reward/feet_air_time: 0.0000
             Episode_Reward/under_speed: -0.0847
               Episode_Reward/feet_slip: -0.0006
          Episode_Reward/feet_clearance: -0.0027
               Episode_Reward/lin_vel_z: -0.0018
              Episode_Reward/ang_vel_xy: -0.0454
             Episode_Reward/base_height: -0.0313
             Episode_Reward/orientation: -0.0325
                    Episode_Reward/pose: -0.0048
             Episode_Reward/action_rate: -0.0243
              Episode_Reward/action_acc: -0.0718
           Episode_Termination/time_out: 0.6000
    Episode_Termination/bad_orientation: 0.8000
--------------------------------------------------------------------------------
                         Iteration time: 0.52s
                           Time elapsed: 00:01:11
                                    ETA: 00:00:51

################################################################################
[1m                           Learning iteration 145/250                           [0m 

                            Total steps: 1794048 
                       Steps per second: 24078 
                        Collection time: 0.440s 
                          Learning time: 0.071s 
                        Mean value loss: 0.0205
                    Mean surrogate loss: -0.0092
                      Mean entropy loss: 5.0130
                            Mean reward: 10.64
                    Mean episode length: 290.65
                        Mean action std: 0.40
                reward/tracking_lin_vel: 1.1061
                reward/tracking_ang_vel: 0.1325
                      reward/feet_phase: 0.2886
             reward/feet_phase_contrast: 0.5280
             reward/feet_contact_number: 0.4632
                   reward/feet_air_time: 0.0002
                     reward/under_speed: -0.1747
                       reward/feet_slip: -0.0015
                  reward/feet_clearance: -0.0068
                       reward/lin_vel_z: -0.0021
                      reward/ang_vel_xy: -0.1030
                     reward/base_height: -0.0220
                     reward/orientation: -0.0378
                            reward/pose: -0.0103
                     reward/action_rate: -0.0476
                      reward/action_acc: -0.1338
--------------------------------------------------------------------------------
                         Iteration time: 0.51s
                           Time elapsed: 00:01:12
                                    ETA: 00:00:51

################################################################################
[1m                           Learning iteration 146/250                           [0m 

                            Total steps: 1806336 
                       Steps per second: 23736 
                        Collection time: 0.445s 
                          Learning time: 0.073s 
                        Mean value loss: 0.0161
                    Mean surrogate loss: -0.0107
                      Mean entropy loss: 5.0042
                            Mean reward: 10.98
                    Mean episode length: 299.39
                        Mean action std: 0.40
                reward/tracking_lin_vel: 1.1143
                reward/tracking_ang_vel: 0.1319
                      reward/feet_phase: 0.3755
             reward/feet_phase_contrast: 0.5478
             reward/feet_contact_number: 0.4644
                   reward/feet_air_time: 0.0000
                     reward/under_speed: -0.1741
                       reward/feet_slip: -0.0015
                  reward/feet_clearance: -0.0068
                       reward/lin_vel_z: -0.0020
                      reward/ang_vel_xy: -0.1032
                     reward/base_height: -0.0200
                     reward/orientation: -0.0387
                            reward/pose: -0.0100
                     reward/action_rate: -0.0479
                      reward/action_acc: -0.1344
--------------------------------------------------------------------------------
                         Iteration time: 0.52s
                           Time elapsed: 00:01:12
                                    ETA: 00:00:51

################################################################################
[1m                           Learning iteration 147/250                           [0m 

                            Total steps: 1818624 
                       Steps per second: 24064 
                        Collection time: 0.440s 
                          Learning time: 0.071s 
                        Mean value loss: 0.0176
                    Mean surrogate loss: -0.0091
                      Mean entropy loss: 4.9775
                            Mean reward: 11.43
                    Mean episode length: 310.26
                        Mean action std: 0.40
                reward/tracking_lin_vel: 1.1205
                reward/tracking_ang_vel: 0.1310
                      reward/feet_phase: 0.2997
             reward/feet_phase_contrast: 0.5547
             reward/feet_contact_number: 0.4628
                   reward/feet_air_time: 0.0001
                     reward/under_speed: -0.1731
                       reward/feet_slip: -0.0016
                  reward/feet_clearance: -0.0070
                       reward/lin_vel_z: -0.0022
                      reward/ang_vel_xy: -0.1119
                     reward/base_height: -0.0201
                     reward/orientation: -0.0369
                            reward/pose: -0.0098
                     reward/action_rate: -0.0482
                      reward/action_acc: -0.1343
--------------------------------------------------------------------------------
                         Iteration time: 0.51s
                           Time elapsed: 00:01:13
                                    ETA: 00:00:50

################################################################################
[1m                           Learning iteration 148/250                           [0m 

                            Total steps: 1830912 
                       Steps per second: 24200 
                        Collection time: 0.441s 
                          Learning time: 0.067s 
                        Mean value loss: 0.0143
                    Mean surrogate loss: -0.0088
                      Mean entropy loss: 4.9565
                            Mean reward: 11.84
                    Mean episode length: 320.83
                        Mean action std: 0.40
                reward/tracking_lin_vel: 1.1350
                reward/tracking_ang_vel: 0.1285
                      reward/feet_phase: 0.2824
             reward/feet_phase_contrast: 0.5676
             reward/feet_contact_number: 0.4657
                   reward/feet_air_time: 0.0001
                     reward/under_speed: -0.1723
                       reward/feet_slip: -0.0016
                  reward/feet_clearance: -0.0071
                       reward/lin_vel_z: -0.0022
                      reward/ang_vel_xy: -0.1077
                     reward/base_height: -0.0157
                     reward/orientation: -0.0353
                            reward/pose: -0.0099
                     reward/action_rate: -0.0477
                      reward/action_acc: -0.1323
--------------------------------------------------------------------------------
                         Iteration time: 0.51s
                           Time elapsed: 00:01:13
                                    ETA: 00:00:50

################################################################################
[1m                           Learning iteration 149/250                           [0m 

                            Total steps: 1843200 
                       Steps per second: 23000 
                        Collection time: 0.461s 
                          Learning time: 0.073s 
                        Mean value loss: 2.9961
                    Mean surrogate loss: -0.0096
                      Mean entropy loss: 4.9308
                            Mean reward: 11.86
                    Mean episode length: 321.01
                        Mean action std: 0.40
                reward/tracking_lin_vel: 1.1263
                reward/tracking_ang_vel: 0.1298
                      reward/feet_phase: 0.3545
             reward/feet_phase_contrast: 0.5638
             reward/feet_contact_number: 0.4618
                   reward/feet_air_time: 0.0000
                     reward/under_speed: -0.1731
                       reward/feet_slip: -0.0017
                  reward/feet_clearance: -0.0073
                       reward/lin_vel_z: -0.0021
                      reward/ang_vel_xy: -0.1080
                     reward/base_height: -0.0111
                     reward/orientation: -0.0318
                            reward/pose: -0.0100
                     reward/action_rate: -0.0482
                      reward/action_acc: -0.1333
--------------------------------------------------------------------------------
                         Iteration time: 0.53s
                           Time elapsed: 00:01:14
                                    ETA: 00:00:49

################################################################################
[1m                           Learning iteration 150/250                           [0m 

                            Total steps: 1855488 
                       Steps per second: 32217 
                        Collection time: 0.313s 
                          Learning time: 0.068s 
                        Mean value loss: 0.3713
                    Mean surrogate loss: -0.0109
                      Mean entropy loss: 4.9260
                            Mean reward: 18.44
                    Mean episode length: 501.91
                        Mean action std: 0.40
                reward/tracking_lin_vel: 0.5317
                reward/tracking_ang_vel: 0.1081
                      reward/feet_phase: 0.4493
             reward/feet_phase_contrast: 0.7278
             reward/feet_contact_number: 0.4333
                   reward/feet_air_time: 0.1871
                     reward/under_speed: -0.1188
                       reward/feet_slip: -0.0052
                  reward/feet_clearance: -0.0201
                       reward/lin_vel_z: -0.0296
                      reward/ang_vel_xy: -0.5438
                     reward/base_height: -0.4327
                     reward/orientation: -0.4158
                            reward/pose: -0.0134
                     reward/action_rate: -0.0496
                      reward/action_acc: -0.1353
--------------------------------------------------------------------------------
                         Iteration time: 0.38s
                           Time elapsed: 00:01:14
                                    ETA: 00:00:49

################################################################################
[1m                           Learning iteration 151/250                           [0m 

                            Total steps: 1867776 
                       Steps per second: 25919 
                        Collection time: 0.408s 
                          Learning time: 0.067s 
                        Mean value loss: 0.2248
                    Mean surrogate loss: -0.0110
                      Mean entropy loss: 4.9284
                            Mean reward: 14.99
                    Mean episode length: 435.63
                        Mean action std: 0.40
                reward/tracking_lin_vel: 0.8833
                reward/tracking_ang_vel: 0.1111
                      reward/feet_phase: 0.5047
             reward/feet_phase_contrast: 0.8347
             reward/feet_contact_number: 0.4356
                   reward/feet_air_time: 0.0743
                     reward/under_speed: -0.1203
                       reward/feet_slip: -0.0041
                  reward/feet_clearance: -0.0172
                       reward/lin_vel_z: -0.0288
                      reward/ang_vel_xy: -0.6129
                     reward/base_height: -1.5209
                     reward/orientation: -0.5999
                            reward/pose: -0.0102
                     reward/action_rate: -0.0488
                      reward/action_acc: -0.1319
             Metrics/twist/error_vel_xy: 0.3808
            Metrics/twist/error_vel_yaw: 0.2337
        Episode_Reward/tracking_lin_vel: 0.4673
        Episode_Reward/tracking_ang_vel: 0.0578
              Episode_Reward/feet_phase: 0.1466
     Episode_Reward/feet_phase_contrast: 0.2495
     Episode_Reward/feet_contact_number: 0.2056
           Episode_Reward/feet_air_time: 0.0092
             Episode_Reward/under_speed: -0.0744
               Episode_Reward/feet_slip: -0.0008
          Episode_Reward/feet_clearance: -0.0036
               Episode_Reward/lin_vel_z: -0.0024
              Episode_Reward/ang_vel_xy: -0.0712
             Episode_Reward/base_height: -0.0772
             Episode_Reward/orientation: -0.0481
                    Episode_Reward/pose: -0.0049
             Episode_Reward/action_rate: -0.0216
              Episode_Reward/action_acc: -0.0616
           Episode_Termination/time_out: 0.0000
    Episode_Termination/bad_orientation: 11.7500
--------------------------------------------------------------------------------
                         Iteration time: 0.47s
                           Time elapsed: 00:01:15
                                    ETA: 00:00:48

################################################################################
[1m                           Learning iteration 152/250                           [0m 

                            Total steps: 1880064 
                       Steps per second: 24684 
                        Collection time: 0.428s 
                          Learning time: 0.070s 
                        Mean value loss: 0.1892
                    Mean surrogate loss: -0.0124
                      Mean entropy loss: 4.9206
                            Mean reward: 13.35
                    Mean episode length: 392.01
                        Mean action std: 0.40
                reward/tracking_lin_vel: 1.1147
                reward/tracking_ang_vel: 0.1200
                      reward/feet_phase: 0.4665
             reward/feet_phase_contrast: 0.8324
             reward/feet_contact_number: 0.4589
                   reward/feet_air_time: 0.0315
                     reward/under_speed: -0.1434
                       reward/feet_slip: -0.0029
                  reward/feet_clearance: -0.0105
                       reward/lin_vel_z: -0.0085
                      reward/ang_vel_xy: -0.2355
                     reward/base_height: -0.3000
                     reward/orientation: -0.1870
                            reward/pose: -0.0103
                     reward/action_rate: -0.0488
                      reward/action_acc: -0.1322
             Metrics/twist/error_vel_xy: 0.3565
            Metrics/twist/error_vel_yaw: 0.2438
        Episode_Reward/tracking_lin_vel: 0.3223
        Episode_Reward/tracking_ang_vel: 0.0409
              Episode_Reward/feet_phase: 0.1082
     Episode_Reward/feet_phase_contrast: 0.1849
     Episode_Reward/feet_contact_number: 0.1463
           Episode_Reward/feet_air_time: 0.0055
             Episode_Reward/under_speed: -0.0518
               Episode_Reward/feet_slip: -0.0007
          Episode_Reward/feet_clearance: -0.0028
               Episode_Reward/lin_vel_z: -0.0021
              Episode_Reward/ang_vel_xy: -0.0567
             Episode_Reward/base_height: -0.0730
             Episode_Reward/orientation: -0.0465
                    Episode_Reward/pose: -0.0035
             Episode_Reward/action_rate: -0.0155
              Episode_Reward/action_acc: -0.0438
           Episode_Termination/time_out: 0.0000
    Episode_Termination/bad_orientation: 2.4545
--------------------------------------------------------------------------------
                         Iteration time: 0.50s
                           Time elapsed: 00:01:15
                                    ETA: 00:00:48

################################################################################
[1m                           Learning iteration 153/250                           [0m 

                            Total steps: 1892352 
                       Steps per second: 24092 
                        Collection time: 0.438s 
                          Learning time: 0.072s 
                        Mean value loss: 0.0885
                    Mean surrogate loss: -0.0097
                      Mean entropy loss: 4.9147
                            Mean reward: 5.93
                    Mean episode length: 209.48
                        Mean action std: 0.40
                reward/tracking_lin_vel: 1.0800
                reward/tracking_ang_vel: 0.1219
                      reward/feet_phase: 0.4608
             reward/feet_phase_contrast: 0.6751
             reward/feet_contact_number: 0.4583
                   reward/feet_air_time: 0.0107
                     reward/under_speed: -0.1587
                       reward/feet_slip: -0.0025
                  reward/feet_clearance: -0.0093
                       reward/lin_vel_z: -0.0072
                      reward/ang_vel_xy: -0.2214
                     reward/base_height: -0.3002
                     reward/orientation: -0.1619
                            reward/pose: -0.0109
                     reward/action_rate: -0.0486
                      reward/action_acc: -0.1314
             Metrics/twist/error_vel_xy: 0.3315
            Metrics/twist/error_vel_yaw: 0.1963
        Episode_Reward/tracking_lin_vel: 0.0871
        Episode_Reward/tracking_ang_vel: 0.0121
              Episode_Reward/feet_phase: 0.0423
     Episode_Reward/feet_phase_contrast: 0.0688
     Episode_Reward/feet_contact_number: 0.0447
           Episode_Reward/feet_air_time: 0.0051
             Episode_Reward/under_speed: -0.0144
               Episode_Reward/feet_slip: -0.0003
          Episode_Reward/feet_clearance: -0.0011
               Episode_Reward/lin_vel_z: -0.0015
              Episode_Reward/ang_vel_xy: -0.0402
             Episode_Reward/base_height: -0.0735
             Episode_Reward/orientation: -0.0391
                    Episode_Reward/pose: -0.0013
             Episode_Reward/action_rate: -0.0052
              Episode_Reward/action_acc: -0.0141
           Episode_Termination/time_out: 0.0000
    Episode_Termination/bad_orientation: 2.5238
--------------------------------------------------------------------------------
                         Iteration time: 0.51s
                           Time elapsed: 00:01:16
                                    ETA: 00:00:47

################################################################################
[1m                           Learning iteration 154/250                           [0m 

                            Total steps: 1904640 
                       Steps per second: 24427 
                        Collection time: 0.435s 
                          Learning time: 0.068s 
                        Mean value loss: 0.0460
                    Mean surrogate loss: -0.0110
                      Mean entropy loss: 4.9064
                            Mean reward: 3.25
                    Mean episode length: 139.56
                        Mean action std: 0.40
                reward/tracking_lin_vel: 1.1108
                reward/tracking_ang_vel: 0.1242
                      reward/feet_phase: 0.3703
             reward/feet_phase_contrast: 0.6481
             reward/feet_contact_number: 0.4632
                   reward/feet_air_time: 0.0045
                     reward/under_speed: -0.1642
                       reward/feet_slip: -0.0022
                  reward/feet_clearance: -0.0086
                       reward/lin_vel_z: -0.0046
                      reward/ang_vel_xy: -0.1498
                     reward/base_height: -0.1060
                     reward/orientation: -0.0857
                            reward/pose: -0.0104
                     reward/action_rate: -0.0487
                      reward/action_acc: -0.1325
             Metrics/twist/error_vel_xy: 0.2914
            Metrics/twist/error_vel_yaw: 0.2545
        Episode_Reward/tracking_lin_vel: 0.0818
        Episode_Reward/tracking_ang_vel: 0.0087
              Episode_Reward/feet_phase: 0.0455
     Episode_Reward/feet_phase_contrast: 0.0707
     Episode_Reward/feet_contact_number: 0.0371
           Episode_Reward/feet_air_time: 0.0076
             Episode_Reward/under_speed: -0.0094
               Episode_Reward/feet_slip: -0.0003
          Episode_Reward/feet_clearance: -0.0011
               Episode_Reward/lin_vel_z: -0.0020
              Episode_Reward/ang_vel_xy: -0.0395
             Episode_Reward/base_height: -0.0663
             Episode_Reward/orientation: -0.0413
                    Episode_Reward/pose: -0.0009
             Episode_Reward/action_rate: -0.0042
              Episode_Reward/action_acc: -0.0109
           Episode_Termination/time_out: 0.0000
    Episode_Termination/bad_orientation: 1.6667
--------------------------------------------------------------------------------
                         Iteration time: 0.50s
                           Time elapsed: 00:01:16
                                    ETA: 00:00:47

################################################################################
[1m                           Learning iteration 155/250                           [0m 

                            Total steps: 1916928 
                       Steps per second: 22952 
                        Collection time: 0.457s 
                          Learning time: 0.079s 
                        Mean value loss: 0.0429
                    Mean surrogate loss: -0.0101
                      Mean entropy loss: 4.8891
                            Mean reward: 2.65
                    Mean episode length: 117.17
                        Mean action std: 0.39
                reward/tracking_lin_vel: 1.1066
                reward/tracking_ang_vel: 0.1241
                      reward/feet_phase: 0.3173
             reward/feet_phase_contrast: 0.6215
             reward/feet_contact_number: 0.4618
                   reward/feet_air_time: 0.0039
                     reward/under_speed: -0.1666
                       reward/feet_slip: -0.0022
                  reward/feet_clearance: -0.0084
                       reward/lin_vel_z: -0.0039
                      reward/ang_vel_xy: -0.1410
                     reward/base_height: -0.0588
                     reward/orientation: -0.0664
                            reward/pose: -0.0102
                     reward/action_rate: -0.0487
                      reward/action_acc: -0.1315
             Metrics/twist/error_vel_xy: 0.2719
            Metrics/twist/error_vel_yaw: 0.2757
        Episode_Reward/tracking_lin_vel: 0.2381
        Episode_Reward/tracking_ang_vel: 0.0265
              Episode_Reward/feet_phase: 0.0969
     Episode_Reward/feet_phase_contrast: 0.1649
     Episode_Reward/feet_contact_number: 0.0942
           Episode_Reward/feet_air_time: 0.0045
             Episode_Reward/under_speed: -0.0304
               Episode_Reward/feet_slip: -0.0006
          Episode_Reward/feet_clearance: -0.0018
               Episode_Reward/lin_vel_z: -0.0024
              Episode_Reward/ang_vel_xy: -0.0498
             Episode_Reward/base_height: -0.0525
             Episode_Reward/orientation: -0.0452
                    Episode_Reward/pose: -0.0026
             Episode_Reward/action_rate: -0.0105
              Episode_Reward/action_acc: -0.0288
           Episode_Termination/time_out: 0.0000
    Episode_Termination/bad_orientation: 1.1818
--------------------------------------------------------------------------------
                         Iteration time: 0.54s
                           Time elapsed: 00:01:17
                                    ETA: 00:00:46

################################################################################
[1m                           Learning iteration 156/250                           [0m 

                            Total steps: 1929216 
                       Steps per second: 24054 
                        Collection time: 0.440s 
                          Learning time: 0.071s 
                        Mean value loss: 0.0310
                    Mean surrogate loss: -0.0108
                      Mean entropy loss: 4.8775
                            Mean reward: 2.84
                    Mean episode length: 117.22
                        Mean action std: 0.39
                reward/tracking_lin_vel: 1.1074
                reward/tracking_ang_vel: 0.1263
                      reward/feet_phase: 0.3714
             reward/feet_phase_contrast: 0.6194
             reward/feet_contact_number: 0.4618
                   reward/feet_air_time: 0.0010
                     reward/under_speed: -0.1689
                       reward/feet_slip: -0.0021
                  reward/feet_clearance: -0.0082
                       reward/lin_vel_z: -0.0035
                      reward/ang_vel_xy: -0.1353
                     reward/base_height: -0.0661
                     reward/orientation: -0.0597
                            reward/pose: -0.0100
                     reward/action_rate: -0.0484
                      reward/action_acc: -0.1313
--------------------------------------------------------------------------------
                         Iteration time: 0.51s
                           Time elapsed: 00:01:17
                                    ETA: 00:00:46

################################################################################
[1m                           Learning iteration 157/250                           [0m 

                            Total steps: 1941504 
                       Steps per second: 24182 
                        Collection time: 0.437s 
                          Learning time: 0.071s 
                        Mean value loss: 0.0294
                    Mean surrogate loss: -0.0098
                      Mean entropy loss: 4.8557
                            Mean reward: 2.64
                    Mean episode length: 111.26
                        Mean action std: 0.39
                reward/tracking_lin_vel: 1.1127
                reward/tracking_ang_vel: 0.1248
                      reward/feet_phase: 0.4012
             reward/feet_phase_contrast: 0.6002
             reward/feet_contact_number: 0.4597
                   reward/feet_air_time: 0.0006
                     reward/under_speed: -0.1710
                       reward/feet_slip: -0.0022
                  reward/feet_clearance: -0.0082
                       reward/lin_vel_z: -0.0026
                      reward/ang_vel_xy: -0.1174
                     reward/base_height: -0.0277
                     reward/orientation: -0.0410
                            reward/pose: -0.0098
                     reward/action_rate: -0.0486
                      reward/action_acc: -0.1314
--------------------------------------------------------------------------------
                         Iteration time: 0.51s
                           Time elapsed: 00:01:18
                                    ETA: 00:00:45

################################################################################
[1m                           Learning iteration 158/250                           [0m 

                            Total steps: 1953792 
                       Steps per second: 24089 
                        Collection time: 0.440s 
                          Learning time: 0.070s 
                        Mean value loss: 0.0206
                    Mean surrogate loss: -0.0103
                      Mean entropy loss: 4.8453
                            Mean reward: 2.67
                    Mean episode length: 111.71
                        Mean action std: 0.39
                reward/tracking_lin_vel: 1.1143
                reward/tracking_ang_vel: 0.1246
                      reward/feet_phase: 0.3102
             reward/feet_phase_contrast: 0.6072
             reward/feet_contact_number: 0.4619
                   reward/feet_air_time: 0.0010
                     reward/under_speed: -0.1709
                       reward/feet_slip: -0.0020
                  reward/feet_clearance: -0.0081
                       reward/lin_vel_z: -0.0025
                      reward/ang_vel_xy: -0.1201
                     reward/base_height: -0.0265
                     reward/orientation: -0.0400
                            reward/pose: -0.0096
                     reward/action_rate: -0.0485
                      reward/action_acc: -0.1310
--------------------------------------------------------------------------------
                         Iteration time: 0.51s
                           Time elapsed: 00:01:18
                                    ETA: 00:00:45

################################################################################
[1m                           Learning iteration 159/250                           [0m 

                            Total steps: 1966080 
                       Steps per second: 21140 
                        Collection time: 0.504s 
                          Learning time: 0.077s 
                        Mean value loss: 0.0208
                    Mean surrogate loss: -0.0096
                      Mean entropy loss: 4.8299
                            Mean reward: 9.00
                    Mean episode length: 260.22
                        Mean action std: 0.39
                reward/tracking_lin_vel: 1.1276
                reward/tracking_ang_vel: 0.1232
                      reward/feet_phase: 0.3255
             reward/feet_phase_contrast: 0.6413
             reward/feet_contact_number: 0.4615
                   reward/feet_air_time: 0.0005
                     reward/under_speed: -0.1687
                       reward/feet_slip: -0.0023
                  reward/feet_clearance: -0.0088
                       reward/lin_vel_z: -0.0027
                      reward/ang_vel_xy: -0.1260
                     reward/base_height: -0.0257
                     reward/orientation: -0.0375
                            reward/pose: -0.0097
                     reward/action_rate: -0.0497
                      reward/action_acc: -0.1332
--------------------------------------------------------------------------------
                         Iteration time: 0.58s
                           Time elapsed: 00:01:19
                                    ETA: 00:00:44

################################################################################
[1m                           Learning iteration 160/250                           [0m 

                            Total steps: 1978368 
                       Steps per second: 19785 
                        Collection time: 0.541s 
                          Learning time: 0.080s 
                        Mean value loss: 0.0255
                    Mean surrogate loss: -0.0100
                      Mean entropy loss: 4.8091
                            Mean reward: 10.12
                    Mean episode length: 287.04
                        Mean action std: 0.39
                reward/tracking_lin_vel: 1.1436
                reward/tracking_ang_vel: 0.1200
                      reward/feet_phase: 0.4485
             reward/feet_phase_contrast: 0.6666
             reward/feet_contact_number: 0.4590
                   reward/feet_air_time: 0.0008
                     reward/under_speed: -0.1665
                       reward/feet_slip: -0.0025
                  reward/feet_clearance: -0.0092
                       reward/lin_vel_z: -0.0025
                      reward/ang_vel_xy: -0.1339
                     reward/base_height: -0.0208
                     reward/orientation: -0.0366
                            reward/pose: -0.0100
                     reward/action_rate: -0.0504
                      reward/action_acc: -0.1334
--------------------------------------------------------------------------------
                         Iteration time: 0.62s
                           Time elapsed: 00:01:19
                                    ETA: 00:00:44

################################################################################
[1m                           Learning iteration 161/250                           [0m 

                            Total steps: 1990656 
                       Steps per second: 20099 
                        Collection time: 0.519s 
                          Learning time: 0.093s 
                        Mean value loss: 0.0355
                    Mean surrogate loss: -0.0093
                      Mean entropy loss: 4.7974
                            Mean reward: 10.76
                    Mean episode length: 301.50
                        Mean action std: 0.39
                reward/tracking_lin_vel: 1.1537
                reward/tracking_ang_vel: 0.1166
                      reward/feet_phase: 0.4085
             reward/feet_phase_contrast: 0.6882
             reward/feet_contact_number: 0.4613
                   reward/feet_air_time: 0.0001
                     reward/under_speed: -0.1652
                       reward/feet_slip: -0.0028
                  reward/feet_clearance: -0.0099
                       reward/lin_vel_z: -0.0030
                      reward/ang_vel_xy: -0.1474
                     reward/base_height: -0.0300
                     reward/orientation: -0.0415
                            reward/pose: -0.0104
                     reward/action_rate: -0.0517
                      reward/action_acc: -0.1353
--------------------------------------------------------------------------------
                         Iteration time: 0.61s
                           Time elapsed: 00:01:20
                                    ETA: 00:00:43

################################################################################
[1m                           Learning iteration 162/250                           [0m 

                            Total steps: 2002944 
                       Steps per second: 23524 
                        Collection time: 0.453s 
                          Learning time: 0.069s 
                        Mean value loss: 0.0250
                    Mean surrogate loss: -0.0095
                      Mean entropy loss: 4.7864
                            Mean reward: 10.94
                    Mean episode length: 303.60
                        Mean action std: 0.39
                reward/tracking_lin_vel: 1.1576
                reward/tracking_ang_vel: 0.1134
                      reward/feet_phase: 0.3456
             reward/feet_phase_contrast: 0.6957
             reward/feet_contact_number: 0.4618
                   reward/feet_air_time: 0.0000
                     reward/under_speed: -0.1647
                       reward/feet_slip: -0.0030
                  reward/feet_clearance: -0.0101
                       reward/lin_vel_z: -0.0029
                      reward/ang_vel_xy: -0.1467
                     reward/base_height: -0.0157
                     reward/orientation: -0.0374
                            reward/pose: -0.0101
                     reward/action_rate: -0.0517
                      reward/action_acc: -0.1344
--------------------------------------------------------------------------------
                         Iteration time: 0.52s
                           Time elapsed: 00:01:21
                                    ETA: 00:00:43

################################################################################
[1m                           Learning iteration 163/250                           [0m 

                            Total steps: 2015232 
                       Steps per second: 24103 
                        Collection time: 0.438s 
                          Learning time: 0.072s 
                        Mean value loss: 0.0218
                    Mean surrogate loss: -0.0096
                      Mean entropy loss: 4.7770
                            Mean reward: 11.58
                    Mean episode length: 316.13
                        Mean action std: 0.39
                reward/tracking_lin_vel: 1.1509
                reward/tracking_ang_vel: 0.1131
                      reward/feet_phase: 0.3985
             reward/feet_phase_contrast: 0.7005
             reward/feet_contact_number: 0.4634
                   reward/feet_air_time: 0.0007
                     reward/under_speed: -0.1638
                       reward/feet_slip: -0.0030
                  reward/feet_clearance: -0.0102
                       reward/lin_vel_z: -0.0032
                      reward/ang_vel_xy: -0.1583
                     reward/base_height: -0.0232
                     reward/orientation: -0.0414
                            reward/pose: -0.0098
                     reward/action_rate: -0.0524
                      reward/action_acc: -0.1358
--------------------------------------------------------------------------------
                         Iteration time: 0.51s
                           Time elapsed: 00:01:21
                                    ETA: 00:00:42

################################################################################
[1m                           Learning iteration 164/250                           [0m 

                            Total steps: 2027520 
                       Steps per second: 23902 
                        Collection time: 0.444s 
                          Learning time: 0.070s 
                        Mean value loss: 0.0286
                    Mean surrogate loss: -0.0076
                      Mean entropy loss: 4.7602
                            Mean reward: 12.42
                    Mean episode length: 332.21
                        Mean action std: 0.39
                reward/tracking_lin_vel: 1.1613
                reward/tracking_ang_vel: 0.1131
                      reward/feet_phase: 0.4845
             reward/feet_phase_contrast: 0.7112
             reward/feet_contact_number: 0.4606
                   reward/feet_air_time: 0.0014
                     reward/under_speed: -0.1639
                       reward/feet_slip: -0.0031
                  reward/feet_clearance: -0.0105
                       reward/lin_vel_z: -0.0027
                      reward/ang_vel_xy: -0.1501
                     reward/base_height: -0.0178
                     reward/orientation: -0.0366
                            reward/pose: -0.0096
                     reward/action_rate: -0.0522
                      reward/action_acc: -0.1348
             Metrics/twist/error_vel_xy: 0.3031
            Metrics/twist/error_vel_yaw: 0.4071
        Episode_Reward/tracking_lin_vel: 0.6837
        Episode_Reward/tracking_ang_vel: 0.0675
              Episode_Reward/feet_phase: 0.2340
     Episode_Reward/feet_phase_contrast: 0.3987
     Episode_Reward/feet_contact_number: 0.2580
           Episode_Reward/feet_air_time: 0.0006
             Episode_Reward/under_speed: -0.0869
               Episode_Reward/feet_slip: -0.0018
          Episode_Reward/feet_clearance: -0.0062
               Episode_Reward/lin_vel_z: -0.0028
              Episode_Reward/ang_vel_xy: -0.0909
             Episode_Reward/base_height: -0.0403
             Episode_Reward/orientation: -0.0512
                    Episode_Reward/pose: -0.0071
             Episode_Reward/action_rate: -0.0286
              Episode_Reward/action_acc: -0.0754
           Episode_Termination/time_out: 0.2500
    Episode_Termination/bad_orientation: 0.7500
--------------------------------------------------------------------------------
                         Iteration time: 0.51s
                           Time elapsed: 00:01:22
                                    ETA: 00:00:42

################################################################################
[1m                           Learning iteration 165/250                           [0m 

                            Total steps: 2039808 
                       Steps per second: 23796 
                        Collection time: 0.443s 
                          Learning time: 0.074s 
                        Mean value loss: 0.0248
                    Mean surrogate loss: -0.0093
                      Mean entropy loss: 4.7523
                            Mean reward: 13.14
                    Mean episode length: 346.91
                        Mean action std: 0.39
                reward/tracking_lin_vel: 1.1704
                reward/tracking_ang_vel: 0.1107
                      reward/feet_phase: 0.3850
             reward/feet_phase_contrast: 0.7318
             reward/feet_contact_number: 0.4587
                   reward/feet_air_time: 0.0006
                     reward/under_speed: -0.1604
                       reward/feet_slip: -0.0037
                  reward/feet_clearance: -0.0109
                       reward/lin_vel_z: -0.0032
                      reward/ang_vel_xy: -0.1671
                     reward/base_height: -0.0252
                     reward/orientation: -0.0421
                            reward/pose: -0.0093
                     reward/action_rate: -0.0530
                      reward/action_acc: -0.1360
--------------------------------------------------------------------------------
                         Iteration time: 0.52s
                           Time elapsed: 00:01:22
                                    ETA: 00:00:41

################################################################################
[1m                           Learning iteration 166/250                           [0m 

                            Total steps: 2052096 
                       Steps per second: 25412 
                        Collection time: 0.413s 
                          Learning time: 0.070s 
                        Mean value loss: 4.3296
                    Mean surrogate loss: -0.0075
                      Mean entropy loss: 4.7412
                            Mean reward: 13.63
                    Mean episode length: 356.66
                        Mean action std: 0.39
                reward/tracking_lin_vel: 0.9326
                reward/tracking_ang_vel: 0.1035
                      reward/feet_phase: 0.4027
             reward/feet_phase_contrast: 0.7696
             reward/feet_contact_number: 0.4467
                   reward/feet_air_time: 0.0079
                     reward/under_speed: -0.1441
                       reward/feet_slip: -0.0065
                  reward/feet_clearance: -0.0183
                       reward/lin_vel_z: -0.0104
                      reward/ang_vel_xy: -0.2384
                     reward/base_height: -0.0245
                     reward/orientation: -0.0546
                            reward/pose: -0.0098
                     reward/action_rate: -0.0543
                      reward/action_acc: -0.1376
--------------------------------------------------------------------------------
                         Iteration time: 0.48s
                           Time elapsed: 00:01:23
                                    ETA: 00:00:41

################################################################################
[1m                           Learning iteration 167/250                           [0m 

                            Total steps: 2064384 
                       Steps per second: 32203 
                        Collection time: 0.317s 
                          Learning time: 0.065s 
                        Mean value loss: 0.2781
                    Mean surrogate loss: -0.0105
                      Mean entropy loss: 4.7442
                            Mean reward: 16.46
                    Mean episode length: 438.12
                        Mean action std: 0.39
                reward/tracking_lin_vel: 0.6593
                reward/tracking_ang_vel: 0.0960
                      reward/feet_phase: 0.5294
             reward/feet_phase_contrast: 0.8141
             reward/feet_contact_number: 0.4308
                   reward/feet_air_time: 0.2053
                     reward/under_speed: -0.1099
                       reward/feet_slip: -0.0054
                  reward/feet_clearance: -0.0187
                       reward/lin_vel_z: -0.0393
                      reward/ang_vel_xy: -0.7740
                     reward/base_height: -1.0676
                     reward/orientation: -0.6600
                            reward/pose: -0.0127
                     reward/action_rate: -0.0564
                      reward/action_acc: -0.1384
--------------------------------------------------------------------------------
                         Iteration time: 0.38s
                           Time elapsed: 00:01:23
                                    ETA: 00:00:40

################################################################################
[1m                           Learning iteration 168/250                           [0m 

                            Total steps: 2076672 
                       Steps per second: 26513 
                        Collection time: 0.390s 
                          Learning time: 0.073s 
                        Mean value loss: 0.2732
                    Mean surrogate loss: -0.0107
                      Mean entropy loss: 4.7438
                            Mean reward: 15.53
                    Mean episode length: 418.22
                        Mean action std: 0.39
                reward/tracking_lin_vel: 1.0214
                reward/tracking_ang_vel: 0.1023
                      reward/feet_phase: 0.5598
             reward/feet_phase_contrast: 0.8527
             reward/feet_contact_number: 0.4298
                   reward/feet_air_time: 0.0339
                     reward/under_speed: -0.1310
                       reward/feet_slip: -0.0050
                  reward/feet_clearance: -0.0166
                       reward/lin_vel_z: -0.0175
                      reward/ang_vel_xy: -0.4413
                     reward/base_height: -0.8662
                     reward/orientation: -0.3560
                            reward/pose: -0.0090
                     reward/action_rate: -0.0563
                      reward/action_acc: -0.1393
             Metrics/twist/error_vel_xy: 0.4240
            Metrics/twist/error_vel_yaw: 0.3537
        Episode_Reward/tracking_lin_vel: 0.4488
        Episode_Reward/tracking_ang_vel: 0.0492
              Episode_Reward/feet_phase: 0.1648
     Episode_Reward/feet_phase_contrast: 0.2807
     Episode_Reward/feet_contact_number: 0.1905
           Episode_Reward/feet_air_time: 0.0075
             Episode_Reward/under_speed: -0.0664
               Episode_Reward/feet_slip: -0.0011
          Episode_Reward/feet_clearance: -0.0042
               Episode_Reward/lin_vel_z: -0.0024
              Episode_Reward/ang_vel_xy: -0.0822
             Episode_Reward/base_height: -0.0780
             Episode_Reward/orientation: -0.0481
                    Episode_Reward/pose: -0.0043
             Episode_Reward/action_rate: -0.0211
              Episode_Reward/action_acc: -0.0560
           Episode_Termination/time_out: 0.0000
    Episode_Termination/bad_orientation: 7.0000
--------------------------------------------------------------------------------
                         Iteration time: 0.46s
                           Time elapsed: 00:01:23
                                    ETA: 00:00:40

################################################################################
[1m                           Learning iteration 169/250                           [0m 

                            Total steps: 2088960 
                       Steps per second: 23113 
                        Collection time: 0.455s 
                          Learning time: 0.076s 
                        Mean value loss: 0.1473
                    Mean surrogate loss: -0.0107
                      Mean entropy loss: 4.7422
                            Mean reward: 10.80
                    Mean episode length: 318.79
                        Mean action std: 0.39
                reward/tracking_lin_vel: 1.1572
                reward/tracking_ang_vel: 0.1038
                      reward/feet_phase: 0.4466
             reward/feet_phase_contrast: 0.8556
             reward/feet_contact_number: 0.4511
                   reward/feet_air_time: 0.0128
                     reward/under_speed: -0.1434
                       reward/feet_slip: -0.0046
                  reward/feet_clearance: -0.0132
                       reward/lin_vel_z: -0.0072
                      reward/ang_vel_xy: -0.2671
                     reward/base_height: -0.3175
                     reward/orientation: -0.1645
                            reward/pose: -0.0090
                     reward/action_rate: -0.0558
                      reward/action_acc: -0.1401
             Metrics/twist/error_vel_xy: 0.3762
            Metrics/twist/error_vel_yaw: 0.2876
        Episode_Reward/tracking_lin_vel: 0.2224
        Episode_Reward/tracking_ang_vel: 0.0262
              Episode_Reward/feet_phase: 0.0910
     Episode_Reward/feet_phase_contrast: 0.1555
     Episode_Reward/feet_contact_number: 0.1040
           Episode_Reward/feet_air_time: 0.0056
             Episode_Reward/under_speed: -0.0363
               Episode_Reward/feet_slip: -0.0007
          Episode_Reward/feet_clearance: -0.0025
               Episode_Reward/lin_vel_z: -0.0019
              Episode_Reward/ang_vel_xy: -0.0606
             Episode_Reward/base_height: -0.0799
             Episode_Reward/orientation: -0.0434
                    Episode_Reward/pose: -0.0024
             Episode_Reward/action_rate: -0.0121
              Episode_Reward/action_acc: -0.0315
           Episode_Termination/time_out: 0.0000
    Episode_Termination/bad_orientation: 2.3182
--------------------------------------------------------------------------------
                         Iteration time: 0.53s
                           Time elapsed: 00:01:24
                                    ETA: 00:00:39

################################################################################
[1m                           Learning iteration 170/250                           [0m 

                            Total steps: 2101248 
                       Steps per second: 22665 
                        Collection time: 0.454s 
                          Learning time: 0.089s 
                        Mean value loss: 0.0998
                    Mean surrogate loss: -0.0101
                      Mean entropy loss: 4.7392
                            Mean reward: 6.40
                    Mean episode length: 223.81
                        Mean action std: 0.39
                reward/tracking_lin_vel: 1.1656
                reward/tracking_ang_vel: 0.1032
                      reward/feet_phase: 0.4518
             reward/feet_phase_contrast: 0.8119
             reward/feet_contact_number: 0.4521
                   reward/feet_air_time: 0.0048
                     reward/under_speed: -0.1500
                       reward/feet_slip: -0.0045
                  reward/feet_clearance: -0.0130
                       reward/lin_vel_z: -0.0067
                      reward/ang_vel_xy: -0.2379
                     reward/base_height: -0.2109
                     reward/orientation: -0.1204
                            reward/pose: -0.0093
                     reward/action_rate: -0.0559
                      reward/action_acc: -0.1396
             Metrics/twist/error_vel_xy: 0.3970
            Metrics/twist/error_vel_yaw: 0.2943
        Episode_Reward/tracking_lin_vel: 0.1591
        Episode_Reward/tracking_ang_vel: 0.0187
              Episode_Reward/feet_phase: 0.0587
     Episode_Reward/feet_phase_contrast: 0.0996
     Episode_Reward/feet_contact_number: 0.0756
           Episode_Reward/feet_air_time: 0.0035
             Episode_Reward/under_speed: -0.0262
               Episode_Reward/feet_slip: -0.0006
          Episode_Reward/feet_clearance: -0.0018
               Episode_Reward/lin_vel_z: -0.0018
              Episode_Reward/ang_vel_xy: -0.0522
             Episode_Reward/base_height: -0.0798
             Episode_Reward/orientation: -0.0413
                    Episode_Reward/pose: -0.0017
             Episode_Reward/action_rate: -0.0088
              Episode_Reward/action_acc: -0.0230
           Episode_Termination/time_out: 0.0000
    Episode_Termination/bad_orientation: 1.7000
--------------------------------------------------------------------------------
                         Iteration time: 0.54s
                           Time elapsed: 00:01:25
                                    ETA: 00:00:39

################################################################################
[1m                           Learning iteration 171/250                           [0m 

                            Total steps: 2113536 
                       Steps per second: 24037 
                        Collection time: 0.442s 
                          Learning time: 0.069s 
                        Mean value loss: 0.0578
                    Mean surrogate loss: -0.0095
                      Mean entropy loss: 4.7221
                            Mean reward: 4.34
                    Mean episode length: 171.11
                        Mean action std: 0.39
                reward/tracking_lin_vel: 1.1661
                reward/tracking_ang_vel: 0.1033
                      reward/feet_phase: 0.5371
             reward/feet_phase_contrast: 0.7790
             reward/feet_contact_number: 0.4633
                   reward/feet_air_time: 0.0090
                     reward/under_speed: -0.1547
                       reward/feet_slip: -0.0042
                  reward/feet_clearance: -0.0121
                       reward/lin_vel_z: -0.0056
                      reward/ang_vel_xy: -0.2015
                     reward/base_height: -0.1051
                     reward/orientation: -0.0848
                            reward/pose: -0.0092
                     reward/action_rate: -0.0551
                      reward/action_acc: -0.1383
             Metrics/twist/error_vel_xy: 0.2906
            Metrics/twist/error_vel_yaw: 0.3505
        Episode_Reward/tracking_lin_vel: 0.0831
        Episode_Reward/tracking_ang_vel: 0.0068
              Episode_Reward/feet_phase: 0.0504
     Episode_Reward/feet_phase_contrast: 0.0815
     Episode_Reward/feet_contact_number: 0.0342
           Episode_Reward/feet_air_time: 0.0049
             Episode_Reward/under_speed: -0.0079
               Episode_Reward/feet_slip: -0.0007
          Episode_Reward/feet_clearance: -0.0013
               Episode_Reward/lin_vel_z: -0.0023
              Episode_Reward/ang_vel_xy: -0.0462
             Episode_Reward/base_height: -0.0638
             Episode_Reward/orientation: -0.0416
                    Episode_Reward/pose: -0.0009
             Episode_Reward/action_rate: -0.0051
              Episode_Reward/action_acc: -0.0115
           Episode_Termination/time_out: 0.0000
    Episode_Termination/bad_orientation: 1.2500
--------------------------------------------------------------------------------
                         Iteration time: 0.51s
                           Time elapsed: 00:01:25
                                    ETA: 00:00:38

################################################################################
[1m                           Learning iteration 172/250                           [0m 

                            Total steps: 2125824 
                       Steps per second: 23523 
                        Collection time: 0.454s 
                          Learning time: 0.068s 
                        Mean value loss: 0.0391
                    Mean surrogate loss: -0.0105
                      Mean entropy loss: 4.7020
                            Mean reward: 3.05
                    Mean episode length: 137.95
                        Mean action std: 0.39
                reward/tracking_lin_vel: 1.1756
                reward/tracking_ang_vel: 0.1062
                      reward/feet_phase: 0.4254
             reward/feet_phase_contrast: 0.7782
             reward/feet_contact_number: 0.4557
                   reward/feet_air_time: 0.0027
                     reward/under_speed: -0.1568
                       reward/feet_slip: -0.0042
                  reward/feet_clearance: -0.0119
                       reward/lin_vel_z: -0.0043
                      reward/ang_vel_xy: -0.1892
                     reward/base_height: -0.0791
                     reward/orientation: -0.0654
                            reward/pose: -0.0090
                     reward/action_rate: -0.0546
                      reward/action_acc: -0.1375
--------------------------------------------------------------------------------
                         Iteration time: 0.52s
                           Time elapsed: 00:01:26
                                    ETA: 00:00:38

################################################################################
[1m                           Learning iteration 173/250                           [0m 

                            Total steps: 2138112 
                       Steps per second: 23842 
                        Collection time: 0.443s 
                          Learning time: 0.072s 
                        Mean value loss: 0.0267
                    Mean surrogate loss: -0.0104
                      Mean entropy loss: 4.6811
                            Mean reward: 2.86
                    Mean episode length: 127.09
                        Mean action std: 0.39
                reward/tracking_lin_vel: 1.1967
                reward/tracking_ang_vel: 0.1046
                      reward/feet_phase: 0.4046
             reward/feet_phase_contrast: 0.8124
             reward/feet_contact_number: 0.4550
                   reward/feet_air_time: 0.0023
                     reward/under_speed: -0.1570
                       reward/feet_slip: -0.0039
                  reward/feet_clearance: -0.0119
                       reward/lin_vel_z: -0.0037
                      reward/ang_vel_xy: -0.1700
                     reward/base_height: -0.0475
                     reward/orientation: -0.0479
                            reward/pose: -0.0090
                     reward/action_rate: -0.0550
                      reward/action_acc: -0.1388
--------------------------------------------------------------------------------
                         Iteration time: 0.52s
                           Time elapsed: 00:01:26
                                    ETA: 00:00:37

################################################################################
[1m                           Learning iteration 174/250                           [0m 

                            Total steps: 2150400 
                       Steps per second: 23414 
                        Collection time: 0.455s 
                          Learning time: 0.070s 
                        Mean value loss: 0.0231
                    Mean surrogate loss: -0.0093
                      Mean entropy loss: 4.6398
                            Mean reward: 2.93
                    Mean episode length: 127.54
                        Mean action std: 0.38
                reward/tracking_lin_vel: 1.1998
                reward/tracking_ang_vel: 0.1038
                      reward/feet_phase: 0.5076
             reward/feet_phase_contrast: 0.8074
             reward/feet_contact_number: 0.4587
                   reward/feet_air_time: 0.0021
                     reward/under_speed: -0.1576
                       reward/feet_slip: -0.0041
                  reward/feet_clearance: -0.0124
                       reward/lin_vel_z: -0.0031
                      reward/ang_vel_xy: -0.1663
                     reward/base_height: -0.0194
                     reward/orientation: -0.0374
                            reward/pose: -0.0093
                     reward/action_rate: -0.0558
                      reward/action_acc: -0.1395
--------------------------------------------------------------------------------
                         Iteration time: 0.52s
                           Time elapsed: 00:01:27
                                    ETA: 00:00:37

################################################################################
[1m                           Learning iteration 175/250                           [0m 

                            Total steps: 2162688 
                       Steps per second: 24258 
                        Collection time: 0.437s 
                          Learning time: 0.070s 
                        Mean value loss: 0.0242
                    Mean surrogate loss: -0.0097
                      Mean entropy loss: 4.6137
                            Mean reward: 4.15
                    Mean episode length: 152.67
                        Mean action std: 0.38
                reward/tracking_lin_vel: 1.2009
                reward/tracking_ang_vel: 0.1029
                      reward/feet_phase: 0.5132
             reward/feet_phase_contrast: 0.7914
             reward/feet_contact_number: 0.4639
                   reward/feet_air_time: 0.0000
                     reward/under_speed: -0.1580
                       reward/feet_slip: -0.0042
                  reward/feet_clearance: -0.0124
                       reward/lin_vel_z: -0.0031
                      reward/ang_vel_xy: -0.1662
                     reward/base_height: -0.0230
                     reward/orientation: -0.0371
                            reward/pose: -0.0090
                     reward/action_rate: -0.0557
                      reward/action_acc: -0.1390
--------------------------------------------------------------------------------
                         Iteration time: 0.51s
                           Time elapsed: 00:01:27
                                    ETA: 00:00:36

################################################################################
[1m                           Learning iteration 176/250                           [0m 

                            Total steps: 2174976 
                       Steps per second: 22873 
                        Collection time: 0.467s 
                          Learning time: 0.070s 
                        Mean value loss: 0.0344
                    Mean surrogate loss: -0.0105
                      Mean entropy loss: 4.5993
                            Mean reward: 7.65
                    Mean episode length: 222.20
                        Mean action std: 0.38
                reward/tracking_lin_vel: 1.2091
                reward/tracking_ang_vel: 0.1027
                      reward/feet_phase: 0.4078
             reward/feet_phase_contrast: 0.8119
             reward/feet_contact_number: 0.4601
                   reward/feet_air_time: 0.0000
                     reward/under_speed: -0.1573
                       reward/feet_slip: -0.0040
                  reward/feet_clearance: -0.0124
                       reward/lin_vel_z: -0.0032
                      reward/ang_vel_xy: -0.1602
                     reward/base_height: -0.0160
                     reward/orientation: -0.0345
                            reward/pose: -0.0089
                     reward/action_rate: -0.0553
                      reward/action_acc: -0.1376
             Metrics/twist/error_vel_xy: 0.4682
            Metrics/twist/error_vel_yaw: 0.6147
        Episode_Reward/tracking_lin_vel: 0.9166
        Episode_Reward/tracking_ang_vel: 0.0958
              Episode_Reward/feet_phase: 0.2991
     Episode_Reward/feet_phase_contrast: 0.5105
     Episode_Reward/feet_contact_number: 0.3662
           Episode_Reward/feet_air_time: 0.0033
             Episode_Reward/under_speed: -0.1307
               Episode_Reward/feet_slip: -0.0020
          Episode_Reward/feet_clearance: -0.0071
               Episode_Reward/lin_vel_z: -0.0024
              Episode_Reward/ang_vel_xy: -0.1044
             Episode_Reward/base_height: -0.0162
             Episode_Reward/orientation: -0.0316
                    Episode_Reward/pose: -0.0081
             Episode_Reward/action_rate: -0.0403
              Episode_Reward/action_acc: -0.1085
           Episode_Termination/time_out: 0.8182
    Episode_Termination/bad_orientation: 0.2727
--------------------------------------------------------------------------------
                         Iteration time: 0.54s
                           Time elapsed: 00:01:28
                                    ETA: 00:00:36

################################################################################
[1m                           Learning iteration 177/250                           [0m 

                            Total steps: 2187264 
                       Steps per second: 24320 
                        Collection time: 0.434s 
                          Learning time: 0.072s 
                        Mean value loss: 0.0189
                    Mean surrogate loss: -0.0115
                      Mean entropy loss: 4.5772
                            Mean reward: 8.07
                    Mean episode length: 231.90
                        Mean action std: 0.38
                reward/tracking_lin_vel: 1.2195
                reward/tracking_ang_vel: 0.0980
                      reward/feet_phase: 0.4371
             reward/feet_phase_contrast: 0.8340
             reward/feet_contact_number: 0.4550
                   reward/feet_air_time: 0.0012
                     reward/under_speed: -0.1557
                       reward/feet_slip: -0.0045
                  reward/feet_clearance: -0.0133
                       reward/lin_vel_z: -0.0029
                      reward/ang_vel_xy: -0.1690
                     reward/base_height: -0.0243
                     reward/orientation: -0.0363
                            reward/pose: -0.0090
                     reward/action_rate: -0.0568
                      reward/action_acc: -0.1400
             Metrics/twist/error_vel_xy: 0.3848
            Metrics/twist/error_vel_yaw: 0.3674
        Episode_Reward/tracking_lin_vel: 0.5398
        Episode_Reward/tracking_ang_vel: 0.0631
              Episode_Reward/feet_phase: 0.1876
     Episode_Reward/feet_phase_contrast: 0.3281
     Episode_Reward/feet_contact_number: 0.2419
           Episode_Reward/feet_air_time: 0.0026
             Episode_Reward/under_speed: -0.0873
               Episode_Reward/feet_slip: -0.0016
          Episode_Reward/feet_clearance: -0.0052
               Episode_Reward/lin_vel_z: -0.0014
              Episode_Reward/ang_vel_xy: -0.0739
             Episode_Reward/base_height: -0.0533
             Episode_Reward/orientation: -0.0326
                    Episode_Reward/pose: -0.0040
             Episode_Reward/action_rate: -0.0270
              Episode_Reward/action_acc: -0.0729
           Episode_Termination/time_out: 0.5000
    Episode_Termination/bad_orientation: 0.5000
--------------------------------------------------------------------------------
                         Iteration time: 0.51s
                           Time elapsed: 00:01:28
                                    ETA: 00:00:35

################################################################################
[1m                           Learning iteration 178/250                           [0m 

                            Total steps: 2199552 
                       Steps per second: 23629 
                        Collection time: 0.448s 
                          Learning time: 0.072s 
                        Mean value loss: 0.0350
                    Mean surrogate loss: -0.0104
                      Mean entropy loss: 4.5581
                            Mean reward: 9.95
                    Mean episode length: 266.97
                        Mean action std: 0.38
                reward/tracking_lin_vel: 1.2273
                reward/tracking_ang_vel: 0.0975
                      reward/feet_phase: 0.5720
             reward/feet_phase_contrast: 0.8360
             reward/feet_contact_number: 0.4572
                   reward/feet_air_time: 0.0001
                     reward/under_speed: -0.1546
                       reward/feet_slip: -0.0050
                  reward/feet_clearance: -0.0139
                       reward/lin_vel_z: -0.0031
                      reward/ang_vel_xy: -0.1732
                     reward/base_height: -0.0194
                     reward/orientation: -0.0339
                            reward/pose: -0.0089
                     reward/action_rate: -0.0576
                      reward/action_acc: -0.1411
--------------------------------------------------------------------------------
                         Iteration time: 0.52s
                           Time elapsed: 00:01:29
                                    ETA: 00:00:35

################################################################################
[1m                           Learning iteration 179/250                           [0m 

                            Total steps: 2211840 
                       Steps per second: 23821 
                        Collection time: 0.444s 
                          Learning time: 0.072s 
                        Mean value loss: 0.0342
                    Mean surrogate loss: -0.0090
                      Mean entropy loss: 4.5455
                            Mean reward: 10.95
                    Mean episode length: 286.15
                        Mean action std: 0.38
                reward/tracking_lin_vel: 1.2425
                reward/tracking_ang_vel: 0.0949
                      reward/feet_phase: 0.4867
             reward/feet_phase_contrast: 0.8596
             reward/feet_contact_number: 0.4661
                   reward/feet_air_time: 0.0001
                     reward/under_speed: -0.1531
                       reward/feet_slip: -0.0052
                  reward/feet_clearance: -0.0143
                       reward/lin_vel_z: -0.0031
                      reward/ang_vel_xy: -0.1773
                     reward/base_height: -0.0088
                     reward/orientation: -0.0314
                            reward/pose: -0.0088
                     reward/action_rate: -0.0575
                      reward/action_acc: -0.1393
--------------------------------------------------------------------------------
                         Iteration time: 0.52s
                           Time elapsed: 00:01:29
                                    ETA: 00:00:34

################################################################################
[1m                           Learning iteration 180/250                           [0m 

                            Total steps: 2224128 
                       Steps per second: 23311 
                        Collection time: 0.457s 
                          Learning time: 0.070s 
                        Mean value loss: 0.0228
                    Mean surrogate loss: -0.0084
                      Mean entropy loss: 4.5296
                            Mean reward: 10.93
                    Mean episode length: 281.80
                        Mean action std: 0.38
                reward/tracking_lin_vel: 1.2434
                reward/tracking_ang_vel: 0.0926
                      reward/feet_phase: 0.4362
             reward/feet_phase_contrast: 0.8831
             reward/feet_contact_number: 0.4595
                   reward/feet_air_time: 0.0001
                     reward/under_speed: -0.1520
                       reward/feet_slip: -0.0056
                  reward/feet_clearance: -0.0151
                       reward/lin_vel_z: -0.0032
                      reward/ang_vel_xy: -0.1841
                     reward/base_height: -0.0180
                     reward/orientation: -0.0329
                            reward/pose: -0.0088
                     reward/action_rate: -0.0590
                      reward/action_acc: -0.1420
--------------------------------------------------------------------------------
                         Iteration time: 0.53s
                           Time elapsed: 00:01:30
                                    ETA: 00:00:34

################################################################################
[1m                           Learning iteration 181/250                           [0m 

                            Total steps: 2236416 
                       Steps per second: 23778 
                        Collection time: 0.442s 
                          Learning time: 0.075s 
                        Mean value loss: 0.0222
                    Mean surrogate loss: -0.0099
                      Mean entropy loss: 4.5104
                            Mean reward: 11.17
                    Mean episode length: 287.07
                        Mean action std: 0.38
                reward/tracking_lin_vel: 1.2722
                reward/tracking_ang_vel: 0.0920
                      reward/feet_phase: 0.5478
             reward/feet_phase_contrast: 0.9158
             reward/feet_contact_number: 0.4571
                   reward/feet_air_time: 0.0003
                     reward/under_speed: -0.1489
                       reward/feet_slip: -0.0057
                  reward/feet_clearance: -0.0153
                       reward/lin_vel_z: -0.0031
                      reward/ang_vel_xy: -0.1801
                     reward/base_height: -0.0121
                     reward/orientation: -0.0302
                            reward/pose: -0.0086
                     reward/action_rate: -0.0590
                      reward/action_acc: -0.1407
--------------------------------------------------------------------------------
                         Iteration time: 0.52s
                           Time elapsed: 00:01:30
                                    ETA: 00:00:33

################################################################################
[1m                           Learning iteration 182/250                           [0m 

                            Total steps: 2248704 
                       Steps per second: 19914 
                        Collection time: 0.540s 
                          Learning time: 0.077s 
                        Mean value loss: 0.0261
                    Mean surrogate loss: -0.0086
                      Mean entropy loss: 4.4970
                            Mean reward: 11.21
                    Mean episode length: 287.05
                        Mean action std: 0.38
                reward/tracking_lin_vel: 1.2664
                reward/tracking_ang_vel: 0.0911
                      reward/feet_phase: 0.6126
             reward/feet_phase_contrast: 0.9150
             reward/feet_contact_number: 0.4624
                   reward/feet_air_time: 0.0001
                     reward/under_speed: -0.1496
                       reward/feet_slip: -0.0059
                  reward/feet_clearance: -0.0154
                       reward/lin_vel_z: -0.0033
                      reward/ang_vel_xy: -0.1790
                     reward/base_height: -0.0096
                     reward/orientation: -0.0324
                            reward/pose: -0.0087
                     reward/action_rate: -0.0582
                      reward/action_acc: -0.1380
--------------------------------------------------------------------------------
                         Iteration time: 0.62s
                           Time elapsed: 00:01:31
                                    ETA: 00:00:33

################################################################################
[1m                           Learning iteration 183/250                           [0m 

                            Total steps: 2260992 
                       Steps per second: 25633 
                        Collection time: 0.407s 
                          Learning time: 0.073s 
                        Mean value loss: 4.5546
                    Mean surrogate loss: -0.0084
                      Mean entropy loss: 4.4842
                            Mean reward: 11.87
                    Mean episode length: 299.99
                        Mean action std: 0.38
                reward/tracking_lin_vel: 0.7540
                reward/tracking_ang_vel: 0.0824
                      reward/feet_phase: 0.4096
             reward/feet_phase_contrast: 0.8132
             reward/feet_contact_number: 0.4425
                   reward/feet_air_time: 0.0830
                     reward/under_speed: -0.1267
                       reward/feet_slip: -0.0090
                  reward/feet_clearance: -0.0240
                       reward/lin_vel_z: -0.0200
                      reward/ang_vel_xy: -0.3908
                     reward/base_height: -0.0464
                     reward/orientation: -0.1423
                            reward/pose: -0.0096
                     reward/action_rate: -0.0634
                      reward/action_acc: -0.1450
--------------------------------------------------------------------------------
                         Iteration time: 0.48s
                           Time elapsed: 00:01:31
                                    ETA: 00:00:32

################################################################################
[1m                           Learning iteration 184/250                           [0m 

                            Total steps: 2273280 
                       Steps per second: 26613 
                        Collection time: 0.391s 
                          Learning time: 0.071s 
                        Mean value loss: 0.2527
                    Mean surrogate loss: -0.0121
                      Mean entropy loss: 4.4703
                            Mean reward: 19.36
                    Mean episode length: 466.61
                        Mean action std: 0.38
                reward/tracking_lin_vel: 0.7914
                reward/tracking_ang_vel: 0.0862
                      reward/feet_phase: 0.4863
             reward/feet_phase_contrast: 0.8646
             reward/feet_contact_number: 0.4314
                   reward/feet_air_time: 0.1609
                     reward/under_speed: -0.1106
                       reward/feet_slip: -0.0069
                  reward/feet_clearance: -0.0224
                       reward/lin_vel_z: -0.0404
                      reward/ang_vel_xy: -0.8157
                     reward/base_height: -1.4657
                     reward/orientation: -0.7041
                            reward/pose: -0.0109
                     reward/action_rate: -0.0620
                      reward/action_acc: -0.1420
             Metrics/twist/error_vel_xy: 0.3607
            Metrics/twist/error_vel_yaw: 0.3313
        Episode_Reward/tracking_lin_vel: 0.5230
        Episode_Reward/tracking_ang_vel: 0.0462
              Episode_Reward/feet_phase: 0.2147
     Episode_Reward/feet_phase_contrast: 0.3718
     Episode_Reward/feet_contact_number: 0.2090
           Episode_Reward/feet_air_time: 0.0073
             Episode_Reward/under_speed: -0.0690
               Episode_Reward/feet_slip: -0.0022
          Episode_Reward/feet_clearance: -0.0064
               Episode_Reward/lin_vel_z: -0.0038
              Episode_Reward/ang_vel_xy: -0.1122
             Episode_Reward/base_height: -0.0638
             Episode_Reward/orientation: -0.0439
                    Episode_Reward/pose: -0.0042
             Episode_Reward/action_rate: -0.0257
              Episode_Reward/action_acc: -0.0634
           Episode_Termination/time_out: 0.0000
    Episode_Termination/bad_orientation: 10.9583
--------------------------------------------------------------------------------
                         Iteration time: 0.46s
                           Time elapsed: 00:01:32
                                    ETA: 00:00:32

################################################################################
[1m                           Learning iteration 185/250                           [0m 

                            Total steps: 2285568 
                       Steps per second: 26697 
                        Collection time: 0.390s 
                          Learning time: 0.070s 
                        Mean value loss: 0.2587
                    Mean surrogate loss: -0.0112
                      Mean entropy loss: 4.4649
                            Mean reward: 19.39
                    Mean episode length: 465.39
                        Mean action std: 0.38
                reward/tracking_lin_vel: 1.1585
                reward/tracking_ang_vel: 0.0893
                      reward/feet_phase: 0.6456
             reward/feet_phase_contrast: 0.9536
             reward/feet_contact_number: 0.4493
                   reward/feet_air_time: 0.0331
                     reward/under_speed: -0.1293
                       reward/feet_slip: -0.0067
                  reward/feet_clearance: -0.0188
                       reward/lin_vel_z: -0.0110
                      reward/ang_vel_xy: -0.3488
                     reward/base_height: -0.4361
                     reward/orientation: -0.2093
                            reward/pose: -0.0083
                     reward/action_rate: -0.0628
                      reward/action_acc: -0.1437
             Metrics/twist/error_vel_xy: 0.4169
            Metrics/twist/error_vel_yaw: 0.4379
        Episode_Reward/tracking_lin_vel: 0.5160
        Episode_Reward/tracking_ang_vel: 0.0469
              Episode_Reward/feet_phase: 0.2082
     Episode_Reward/feet_phase_contrast: 0.3548
     Episode_Reward/feet_contact_number: 0.2064
           Episode_Reward/feet_air_time: 0.0105
             Episode_Reward/under_speed: -0.0693
               Episode_Reward/feet_slip: -0.0020
          Episode_Reward/feet_clearance: -0.0060
               Episode_Reward/lin_vel_z: -0.0027
              Episode_Reward/ang_vel_xy: -0.0986
             Episode_Reward/base_height: -0.0791
             Episode_Reward/orientation: -0.0494
                    Episode_Reward/pose: -0.0044
             Episode_Reward/action_rate: -0.0252
              Episode_Reward/action_acc: -0.0624
           Episode_Termination/time_out: 0.0000
    Episode_Termination/bad_orientation: 4.2632
--------------------------------------------------------------------------------
                         Iteration time: 0.46s
                           Time elapsed: 00:01:32
                                    ETA: 00:00:31

################################################################################
[1m                           Learning iteration 186/250                           [0m 

                            Total steps: 2297856 
                       Steps per second: 24650 
                        Collection time: 0.430s 
                          Learning time: 0.068s 
                        Mean value loss: 0.1586
                    Mean surrogate loss: -0.0123
                      Mean entropy loss: 4.4614
                            Mean reward: 12.80
                    Mean episode length: 332.48
                        Mean action std: 0.38
                reward/tracking_lin_vel: 1.2344
                reward/tracking_ang_vel: 0.0871
                      reward/feet_phase: 0.5860
             reward/feet_phase_contrast: 0.9681
             reward/feet_contact_number: 0.4467
                   reward/feet_air_time: 0.0143
                     reward/under_speed: -0.1354
                       reward/feet_slip: -0.0067
                  reward/feet_clearance: -0.0178
                       reward/lin_vel_z: -0.0078
                      reward/ang_vel_xy: -0.2849
                     reward/base_height: -0.3057
                     reward/orientation: -0.1407
                            reward/pose: -0.0089
                     reward/action_rate: -0.0618
                      reward/action_acc: -0.1423
             Metrics/twist/error_vel_xy: 0.3628
            Metrics/twist/error_vel_yaw: 0.3053
        Episode_Reward/tracking_lin_vel: 0.1652
        Episode_Reward/tracking_ang_vel: 0.0161
              Episode_Reward/feet_phase: 0.0709
     Episode_Reward/feet_phase_contrast: 0.1175
     Episode_Reward/feet_contact_number: 0.0738
           Episode_Reward/feet_air_time: 0.0072
             Episode_Reward/under_speed: -0.0249
               Episode_Reward/feet_slip: -0.0008
          Episode_Reward/feet_clearance: -0.0023
               Episode_Reward/lin_vel_z: -0.0015
              Episode_Reward/ang_vel_xy: -0.0540
             Episode_Reward/base_height: -0.0856
             Episode_Reward/orientation: -0.0405
                    Episode_Reward/pose: -0.0018
             Episode_Reward/action_rate: -0.0093
              Episode_Reward/action_acc: -0.0228
           Episode_Termination/time_out: 0.0000
    Episode_Termination/bad_orientation: 2.2857
--------------------------------------------------------------------------------
                         Iteration time: 0.50s
                           Time elapsed: 00:01:33
                                    ETA: 00:00:31

################################################################################
[1m                           Learning iteration 187/250                           [0m 

                            Total steps: 2310144 
                       Steps per second: 23191 
                        Collection time: 0.462s 
                          Learning time: 0.068s 
                        Mean value loss: 0.0496
                    Mean surrogate loss: -0.0106
                      Mean entropy loss: 4.4576
                            Mean reward: 8.78
                    Mean episode length: 252.30
                        Mean action std: 0.38
                reward/tracking_lin_vel: 1.2797
                reward/tracking_ang_vel: 0.0875
                      reward/feet_phase: 0.4794
             reward/feet_phase_contrast: 0.9548
             reward/feet_contact_number: 0.4517
                   reward/feet_air_time: 0.0065
                     reward/under_speed: -0.1405
                       reward/feet_slip: -0.0062
                  reward/feet_clearance: -0.0174
                       reward/lin_vel_z: -0.0057
                      reward/ang_vel_xy: -0.2202
                     reward/base_height: -0.1148
                     reward/orientation: -0.0729
                            reward/pose: -0.0089
                     reward/action_rate: -0.0610
                      reward/action_acc: -0.1414
--------------------------------------------------------------------------------
                         Iteration time: 0.53s
                           Time elapsed: 00:01:33
                                    ETA: 00:00:30

################################################################################
[1m                           Learning iteration 188/250                           [0m 

                            Total steps: 2322432 
                       Steps per second: 24874 
                        Collection time: 0.424s 
                          Learning time: 0.070s 
                        Mean value loss: 0.0570
                    Mean surrogate loss: -0.0093
                      Mean entropy loss: 4.4441
                            Mean reward: 8.20
                    Mean episode length: 241.25
                        Mean action std: 0.38
                reward/tracking_lin_vel: 1.3095
                reward/tracking_ang_vel: 0.0850
                      reward/feet_phase: 0.5591
             reward/feet_phase_contrast: 0.9761
             reward/feet_contact_number: 0.4594
                   reward/feet_air_time: 0.0042
                     reward/under_speed: -0.1413
                       reward/feet_slip: -0.0066
                  reward/feet_clearance: -0.0176
                       reward/lin_vel_z: -0.0043
                      reward/ang_vel_xy: -0.1944
                     reward/base_height: -0.0161
                     reward/orientation: -0.0389
                            reward/pose: -0.0088
                     reward/action_rate: -0.0629
                      reward/action_acc: -0.1451
--------------------------------------------------------------------------------
                         Iteration time: 0.49s
                           Time elapsed: 00:01:34
                                    ETA: 00:00:30

################################################################################
[1m                           Learning iteration 189/250                           [0m 

                            Total steps: 2334720 
                       Steps per second: 24999 
                        Collection time: 0.423s 
                          Learning time: 0.069s 
                        Mean value loss: 0.0624
                    Mean surrogate loss: -0.0100
                      Mean entropy loss: 4.4348
                            Mean reward: 6.56
                    Mean episode length: 208.97
                        Mean action std: 0.38
                reward/tracking_lin_vel: 1.3098
                reward/tracking_ang_vel: 0.0845
                      reward/feet_phase: 0.6748
             reward/feet_phase_contrast: 0.9853
             reward/feet_contact_number: 0.4534
                   reward/feet_air_time: 0.0023
                     reward/under_speed: -0.1415
                       reward/feet_slip: -0.0070
                  reward/feet_clearance: -0.0176
                       reward/lin_vel_z: -0.0042
                      reward/ang_vel_xy: -0.1952
                     reward/base_height: -0.0421
                     reward/orientation: -0.0464
                            reward/pose: -0.0091
                     reward/action_rate: -0.0623
                      reward/action_acc: -0.1434
             Metrics/twist/error_vel_xy: 0.3143
            Metrics/twist/error_vel_yaw: 0.4159
        Episode_Reward/tracking_lin_vel: 0.1696
        Episode_Reward/tracking_ang_vel: 0.0158
              Episode_Reward/feet_phase: 0.0772
     Episode_Reward/feet_phase_contrast: 0.1253
     Episode_Reward/feet_contact_number: 0.0698
           Episode_Reward/feet_air_time: 0.0134
             Episode_Reward/under_speed: -0.0243
               Episode_Reward/feet_slip: -0.0010
          Episode_Reward/feet_clearance: -0.0028
               Episode_Reward/lin_vel_z: -0.0021
              Episode_Reward/ang_vel_xy: -0.0578
             Episode_Reward/base_height: -0.0716
             Episode_Reward/orientation: -0.0425
                    Episode_Reward/pose: -0.0021
             Episode_Reward/action_rate: -0.0102
              Episode_Reward/action_acc: -0.0240
           Episode_Termination/time_out: 0.0000
    Episode_Termination/bad_orientation: 1.0000
--------------------------------------------------------------------------------
                         Iteration time: 0.49s
                           Time elapsed: 00:01:34
                                    ETA: 00:00:29

################################################################################
[1m                           Learning iteration 190/250                           [0m 

                            Total steps: 2347008 
                       Steps per second: 23917 
                        Collection time: 0.442s 
                          Learning time: 0.072s 
                        Mean value loss: 0.0266
                    Mean surrogate loss: -0.0090
                      Mean entropy loss: 4.4278
                            Mean reward: 5.70
                    Mean episode length: 188.73
                        Mean action std: 0.38
                reward/tracking_lin_vel: 1.3240
                reward/tracking_ang_vel: 0.0833
                      reward/feet_phase: 0.5311
             reward/feet_phase_contrast: 1.0028
             reward/feet_contact_number: 0.4515
                   reward/feet_air_time: 0.0005
                     reward/under_speed: -0.1398
                       reward/feet_slip: -0.0071
                  reward/feet_clearance: -0.0181
                       reward/lin_vel_z: -0.0045
                      reward/ang_vel_xy: -0.1972
                     reward/base_height: -0.0388
                     reward/orientation: -0.0438
                            reward/pose: -0.0091
                     reward/action_rate: -0.0632
                      reward/action_acc: -0.1448
--------------------------------------------------------------------------------
                         Iteration time: 0.51s
                           Time elapsed: 00:01:35
                                    ETA: 00:00:29

################################################################################
[1m                           Learning iteration 191/250                           [0m 

                            Total steps: 2359296 
                       Steps per second: 25516 
                        Collection time: 0.414s 
                          Learning time: 0.067s 
                        Mean value loss: 0.0197
                    Mean surrogate loss: -0.0101
                      Mean entropy loss: 4.4074
                            Mean reward: 5.67
                    Mean episode length: 187.78
                        Mean action std: 0.38
                reward/tracking_lin_vel: 1.3440
                reward/tracking_ang_vel: 0.0820
                      reward/feet_phase: 0.5105
             reward/feet_phase_contrast: 1.0143
             reward/feet_contact_number: 0.4467
                   reward/feet_air_time: 0.0004
                     reward/under_speed: -0.1382
                       reward/feet_slip: -0.0078
                  reward/feet_clearance: -0.0190
                       reward/lin_vel_z: -0.0041
                      reward/ang_vel_xy: -0.1900
                     reward/base_height: -0.0082
                     reward/orientation: -0.0312
                            reward/pose: -0.0093
                     reward/action_rate: -0.0641
                      reward/action_acc: -0.1456
--------------------------------------------------------------------------------
                         Iteration time: 0.48s
                           Time elapsed: 00:01:35
                                    ETA: 00:00:28

################################################################################
[1m                           Learning iteration 192/250                           [0m 

                            Total steps: 2371584 
                       Steps per second: 24959 
                        Collection time: 0.423s 
                          Learning time: 0.069s 
                        Mean value loss: 0.0276
                    Mean surrogate loss: -0.0103
                      Mean entropy loss: 4.3796
                            Mean reward: 8.19
                    Mean episode length: 231.98
                        Mean action std: 0.38
                reward/tracking_lin_vel: 1.3604
                reward/tracking_ang_vel: 0.0803
                      reward/feet_phase: 0.6757
             reward/feet_phase_contrast: 1.0333
             reward/feet_contact_number: 0.4552
                   reward/feet_air_time: 0.0001
                     reward/under_speed: -0.1361
                       reward/feet_slip: -0.0082
                  reward/feet_clearance: -0.0201
                       reward/lin_vel_z: -0.0040
                      reward/ang_vel_xy: -0.1911
                     reward/base_height: -0.0052
                     reward/orientation: -0.0290
                            reward/pose: -0.0092
                     reward/action_rate: -0.0660
                      reward/action_acc: -0.1479
--------------------------------------------------------------------------------
                         Iteration time: 0.49s
                           Time elapsed: 00:01:36
                                    ETA: 00:00:28

################################################################################
[1m                           Learning iteration 193/250                           [0m 

                            Total steps: 2383872 
                       Steps per second: 22797 
                        Collection time: 0.453s 
                          Learning time: 0.086s 
                        Mean value loss: 0.0285
                    Mean surrogate loss: -0.0101
                      Mean entropy loss: 4.3644
                            Mean reward: 13.12
                    Mean episode length: 320.80
                        Mean action std: 0.37
                reward/tracking_lin_vel: 1.3746
                reward/tracking_ang_vel: 0.0780
                      reward/feet_phase: 0.6618
             reward/feet_phase_contrast: 1.0627
             reward/feet_contact_number: 0.4530
                   reward/feet_air_time: 0.0025
                     reward/under_speed: -0.1330
                       reward/feet_slip: -0.0084
                  reward/feet_clearance: -0.0203
                       reward/lin_vel_z: -0.0042
                      reward/ang_vel_xy: -0.1900
                     reward/base_height: -0.0051
                     reward/orientation: -0.0298
                            reward/pose: -0.0094
                     reward/action_rate: -0.0658
                      reward/action_acc: -0.1466
             Metrics/twist/error_vel_xy: 0.4859
            Metrics/twist/error_vel_yaw: 0.8112
        Episode_Reward/tracking_lin_vel: 1.1924
        Episode_Reward/tracking_ang_vel: 0.1059
              Episode_Reward/feet_phase: 0.4895
     Episode_Reward/feet_phase_contrast: 0.8420
     Episode_Reward/feet_contact_number: 0.4543
           Episode_Reward/feet_air_time: 0.0037
             Episode_Reward/under_speed: -0.1533
               Episode_Reward/feet_slip: -0.0051
          Episode_Reward/feet_clearance: -0.0150
               Episode_Reward/lin_vel_z: -0.0033
              Episode_Reward/ang_vel_xy: -0.1659
             Episode_Reward/base_height: -0.0053
             Episode_Reward/orientation: -0.0323
                    Episode_Reward/pose: -0.0071
             Episode_Reward/action_rate: -0.0564
              Episode_Reward/action_acc: -0.1399
           Episode_Termination/time_out: 1.3750
    Episode_Termination/bad_orientation: 0.0000
--------------------------------------------------------------------------------
                         Iteration time: 0.54s
                           Time elapsed: 00:01:36
                                    ETA: 00:00:27

################################################################################
[1m                           Learning iteration 194/250                           [0m 

                            Total steps: 2396160 
                       Steps per second: 25120 
                        Collection time: 0.419s 
                          Learning time: 0.070s 
                        Mean value loss: 0.0286
                    Mean surrogate loss: -0.0099
                      Mean entropy loss: 4.3564
                            Mean reward: 14.46
                    Mean episode length: 345.68
                        Mean action std: 0.37
                reward/tracking_lin_vel: 1.3943
                reward/tracking_ang_vel: 0.0766
                      reward/feet_phase: 0.5450
             reward/feet_phase_contrast: 1.0848
             reward/feet_contact_number: 0.4511
                   reward/feet_air_time: 0.0021
                     reward/under_speed: -0.1305
                       reward/feet_slip: -0.0091
                  reward/feet_clearance: -0.0215
                       reward/lin_vel_z: -0.0043
                      reward/ang_vel_xy: -0.1928
                     reward/base_height: -0.0052
                     reward/orientation: -0.0299
                            reward/pose: -0.0093
                     reward/action_rate: -0.0677
                      reward/action_acc: -0.1497
--------------------------------------------------------------------------------
                         Iteration time: 0.49s
                           Time elapsed: 00:01:37
                                    ETA: 00:00:27

################################################################################
[1m                           Learning iteration 195/250                           [0m 

                            Total steps: 2408448 
                       Steps per second: 25304 
                        Collection time: 0.416s 
                          Learning time: 0.070s 
                        Mean value loss: 0.0294
                    Mean surrogate loss: -0.0096
                      Mean entropy loss: 4.3457
                            Mean reward: 14.51
                    Mean episode length: 345.98
                        Mean action std: 0.37
                reward/tracking_lin_vel: 1.3925
                reward/tracking_ang_vel: 0.0768
                      reward/feet_phase: 0.6058
             reward/feet_phase_contrast: 1.0998
             reward/feet_contact_number: 0.4519
                   reward/feet_air_time: 0.0004
                     reward/under_speed: -0.1287
                       reward/feet_slip: -0.0097
                  reward/feet_clearance: -0.0223
                       reward/lin_vel_z: -0.0048
                      reward/ang_vel_xy: -0.1969
                     reward/base_height: -0.0099
                     reward/orientation: -0.0342
                            reward/pose: -0.0092
                     reward/action_rate: -0.0689
                      reward/action_acc: -0.1508
--------------------------------------------------------------------------------
                         Iteration time: 0.49s
                           Time elapsed: 00:01:37
                                    ETA: 00:00:26

################################################################################
[1m                           Learning iteration 196/250                           [0m 

                            Total steps: 2420736 
                       Steps per second: 25034 
                        Collection time: 0.419s 
                          Learning time: 0.072s 
                        Mean value loss: 0.0290
                    Mean surrogate loss: -0.0104
                      Mean entropy loss: 4.3388
                            Mean reward: 14.68
                    Mean episode length: 348.40
                        Mean action std: 0.37
                reward/tracking_lin_vel: 1.4109
                reward/tracking_ang_vel: 0.0732
                      reward/feet_phase: 0.7728
             reward/feet_phase_contrast: 1.1199
             reward/feet_contact_number: 0.4548
                   reward/feet_air_time: 0.0003
                     reward/under_speed: -0.1262
                       reward/feet_slip: -0.0101
                  reward/feet_clearance: -0.0232
                       reward/lin_vel_z: -0.0047
                      reward/ang_vel_xy: -0.1969
                     reward/base_height: -0.0085
                     reward/orientation: -0.0313
                            reward/pose: -0.0092
                     reward/action_rate: -0.0701
                      reward/action_acc: -0.1523
--------------------------------------------------------------------------------
                         Iteration time: 0.49s
                           Time elapsed: 00:01:38
                                    ETA: 00:00:26

################################################################################
[1m                           Learning iteration 197/250                           [0m 

                            Total steps: 2433024 
                       Steps per second: 24984 
                        Collection time: 0.422s 
                          Learning time: 0.070s 
                        Mean value loss: 0.0291
                    Mean surrogate loss: -0.0100
                      Mean entropy loss: 4.3308
                            Mean reward: 14.69
                    Mean episode length: 348.37
                        Mean action std: 0.37
                reward/tracking_lin_vel: 1.4326
                reward/tracking_ang_vel: 0.0733
                      reward/feet_phase: 0.6296
             reward/feet_phase_contrast: 1.1543
             reward/feet_contact_number: 0.4558
                   reward/feet_air_time: 0.0003
                     reward/under_speed: -0.1228
                       reward/feet_slip: -0.0107
                  reward/feet_clearance: -0.0240
                       reward/lin_vel_z: -0.0047
                      reward/ang_vel_xy: -0.1975
                     reward/base_height: -0.0119
                     reward/orientation: -0.0327
                            reward/pose: -0.0094
                     reward/action_rate: -0.0706
                      reward/action_acc: -0.1524
--------------------------------------------------------------------------------
                         Iteration time: 0.49s
                           Time elapsed: 00:01:38
                                    ETA: 00:00:25

################################################################################
[1m                           Learning iteration 198/250                           [0m 

                            Total steps: 2445312 
                       Steps per second: 26566 
                        Collection time: 0.395s 
                          Learning time: 0.068s 
                        Mean value loss: 0.0229
                    Mean surrogate loss: -0.0097
                      Mean entropy loss: 4.3224
                            Mean reward: 14.85
                    Mean episode length: 351.18
                        Mean action std: 0.37
                reward/tracking_lin_vel: 1.4317
                reward/tracking_ang_vel: 0.0703
                      reward/feet_phase: 0.5809
             reward/feet_phase_contrast: 1.1574
             reward/feet_contact_number: 0.4468
                   reward/feet_air_time: 0.0005
                     reward/under_speed: -0.1212
                       reward/feet_slip: -0.0114
                  reward/feet_clearance: -0.0252
                       reward/lin_vel_z: -0.0051
                      reward/ang_vel_xy: -0.2055
                     reward/base_height: -0.0087
                     reward/orientation: -0.0329
                            reward/pose: -0.0097
                     reward/action_rate: -0.0729
                      reward/action_acc: -0.1552
--------------------------------------------------------------------------------
                         Iteration time: 0.46s
                           Time elapsed: 00:01:39
                                    ETA: 00:00:25

################################################################################
[1m                           Learning iteration 199/250                           [0m 

                            Total steps: 2457600 
                       Steps per second: 25842 
                        Collection time: 0.405s 
                          Learning time: 0.070s 
                        Mean value loss: 3.8151
                    Mean surrogate loss: -0.0093
                      Mean entropy loss: 4.3118
                            Mean reward: 14.85
                    Mean episode length: 351.18
                        Mean action std: 0.37
                reward/tracking_lin_vel: 1.4555
                reward/tracking_ang_vel: 0.0695
                      reward/feet_phase: 0.7521
             reward/feet_phase_contrast: 1.1886
             reward/feet_contact_number: 0.4532
                   reward/feet_air_time: 0.0010
                     reward/under_speed: -0.1174
                       reward/feet_slip: -0.0124
                  reward/feet_clearance: -0.0266
                       reward/lin_vel_z: -0.0050
                      reward/ang_vel_xy: -0.2032
                     reward/base_height: -0.0045
                     reward/orientation: -0.0292
                            reward/pose: -0.0093
                     reward/action_rate: -0.0729
                      reward/action_acc: -0.1540
--------------------------------------------------------------------------------
                         Iteration time: 0.48s
                           Time elapsed: 00:01:39
                                    ETA: 00:00:24

################################################################################
[1m                           Learning iteration 200/250                           [0m 

                            Total steps: 2469888 
                       Steps per second: 32505 
                        Collection time: 0.313s 
                          Learning time: 0.065s 
                        Mean value loss: 0.9653
                    Mean surrogate loss: -0.0100
                      Mean entropy loss: 4.3127
                            Mean reward: 23.67
                    Mean episode length: 479.89
                        Mean action std: 0.37
                reward/tracking_lin_vel: 0.5872
                reward/tracking_ang_vel: 0.0655
                      reward/feet_phase: 0.5779
             reward/feet_phase_contrast: 0.9403
             reward/feet_contact_number: 0.4350
                   reward/feet_air_time: 0.1827
                     reward/under_speed: -0.0899
                       reward/feet_slip: -0.0141
                  reward/feet_clearance: -0.0314
                       reward/lin_vel_z: -0.0424
                      reward/ang_vel_xy: -0.6868
                     reward/base_height: -0.3827
                     reward/orientation: -0.3944
                            reward/pose: -0.0123
                     reward/action_rate: -0.0826
                      reward/action_acc: -0.1660
--------------------------------------------------------------------------------
                         Iteration time: 0.38s
                           Time elapsed: 00:01:40
                                    ETA: 00:00:24

################################################################################
[1m                           Learning iteration 201/250                           [0m 

                            Total steps: 2482176 
                       Steps per second: 28842 
                        Collection time: 0.359s 
                          Learning time: 0.067s 
                        Mean value loss: 0.3140
                    Mean surrogate loss: -0.0107
                      Mean entropy loss: 4.3165
                            Mean reward: 23.28
                    Mean episode length: 471.98
                        Mean action std: 0.37
                reward/tracking_lin_vel: 1.0056
                reward/tracking_ang_vel: 0.0752
                      reward/feet_phase: 0.5895
             reward/feet_phase_contrast: 0.9874
             reward/feet_contact_number: 0.4231
                   reward/feet_air_time: 0.0807
                     reward/under_speed: -0.1043
                       reward/feet_slip: -0.0104
                  reward/feet_clearance: -0.0292
                       reward/lin_vel_z: -0.0334
                      reward/ang_vel_xy: -0.6969
                     reward/base_height: -1.3352
                     reward/orientation: -0.5303
                            reward/pose: -0.0100
                     reward/action_rate: -0.0733
                      reward/action_acc: -0.1556
             Metrics/twist/error_vel_xy: 0.3816
            Metrics/twist/error_vel_yaw: 0.4612
        Episode_Reward/tracking_lin_vel: 0.5895
        Episode_Reward/tracking_ang_vel: 0.0396
              Episode_Reward/feet_phase: 0.2746
     Episode_Reward/feet_phase_contrast: 0.4691
     Episode_Reward/feet_contact_number: 0.2135
           Episode_Reward/feet_air_time: 0.0110
             Episode_Reward/under_speed: -0.0638
               Episode_Reward/feet_slip: -0.0037
          Episode_Reward/feet_clearance: -0.0094
               Episode_Reward/lin_vel_z: -0.0038
              Episode_Reward/ang_vel_xy: -0.1177
             Episode_Reward/base_height: -0.0730
             Episode_Reward/orientation: -0.0475
                    Episode_Reward/pose: -0.0045
             Episode_Reward/action_rate: -0.0305
              Episode_Reward/action_acc: -0.0691
           Episode_Termination/time_out: 0.0417
    Episode_Termination/bad_orientation: 11.2917
--------------------------------------------------------------------------------
                         Iteration time: 0.43s
                           Time elapsed: 00:01:40
                                    ETA: 00:00:23

################################################################################
[1m                           Learning iteration 202/250                           [0m 

                            Total steps: 2494464 
                       Steps per second: 27354 
                        Collection time: 0.380s 
                          Learning time: 0.069s 
                        Mean value loss: 0.2394
                    Mean surrogate loss: -0.0104
                      Mean entropy loss: 4.3088
                            Mean reward: 20.15
                    Mean episode length: 418.07
                        Mean action std: 0.37
                reward/tracking_lin_vel: 1.3114
                reward/tracking_ang_vel: 0.0754
                      reward/feet_phase: 0.5978
             reward/feet_phase_contrast: 1.1162
             reward/feet_contact_number: 0.4536
                   reward/feet_air_time: 0.0292
                     reward/under_speed: -0.1132
                       reward/feet_slip: -0.0104
                  reward/feet_clearance: -0.0261
                       reward/lin_vel_z: -0.0088
                      reward/ang_vel_xy: -0.3117
                     reward/base_height: -0.3027
                     reward/orientation: -0.1485
                            reward/pose: -0.0082
                     reward/action_rate: -0.0728
                      reward/action_acc: -0.1544
             Metrics/twist/error_vel_xy: 0.3839
            Metrics/twist/error_vel_yaw: 0.4116
        Episode_Reward/tracking_lin_vel: 0.4381
        Episode_Reward/tracking_ang_vel: 0.0309
              Episode_Reward/feet_phase: 0.2001
     Episode_Reward/feet_phase_contrast: 0.3421
     Episode_Reward/feet_contact_number: 0.1636
           Episode_Reward/feet_air_time: 0.0078
             Episode_Reward/under_speed: -0.0499
               Episode_Reward/feet_slip: -0.0027
          Episode_Reward/feet_clearance: -0.0069
               Episode_Reward/lin_vel_z: -0.0025
              Episode_Reward/ang_vel_xy: -0.0931
             Episode_Reward/base_height: -0.0868
             Episode_Reward/orientation: -0.0471
                    Episode_Reward/pose: -0.0033
             Episode_Reward/action_rate: -0.0232
              Episode_Reward/action_acc: -0.0531
           Episode_Termination/time_out: 0.0000
    Episode_Termination/bad_orientation: 2.2000
--------------------------------------------------------------------------------
                         Iteration time: 0.45s
                           Time elapsed: 00:01:40
                                    ETA: 00:00:23

################################################################################
[1m                           Learning iteration 203/250                           [0m 

                            Total steps: 2506752 
                       Steps per second: 26551 
                        Collection time: 0.393s 
                          Learning time: 0.070s 
                        Mean value loss: 0.1364
                    Mean surrogate loss: -0.0111
                      Mean entropy loss: 4.3013
                            Mean reward: 13.33
                    Mean episode length: 303.74
                        Mean action std: 0.37
                reward/tracking_lin_vel: 1.3995
                reward/tracking_ang_vel: 0.0738
                      reward/feet_phase: 0.8209
             reward/feet_phase_contrast: 1.1852
             reward/feet_contact_number: 0.4411
                   reward/feet_air_time: 0.0073
                     reward/under_speed: -0.1112
                       reward/feet_slip: -0.0120
                  reward/feet_clearance: -0.0273
                       reward/lin_vel_z: -0.0070
                      reward/ang_vel_xy: -0.2630
                     reward/base_height: -0.1904
                     reward/orientation: -0.0933
                            reward/pose: -0.0088
                     reward/action_rate: -0.0728
                      reward/action_acc: -0.1534
             Metrics/twist/error_vel_xy: 0.3545
            Metrics/twist/error_vel_yaw: 0.3032
        Episode_Reward/tracking_lin_vel: 0.0624
        Episode_Reward/tracking_ang_vel: 0.0060
              Episode_Reward/feet_phase: 0.0323
     Episode_Reward/feet_phase_contrast: 0.0529
     Episode_Reward/feet_contact_number: 0.0322
           Episode_Reward/feet_air_time: 0.0066
             Episode_Reward/under_speed: -0.0100
               Episode_Reward/feet_slip: -0.0007
          Episode_Reward/feet_clearance: -0.0018
               Episode_Reward/lin_vel_z: -0.0014
              Episode_Reward/ang_vel_xy: -0.0421
             Episode_Reward/base_height: -0.0820
             Episode_Reward/orientation: -0.0369
                    Episode_Reward/pose: -0.0006
             Episode_Reward/action_rate: -0.0053
              Episode_Reward/action_acc: -0.0118
           Episode_Termination/time_out: 0.0000
    Episode_Termination/bad_orientation: 2.0000
--------------------------------------------------------------------------------
                         Iteration time: 0.46s
                           Time elapsed: 00:01:41
                                    ETA: 00:00:22

################################################################################
[1m                           Learning iteration 204/250                           [0m 

                            Total steps: 2519040 
                       Steps per second: 23550 
                        Collection time: 0.437s 
                          Learning time: 0.085s 
                        Mean value loss: 0.0580
                    Mean surrogate loss: -0.0108
                      Mean entropy loss: 4.3029
                            Mean reward: 10.01
                    Mean episode length: 250.91
                        Mean action std: 0.37
                reward/tracking_lin_vel: 1.4363
                reward/tracking_ang_vel: 0.0704
                      reward/feet_phase: 0.6936
             reward/feet_phase_contrast: 1.2017
             reward/feet_contact_number: 0.4525
                   reward/feet_air_time: 0.0055
                     reward/under_speed: -0.1121
                       reward/feet_slip: -0.0135
                  reward/feet_clearance: -0.0288
                       reward/lin_vel_z: -0.0065
                      reward/ang_vel_xy: -0.2476
                     reward/base_height: -0.0991
                     reward/orientation: -0.0606
                            reward/pose: -0.0088
                     reward/action_rate: -0.0762
                      reward/action_acc: -0.1580
             Metrics/twist/error_vel_xy: 0.3424
            Metrics/twist/error_vel_yaw: 0.2382
        Episode_Reward/tracking_lin_vel: 0.0647
        Episode_Reward/tracking_ang_vel: 0.0067
              Episode_Reward/feet_phase: 0.0308
     Episode_Reward/feet_phase_contrast: 0.0500
     Episode_Reward/feet_contact_number: 0.0336
           Episode_Reward/feet_air_time: 0.0043
             Episode_Reward/under_speed: -0.0114
               Episode_Reward/feet_slip: -0.0006
          Episode_Reward/feet_clearance: -0.0017
               Episode_Reward/lin_vel_z: -0.0014
              Episode_Reward/ang_vel_xy: -0.0456
             Episode_Reward/base_height: -0.0881
             Episode_Reward/orientation: -0.0369
                    Episode_Reward/pose: -0.0006
             Episode_Reward/action_rate: -0.0057
              Episode_Reward/action_acc: -0.0122
           Episode_Termination/time_out: 0.0000
    Episode_Termination/bad_orientation: 1.0714
--------------------------------------------------------------------------------
                         Iteration time: 0.52s
                           Time elapsed: 00:01:41
                                    ETA: 00:00:22

################################################################################
[1m                           Learning iteration 205/250                           [0m 

                            Total steps: 2531328 
                       Steps per second: 22331 
                        Collection time: 0.473s 
                          Learning time: 0.077s 
                        Mean value loss: 0.0616
                    Mean surrogate loss: -0.0120
                      Mean entropy loss: 4.2905
                            Mean reward: 9.09
                    Mean episode length: 236.50
                        Mean action std: 0.37
                reward/tracking_lin_vel: 1.4718
                reward/tracking_ang_vel: 0.0673
                      reward/feet_phase: 0.6213
             reward/feet_phase_contrast: 1.2251
             reward/feet_contact_number: 0.4474
                   reward/feet_air_time: 0.0041
                     reward/under_speed: -0.1093
                       reward/feet_slip: -0.0130
                  reward/feet_clearance: -0.0289
                       reward/lin_vel_z: -0.0059
                      reward/ang_vel_xy: -0.2291
                     reward/base_height: -0.0378
                     reward/orientation: -0.0403
                            reward/pose: -0.0089
                     reward/action_rate: -0.0766
                      reward/action_acc: -0.1584
--------------------------------------------------------------------------------
                         Iteration time: 0.55s
                           Time elapsed: 00:01:42
                                    ETA: 00:00:21

################################################################################
[1m                           Learning iteration 206/250                           [0m 

                            Total steps: 2543616 
                       Steps per second: 23084 
                        Collection time: 0.453s 
                          Learning time: 0.079s 
                        Mean value loss: 0.0567
                    Mean surrogate loss: -0.0079
                      Mean entropy loss: 4.2795
                            Mean reward: 7.89
                    Mean episode length: 215.37
                        Mean action std: 0.37
                reward/tracking_lin_vel: 1.4910
                reward/tracking_ang_vel: 0.0685
                      reward/feet_phase: 0.7477
             reward/feet_phase_contrast: 1.2348
             reward/feet_contact_number: 0.4424
                   reward/feet_air_time: 0.0014
                     reward/under_speed: -0.1072
                       reward/feet_slip: -0.0140
                  reward/feet_clearance: -0.0299
                       reward/lin_vel_z: -0.0060
                      reward/ang_vel_xy: -0.2295
                     reward/base_height: -0.0344
                     reward/orientation: -0.0383
                            reward/pose: -0.0090
                     reward/action_rate: -0.0784
                      reward/action_acc: -0.1618
--------------------------------------------------------------------------------
                         Iteration time: 0.53s
                           Time elapsed: 00:01:43
                                    ETA: 00:00:21

################################################################################
[1m                           Learning iteration 207/250                           [0m 

                            Total steps: 2555904 
                       Steps per second: 23090 
                        Collection time: 0.460s 
                          Learning time: 0.072s 
                        Mean value loss: 0.0357
                    Mean surrogate loss: -0.0125
                      Mean entropy loss: 4.2738
                            Mean reward: 7.64
                    Mean episode length: 211.85
                        Mean action std: 0.37
                reward/tracking_lin_vel: 1.5062
                reward/tracking_ang_vel: 0.0670
                      reward/feet_phase: 0.8437
             reward/feet_phase_contrast: 1.2492
             reward/feet_contact_number: 0.4493
                   reward/feet_air_time: 0.0015
                     reward/under_speed: -0.1045
                       reward/feet_slip: -0.0148
                  reward/feet_clearance: -0.0304
                       reward/lin_vel_z: -0.0058
                      reward/ang_vel_xy: -0.2271
                     reward/base_height: -0.0180
                     reward/orientation: -0.0334
                            reward/pose: -0.0089
                     reward/action_rate: -0.0779
                      reward/action_acc: -0.1598
--------------------------------------------------------------------------------
                         Iteration time: 0.53s
                           Time elapsed: 00:01:43
                                    ETA: 00:00:20

################################################################################
[1m                           Learning iteration 208/250                           [0m 

                            Total steps: 2568192 
                       Steps per second: 26374 
                        Collection time: 0.398s 
                          Learning time: 0.068s 
                        Mean value loss: 0.0402
                    Mean surrogate loss: -0.0114
                      Mean entropy loss: 4.2636
                            Mean reward: 7.44
                    Mean episode length: 208.59
                        Mean action std: 0.37
                reward/tracking_lin_vel: 1.5291
                reward/tracking_ang_vel: 0.0656
                      reward/feet_phase: 0.6642
             reward/feet_phase_contrast: 1.2767
             reward/feet_contact_number: 0.4495
                   reward/feet_air_time: 0.0010
                     reward/under_speed: -0.1014
                       reward/feet_slip: -0.0148
                  reward/feet_clearance: -0.0313
                       reward/lin_vel_z: -0.0060
                      reward/ang_vel_xy: -0.2252
                     reward/base_height: -0.0068
                     reward/orientation: -0.0305
                            reward/pose: -0.0091
                     reward/action_rate: -0.0792
                      reward/action_acc: -0.1609
             Metrics/twist/error_vel_xy: 0.3462
            Metrics/twist/error_vel_yaw: 0.3009
        Episode_Reward/tracking_lin_vel: 0.0712
        Episode_Reward/tracking_ang_vel: 0.0087
              Episode_Reward/feet_phase: 0.0026
     Episode_Reward/feet_phase_contrast: 0.0045
     Episode_Reward/feet_contact_number: 0.0502
           Episode_Reward/feet_air_time: 0.0008
             Episode_Reward/under_speed: -0.0199
               Episode_Reward/feet_slip: -0.0001
          Episode_Reward/feet_clearance: -0.0007
               Episode_Reward/lin_vel_z: -0.0005
              Episode_Reward/ang_vel_xy: -0.0457
             Episode_Reward/base_height: -0.0949
             Episode_Reward/orientation: -0.0345
                    Episode_Reward/pose: -0.0003
             Episode_Reward/action_rate: -0.0056
              Episode_Reward/action_acc: -0.0134
           Episode_Termination/time_out: 0.0000
    Episode_Termination/bad_orientation: 1.0000
--------------------------------------------------------------------------------
                         Iteration time: 0.47s
                           Time elapsed: 00:01:44
                                    ETA: 00:00:20

################################################################################
[1m                           Learning iteration 209/250                           [0m 

                            Total steps: 2580480 
                       Steps per second: 24592 
                        Collection time: 0.430s 
                          Learning time: 0.069s 
                        Mean value loss: 0.0430
                    Mean surrogate loss: -0.0101
                      Mean entropy loss: 4.2552
                            Mean reward: 14.23
                    Mean episode length: 316.03
                        Mean action std: 0.37
                reward/tracking_lin_vel: 1.5335
                reward/tracking_ang_vel: 0.0655
                      reward/feet_phase: 0.6718
             reward/feet_phase_contrast: 1.2820
             reward/feet_contact_number: 0.4333
                   reward/feet_air_time: 0.0024
                     reward/under_speed: -0.0973
                       reward/feet_slip: -0.0156
                  reward/feet_clearance: -0.0326
                       reward/lin_vel_z: -0.0069
                      reward/ang_vel_xy: -0.2337
                     reward/base_height: -0.0090
                     reward/orientation: -0.0340
                            reward/pose: -0.0092
                     reward/action_rate: -0.0800
                      reward/action_acc: -0.1615
--------------------------------------------------------------------------------
                         Iteration time: 0.50s
                           Time elapsed: 00:01:44
                                    ETA: 00:00:19

################################################################################
[1m                           Learning iteration 210/250                           [0m 

                            Total steps: 2592768 
                       Steps per second: 25245 
                        Collection time: 0.416s 
                          Learning time: 0.070s 
                        Mean value loss: 0.0626
                    Mean surrogate loss: -0.0078
                      Mean entropy loss: 4.2531
                            Mean reward: 18.44
                    Mean episode length: 376.38
                        Mean action std: 0.37
                reward/tracking_lin_vel: 1.5385
                reward/tracking_ang_vel: 0.0652
                      reward/feet_phase: 0.8850
             reward/feet_phase_contrast: 1.2997
             reward/feet_contact_number: 0.4456
                   reward/feet_air_time: 0.0038
                     reward/under_speed: -0.0947
                       reward/feet_slip: -0.0170
                  reward/feet_clearance: -0.0339
                       reward/lin_vel_z: -0.0070
                      reward/ang_vel_xy: -0.2415
                     reward/base_height: -0.0175
                     reward/orientation: -0.0361
                            reward/pose: -0.0093
                     reward/action_rate: -0.0821
                      reward/action_acc: -0.1634
--------------------------------------------------------------------------------
                         Iteration time: 0.49s
                           Time elapsed: 00:01:45
                                    ETA: 00:00:19

################################################################################
[1m                           Learning iteration 211/250                           [0m 

                            Total steps: 2605056 
                       Steps per second: 25124 
                        Collection time: 0.421s 
                          Learning time: 0.068s 
                        Mean value loss: 0.0714
                    Mean surrogate loss: -0.0085
                      Mean entropy loss: 4.2416
                            Mean reward: 19.49
                    Mean episode length: 390.44
                        Mean action std: 0.37
                reward/tracking_lin_vel: 1.5419
                reward/tracking_ang_vel: 0.0651
                      reward/feet_phase: 0.7798
             reward/feet_phase_contrast: 1.2976
             reward/feet_contact_number: 0.4442
                   reward/feet_air_time: 0.0048
                     reward/under_speed: -0.0939
                       reward/feet_slip: -0.0164
                  reward/feet_clearance: -0.0332
                       reward/lin_vel_z: -0.0069
                      reward/ang_vel_xy: -0.2414
                     reward/base_height: -0.0326
                     reward/orientation: -0.0410
                            reward/pose: -0.0093
                     reward/action_rate: -0.0805
                      reward/action_acc: -0.1613
             Metrics/twist/error_vel_xy: 0.3553
            Metrics/twist/error_vel_yaw: 0.7080
        Episode_Reward/tracking_lin_vel: 0.6650
        Episode_Reward/tracking_ang_vel: 0.0342
              Episode_Reward/feet_phase: 0.2937
     Episode_Reward/feet_phase_contrast: 0.5026
     Episode_Reward/feet_contact_number: 0.2185
           Episode_Reward/feet_air_time: 0.0057
             Episode_Reward/under_speed: -0.0567
               Episode_Reward/feet_slip: -0.0055
          Episode_Reward/feet_clearance: -0.0121
               Episode_Reward/lin_vel_z: -0.0036
              Episode_Reward/ang_vel_xy: -0.1512
             Episode_Reward/base_height: -0.0504
             Episode_Reward/orientation: -0.0351
                    Episode_Reward/pose: -0.0047
             Episode_Reward/action_rate: -0.0359
              Episode_Reward/action_acc: -0.0760
           Episode_Termination/time_out: 0.4444
    Episode_Termination/bad_orientation: 0.5556
--------------------------------------------------------------------------------
                         Iteration time: 0.49s
                           Time elapsed: 00:01:45
                                    ETA: 00:00:18

################################################################################
[1m                           Learning iteration 212/250                           [0m 

                            Total steps: 2617344 
                       Steps per second: 27064 
                        Collection time: 0.382s 
                          Learning time: 0.072s 
                        Mean value loss: 0.0346
                    Mean surrogate loss: -0.0097
                      Mean entropy loss: 4.2276
                            Mean reward: 19.89
                    Mean episode length: 396.58
                        Mean action std: 0.37
                reward/tracking_lin_vel: 1.5618
                reward/tracking_ang_vel: 0.0619
                      reward/feet_phase: 0.6738
             reward/feet_phase_contrast: 1.3186
             reward/feet_contact_number: 0.4483
                   reward/feet_air_time: 0.0035
                     reward/under_speed: -0.0906
                       reward/feet_slip: -0.0179
                  reward/feet_clearance: -0.0346
                       reward/lin_vel_z: -0.0069
                      reward/ang_vel_xy: -0.2397
                     reward/base_height: -0.0191
                     reward/orientation: -0.0369
                            reward/pose: -0.0096
                     reward/action_rate: -0.0828
                      reward/action_acc: -0.1640
--------------------------------------------------------------------------------
                         Iteration time: 0.45s
                           Time elapsed: 00:01:45
                                    ETA: 00:00:18

################################################################################
[1m                           Learning iteration 213/250                           [0m 

                            Total steps: 2629632 
                       Steps per second: 27516 
                        Collection time: 0.379s 
                          Learning time: 0.068s 
                        Mean value loss: 0.0320
                    Mean surrogate loss: -0.0102
                      Mean entropy loss: 4.2117
                            Mean reward: 20.48
                    Mean episode length: 406.48
                        Mean action std: 0.37
                reward/tracking_lin_vel: 1.5694
                reward/tracking_ang_vel: 0.0628
                      reward/feet_phase: 0.7686
             reward/feet_phase_contrast: 1.3246
             reward/feet_contact_number: 0.4491
                   reward/feet_air_time: 0.0028
                     reward/under_speed: -0.0890
                       reward/feet_slip: -0.0183
                  reward/feet_clearance: -0.0359
                       reward/lin_vel_z: -0.0070
                      reward/ang_vel_xy: -0.2386
                     reward/base_height: -0.0162
                     reward/orientation: -0.0341
                            reward/pose: -0.0095
                     reward/action_rate: -0.0841
                      reward/action_acc: -0.1659
--------------------------------------------------------------------------------
                         Iteration time: 0.45s
                           Time elapsed: 00:01:46
                                    ETA: 00:00:17

################################################################################
[1m                           Learning iteration 214/250                           [0m 

                            Total steps: 2641920 
                       Steps per second: 28115 
                        Collection time: 0.369s 
                          Learning time: 0.068s 
                        Mean value loss: 0.0316
                    Mean surrogate loss: -0.0107
                      Mean entropy loss: 4.1963
                            Mean reward: 21.73
                    Mean episode length: 425.58
                        Mean action std: 0.37
                reward/tracking_lin_vel: 1.5950
                reward/tracking_ang_vel: 0.0605
                      reward/feet_phase: 0.9266
             reward/feet_phase_contrast: 1.3415
             reward/feet_contact_number: 0.4430
                   reward/feet_air_time: 0.0031
                     reward/under_speed: -0.0851
                       reward/feet_slip: -0.0188
                  reward/feet_clearance: -0.0361
                       reward/lin_vel_z: -0.0068
                      reward/ang_vel_xy: -0.2341
                     reward/base_height: -0.0041
                     reward/orientation: -0.0303
                            reward/pose: -0.0093
                     reward/action_rate: -0.0837
                      reward/action_acc: -0.1648
--------------------------------------------------------------------------------
                         Iteration time: 0.44s
                           Time elapsed: 00:01:46
                                    ETA: 00:00:17

################################################################################
[1m                           Learning iteration 215/250                           [0m 

                            Total steps: 2654208 
                       Steps per second: 27080 
                        Collection time: 0.385s 
                          Learning time: 0.069s 
                        Mean value loss: 0.0239
                    Mean surrogate loss: -0.0099
                      Mean entropy loss: 4.1765
                            Mean reward: 21.80
                    Mean episode length: 426.63
                        Mean action std: 0.37
                reward/tracking_lin_vel: 1.5977
                reward/tracking_ang_vel: 0.0619
                      reward/feet_phase: 0.7212
             reward/feet_phase_contrast: 1.3483
             reward/feet_contact_number: 0.4452
                   reward/feet_air_time: 0.0023
                     reward/under_speed: -0.0831
                       reward/feet_slip: -0.0194
                  reward/feet_clearance: -0.0368
                       reward/lin_vel_z: -0.0072
                      reward/ang_vel_xy: -0.2397
                     reward/base_height: -0.0124
                     reward/orientation: -0.0328
                            reward/pose: -0.0095
                     reward/action_rate: -0.0858
                      reward/action_acc: -0.1669
--------------------------------------------------------------------------------
                         Iteration time: 0.45s
                           Time elapsed: 00:01:47
                                    ETA: 00:00:16

################################################################################
[1m                           Learning iteration 216/250                           [0m 

                            Total steps: 2666496 
                       Steps per second: 28936 
                        Collection time: 0.355s 
                          Learning time: 0.069s 
                        Mean value loss: 6.1013
                    Mean surrogate loss: -0.0079
                      Mean entropy loss: 4.1507
                            Mean reward: 22.40
                    Mean episode length: 436.17
                        Mean action std: 0.37
                reward/tracking_lin_vel: 1.2247
                reward/tracking_ang_vel: 0.0607
                      reward/feet_phase: 0.6564
             reward/feet_phase_contrast: 1.2057
             reward/feet_contact_number: 0.4442
                   reward/feet_air_time: 0.0156
                     reward/under_speed: -0.0857
                       reward/feet_slip: -0.0205
                  reward/feet_clearance: -0.0408
                       reward/lin_vel_z: -0.0158
                      reward/ang_vel_xy: -0.3041
                     reward/base_height: -0.0055
                     reward/orientation: -0.0425
                            reward/pose: -0.0100
                     reward/action_rate: -0.0879
                      reward/action_acc: -0.1690
--------------------------------------------------------------------------------
                         Iteration time: 0.42s
                           Time elapsed: 00:01:47
                                    ETA: 00:00:16

################################################################################
[1m                           Learning iteration 217/250                           [0m 

                            Total steps: 2678784 
                       Steps per second: 33238 
                        Collection time: 0.303s 
                          Learning time: 0.067s 
                        Mean value loss: 0.8771
                    Mean surrogate loss: -0.0100
                      Mean entropy loss: 4.1474
                            Mean reward: 25.72
                    Mean episode length: 443.37
                        Mean action std: 0.37
                reward/tracking_lin_vel: 0.7952
                reward/tracking_ang_vel: 0.0615
                      reward/feet_phase: 0.6535
             reward/feet_phase_contrast: 1.0222
             reward/feet_contact_number: 0.4197
                   reward/feet_air_time: 0.1889
                     reward/under_speed: -0.0832
                       reward/feet_slip: -0.0153
                  reward/feet_clearance: -0.0325
                       reward/lin_vel_z: -0.0495
                      reward/ang_vel_xy: -0.8545
                     reward/base_height: -0.9781
                     reward/orientation: -0.5704
                            reward/pose: -0.0127
                     reward/action_rate: -0.0897
                      reward/action_acc: -0.1731
--------------------------------------------------------------------------------
                         Iteration time: 0.37s
                           Time elapsed: 00:01:48
                                    ETA: 00:00:15

################################################################################
[1m                           Learning iteration 218/250                           [0m 

                            Total steps: 2691072 
                       Steps per second: 25866 
                        Collection time: 0.410s 
                          Learning time: 0.065s 
                        Mean value loss: 0.3951
                    Mean surrogate loss: -0.0107
                      Mean entropy loss: 4.1391
                            Mean reward: 26.44
                    Mean episode length: 467.22
                        Mean action std: 0.37
                reward/tracking_lin_vel: 1.2336
                reward/tracking_ang_vel: 0.0721
                      reward/feet_phase: 0.7231
             reward/feet_phase_contrast: 1.1008
             reward/feet_contact_number: 0.4164
                   reward/feet_air_time: 0.0505
                     reward/under_speed: -0.0998
                       reward/feet_slip: -0.0140
                  reward/feet_clearance: -0.0316
                       reward/lin_vel_z: -0.0185
                      reward/ang_vel_xy: -0.4500
                     reward/base_height: -0.6655
                     reward/orientation: -0.2685
                            reward/pose: -0.0084
                     reward/action_rate: -0.0807
                      reward/action_acc: -0.1654
             Metrics/twist/error_vel_xy: 0.3979
            Metrics/twist/error_vel_yaw: 0.6029
        Episode_Reward/tracking_lin_vel: 0.6568
        Episode_Reward/tracking_ang_vel: 0.0329
              Episode_Reward/feet_phase: 0.3327
     Episode_Reward/feet_phase_contrast: 0.5643
     Episode_Reward/feet_contact_number: 0.2118
           Episode_Reward/feet_air_time: 0.0109
             Episode_Reward/under_speed: -0.0525
               Episode_Reward/feet_slip: -0.0067
          Episode_Reward/feet_clearance: -0.0140
               Episode_Reward/lin_vel_z: -0.0044
              Episode_Reward/ang_vel_xy: -0.1313
             Episode_Reward/base_height: -0.0782
             Episode_Reward/orientation: -0.0484
                    Episode_Reward/pose: -0.0048
             Episode_Reward/action_rate: -0.0364
              Episode_Reward/action_acc: -0.0754
           Episode_Termination/time_out: 0.0000
    Episode_Termination/bad_orientation: 5.2083
--------------------------------------------------------------------------------
                         Iteration time: 0.48s
                           Time elapsed: 00:01:48
                                    ETA: 00:00:15

################################################################################
[1m                           Learning iteration 219/250                           [0m 

                            Total steps: 2703360 
                       Steps per second: 25365 
                        Collection time: 0.412s 
                          Learning time: 0.072s 
                        Mean value loss: 0.2385
                    Mean surrogate loss: -0.0098
                      Mean entropy loss: 4.1329
                            Mean reward: 21.27
                    Mean episode length: 394.59
                        Mean action std: 0.37
                reward/tracking_lin_vel: 1.4429
                reward/tracking_ang_vel: 0.0663
                      reward/feet_phase: 0.6546
             reward/feet_phase_contrast: 1.2432
             reward/feet_contact_number: 0.4432
                   reward/feet_air_time: 0.0244
                     reward/under_speed: -0.0905
                       reward/feet_slip: -0.0167
                  reward/feet_clearance: -0.0335
                       reward/lin_vel_z: -0.0097
                      reward/ang_vel_xy: -0.2943
                     reward/base_height: -0.2469
                     reward/orientation: -0.1278
                            reward/pose: -0.0088
                     reward/action_rate: -0.0839
                      reward/action_acc: -0.1677
             Metrics/twist/error_vel_xy: 0.3921
            Metrics/twist/error_vel_yaw: 0.4468
        Episode_Reward/tracking_lin_vel: 0.3181
        Episode_Reward/tracking_ang_vel: 0.0175
              Episode_Reward/feet_phase: 0.1577
     Episode_Reward/feet_phase_contrast: 0.2653
     Episode_Reward/feet_contact_number: 0.1114
           Episode_Reward/feet_air_time: 0.0108
             Episode_Reward/under_speed: -0.0280
               Episode_Reward/feet_slip: -0.0029
          Episode_Reward/feet_clearance: -0.0071
               Episode_Reward/lin_vel_z: -0.0030
              Episode_Reward/ang_vel_xy: -0.0895
             Episode_Reward/base_height: -0.0847
             Episode_Reward/orientation: -0.0447
                    Episode_Reward/pose: -0.0023
             Episode_Reward/action_rate: -0.0194
              Episode_Reward/action_acc: -0.0397
           Episode_Termination/time_out: 0.0000
    Episode_Termination/bad_orientation: 1.7895
--------------------------------------------------------------------------------
                         Iteration time: 0.48s
                           Time elapsed: 00:01:49
                                    ETA: 00:00:14

################################################################################
[1m                           Learning iteration 220/250                           [0m 

                            Total steps: 2715648 
                       Steps per second: 26700 
                        Collection time: 0.391s 
                          Learning time: 0.069s 
                        Mean value loss: 0.0587
                    Mean surrogate loss: -0.0081
                      Mean entropy loss: 4.1257
                            Mean reward: 14.18
                    Mean episode length: 293.60
                        Mean action std: 0.37
                reward/tracking_lin_vel: 1.5532
                reward/tracking_ang_vel: 0.0624
                      reward/feet_phase: 0.7316
             reward/feet_phase_contrast: 1.3173
             reward/feet_contact_number: 0.4345
                   reward/feet_air_time: 0.0088
                     reward/under_speed: -0.0831
                       reward/feet_slip: -0.0183
                  reward/feet_clearance: -0.0361
                       reward/lin_vel_z: -0.0092
                      reward/ang_vel_xy: -0.2748
                     reward/base_height: -0.1648
                     reward/orientation: -0.0819
                            reward/pose: -0.0095
                     reward/action_rate: -0.0861
                      reward/action_acc: -0.1680
             Metrics/twist/error_vel_xy: 0.3623
            Metrics/twist/error_vel_yaw: 0.3332
        Episode_Reward/tracking_lin_vel: 0.1137
        Episode_Reward/tracking_ang_vel: 0.0080
              Episode_Reward/feet_phase: 0.0572
     Episode_Reward/feet_phase_contrast: 0.0931
     Episode_Reward/feet_contact_number: 0.0470
           Episode_Reward/feet_air_time: 0.0084
             Episode_Reward/under_speed: -0.0131
               Episode_Reward/feet_slip: -0.0014
          Episode_Reward/feet_clearance: -0.0035
               Episode_Reward/lin_vel_z: -0.0018
              Episode_Reward/ang_vel_xy: -0.0540
             Episode_Reward/base_height: -0.0781
             Episode_Reward/orientation: -0.0378
                    Episode_Reward/pose: -0.0010
             Episode_Reward/action_rate: -0.0086
              Episode_Reward/action_acc: -0.0180
           Episode_Termination/time_out: 0.0667
    Episode_Termination/bad_orientation: 1.9333
--------------------------------------------------------------------------------
                         Iteration time: 0.46s
                           Time elapsed: 00:01:49
                                    ETA: 00:00:14

################################################################################
[1m                           Learning iteration 221/250                           [0m 

                            Total steps: 2727936 
                       Steps per second: 28005 
                        Collection time: 0.368s 
                          Learning time: 0.070s 
                        Mean value loss: 0.0568
                    Mean surrogate loss: -0.0105
                      Mean entropy loss: 4.1042
                            Mean reward: 13.78
                    Mean episode length: 287.44
                        Mean action std: 0.37
                reward/tracking_lin_vel: 1.6036
                reward/tracking_ang_vel: 0.0614
                      reward/feet_phase: 0.9476
             reward/feet_phase_contrast: 1.3574
             reward/feet_contact_number: 0.4440
                   reward/feet_air_time: 0.0047
                     reward/under_speed: -0.0803
                       reward/feet_slip: -0.0188
                  reward/feet_clearance: -0.0367
                       reward/lin_vel_z: -0.0073
                      reward/ang_vel_xy: -0.2238
                     reward/base_height: -0.0258
                     reward/orientation: -0.0390
                            reward/pose: -0.0100
                     reward/action_rate: -0.0859
                      reward/action_acc: -0.1669
--------------------------------------------------------------------------------
                         Iteration time: 0.44s
                           Time elapsed: 00:01:49
                                    ETA: 00:00:13

################################################################################
[1m                           Learning iteration 222/250                           [0m 

                            Total steps: 2740224 
                       Steps per second: 27574 
                        Collection time: 0.377s 
                          Learning time: 0.069s 
                        Mean value loss: 0.0432
                    Mean surrogate loss: -0.0097
                      Mean entropy loss: 4.0826
                            Mean reward: 13.34
                    Mean episode length: 280.49
                        Mean action std: 0.36
                reward/tracking_lin_vel: 1.6161
                reward/tracking_ang_vel: 0.0583
                      reward/feet_phase: 0.7560
             reward/feet_phase_contrast: 1.3677
             reward/feet_contact_number: 0.4440
                   reward/feet_air_time: 0.0036
                     reward/under_speed: -0.0799
                       reward/feet_slip: -0.0200
                  reward/feet_clearance: -0.0369
                       reward/lin_vel_z: -0.0080
                      reward/ang_vel_xy: -0.2220
                     reward/base_height: -0.0292
                     reward/orientation: -0.0393
                            reward/pose: -0.0104
                     reward/action_rate: -0.0870
                      reward/action_acc: -0.1692
--------------------------------------------------------------------------------
                         Iteration time: 0.45s
                           Time elapsed: 00:01:50
                                    ETA: 00:00:13

################################################################################
[1m                           Learning iteration 223/250                           [0m 

                            Total steps: 2752512 
                       Steps per second: 28337 
                        Collection time: 0.366s 
                          Learning time: 0.068s 
                        Mean value loss: 0.0240
                    Mean surrogate loss: -0.0106
                      Mean entropy loss: 4.0564
                            Mean reward: 12.89
                    Mean episode length: 274.54
                        Mean action std: 0.36
                reward/tracking_lin_vel: 1.6285
                reward/tracking_ang_vel: 0.0585
                      reward/feet_phase: 0.7068
             reward/feet_phase_contrast: 1.3769
             reward/feet_contact_number: 0.4472
                   reward/feet_air_time: 0.0029
                     reward/under_speed: -0.0775
                       reward/feet_slip: -0.0191
                  reward/feet_clearance: -0.0380
                       reward/lin_vel_z: -0.0081
                      reward/ang_vel_xy: -0.2188
                     reward/base_height: -0.0181
                     reward/orientation: -0.0341
                            reward/pose: -0.0105
                     reward/action_rate: -0.0891
                      reward/action_acc: -0.1723
             Metrics/twist/error_vel_xy: 0.1666
            Metrics/twist/error_vel_yaw: 0.1554
        Episode_Reward/tracking_lin_vel: 0.2423
        Episode_Reward/tracking_ang_vel: 0.0133
              Episode_Reward/feet_phase: 0.1334
     Episode_Reward/feet_phase_contrast: 0.2202
     Episode_Reward/feet_contact_number: 0.0898
           Episode_Reward/feet_air_time: 0.0123
             Episode_Reward/under_speed: -0.0271
               Episode_Reward/feet_slip: -0.0033
          Episode_Reward/feet_clearance: -0.0054
               Episode_Reward/lin_vel_z: -0.0016
              Episode_Reward/ang_vel_xy: -0.0663
             Episode_Reward/base_height: -0.0845
             Episode_Reward/orientation: -0.0386
                    Episode_Reward/pose: -0.0039
             Episode_Reward/action_rate: -0.0144
              Episode_Reward/action_acc: -0.0300
           Episode_Termination/time_out: 0.0000
    Episode_Termination/bad_orientation: 1.0000
--------------------------------------------------------------------------------
                         Iteration time: 0.43s
                           Time elapsed: 00:01:50
                                    ETA: 00:00:12

################################################################################
[1m                           Learning iteration 224/250                           [0m 

                            Total steps: 2764800 
                       Steps per second: 28620 
                        Collection time: 0.359s 
                          Learning time: 0.070s 
                        Mean value loss: 0.0300
                    Mean surrogate loss: -0.0093
                      Mean entropy loss: 4.0233
                            Mean reward: 12.89
                    Mean episode length: 274.54
                        Mean action std: 0.36
                reward/tracking_lin_vel: 1.6372
                reward/tracking_ang_vel: 0.0578
                      reward/feet_phase: 0.8787
             reward/feet_phase_contrast: 1.3808
             reward/feet_contact_number: 0.4471
                   reward/feet_air_time: 0.0021
                     reward/under_speed: -0.0768
                       reward/feet_slip: -0.0208
                  reward/feet_clearance: -0.0385
                       reward/lin_vel_z: -0.0078
                      reward/ang_vel_xy: -0.2183
                     reward/base_height: -0.0041
                     reward/orientation: -0.0310
                            reward/pose: -0.0105
                     reward/action_rate: -0.0900
                      reward/action_acc: -0.1734
--------------------------------------------------------------------------------
                         Iteration time: 0.43s
                           Time elapsed: 00:01:51
                                    ETA: 00:00:12

################################################################################
[1m                           Learning iteration 225/250                           [0m 

                            Total steps: 2777088 
                       Steps per second: 27059 
                        Collection time: 0.384s 
                          Learning time: 0.070s 
                        Mean value loss: 0.0356
                    Mean surrogate loss: -0.0088
                      Mean entropy loss: 3.9956
                            Mean reward: 13.91
                    Mean episode length: 288.00
                        Mean action std: 0.36
                reward/tracking_lin_vel: 1.6494
                reward/tracking_ang_vel: 0.0581
                      reward/feet_phase: 0.9166
             reward/feet_phase_contrast: 1.3964
             reward/feet_contact_number: 0.4524
                   reward/feet_air_time: 0.0020
                     reward/under_speed: -0.0744
                       reward/feet_slip: -0.0200
                  reward/feet_clearance: -0.0383
                       reward/lin_vel_z: -0.0079
                      reward/ang_vel_xy: -0.2100
                     reward/base_height: -0.0065
                     reward/orientation: -0.0342
                            reward/pose: -0.0107
                     reward/action_rate: -0.0872
                      reward/action_acc: -0.1664
--------------------------------------------------------------------------------
                         Iteration time: 0.45s
                           Time elapsed: 00:01:51
                                    ETA: 00:00:11

################################################################################
[1m                           Learning iteration 226/250                           [0m 

                            Total steps: 2789376 
                       Steps per second: 26291 
                        Collection time: 0.400s 
                          Learning time: 0.068s 
                        Mean value loss: 0.0541
                    Mean surrogate loss: -0.0090
                      Mean entropy loss: 3.9790
                            Mean reward: 23.57
                    Mean episode length: 420.29
                        Mean action std: 0.36
                reward/tracking_lin_vel: 1.6200
                reward/tracking_ang_vel: 0.0579
                      reward/feet_phase: 0.7124
             reward/feet_phase_contrast: 1.3717
             reward/feet_contact_number: 0.4383
                   reward/feet_air_time: 0.0027
                     reward/under_speed: -0.0757
                       reward/feet_slip: -0.0207
                  reward/feet_clearance: -0.0395
                       reward/lin_vel_z: -0.0088
                      reward/ang_vel_xy: -0.2273
                     reward/base_height: -0.0083
                     reward/orientation: -0.0348
                            reward/pose: -0.0105
                     reward/action_rate: -0.0898
                      reward/action_acc: -0.1705
--------------------------------------------------------------------------------
                         Iteration time: 0.47s
                           Time elapsed: 00:01:52
                                    ETA: 00:00:11

################################################################################
[1m                           Learning iteration 227/250                           [0m 

                            Total steps: 2801664 
                       Steps per second: 26914 
                        Collection time: 0.384s 
                          Learning time: 0.073s 
                        Mean value loss: 0.0555
                    Mean surrogate loss: -0.0099
                      Mean entropy loss: 3.9697
                            Mean reward: 25.26
                    Mean episode length: 442.29
                        Mean action std: 0.36
                reward/tracking_lin_vel: 1.6460
                reward/tracking_ang_vel: 0.0573
                      reward/feet_phase: 0.7548
             reward/feet_phase_contrast: 1.3963
             reward/feet_contact_number: 0.4455
                   reward/feet_air_time: 0.0033
                     reward/under_speed: -0.0719
                       reward/feet_slip: -0.0201
                  reward/feet_clearance: -0.0391
                       reward/lin_vel_z: -0.0079
                      reward/ang_vel_xy: -0.2169
                     reward/base_height: -0.0217
                     reward/orientation: -0.0396
                            reward/pose: -0.0105
                     reward/action_rate: -0.0880
                      reward/action_acc: -0.1684
             Metrics/twist/error_vel_xy: 0.3237
            Metrics/twist/error_vel_yaw: 1.0013
        Episode_Reward/tracking_lin_vel: 0.9347
        Episode_Reward/tracking_ang_vel: 0.0386
              Episode_Reward/feet_phase: 0.4520
     Episode_Reward/feet_phase_contrast: 0.7707
     Episode_Reward/feet_contact_number: 0.2753
           Episode_Reward/feet_air_time: 0.0017
             Episode_Reward/under_speed: -0.0608
               Episode_Reward/feet_slip: -0.0095
          Episode_Reward/feet_clearance: -0.0206
               Episode_Reward/lin_vel_z: -0.0068
              Episode_Reward/ang_vel_xy: -0.1691
             Episode_Reward/base_height: -0.0283
             Episode_Reward/orientation: -0.0374
                    Episode_Reward/pose: -0.0055
             Episode_Reward/action_rate: -0.0530
              Episode_Reward/action_acc: -0.1056
           Episode_Termination/time_out: 0.7143
    Episode_Termination/bad_orientation: 0.4286
--------------------------------------------------------------------------------
                         Iteration time: 0.46s
                           Time elapsed: 00:01:52
                                    ETA: 00:00:10

################################################################################
[1m                           Learning iteration 228/250                           [0m 

                            Total steps: 2813952 
                       Steps per second: 27391 
                        Collection time: 0.377s 
                          Learning time: 0.072s 
                        Mean value loss: 0.0590
                    Mean surrogate loss: -0.0089
                      Mean entropy loss: 3.9643
                            Mean reward: 28.50
                    Mean episode length: 487.03
                        Mean action std: 0.36
                reward/tracking_lin_vel: 1.6484
                reward/tracking_ang_vel: 0.0572
                      reward/feet_phase: 0.9716
             reward/feet_phase_contrast: 1.3985
             reward/feet_contact_number: 0.4409
                   reward/feet_air_time: 0.0035
                     reward/under_speed: -0.0710
                       reward/feet_slip: -0.0219
                  reward/feet_clearance: -0.0404
                       reward/lin_vel_z: -0.0084
                      reward/ang_vel_xy: -0.2147
                     reward/base_height: -0.0271
                     reward/orientation: -0.0423
                            reward/pose: -0.0107
                     reward/action_rate: -0.0886
                      reward/action_acc: -0.1675
--------------------------------------------------------------------------------
                         Iteration time: 0.45s
                           Time elapsed: 00:01:53
                                    ETA: 00:00:10

################################################################################
[1m                           Learning iteration 229/250                           [0m 

                            Total steps: 2826240 
                       Steps per second: 25043 
                        Collection time: 0.414s 
                          Learning time: 0.077s 
                        Mean value loss: 0.0626
                    Mean surrogate loss: -0.0087
                      Mean entropy loss: 3.9631
                            Mean reward: 29.08
                    Mean episode length: 493.46
                        Mean action std: 0.36
                reward/tracking_lin_vel: 1.6553
                reward/tracking_ang_vel: 0.0574
                      reward/feet_phase: 0.8106
             reward/feet_phase_contrast: 1.4061
             reward/feet_contact_number: 0.4457
                   reward/feet_air_time: 0.0042
                     reward/under_speed: -0.0681
                       reward/feet_slip: -0.0210
                  reward/feet_clearance: -0.0400
                       reward/lin_vel_z: -0.0085
                      reward/ang_vel_xy: -0.2215
                     reward/base_height: -0.0254
                     reward/orientation: -0.0441
                            reward/pose: -0.0104
                     reward/action_rate: -0.0892
                      reward/action_acc: -0.1684
             Metrics/twist/error_vel_xy: 0.1938
            Metrics/twist/error_vel_yaw: 0.3926
        Episode_Reward/tracking_lin_vel: 0.3033
        Episode_Reward/tracking_ang_vel: 0.0105
              Episode_Reward/feet_phase: 0.1601
     Episode_Reward/feet_phase_contrast: 0.2654
     Episode_Reward/feet_contact_number: 0.0899
           Episode_Reward/feet_air_time: 0.0058
             Episode_Reward/under_speed: -0.0118
               Episode_Reward/feet_slip: -0.0031
          Episode_Reward/feet_clearance: -0.0075
               Episode_Reward/lin_vel_z: -0.0056
              Episode_Reward/ang_vel_xy: -0.0791
             Episode_Reward/base_height: -0.0622
             Episode_Reward/orientation: -0.0471
                    Episode_Reward/pose: -0.0020
             Episode_Reward/action_rate: -0.0202
              Episode_Reward/action_acc: -0.0367
           Episode_Termination/time_out: 0.0000
    Episode_Termination/bad_orientation: 1.0000
--------------------------------------------------------------------------------
                         Iteration time: 0.49s
                           Time elapsed: 00:01:53
                                    ETA: 00:00:09

################################################################################
[1m                           Learning iteration 230/250                           [0m 

                            Total steps: 2838528 
                       Steps per second: 23562 
                        Collection time: 0.449s 
                          Learning time: 0.073s 
                        Mean value loss: 0.0310
                    Mean surrogate loss: -0.0093
                      Mean entropy loss: 3.9561
                            Mean reward: 29.59
                    Mean episode length: 498.84
                        Mean action std: 0.36
                reward/tracking_lin_vel: 1.6710
                reward/tracking_ang_vel: 0.0563
                      reward/feet_phase: 0.7269
             reward/feet_phase_contrast: 1.4124
             reward/feet_contact_number: 0.4306
                   reward/feet_air_time: 0.0026
                     reward/under_speed: -0.0674
                       reward/feet_slip: -0.0221
                  reward/feet_clearance: -0.0414
                       reward/lin_vel_z: -0.0085
                      reward/ang_vel_xy: -0.2154
                     reward/base_height: -0.0214
                     reward/orientation: -0.0385
                            reward/pose: -0.0102
                     reward/action_rate: -0.0893
                      reward/action_acc: -0.1679
             Metrics/twist/error_vel_xy: 0.1639
            Metrics/twist/error_vel_yaw: 0.1637
        Episode_Reward/tracking_lin_vel: 0.2673
        Episode_Reward/tracking_ang_vel: 0.0112
              Episode_Reward/feet_phase: 0.1544
     Episode_Reward/feet_phase_contrast: 0.2562
     Episode_Reward/feet_contact_number: 0.0871
           Episode_Reward/feet_air_time: 0.0104
             Episode_Reward/under_speed: -0.0096
               Episode_Reward/feet_slip: -0.0037
          Episode_Reward/feet_clearance: -0.0080
               Episode_Reward/lin_vel_z: -0.0055
              Episode_Reward/ang_vel_xy: -0.0899
             Episode_Reward/base_height: -0.0553
             Episode_Reward/orientation: -0.0427
                    Episode_Reward/pose: -0.0021
             Episode_Reward/action_rate: -0.0207
              Episode_Reward/action_acc: -0.0362
           Episode_Termination/time_out: 0.0000
    Episode_Termination/bad_orientation: 1.0000
--------------------------------------------------------------------------------
                         Iteration time: 0.52s
                           Time elapsed: 00:01:54
                                    ETA: 00:00:09

################################################################################
[1m                           Learning iteration 231/250                           [0m 

                            Total steps: 2850816 
                       Steps per second: 22522 
                        Collection time: 0.448s 
                          Learning time: 0.098s 
                        Mean value loss: 0.0539
                    Mean surrogate loss: -0.0080
                      Mean entropy loss: 3.9378
                            Mean reward: 29.21
                    Mean episode length: 492.88
                        Mean action std: 0.36
                reward/tracking_lin_vel: 1.6820
                reward/tracking_ang_vel: 0.0556
                      reward/feet_phase: 0.8624
             reward/feet_phase_contrast: 1.4143
             reward/feet_contact_number: 0.4421
                   reward/feet_air_time: 0.0023
                     reward/under_speed: -0.0675
                       reward/feet_slip: -0.0231
                  reward/feet_clearance: -0.0411
                       reward/lin_vel_z: -0.0077
                      reward/ang_vel_xy: -0.2030
                     reward/base_height: -0.0077
                     reward/orientation: -0.0328
                            reward/pose: -0.0102
                     reward/action_rate: -0.0890
                      reward/action_acc: -0.1676
--------------------------------------------------------------------------------
                         Iteration time: 0.55s
                           Time elapsed: 00:01:54
                                    ETA: 00:00:08

################################################################################
[1m                           Learning iteration 232/250                           [0m 

                            Total steps: 2863104 
                       Steps per second: 25888 
                        Collection time: 0.403s 
                          Learning time: 0.072s 
                        Mean value loss: 0.0509
                    Mean surrogate loss: -0.0049
                      Mean entropy loss: 3.9259
                            Mean reward: 29.18
                    Mean episode length: 491.71
                        Mean action std: 0.36
                reward/tracking_lin_vel: 1.6667
                reward/tracking_ang_vel: 0.0574
                      reward/feet_phase: 0.9612
             reward/feet_phase_contrast: 1.4156
             reward/feet_contact_number: 0.4488
                   reward/feet_air_time: 0.0019
                     reward/under_speed: -0.0676
                       reward/feet_slip: -0.0220
                  reward/feet_clearance: -0.0411
                       reward/lin_vel_z: -0.0083
                      reward/ang_vel_xy: -0.2117
                     reward/base_height: -0.0192
                     reward/orientation: -0.0372
                            reward/pose: -0.0099
                     reward/action_rate: -0.0912
                      reward/action_acc: -0.1704
--------------------------------------------------------------------------------
                         Iteration time: 0.47s
                           Time elapsed: 00:01:55
                                    ETA: 00:00:08

################################################################################
[1m                           Learning iteration 233/250                           [0m 

                            Total steps: 2875392 
                       Steps per second: 32038 
                        Collection time: 0.314s 
                          Learning time: 0.070s 
                        Mean value loss: 8.0174
                    Mean surrogate loss: -0.0104
                      Mean entropy loss: 3.9174
                            Mean reward: 28.68
                    Mean episode length: 482.47
                        Mean action std: 0.36
                reward/tracking_lin_vel: 0.9152
                reward/tracking_ang_vel: 0.0553
                      reward/feet_phase: 0.5627
             reward/feet_phase_contrast: 1.1046
             reward/feet_contact_number: 0.4129
                   reward/feet_air_time: 0.0907
                     reward/under_speed: -0.0816
                       reward/feet_slip: -0.0220
                  reward/feet_clearance: -0.0423
                       reward/lin_vel_z: -0.0271
                      reward/ang_vel_xy: -0.4027
                     reward/base_height: -0.0451
                     reward/orientation: -0.1228
                            reward/pose: -0.0106
                     reward/action_rate: -0.0976
                      reward/action_acc: -0.1796
--------------------------------------------------------------------------------
                         Iteration time: 0.38s
                           Time elapsed: 00:01:55
                                    ETA: 00:00:07

################################################################################
[1m                           Learning iteration 234/250                           [0m 

                            Total steps: 2887680 
                       Steps per second: 31388 
                        Collection time: 0.325s 
                          Learning time: 0.066s 
                        Mean value loss: 0.6937
                    Mean surrogate loss: -0.0119
                      Mean entropy loss: 3.9177
                            Mean reward: 29.74
                    Mean episode length: 469.85
                        Mean action std: 0.36
                reward/tracking_lin_vel: 0.8823
                reward/tracking_ang_vel: 0.0634
                      reward/feet_phase: 0.5683
             reward/feet_phase_contrast: 1.0198
             reward/feet_contact_number: 0.4272
                   reward/feet_air_time: 0.1550
                     reward/under_speed: -0.0844
                       reward/feet_slip: -0.0163
                  reward/feet_clearance: -0.0360
                       reward/lin_vel_z: -0.0472
                      reward/ang_vel_xy: -0.8592
                     reward/base_height: -1.3648
                     reward/orientation: -0.6435
                            reward/pose: -0.0112
                     reward/action_rate: -0.0885
                      reward/action_acc: -0.1717
             Metrics/twist/error_vel_xy: 0.3156
            Metrics/twist/error_vel_yaw: 0.5629
        Episode_Reward/tracking_lin_vel: 0.7304
        Episode_Reward/tracking_ang_vel: 0.0290
              Episode_Reward/feet_phase: 0.3759
     Episode_Reward/feet_phase_contrast: 0.6391
     Episode_Reward/feet_contact_number: 0.2124
           Episode_Reward/feet_air_time: 0.0086
             Episode_Reward/under_speed: -0.0389
               Episode_Reward/feet_slip: -0.0092
          Episode_Reward/feet_clearance: -0.0178
               Episode_Reward/lin_vel_z: -0.0065
              Episode_Reward/ang_vel_xy: -0.1410
             Episode_Reward/base_height: -0.0650
             Episode_Reward/orientation: -0.0439
                    Episode_Reward/pose: -0.0048
             Episode_Reward/action_rate: -0.0417
              Episode_Reward/action_acc: -0.0805
           Episode_Termination/time_out: 0.0000
    Episode_Termination/bad_orientation: 10.5652
--------------------------------------------------------------------------------
                         Iteration time: 0.39s
                           Time elapsed: 00:01:55
                                    ETA: 00:00:07

################################################################################
[1m                           Learning iteration 235/250                           [0m 

                            Total steps: 2899968 
                       Steps per second: 26927 
                        Collection time: 0.390s 
                          Learning time: 0.067s 
                        Mean value loss: 0.4415
                    Mean surrogate loss: -0.0096
                      Mean entropy loss: 3.9157
                            Mean reward: 27.79
                    Mean episode length: 454.05
                        Mean action std: 0.36
                reward/tracking_lin_vel: 1.3718
                reward/tracking_ang_vel: 0.0678
                      reward/feet_phase: 0.8064
             reward/feet_phase_contrast: 1.1913
             reward/feet_contact_number: 0.4317
                   reward/feet_air_time: 0.0304
                     reward/under_speed: -0.0893
                       reward/feet_slip: -0.0160
                  reward/feet_clearance: -0.0340
                       reward/lin_vel_z: -0.0122
                      reward/ang_vel_xy: -0.3409
                     reward/base_height: -0.4682
                     reward/orientation: -0.1819
                            reward/pose: -0.0083
                     reward/action_rate: -0.0822
                      reward/action_acc: -0.1616
             Metrics/twist/error_vel_xy: 0.4160
            Metrics/twist/error_vel_yaw: 0.6447
        Episode_Reward/tracking_lin_vel: 0.6141
        Episode_Reward/tracking_ang_vel: 0.0264
              Episode_Reward/feet_phase: 0.3176
     Episode_Reward/feet_phase_contrast: 0.5341
     Episode_Reward/feet_contact_number: 0.1854
           Episode_Reward/feet_air_time: 0.0097
             Episode_Reward/under_speed: -0.0365
               Episode_Reward/feet_slip: -0.0079
          Episode_Reward/feet_clearance: -0.0156
               Episode_Reward/lin_vel_z: -0.0040
              Episode_Reward/ang_vel_xy: -0.1226
             Episode_Reward/base_height: -0.0891
             Episode_Reward/orientation: -0.0475
                    Episode_Reward/pose: -0.0043
             Episode_Reward/action_rate: -0.0366
              Episode_Reward/action_acc: -0.0713
           Episode_Termination/time_out: 0.0000
    Episode_Termination/bad_orientation: 3.3913
--------------------------------------------------------------------------------
                         Iteration time: 0.46s
                           Time elapsed: 00:01:56
                                    ETA: 00:00:06

################################################################################
[1m                           Learning iteration 236/250                           [0m 

                            Total steps: 2912256 
                       Steps per second: 27899 
                        Collection time: 0.374s 
                          Learning time: 0.066s 
                        Mean value loss: 0.1922
                    Mean surrogate loss: -0.0103
                      Mean entropy loss: 3.9129
                            Mean reward: 19.61
                    Mean episode length: 347.41
                        Mean action std: 0.36
                reward/tracking_lin_vel: 1.5546
                reward/tracking_ang_vel: 0.0616
                      reward/feet_phase: 0.8118
             reward/feet_phase_contrast: 1.3332
             reward/feet_contact_number: 0.4328
                   reward/feet_air_time: 0.0146
                     reward/under_speed: -0.0754
                       reward/feet_slip: -0.0191
                  reward/feet_clearance: -0.0372
                       reward/lin_vel_z: -0.0097
                      reward/ang_vel_xy: -0.2661
                     reward/base_height: -0.2233
                     reward/orientation: -0.1028
                            reward/pose: -0.0091
                     reward/action_rate: -0.0862
                      reward/action_acc: -0.1634
             Metrics/twist/error_vel_xy: 0.3877
            Metrics/twist/error_vel_yaw: 0.3394
        Episode_Reward/tracking_lin_vel: 0.1352
        Episode_Reward/tracking_ang_vel: 0.0084
              Episode_Reward/feet_phase: 0.0663
     Episode_Reward/feet_phase_contrast: 0.1102
     Episode_Reward/feet_contact_number: 0.0541
           Episode_Reward/feet_air_time: 0.0071
             Episode_Reward/under_speed: -0.0134
               Episode_Reward/feet_slip: -0.0020
          Episode_Reward/feet_clearance: -0.0041
               Episode_Reward/lin_vel_z: -0.0016
              Episode_Reward/ang_vel_xy: -0.0542
             Episode_Reward/base_height: -0.0924
             Episode_Reward/orientation: -0.0373
                    Episode_Reward/pose: -0.0011
             Episode_Reward/action_rate: -0.0097
              Episode_Reward/action_acc: -0.0197
           Episode_Termination/time_out: 0.0000
    Episode_Termination/bad_orientation: 1.7647
--------------------------------------------------------------------------------
                         Iteration time: 0.44s
                           Time elapsed: 00:01:56
                                    ETA: 00:00:06

################################################################################
[1m                           Learning iteration 237/250                           [0m 

                            Total steps: 2924544 
                       Steps per second: 27721 
                        Collection time: 0.373s 
                          Learning time: 0.070s 
                        Mean value loss: 0.0885
                    Mean surrogate loss: -0.0106
                      Mean entropy loss: 3.9115
                            Mean reward: 17.02
                    Mean episode length: 315.64
                        Mean action std: 0.36
                reward/tracking_lin_vel: 1.6280
                reward/tracking_ang_vel: 0.0582
                      reward/feet_phase: 0.7123
             reward/feet_phase_contrast: 1.3746
             reward/feet_contact_number: 0.4387
                   reward/feet_air_time: 0.0078
                     reward/under_speed: -0.0718
                       reward/feet_slip: -0.0210
                  reward/feet_clearance: -0.0398
                       reward/lin_vel_z: -0.0085
                      reward/ang_vel_xy: -0.2316
                     reward/base_height: -0.0910
                     reward/orientation: -0.0599
                            reward/pose: -0.0092
                     reward/action_rate: -0.0890
                      reward/action_acc: -0.1662
             Metrics/twist/error_vel_xy: 0.3789
            Metrics/twist/error_vel_yaw: 0.4303
        Episode_Reward/tracking_lin_vel: 0.2050
        Episode_Reward/tracking_ang_vel: 0.0111
              Episode_Reward/feet_phase: 0.1095
     Episode_Reward/feet_phase_contrast: 0.1811
     Episode_Reward/feet_contact_number: 0.0773
           Episode_Reward/feet_air_time: 0.0110
             Episode_Reward/under_speed: -0.0166
               Episode_Reward/feet_slip: -0.0029
          Episode_Reward/feet_clearance: -0.0063
               Episode_Reward/lin_vel_z: -0.0031
              Episode_Reward/ang_vel_xy: -0.0772
             Episode_Reward/base_height: -0.0896
             Episode_Reward/orientation: -0.0434
                    Episode_Reward/pose: -0.0014
             Episode_Reward/action_rate: -0.0157
              Episode_Reward/action_acc: -0.0298
           Episode_Termination/time_out: 0.0000
    Episode_Termination/bad_orientation: 1.3000
--------------------------------------------------------------------------------
                         Iteration time: 0.44s
                           Time elapsed: 00:01:57
                                    ETA: 00:00:05

################################################################################
[1m                           Learning iteration 238/250                           [0m 

                            Total steps: 2936832 
                       Steps per second: 26018 
                        Collection time: 0.403s 
                          Learning time: 0.070s 
                        Mean value loss: 0.1006
                    Mean surrogate loss: -0.0099
                      Mean entropy loss: 3.9051
                            Mean reward: 14.51
                    Mean episode length: 283.19
                        Mean action std: 0.36
                reward/tracking_lin_vel: 1.6544
                reward/tracking_ang_vel: 0.0568
                      reward/feet_phase: 0.8211
             reward/feet_phase_contrast: 1.4059
             reward/feet_contact_number: 0.4393
                   reward/feet_air_time: 0.0052
                     reward/under_speed: -0.0676
                       reward/feet_slip: -0.0225
                  reward/feet_clearance: -0.0410
                       reward/lin_vel_z: -0.0078
                      reward/ang_vel_xy: -0.2268
                     reward/base_height: -0.0586
                     reward/orientation: -0.0452
                            reward/pose: -0.0091
                     reward/action_rate: -0.0908
                      reward/action_acc: -0.1668
--------------------------------------------------------------------------------
                         Iteration time: 0.47s
                           Time elapsed: 00:01:57
                                    ETA: 00:00:05

################################################################################
[1m                           Learning iteration 239/250                           [0m 

                            Total steps: 2949120 
                       Steps per second: 27948 
                        Collection time: 0.365s 
                          Learning time: 0.075s 
                        Mean value loss: 0.0559
                    Mean surrogate loss: -0.0094
                      Mean entropy loss: 3.8875
                            Mean reward: 13.73
                    Mean episode length: 273.36
                        Mean action std: 0.36
                reward/tracking_lin_vel: 1.6726
                reward/tracking_ang_vel: 0.0557
                      reward/feet_phase: 0.9830
             reward/feet_phase_contrast: 1.4171
             reward/feet_contact_number: 0.4444
                   reward/feet_air_time: 0.0033
                     reward/under_speed: -0.0668
                       reward/feet_slip: -0.0224
                  reward/feet_clearance: -0.0412
                       reward/lin_vel_z: -0.0078
                      reward/ang_vel_xy: -0.2150
                     reward/base_height: -0.0302
                     reward/orientation: -0.0379
                            reward/pose: -0.0090
                     reward/action_rate: -0.0897
                      reward/action_acc: -0.1665
             Metrics/twist/error_vel_xy: 0.2728
            Metrics/twist/error_vel_yaw: 0.5964
        Episode_Reward/tracking_lin_vel: 0.4909
        Episode_Reward/tracking_ang_vel: 0.0184
              Episode_Reward/feet_phase: 0.2529
     Episode_Reward/feet_phase_contrast: 0.4281
     Episode_Reward/feet_contact_number: 0.1553
           Episode_Reward/feet_air_time: 0.0069
             Episode_Reward/under_speed: -0.0327
               Episode_Reward/feet_slip: -0.0069
          Episode_Reward/feet_clearance: -0.0129
               Episode_Reward/lin_vel_z: -0.0047
              Episode_Reward/ang_vel_xy: -0.1016
             Episode_Reward/base_height: -0.0564
             Episode_Reward/orientation: -0.0404
                    Episode_Reward/pose: -0.0038
             Episode_Reward/action_rate: -0.0305
              Episode_Reward/action_acc: -0.0600
           Episode_Termination/time_out: 0.2000
    Episode_Termination/bad_orientation: 1.0000
--------------------------------------------------------------------------------
                         Iteration time: 0.44s
                           Time elapsed: 00:01:58
                                    ETA: 00:00:04

################################################################################
[1m                           Learning iteration 240/250                           [0m 

                            Total steps: 2961408 
                       Steps per second: 28160 
                        Collection time: 0.369s 
                          Learning time: 0.068s 
                        Mean value loss: 0.0332
                    Mean surrogate loss: -0.0076
                      Mean entropy loss: 3.8689
                            Mean reward: 13.45
                    Mean episode length: 269.97
                        Mean action std: 0.36
                reward/tracking_lin_vel: 1.6779
                reward/tracking_ang_vel: 0.0558
                      reward/feet_phase: 0.7670
             reward/feet_phase_contrast: 1.4265
             reward/feet_contact_number: 0.4427
                   reward/feet_air_time: 0.0038
                     reward/under_speed: -0.0658
                       reward/feet_slip: -0.0227
                  reward/feet_clearance: -0.0413
                       reward/lin_vel_z: -0.0075
                      reward/ang_vel_xy: -0.2086
                     reward/base_height: -0.0177
                     reward/orientation: -0.0335
                            reward/pose: -0.0091
                     reward/action_rate: -0.0897
                      reward/action_acc: -0.1663
--------------------------------------------------------------------------------
                         Iteration time: 0.44s
                           Time elapsed: 00:01:58
                                    ETA: 00:00:04

################################################################################
[1m                           Learning iteration 241/250                           [0m 

                            Total steps: 2973696 
                       Steps per second: 28469 
                        Collection time: 0.365s 
                          Learning time: 0.067s 
                        Mean value loss: 0.0216
                    Mean surrogate loss: -0.0095
                      Mean entropy loss: 3.8551
                            Mean reward: 12.68
                    Mean episode length: 258.45
                        Mean action std: 0.36
                reward/tracking_lin_vel: 1.6932
                reward/tracking_ang_vel: 0.0553
                      reward/feet_phase: 0.7480
             reward/feet_phase_contrast: 1.4368
             reward/feet_contact_number: 0.4416
                   reward/feet_air_time: 0.0023
                     reward/under_speed: -0.0640
                       reward/feet_slip: -0.0223
                  reward/feet_clearance: -0.0413
                       reward/lin_vel_z: -0.0073
                      reward/ang_vel_xy: -0.2039
                     reward/base_height: -0.0175
                     reward/orientation: -0.0303
                            reward/pose: -0.0091
                     reward/action_rate: -0.0894
                      reward/action_acc: -0.1660
--------------------------------------------------------------------------------
                         Iteration time: 0.43s
                           Time elapsed: 00:01:59
                                    ETA: 00:00:03

################################################################################
[1m                           Learning iteration 242/250                           [0m 

                            Total steps: 2985984 
                       Steps per second: 25971 
                        Collection time: 0.404s 
                          Learning time: 0.069s 
                        Mean value loss: 0.0380
                    Mean surrogate loss: -0.0096
                      Mean entropy loss: 3.8383
                            Mean reward: 20.78
                    Mean episode length: 358.65
                        Mean action std: 0.36
                reward/tracking_lin_vel: 1.6966
                reward/tracking_ang_vel: 0.0560
                      reward/feet_phase: 0.9484
             reward/feet_phase_contrast: 1.4287
             reward/feet_contact_number: 0.4505
                   reward/feet_air_time: 0.0025
                     reward/under_speed: -0.0641
                       reward/feet_slip: -0.0233
                  reward/feet_clearance: -0.0417
                       reward/lin_vel_z: -0.0072
                      reward/ang_vel_xy: -0.2047
                     reward/base_height: -0.0037
                     reward/orientation: -0.0268
                            reward/pose: -0.0089
                     reward/action_rate: -0.0912
                      reward/action_acc: -0.1695
--------------------------------------------------------------------------------
                         Iteration time: 0.47s
                           Time elapsed: 00:01:59
                                    ETA: 00:00:03

################################################################################
[1m                           Learning iteration 243/250                           [0m 

                            Total steps: 2998272 
                       Steps per second: 26320 
                        Collection time: 0.399s 
                          Learning time: 0.067s 
                        Mean value loss: 0.0580
                    Mean surrogate loss: -0.0102
                      Mean entropy loss: 3.8269
                            Mean reward: 33.43
                    Mean episode length: 515.25
                        Mean action std: 0.35
                reward/tracking_lin_vel: 1.6659
                reward/tracking_ang_vel: 0.0583
                      reward/feet_phase: 0.8908
             reward/feet_phase_contrast: 1.4091
             reward/feet_contact_number: 0.4371
                   reward/feet_air_time: 0.0053
                     reward/under_speed: -0.0656
                       reward/feet_slip: -0.0225
                  reward/feet_clearance: -0.0416
                       reward/lin_vel_z: -0.0074
                      reward/ang_vel_xy: -0.2043
                     reward/base_height: -0.0108
                     reward/orientation: -0.0295
                            reward/pose: -0.0085
                     reward/action_rate: -0.0897
                      reward/action_acc: -0.1672
             Metrics/twist/error_vel_xy: 0.3479
            Metrics/twist/error_vel_yaw: 1.3423
        Episode_Reward/tracking_lin_vel: 1.5322
        Episode_Reward/tracking_ang_vel: 0.0602
              Episode_Reward/feet_phase: 0.7730
     Episode_Reward/feet_phase_contrast: 1.3100
     Episode_Reward/feet_contact_number: 0.4298
           Episode_Reward/feet_air_time: 0.0096
             Episode_Reward/under_speed: -0.0827
               Episode_Reward/feet_slip: -0.0182
          Episode_Reward/feet_clearance: -0.0353
               Episode_Reward/lin_vel_z: -0.0073
              Episode_Reward/ang_vel_xy: -0.2012
             Episode_Reward/base_height: -0.0113
             Episode_Reward/orientation: -0.0315
                    Episode_Reward/pose: -0.0106
             Episode_Reward/action_rate: -0.0823
              Episode_Reward/action_acc: -0.1606
           Episode_Termination/time_out: 1.7692
    Episode_Termination/bad_orientation: 0.0769
--------------------------------------------------------------------------------
                         Iteration time: 0.47s
                           Time elapsed: 00:01:59
                                    ETA: 00:00:02

################################################################################
[1m                           Learning iteration 244/250                           [0m 

                            Total steps: 3010560 
                       Steps per second: 26664 
                        Collection time: 0.391s 
                          Learning time: 0.070s 
                        Mean value loss: 0.0486
                    Mean surrogate loss: -0.0068
                      Mean entropy loss: 3.8099
                            Mean reward: 40.26
                    Mean episode length: 602.43
                        Mean action std: 0.35
                reward/tracking_lin_vel: 1.6782
                reward/tracking_ang_vel: 0.0570
                      reward/feet_phase: 0.7347
             reward/feet_phase_contrast: 1.4153
             reward/feet_contact_number: 0.4449
                   reward/feet_air_time: 0.0031
                     reward/under_speed: -0.0633
                       reward/feet_slip: -0.0216
                  reward/feet_clearance: -0.0413
                       reward/lin_vel_z: -0.0078
                      reward/ang_vel_xy: -0.2137
                     reward/base_height: -0.0339
                     reward/orientation: -0.0385
                            reward/pose: -0.0086
                     reward/action_rate: -0.0893
                      reward/action_acc: -0.1654
--------------------------------------------------------------------------------
                         Iteration time: 0.46s
                           Time elapsed: 00:02:00
                                    ETA: 00:00:02

################################################################################
[1m                           Learning iteration 245/250                           [0m 

                            Total steps: 3022848 
                       Steps per second: 28878 
                        Collection time: 0.354s 
                          Learning time: 0.072s 
                        Mean value loss: 0.0492
                    Mean surrogate loss: -0.0083
                      Mean entropy loss: 3.8037
                            Mean reward: 41.18
                    Mean episode length: 614.11
                        Mean action std: 0.35
                reward/tracking_lin_vel: 1.6943
                reward/tracking_ang_vel: 0.0574
                      reward/feet_phase: 0.8045
             reward/feet_phase_contrast: 1.4342
             reward/feet_contact_number: 0.4389
                   reward/feet_air_time: 0.0042
                     reward/under_speed: -0.0602
                       reward/feet_slip: -0.0229
                  reward/feet_clearance: -0.0423
                       reward/lin_vel_z: -0.0077
                      reward/ang_vel_xy: -0.2041
                     reward/base_height: -0.0160
                     reward/orientation: -0.0309
                            reward/pose: -0.0089
                     reward/action_rate: -0.0899
                      reward/action_acc: -0.1657
--------------------------------------------------------------------------------
                         Iteration time: 0.43s
                           Time elapsed: 00:02:00
                                    ETA: 00:00:01

################################################################################
[1m                           Learning iteration 246/250                           [0m 

                            Total steps: 3035136 
                       Steps per second: 28659 
                        Collection time: 0.359s 
                          Learning time: 0.070s 
                        Mean value loss: 0.0271
                    Mean surrogate loss: -0.0085
                      Mean entropy loss: 3.7873
                            Mean reward: 42.35
                    Mean episode length: 628.00
                        Mean action std: 0.35
                reward/tracking_lin_vel: 1.7003
                reward/tracking_ang_vel: 0.0553
                      reward/feet_phase: 1.0067
             reward/feet_phase_contrast: 1.4387
             reward/feet_contact_number: 0.4384
                   reward/feet_air_time: 0.0021
                     reward/under_speed: -0.0601
                       reward/feet_slip: -0.0235
                  reward/feet_clearance: -0.0429
                       reward/lin_vel_z: -0.0081
                      reward/ang_vel_xy: -0.2064
                     reward/base_height: -0.0210
                     reward/orientation: -0.0352
                            reward/pose: -0.0090
                     reward/action_rate: -0.0897
                      reward/action_acc: -0.1654
--------------------------------------------------------------------------------
                         Iteration time: 0.43s
                           Time elapsed: 00:02:01
                                    ETA: 00:00:01

################################################################################
[1m                           Learning iteration 247/250                           [0m 

                            Total steps: 3047424 
                       Steps per second: 28812 
                        Collection time: 0.356s 
                          Learning time: 0.071s 
                        Mean value loss: 0.0367
                    Mean surrogate loss: -0.0088
                      Mean entropy loss: 3.7707
                            Mean reward: 42.36
                    Mean episode length: 627.95
                        Mean action std: 0.35
                reward/tracking_lin_vel: 1.7132
                reward/tracking_ang_vel: 0.0563
                      reward/feet_phase: 0.8035
             reward/feet_phase_contrast: 1.4462
             reward/feet_contact_number: 0.4486
                   reward/feet_air_time: 0.0026
                     reward/under_speed: -0.0579
                       reward/feet_slip: -0.0236
                  reward/feet_clearance: -0.0433
                       reward/lin_vel_z: -0.0077
                      reward/ang_vel_xy: -0.1984
                     reward/base_height: -0.0102
                     reward/orientation: -0.0298
                            reward/pose: -0.0091
                     reward/action_rate: -0.0900
                      reward/action_acc: -0.1654
--------------------------------------------------------------------------------
                         Iteration time: 0.43s
                           Time elapsed: 00:02:01
                                    ETA: 00:00:00

################################################################################
[1m                           Learning iteration 248/250                           [0m 

                            Total steps: 3059712 
                       Steps per second: 29743 
                        Collection time: 0.343s 
                          Learning time: 0.070s 
                        Mean value loss: 0.0396
                    Mean surrogate loss: -0.0062
                      Mean entropy loss: 3.7585
                            Mean reward: 42.36
                    Mean episode length: 627.97
                        Mean action std: 0.35
                reward/tracking_lin_vel: 1.7046
                reward/tracking_ang_vel: 0.0547
                      reward/feet_phase: 0.7512
             reward/feet_phase_contrast: 1.4455
             reward/feet_contact_number: 0.4410
                   reward/feet_air_time: 0.0033
                     reward/under_speed: -0.0587
                       reward/feet_slip: -0.0246
                  reward/feet_clearance: -0.0443
                       reward/lin_vel_z: -0.0080
                      reward/ang_vel_xy: -0.2047
                     reward/base_height: -0.0111
                     reward/orientation: -0.0317
                            reward/pose: -0.0090
                     reward/action_rate: -0.0923
                      reward/action_acc: -0.1670
--------------------------------------------------------------------------------
                         Iteration time: 0.41s
                           Time elapsed: 00:02:02
                                    ETA: 00:00:00

################################################################################
[1m                           Learning iteration 249/250                           [0m 

                            Total steps: 3072000 
                       Steps per second: 27620 
                        Collection time: 0.376s 
                          Learning time: 0.069s 
                        Mean value loss: 6.5451
                    Mean surrogate loss: -0.0087
                      Mean entropy loss: 3.7518
                            Mean reward: 43.24
                    Mean episode length: 638.93
                        Mean action std: 0.35
                reward/tracking_lin_vel: 1.7159
                reward/tracking_ang_vel: 0.0563
                      reward/feet_phase: 0.9247
             reward/feet_phase_contrast: 1.4486
             reward/feet_contact_number: 0.4354
                   reward/feet_air_time: 0.0025
                     reward/under_speed: -0.0554
                       reward/feet_slip: -0.0235
                  reward/feet_clearance: -0.0431
                       reward/lin_vel_z: -0.0078
                      reward/ang_vel_xy: -0.2001
                     reward/base_height: -0.0165
                     reward/orientation: -0.0319
                            reward/pose: -0.0088
                     reward/action_rate: -0.0899
                      reward/action_acc: -0.1645
--------------------------------------------------------------------------------
                         Iteration time: 0.44s
                           Time elapsed: 00:02:02
                                    ETA: 00:00:00

